date,交通运输,传媒,公用事业,农林牧渔,医药生物,商贸零售,国防军工,基础化工,家用电器,建筑材料,建筑装饰,房地产,有色金属,机械设备,汽车,电力设备,电子,社会服务,纺织服饰,综合,计算机,轻工制造,通信,钢铁,银行,非银金融,食品饮料
2006-02-24,0.0,0.0,0.0,0.0,0.0,0.0,0.0,0.0,0.0,0.0,0.0,0.08036857188031583,0.0,0.0,0.0,0.0,0.007365489170362901,0.11254244972155995,0.0,0.0,0.0,0.0,0.0,0.0,0.0,0.0,0.28023691215997587
2006-03-03,0.11215172645026807,0.0,0.0,0.0,0.0,0.03141485576116601,0.0,0.0,0.0,0.0,0.0,0.0,0.0,0.0,0.0,0.0,0.019404935496318398,0.12004427578227986,0.0,0.0,0.0,0.0,0.0,0.0,0.0,0.0,0.23285890999866704
2006-03-10,0.12820873346401432,0.0,0.0,0.0,0.0,0.051821234359446966,0.0,0.0,0.0,0.0,0.0,0.027510620815123312,0.0,0.0,0.0,0.0,0.008258046846169086,0.10021473060810861,0.0,0.0,0.0,0.0,0.0,0.0,0.0,0.0,0.22697759308893095
2006-03-17,0.1068714663483965,0.0,0.0,0.0,0.03974418510655688,0.05746766099778591,0.0,0.0,0.0,0.0,0.0,0.03285366527914145,0.0,0.0,0.0,0.0,0.0,0.09091703596445741,0.0,0.0,0.0,0.0,0.0,0.0,0.0,0.0,0.21281650414305045
2006-03-24,0.0979370281046663,0.0,0.0,0.0,0.055873206349535534,0.045090487004910425,0.0,0.0,0.0,0.0,0.0,0.03255531155490523,0.0,0.0,0.0,0.0,0.0,0.07705332366368389,0.0,0.0,0.0,0.0,0.0,0.0,0.0,0.0,0.21915337395790105
2006-03-31,0.0,0.0,0.0,0.0,0.0,0.23266573261085374,0.0,0.0,0.0,0.0,0.0,0.08789015558851905,0.0,0.0,0.0,0.0,0.0,0.0,0.0,0.0,0.0,0.0,0.0,0.059211440363048165,0.0,0.0,0.13991834709550577
2006-04-07,0.0,0.0,0.0,0.0,0.0,0.18777978587958635,0.0,0.0,0.0,0.0,0.0,0.09840431649295588,0.01979893805555775,0.0,0.0,0.0,0.0,0.023794735726223638,0.0,0.0,0.0,0.0,0.0,0.012683344878106328,0.0,0.0,0.20331554084137785
2006-04-14,0.0,0.0,0.0,0.0,0.13794225880532804,0.1818368072974131,0.0,0.0,0.0,0.0,0.0,0.13026153675532864,0.07160106141651461,0.0,0.0,0.0,0.0,0.020276175837817035,0.0,0.0,0.0,0.0,0.0,0.0,0.0,0.0,0.11792909292227953
2006-04-21,0.0,0.0,0.0,0.0,0.08998248276293827,0.20617189135222988,0.0,0.0,0.0,0.0,0.0,0.13048002911439965,0.051957455903187795,0.0,0.0,0.0,0.0,0.016736182629250935,0.0,0.0,0.0,0.0,0.0,0.0,0.0,0.0,0.22002540044792152
2006-04-28,0.0,0.0,0.0,0.0,0.0,0.3331119445432876,0.0,0.0,0.0,0.0,0.0,0.09453246961864652,0.11788462302026805,0.0,0.0,0.0,0.0,0.008998474769508952,0.0,0.0,0.0,0.0,0.0,0.0,0.0,0.0,0.1243217232490146
2006-05-12,0.032834033665709854,0.0,0.0,0.0,0.12464985441009498,0.21018558069901283,0.0,0.0,0.0,0.0,0.0,0.0700252002154537,0.11387533988459073,0.0,0.0,0.0,0.0,0.0541824779150361,0.0,0.0,0.0,0.0,0.0,0.0,0.0,0.0,0.14927715570090505
2006-05-19,0.11076977322120965,0.0,0.0,0.0,0.0,0.25079024412864265,0.0,0.0,0.0,0.0,0.0,0.06399274108722533,0.1010896621684999,0.0,0.0,0.0,0.005003029999137188,0.03509406504493052,0.0,0.0,0.0,0.0,0.0,0.0,0.0,0.0,0.19959370373935234
2006-05-26,0.06023518629552262,0.0,0.0,0.0,0.0,0.28227776603571836,0.0,0.0,0.0,0.0,0.0,0.04245987159695658,0.11522999534913914,0.0,0.0,0.0,0.020042477036880876,0.04298582844086998,0.0,0.0,0.0,0.0,0.0,0.0,0.0,0.0,0.20036832612045333
2006-06-02,0.03784858607213483,0.0,0.0,0.0,0.0,0.22839867479072284,0.0,0.0,0.0,0.0,0.0,0.05336510877464792,0.12728016433717387,0.0,0.0,0.0,0.0,0.08810395407015154,0.0,0.0,0.0,0.0,0.0,0.0,0.0,0.0,0.2519456037412531
2006-06-09,0.0,0.0,0.0,0.0,0.014895356075246459,0.24568265096973632,0.0,0.0,0.0,0.0,0.0,0.04773395083699498,0.10553476492263734,0.0,0.0,0.0,0.0,0.09158388766055435,0.0,0.0,0.0,0.0,0.0,0.0,0.0,0.0,0.29147685305921217
2006-06-16,0.0,0.0,0.0,0.0,0.0,0.24253301100874852,0.0,0.0,0.0,0.0,0.0,0.05727885125317327,0.11229605875079629,0.0,0.0,0.0,0.009373220164213422,0.1091122862132216,0.0,0.0,0.0,0.0,0.0,0.0,0.0,0.0,0.27777456336884065
2006-06-23,0.0,0.0,0.0,0.0,0.0,0.2589282836919316,0.0,0.0,0.0,0.0,0.0,0.056340018324112874,0.11632495317368245,0.0,0.0,0.0,0.0,0.11433305248176832,0.0,0.0,0.0,0.0,0.0,0.0,0.0,0.0,0.2585178060020873
2006-06-30,0.0,0.0,0.0,0.0,0.0,0.24766909738447618,0.0,0.0,0.0,0.0,0.0,0.08495869177709212,0.12382706672359299,0.0,0.0,0.0,0.0,0.10345632830310293,0.0,0.0,0.0,0.0,0.0,0.012841123551460946,0.0,0.0,0.24119577770173256
2006-07-07,0.0,0.0,0.0,0.0,0.0,0.23133858451332776,0.0,0.0,0.0,0.0,0.0,0.09393595193837806,0.1255458720092994,0.0,0.0,0.0,0.016630350148962445,0.1021111710455011,0.0,0.0,0.0,0.0,0.0,0.010495326368716577,0.0,0.0,0.23035546334376947
2006-07-14,0.0,0.0,0.0,0.0,0.0,0.2034007309692038,0.0,0.0,0.0,0.0,0.0,0.08189289559336374,0.12103877615444679,0.0,0.0,0.0,0.0,0.10615495032256252,0.0,0.0,0.0,0.0,0.0,0.026905968839259144,0.0,0.0,0.25113215213988277
2006-07-21,0.0,0.0,0.0,0.0,0.0,0.21736457312208196,0.0,0.0,0.0,0.0,0.0,0.05004019043415714,0.127094520395875,0.0,0.0,0.0,0.0,0.12747133655046933,0.0,0.0,0.0,0.0,0.0,0.022017242369249776,0.0,0.0,0.23564911789374074
2006-07-28,0.0,0.0,0.0,0.0,0.0,0.22139333764235058,0.0,0.0,0.0,0.0,0.0,0.03309087229152262,0.14422984314229698,0.0,0.0,0.0,0.0,0.12576126656862244,0.0,0.0,0.0,0.0,0.0,0.05652321032052031,0.0,0.0,0.2062901927799601
2006-08-04,0.0,0.0,0.0,0.0,0.0,0.21955483839428377,0.0,0.0,0.0,0.0,0.0,0.051798184887287935,0.1420603647740433,0.0,0.0,0.0,0.0,0.10033176517697687,0.0,0.0,0.0,0.0,0.0,0.06387886733716917,0.0,0.0,0.20418921138356178
2006-08-11,0.0,0.0,0.0,0.0,0.0,0.24162027915312714,0.0,0.0,0.0,0.0,0.0,0.06231542163300982,0.14355015168392166,0.0,0.0,0.0,0.0,0.06713632231024652,0.0,0.0,0.0,0.0,0.0,0.05932375917250963,0.0,0.0,0.18907563433124833
2006-08-18,0.0,0.0,0.0,0.0,0.0,0.2509012328495546,0.0,0.0,0.0,0.0,0.0,0.06513591802916281,0.13666846568692897,0.0,0.0,0.0,0.0,0.051712981565336005,0.0,0.0,0.0,0.0,0.0,0.062174185625823275,0.0,0.0,0.20078114136101002
2006-08-25,0.0,0.0,0.0,0.0,0.0,0.24648927885083996,0.0,0.0,0.0,0.0,0.0,0.07006967334616747,0.14019020084574504,0.0,0.0,0.0,0.0,0.05167305214809524,0.0,0.0,0.0,0.0,0.0,0.057555430440832535,0.0,0.0,0.20066974906493146
2006-09-01,0.0,0.0,0.0,0.0,0.0,0.26873029601273096,0.0,0.0,0.0,0.0,0.0,0.06668993908019892,0.1364924629175704,0.0,0.0,0.0,0.01787637835258202,0.0,0.0,0.0,0.0,0.0,0.0,0.06023787174436482,0.0,0.0,0.21401862789332848
2006-09-08,0.0,0.0,0.0,0.0,0.0,0.27962113612389816,0.0,0.0,0.0,0.0,0.0,0.07558003269174675,0.1299973936855442,0.0,0.0,0.0,0.0251192904640725,0.0,0.0,0.0,0.0,0.0,0.0,0.04473072999323981,0.0,0.0,0.2102364009350123
2006-09-15,0.0,0.0,0.0,0.0,0.0,0.2578365681452534,0.0,0.0,0.0,0.0,0.0,0.09349457511526071,0.12298541408208809,0.0,0.0,0.0,0.01828777364760822,0.0,0.0,0.0,0.0,0.0,0.0,0.06467884302543048,0.0,0.0,0.21316903243737836
2006-09-22,0.0,0.0,0.0,0.0,0.0,0.27155998112164914,0.0,0.0,0.0,0.0,0.0,0.08736515414941443,0.1202282909723076,0.0,0.0,0.0,0.012747217706037345,0.0066012676838816155,0.0,0.0,0.0,0.0,0.0,0.03590959549594017,0.0,0.0,0.22576359755185693
2006-09-29,0.0,0.0,0.0,0.0,0.0,0.27330639807617174,0.0,0.0,0.0,0.0,0.0,0.09514756350057701,0.11549360803155256,0.0,0.0,0.0,0.029266371902393347,0.0,0.0,0.0,0.0,0.0,0.0,0.018322082913779982,0.0,0.0,0.2339276858361634
2006-10-13,0.0,0.0,0.0,0.0,0.0,0.283231366788863,0.0,0.0,0.0,0.0,0.0,0.09564635865685475,0.10485853555743356,0.0,0.0,0.0,0.020217821744742688,0.0,0.0,0.0,0.0,0.0,0.0,0.0,0.0,0.0,0.27611349692307663
2006-10-20,0.0,0.0,0.0,0.0,0.024417267538464266,0.2884196540425877,0.0,0.0,0.0,0.0,0.0,0.0918586734873478,0.10339605729328631,0.0,0.0,0.0,0.0,0.0,0.0,0.0,0.0,0.0,0.0,0.0,0.0,0.0,0.29129067987999196
2006-10-27,0.0,0.0,0.0,0.0,0.003847286869430832,0.29463743936057885,0.0,0.0,0.0,0.0,0.0,0.0762091882362401,0.07874886370061947,0.0,0.0,0.0,0.0,0.04130872422958789,0.0,0.0,0.0,0.0,0.0,0.01855737180548994,0.0,0.0,0.300606343825189
2006-11-03,0.0,0.0,0.0,0.0,0.0,0.34808484031381104,0.0,0.0,0.0,0.0,0.0,0.0872125936160109,0.06538986052482189,0.0,0.0,0.0,0.0,0.02540745663051424,0.0,0.0,0.0,0.0,0.0,0.0,0.0,0.0,0.2864217001141589
2006-11-10,0.0,0.0,0.0,0.0,0.0,0.3548791320060491,0.0,0.0,0.0039038765716037887,0.0,0.0,0.1133163979130935,0.06555635342465166,0.0,0.0,0.0,0.0,0.0033470271666267417,0.0,0.0,0.0,0.0,0.0,0.0,0.0,0.0,0.27017867337992324
2006-11-17,0.0,0.0,0.0,0.0,0.0,0.33567525039409746,0.0,0.0,0.03139684200203944,0.0,0.0,0.12599000418918221,0.03882411089883798,0.0,0.0,0.0,0.0,0.0,0.0,0.0,0.0,0.0,0.0,0.0,0.0,0.0,0.30862428764890404
2006-11-24,0.0,0.0,0.0,0.0,0.0,0.23228589763456228,0.0,0.0,0.11901907163319542,0.0,0.0,0.1352374130069993,0.015167490206403456,0.0,0.0,0.0,0.0,0.0,0.0,0.0,0.0,0.0,0.0,0.01198841234513555,0.0,0.0,0.32817526948120906
2006-12-01,0.0,0.0,0.0,0.0,0.0,0.23245802738367577,0.0,0.025470200904324596,0.041390833149067066,0.0,0.0,0.16863850514901005,0.012657229654328505,0.0,0.0,0.0,0.0,0.0,0.0,0.0,0.0,0.0,0.0,0.02283631876567439,0.0,0.0,0.3509588943196114
2006-12-08,0.0,0.0,0.0,0.0,0.0,0.20431367143624732,0.0,0.01343855354471651,0.025550430375394582,0.0,0.0,0.19334725968582497,0.021820854251583432,0.0,0.0,0.0,0.0,0.0,0.0,0.0,0.0,0.0,0.0,0.008605646156545514,0.0,0.0,0.36779190975328896
2006-12-15,0.0,0.0,0.0,0.0,0.0,0.1935588469851482,0.0,0.06010768113709017,0.04892905663917918,0.0,0.0,0.18395642669616352,0.06509487381235886,0.0,0.0,0.0,0.0,0.0,0.0,0.0,0.0,0.0,0.0,0.0023540703167014526,0.0,0.0,0.25192365245531145
2006-12-22,0.0,0.0,0.0,0.0,0.0,0.19088111193414187,0.0,0.01733319646221923,0.014659910970643213,0.0,0.0,0.19840860573430316,0.08084485947887472,0.0,0.0,0.0,0.0,0.016546152374056072,0.0,0.0,0.0,0.0,0.0,0.015649815666510133,0.0,0.0,0.25776747044226417
2006-12-29,0.0,0.0,0.0,0.0,0.0,0.20303327800323698,0.0,0.0,0.0,0.0,0.0,0.20804182761224646,0.09072433936877924,0.0,0.0,0.0,0.0,0.002977453095472517,0.0,0.0,0.0,0.0,0.0,0.01333249871282477,0.0,0.0,0.24157012868064295
2007-01-05,0.0,0.0,0.0,0.0,0.0,0.17693056068819232,0.0,0.0,0.0,0.0,0.0,0.21834954022201772,0.09112948015662801,0.0,0.0,0.0,0.0,4.5493628557596576e-05,0.0,0.0,0.0,0.0,0.0,0.0,0.0,0.0,0.26886290619180125
2007-01-12,0.0,0.0,0.0,0.0,0.0,0.08719986665389148,0.0,0.0,0.012460563317264478,0.0,0.0,0.10349581855022152,0.08029938700051494,0.0,0.0,0.0,0.0,0.15459413373153572,0.0,0.0,0.0,0.0,0.0,0.0,0.0,0.0,0.2555113944163981
2007-01-19,0.0,0.0,0.0,0.0,0.0,0.0,0.0,0.0,0.002380520580787363,0.0,0.0,0.09115778404198571,0.09125436063861513,0.0,0.0,0.0,0.0,0.1556305483576205,0.0,0.0,0.0,0.0,0.0,0.0,0.0,0.0,0.24852341280831566
2007-01-26,0.0,0.0,0.0,0.0,0.0,0.0,0.0,0.0,0.0073159396155384766,0.0,0.0,0.10583183454193744,0.10647313467572456,0.0,0.0,0.0,0.0,0.1350072247161589,0.0,0.0,0.0,0.0,0.0,0.0,0.0,0.0,0.22832902841124633
2007-02-02,0.0,0.0,0.0,0.0,0.0,0.0,0.0,0.0,0.03475314143307182,0.0,0.0,0.15935542757647014,0.07584650546710636,0.0,0.0,0.0,0.0,0.05160838339797254,0.0,0.0,0.0,0.0,0.0,0.013692626297946936,0.0,0.0,0.29916538852314295
2007-02-09,0.0,0.0,0.0,0.0,0.0,0.0,0.0,0.0,0.0,0.0,0.0,0.14539935916807506,0.07398548343563115,0.0,0.0,0.0,0.0,0.06102548336556111,0.0,0.0,0.0,0.0,0.0,0.049346205555687445,0.0,0.0,0.3088970253275622
2007-02-16,0.0,0.0,0.0,0.0,0.0,0.0,0.0,0.06213825286454551,0.007665003156005911,0.0,0.0,0.18524554250155334,0.04641556272032765,0.0,0.0,0.0,0.0,0.02942569839933005,0.0,0.0,0.0,0.0,0.0,0.03222672415192969,0.0,0.0,0.3029805821097557
2007-03-02,0.061889407005404976,0.0,0.0,0.0,0.0,0.042266053837406295,0.0,0.0526182929579584,0.05094633483489415,0.0,0.0,0.1892889982513641,0.0,0.0,0.0,0.0,0.0,0.03933679144636476,0.0,0.0,0.0,0.0,0.0,0.0,0.0,0.0,0.3653587497822262
2007-03-09,0.0848306599995526,0.0,0.0,0.0,0.0,0.0375056779948666,0.0,0.05995472338812115,0.05235388584860685,0.0,0.0,0.16051825129779654,0.0,0.0,0.0,0.0,0.0,0.03383845632017151,0.0,0.0,0.0,0.0,0.0,0.0,0.0,0.0,0.40063764734057294
2007-03-16,0.11042227690998108,0.0,0.0,0.0,0.0,0.048438857520241796,0.0,0.02243470776756216,0.05056296014889033,0.0,0.0,0.17505856045983814,0.008505673638475795,0.0,0.0,0.0,0.0,0.0,0.0,0.0,0.0,0.0,0.0,0.004350278436984227,0.0,0.0,0.40367802876929304
2007-03-23,0.07697773606994442,0.0,0.0,0.0,0.0,0.08084945866025148,0.0,0.0,0.067049377505732,0.0,0.0,0.1723777741514098,0.0,0.0,0.0,0.0,0.0,0.0,0.0,0.0,0.0,0.0,0.0,0.021724808582367753,0.0,0.0,0.39923056786534794
2007-03-30,0.035486357217965094,0.0,0.0,0.0,0.0,0.07095630778820727,0.0,0.0,0.04941384337998893,0.0,0.0,0.18619388114929877,0.0,0.0,0.0,0.0,0.0,0.0,0.0,0.0,0.0,0.0,0.0,0.03497371985053849,0.0,0.0,0.4221593340090492
2007-04-06,0.060112160620496624,0.0,0.0,0.0,0.0,0.06283161689577894,0.0,0.0,0.03946453663510114,0.0,0.0,0.18654081262116756,0.0,0.0,0.0,0.0,0.0,0.0,0.0,0.0,0.0,0.0,0.0,0.0284918492549777,0.0,0.0,0.42646883177301087
2007-04-13,0.034813008972988634,0.0,0.0,0.0,0.0,0.11161629944869342,0.0,0.0,0.006119450452625432,0.0,0.0,0.1879254194585903,0.0,0.0,0.0,0.0,0.0,0.0,0.0,0.0,0.0,0.0,0.0,0.059735730134395315,0.0,0.0,0.37623976428474293
2007-04-20,0.05212149295980449,0.0,0.0,0.0,0.0,0.12085401407518995,0.0,0.0,0.03427448856002599,0.0,0.0,0.14631439850361405,0.0,0.0,0.0,0.0,0.0,0.0,0.0,0.0,0.0,0.0,0.0,0.053242499328771294,0.0,0.0,0.3858476277388769
2007-04-27,0.024341950653147346,0.0,0.0,0.0,0.0,0.09357411940466659,0.0,0.0,0.05024175893939382,0.0,0.0,0.16008380096505967,0.0,0.0,0.0,0.0,0.0,0.0,0.0,0.0,0.0,0.0,0.0,0.05526613299700392,0.0,0.0,0.4068368450659545
2007-05-04,0.003636451213078396,0.0,0.0,0.0,0.0,0.13917072718264573,0.0,0.0,0.04972357035331355,0.0,0.0,0.15992640684096218,0.0,0.0,0.0,0.0,0.0,0.0,0.0,0.0,0.0,0.0,0.0,0.039317156498984505,0.0,0.0,0.40898438369049034
2007-05-11,0.0,0.0,0.0,0.0,0.0,0.16940319273802504,0.0,0.0,0.06896986641012351,0.0,0.0,0.1396173739014887,0.0,0.0,0.0,0.0,0.0,0.0,0.0,0.0,0.0,0.0,0.0,0.013692135767542149,0.0,0.0,0.4066134986236407
2007-05-18,0.0,0.0,0.0,0.0,0.0,0.14944074854852207,0.0,0.0,0.08772554424237093,0.0,0.0,0.16394092646172123,0.0,0.0,0.0,0.0,0.0,0.0,0.0,0.0,0.0,0.0,0.0,0.007476997639848246,0.0,0.0,0.40818501506655513
2007-05-25,0.0,0.0,0.0,0.0,0.0,0.1514557756676256,0.0,0.0,0.10173541099405006,0.0,0.0,0.15751293449021347,0.0,0.0,0.0,0.0,0.0,0.0,0.0,0.0,0.0,0.0,0.0,0.000495155759509598,0.0,0.0,0.41186999245248807
2007-06-01,0.0,0.0,0.0,0.0,0.0,0.0,0.0,0.0,0.0,0.0,0.0,0.18434457487788933,0.109044503239954,0.0,0.0,0.0,0.0,0.0,0.0,0.0,0.0,0.0,0.0,0.0,0.0,0.0,0.5304398092603178
2007-06-08,0.0,0.0,0.0,0.0,0.0,0.0,0.0,0.0,0.015118140845565467,0.0,0.0,0.1903130698591913,0.06923219581743792,0.0,0.0,0.0,0.0,0.0,0.0,0.0,0.0,0.0,0.0,0.00545890795547078,0.0,0.0,0.5120079796211622
2007-06-15,0.0,0.0,0.0,0.0,0.0,0.0,0.0,0.0,0.03723455420993393,0.0,0.0,0.17594493125490313,0.06586337513192035,0.0,0.0,0.0,0.0,0.0,0.0,0.0,0.0,0.0,0.0,0.0,0.0,0.0,0.5232749024053605
2007-06-22,0.0,0.0,0.0,0.0,0.0,0.0,0.0,0.0,0.010137667212437243,0.0,0.0,0.1645775678964993,0.07330433161948424,0.0,0.0,0.0,0.0,0.0,0.0,0.0,0.0,0.0,0.0,0.0,0.0,0.0,0.5418174705940461
2007-06-29,0.0,0.0,0.0,0.0,0.0,0.0,0.0,0.0,0.0,0.0,0.0,0.15845001071550818,0.05188607629110346,0.0,0.0,0.0,0.0,0.0,0.0,0.0,0.0,0.0,0.0,0.006058283268848192,0.0,0.0,0.5362445656768169
2007-07-06,0.0,0.0,0.0,0.0,0.0,0.0,0.0,0.0,0.02463837451467034,0.0,0.0,0.15596624928229513,0.07834408717456537,0.0,0.0,0.0,0.0,0.0,0.0,0.0,0.0,0.0,0.0,0.0,0.0,0.0,0.4955185204926535
2007-07-13,0.0,0.0,0.0,0.0,0.0,0.0,0.0,0.0,0.02140471128749069,0.0,0.0,0.14926031677517113,0.06595113341530925,0.0,0.0,0.0,0.0,0.0,0.0,0.0,0.0,0.0,0.0,0.0,0.0,0.0,0.5239948744158278
2007-07-20,0.0,0.0,0.0,0.0,0.0,0.0,0.0,0.0,0.014297895089745518,0.0,0.0,0.1975499158688542,0.054119388577811164,0.0,0.0,0.0,0.0,0.0,0.0,0.0,0.0,0.0,0.0,0.0,0.0,0.0,0.5032472277621993
2007-07-27,0.0,0.0,0.0,0.0,0.0,0.0,0.0,0.0,0.0,0.0,0.0,0.19275078034510393,0.0404392436866709,0.0,0.0,0.0,0.0,0.0018466986597869366,0.0,0.0,0.0,0.0,0.0,0.0,0.0,0.0,0.5374153263959647
2007-08-03,0.0,0.0,0.0,0.0,0.0,0.008969875694134464,0.0,0.0,0.0,0.0,0.0,0.17260024794725615,0.03545078184804223,0.0,0.0,0.0,0.0,0.04268641329843734,0.0,0.0,0.0,0.0,0.0,0.0,0.0,0.0,0.5126053158572138
2007-08-10,0.0,0.0,0.0,0.0,0.0,0.03484001301811533,0.0,0.0,0.0,0.0,0.0,0.19096932267015618,0.07518153187027642,0.0,0.0,0.0,0.0,0.0219848867698568,0.0,0.0,0.0,0.0,0.0,0.0,0.0,0.0,0.43853437315224003
2007-08-17,0.0,0.0,0.0,0.0,0.0,0.02354055327360407,0.0,0.0,0.0,0.0,0.0,0.20892643149997894,0.05793449704377148,0.0,0.0,0.0,0.0,0.014432173638950982,0.0,0.0,0.0,0.0,0.0,0.01376409158883445,0.0,0.0,0.44778302040825435
2007-08-24,0.0,0.0,0.0,0.0,0.0,0.0,0.0,0.0,0.0,0.0,0.0,0.21927484332954217,0.06465528050204485,0.0,0.0,0.0,0.0,0.0,0.0,0.0,0.0,0.0,0.0,0.05939159749404665,0.0,0.0,0.42648634833507576
2007-08-31,0.0,0.0,0.0,0.0,0.0,0.01337715182354819,0.0,0.0,0.01265602058859527,0.0,0.0,0.23461565507235665,0.02002650016984037,0.0,0.0,0.0,0.0,0.0075138661645658715,0.0,0.0,0.0,0.0,0.0,0.060582306084535575,0.0,0.0,0.4167001120012389
2007-09-07,0.0,0.0,0.0,0.0,0.0,0.04118483103086569,0.0,0.0,0.002059293934195663,0.0,0.0,0.24486544674071176,0.021770140866824193,0.0,0.0,0.0,0.0,0.0008233768972100232,0.0,0.0,0.0,0.0,0.0,0.0449990083268707,0.0,0.0,0.4059433334319292
2007-09-14,0.0,0.0,0.0,0.0,0.0,0.07064318054745357,0.0,0.0,0.0,0.0,0.0,0.25086522939463,0.044524433217918206,0.0,0.0,0.0,0.0,0.007692746981449729,0.0,0.0,0.0,0.0,0.0,0.021491243003905546,0.0,0.0,0.35273814271416715
2007-09-21,0.0,0.0,0.0,0.0,0.0,0.06946647929446234,0.0,0.0,0.0,0.0,0.0,0.2506827390746169,0.0390384588157343,0.0,0.0,0.0,0.0,0.0018944206054330778,0.0,0.0,0.0,0.0,0.0,0.033480322559692306,0.0,0.0,0.35552393013623185
2007-09-28,0.0,0.0,0.0,0.0,0.0,0.12180055435602458,0.0,0.0,0.009411730970582293,0.0,0.0,0.21858752806010598,0.04201972525909662,0.0,0.0,0.0,0.0,0.0113177964420141,0.0,0.0,0.0,0.0,0.0,0.02573625997726973,0.0,0.0,0.3286589521325598
2007-10-12,0.04864257818597295,0.0,0.0,0.0,0.0,0.0576890942377149,0.0,0.0,0.0,0.0,0.0,0.23041573771715676,0.059591104817474344,0.0,0.0,0.0,0.0,0.007754806205384421,0.0,0.0,0.0,0.0,0.0,0.03543796994325182,0.0,0.0,0.3046126091686084
2007-10-19,0.06565585316392643,0.0,0.0,0.0,0.0,0.06821319657213912,0.0,0.0,0.0,0.0,0.0,0.2526803066420727,0.07042046352704963,0.0,0.0,0.0,0.0,0.004900835193116566,0.0,0.0,0.0,0.0,0.0,0.005380621384749625,0.0,0.0,0.28527738380325446
2007-10-26,0.07423942052361011,0.0,0.0,0.0,0.0,0.08894321052781094,0.0,0.0,0.0,0.0,0.0,0.24857520433117963,0.07278853488434324,0.0,0.0,0.0,0.0,0.0,0.0,0.0,0.0,0.0,0.0,0.003317547642374629,0.0,0.0,0.2683748128492145
2007-11-02,0.07712480699552596,0.0,0.0,0.0,0.0,0.06368261231106426,0.0,0.0,0.0,0.0,0.0,0.23602008372892458,0.07776917629896285,0.0,0.0,0.0,0.0,0.005201707559507222,0.0,0.0,0.0,0.0,0.0,0.02104939595790055,0.0,0.0,0.27517783332011564
2007-11-09,0.09455436040075116,0.0,0.0,0.0,0.0,0.060061170526029606,0.0,0.0,0.0,0.0,0.0,0.23259445645004082,0.06609151843202724,0.0,0.0,0.0,0.0,0.004013750221308776,0.0,0.0,0.0,0.0,0.0,0.02240202126419044,0.0,0.0,0.26613772400567925
2007-11-16,0.11000029154273103,0.0,0.0,0.0,0.0,0.021436464046231698,0.0,0.0,0.0,0.0,0.0,0.24364322437958738,0.08409502938897627,0.0,0.0,0.0,0.0,0.018070651255604246,0.0,0.0,0.0,0.0,0.0,0.023372518977312427,0.0,0.0,0.25488576567513704
2007-11-23,0.11695342364851981,0.0,0.0,0.0,0.0,0.051117407753505976,0.0,0.0,0.0,0.0,0.0,0.2465348373418712,0.06950156834605252,0.0,0.0,0.0,0.0,0.004065593551753904,0.0,0.0,0.0,0.0,0.0,0.032550715697352094,0.0,0.0,0.22287057163151242
2007-11-30,0.09449388761330346,0.0,0.0,0.0,0.0,0.07856706353734431,0.0,0.0,0.0,0.0,0.0,0.2484573916862376,0.07071975149593723,0.0,0.0,0.0,0.0,0.0,0.0,0.0,0.0,0.0,0.0,0.040712258050862336,0.0,0.0,0.21847130599563996
2007-12-07,0.09284375107560569,0.0,0.0,0.0,0.0,0.07357993012575487,0.0,0.0,0.0,0.0,0.0,0.24681938848207752,0.07726008598628577,0.0,0.0,0.0,0.0,0.0,0.0,0.0,0.0,0.0,0.0,0.059373089170340926,0.0,0.0,0.19466140866392803
2007-12-14,0.09034893540360532,0.0,0.0,0.0,0.0,0.14374074292342504,0.0,0.0,0.0,0.0,0.0,0.2271367444327957,0.06941511110997382,0.0,0.0,0.0,0.0,0.0,0.0,0.0,0.0,0.0,0.0,0.03794142888886998,0.0,0.0,0.20656953168817063
2007-12-21,0.0958662053989703,0.0,0.0,0.0,0.0,0.16162387018394225,0.0,0.0,0.02168677579676356,0.0,0.0,0.20881108132763934,0.06117429341385577,0.0,0.0,0.0,0.0,0.0029210060224195023,0.0,0.0,0.0,0.0,0.0,0.028598607195381986,0.0,0.0,0.2047324706401107
2007-12-28,0.09589878383586116,0.0,0.0,0.0,0.0,0.16738247633638306,0.0,0.0014960413524542995,0.029679956846418366,0.0,0.0,0.20794447085792694,0.06052636846090321,0.0,0.0,0.0,0.0,0.0,0.0,0.0,0.0,0.0,0.0,0.023901692089342903,0.0,0.0,0.20862415510847535
2008-01-04,0.10293739817628673,0.0,0.0,0.0,0.0,0.15771202010762353,0.0,0.0,0.020353553913814177,0.0,0.0,0.20913044072867615,0.05646640201417426,0.0,0.0,0.0,0.0,0.0,0.0,0.0,0.0,0.0,0.0,0.012196268928917791,0.0,0.0,0.2337534296358269
2008-01-11,0.0997634124227949,0.0,0.0,0.0,0.0,0.14054471510495897,0.0,0.012813695546890174,0.02073162825447227,0.0,0.0,0.20579077744221352,0.05516034969466608,0.0,0.0,0.0,0.0,0.0,0.0,0.0,0.0,0.0,0.0,0.015524658531761111,0.0,0.0,0.23318970908632733
2008-01-18,0.08974052330609729,0.0,0.0,0.0,0.002095614592786295,0.1796833910387094,0.0,0.0,0.00047285684559828477,0.0,0.0,0.20173779801989164,0.056727184125136505,0.0,0.0,0.0,0.0,0.0,0.0,0.0,0.0,0.0,0.0,0.014400580725538667,0.0,0.0,0.20673341967942807
2008-01-25,0.08918858449680951,0.0,0.0,0.0,0.013030917173264107,0.1671751826951958,0.0,0.02973481899510843,0.017011719062169365,0.0,0.0,0.201417866407524,0.024703037360502115,0.0,0.0,0.0,0.0,0.0,0.0,0.0,0.0,0.0,0.0,0.020290036999201184,0.0,0.0,0.23994894009156578
2008-02-01,0.12566197745005095,0.0,0.0,0.0,0.0,0.10699009533336093,0.0,0.019504057500977647,0.07168226327445065,0.0,0.0,0.20129029876236787,0.010311823216989776,0.0,0.0,0.0,0.0,0.0,0.0,0.0,0.0,0.0,0.0,0.014898236128767962,0.0,0.0,0.23444714257056387
2008-02-08,0.12475788910011744,0.0,0.0,0.0,0.0,0.1004903512028816,0.0,0.02465049262930733,0.08059155976197359,0.0,0.0,0.2082629577058801,0.0,0.0,0.0,0.0,0.0,0.0,0.0,0.0,0.0,0.0,0.0,0.016793291499892345,0.0,0.0,0.24640549913706428
2008-02-15,0.08999475784773815,0.0,0.0,0.0,0.0,0.11854097885803719,0.0,0.03648067395740069,0.07932586943034454,0.0,0.0,0.2034641664478428,0.0,0.0,0.0,0.0,0.0,0.0,0.0,0.0,0.0,0.0,0.0,0.03471963206136024,0.0,0.0,0.24035260165996503
2008-02-22,0.11025399021881681,0.0,0.0,0.0,0.0,0.11137378261265707,0.0,0.0397875253268564,0.0680059237927943,0.0,0.0,0.21022790232765046,0.0,0.0,0.0,0.0,0.0,0.0,0.0,0.0,0.0,0.0,0.0,0.03402784212931237,0.0,0.0,0.23525656033764314
2008-02-29,0.06810699051367149,0.0,0.0,0.0,0.0,0.1267972198580777,0.0,0.046273178318055386,0.06792686997657338,0.0,0.0,0.2069025440254309,0.0,0.0,0.0,0.0,0.0,0.0,0.0,0.0,0.0,0.0,0.0,0.04120679651454717,0.0,0.0,0.2586544195917626
2008-03-07,0.06585213556497437,0.0,0.0,0.0,0.0,0.07782084607622625,0.0,0.07394311537102416,0.09132490727931013,0.0,0.0,0.1967083265064567,0.0,0.0,0.0,0.0,0.0,0.0,0.0,0.0,0.0,0.0,0.0,0.06741210725845473,0.0,0.0,0.24664930106588967
2008-03-14,0.057981258569586414,0.0,0.0,0.0,0.0,0.07237947257072887,0.0,0.08008445566345763,0.11285344690294768,0.0,0.0,0.2043645786860452,0.0,0.0,0.0,0.0,0.0,0.0,0.0,0.0,0.0,0.0,0.0,0.07271264591726952,0.0,0.0,0.23405762464961985
2008-03-21,0.07391177444046337,0.0,0.0,0.0,0.0,0.0932578034677316,0.0,0.07174522144158825,0.08388039701751812,0.0,0.0,0.18495434022486992,0.0,0.0,0.0,0.0,0.0,0.0,0.0,0.0,0.0,0.0,0.0,0.07927046578275926,0.0,0.0,0.21888695970631178
2008-03-28,0.021016556325045125,0.0,0.0,0.0,0.0,0.11641370926198667,0.0,0.07851321744905121,0.06975202976079134,0.0,0.0,0.2138479939090465,0.014563644654070758,0.0,0.0,0.0,0.0,0.0,0.0,0.0,0.0,0.0,0.0,0.07867626443933998,0.0,0.0,0.2081095586985051
2008-04-04,0.10465956199145093,0.0,0.0,0.0,0.0,0.087292079019794,0.0,0.06126955616262497,0.03652003842296206,0.0,0.0,0.1960768616690853,0.0,0.0,0.0,0.0,0.0,0.0,0.0,0.0,0.0,0.0,0.0,0.07471352641778808,0.0,0.0,0.21204202405124278
2008-04-11,0.07831612939553372,0.0,0.0,0.0,0.0,0.09831037629833657,0.0,0.08087753692826556,0.05265039234337902,0.0,0.0,0.1914179742108142,0.0,0.0,0.0,0.0,0.0,0.0,0.0,0.0,0.0,0.0,0.0,0.08129343961162089,0.0,0.0,0.18849058649235756
2008-04-18,0.012902594187763846,0.0,0.0,0.0,0.0,0.14124488547152173,0.0,0.050093822420579005,0.034735317636751424,0.0,0.0,0.1812707435238361,0.0,0.0,0.0,0.0,0.0,0.0,0.0,0.0,0.0,0.0,0.0,0.08726056132616752,0.0,0.0,0.24529716647607494
2008-04-25,0.0548871836220366,0.0,0.0,0.0,0.0,0.13807626819780494,0.0,0.0,0.05345371579681967,0.0,0.0,0.13233722679439136,0.0,0.0,0.0,0.0,0.0,0.0,0.0,0.0,0.0,0.0,0.0,0.06929336032797939,0.0,0.0,0.32094302978194383
2008-05-02,0.05663373166673232,0.0,0.0,0.0,0.0,0.140256990525666,0.0,0.017900487811918227,0.04967924568242327,0.0,0.0,0.14047279908513066,0.0,0.0,0.0,0.0,0.0,0.0,0.0,0.0,0.0,0.0,0.0,0.06332595640809262,0.0,0.0,0.30973259296104916
2008-05-09,0.059198607567501976,0.0,0.0,0.0,0.0,0.15794945705427244,0.0,0.01284114827130736,0.044121124403961064,0.0,0.0,0.13520092799201824,0.0,0.0,0.0,0.0,0.0,0.0,0.0,0.0,0.0,0.0,0.0,0.07029413601636264,0.0,0.0,0.3043492913095958
2008-05-16,0.06532531452739807,0.0,0.0,0.0,0.0,0.23064845187273378,0.0,0.0,0.048141177813620546,0.0,0.0,0.1352981516357743,0.0,0.0,0.0,0.0,0.0,0.0,0.0,0.0,0.0,0.0,0.0,0.05719007866198912,0.0,0.0,0.24060280216124608
2008-05-23,0.053655832113855,0.0,0.0,0.0,0.0,0.2209729870078288,0.0,0.051861655951955056,0.04375405976775134,0.0,0.0,0.1283788034731773,0.0,0.0,0.0,0.0,0.0,0.0,0.0,0.0,0.0,0.0,0.0,0.05090803453135761,0.0,0.0,0.2282203329945276
2008-05-30,0.06201095480794973,0.0,0.0,0.0,0.0,0.22607062257326052,0.0,0.05655888013178796,0.038496847876478626,0.0,0.0,0.11652760064629616,0.0,0.0,0.0,0.0,0.0,0.0,0.0,0.0,0.0,0.0,0.0,0.05244743553095313,0.0,0.0,0.22301513093893446
2008-06-06,0.07645662750629459,0.0,0.0,0.0,0.0,0.21200709855624286,0.0,0.053938421253035954,0.03628407584963052,0.0,0.0,0.09231848983800947,0.0,0.0,0.0,0.0,0.0,0.0,0.0,0.0,0.0,0.0,0.0,0.06967256763400856,0.0,0.0,0.23390904943685828
2008-06-13,0.1117816277874729,0.0,0.0,0.0,0.0,0.23076026510661082,0.0,0.01872376823909254,0.013614357125445252,0.0,0.0,0.06387157110706806,0.0,0.0,0.0,0.0,0.0,0.0,0.0,0.0,0.0,0.0,0.0,0.07583538599553323,0.0,0.0,0.25914885491388867
2008-06-20,0.07382749964891415,0.0,0.0,0.0,0.0,0.19094625264352924,0.0,0.07560841491589951,0.027217365919336267,0.0,0.0,0.05186590225848324,0.0,0.0,0.0,0.0,0.0,0.0,0.0,0.0,0.0,0.0,0.0,0.07069289053656351,0.0,0.0,0.2835896937376422
2008-06-27,0.08184648066906004,0.0,0.0,0.0,0.0,0.22967346175874156,0.0,0.051550970894709953,0.03716497573262925,0.0,0.0,0.047135287696390374,0.0,0.0,0.0,0.0,0.0,0.0,0.0,0.0,0.0,0.0,0.0,0.050754475070623715,0.0,0.0,0.2687539859800158
2008-07-04,0.07755118622244787,0.0,0.0,0.0,0.0,0.21361989175179305,0.0,0.06054705245977145,0.044812725186034026,0.0,0.0,0.038081499794160034,0.0,0.0,0.0,0.0,0.0,0.0,0.0,0.0,0.0,0.0,0.0,0.0812820184019443,0.0,0.0,0.24601909168975034
2008-07-11,0.09458253792397606,0.0,0.0,0.0,0.0,0.2215135117306419,0.0,0.0644399277100389,0.021668754185034805,0.0,0.0,0.053397087117056166,0.0,0.0,0.0,0.0,0.0,0.0,0.0,0.0,0.0,0.0,0.0,0.06789995070104844,0.0,0.0,0.23492738336587216
2008-07-18,0.08108453940951095,0.0,0.0,0.0,0.0,0.24868582555325694,0.0,0.06903959597044561,0.03500983359762407,0.0,0.0,0.07150096135323979,0.0,0.0,0.0,0.0,0.0,0.0,0.0,0.0,0.0,0.0,0.0,0.05534810949788849,0.0,0.0,0.19919366058487095
2008-07-25,0.0834500010463681,0.0,0.0,0.0,0.0,0.25324570758094067,0.0,0.06488297042174736,0.01687507896446656,0.0,0.0,0.08046486900875399,0.0,0.0,0.0,0.0,0.0,0.0,0.0,0.0,0.0,0.0,0.0,0.058640948967748324,0.0,0.0,0.20274710876864446
2008-08-01,0.08001389675569384,0.0,0.0,0.0,0.0,0.2506277851780809,0.0,0.06644290208200894,0.00053515418024506,0.0,0.0,0.08888467256427432,0.0,0.0,0.0,0.0,0.0,0.0,0.0,0.0,0.0,0.0,0.0,0.04991520526164431,0.0,0.0,0.22017975516631605
2008-08-08,0.07218393470780177,0.0,0.0,0.0,0.0,0.20737194796367286,0.0,0.060651707300442004,0.0,0.0,0.0,0.07771093026969465,0.0,0.0,0.0,0.0,0.0,0.0,0.0,0.0,0.0,0.0,0.0,0.06037400447712385,0.0,0.0,0.2658425339379483
2008-08-15,0.09009033555075546,0.0,0.0,0.0,0.0065493618706168235,0.19665919993170358,0.0,0.04440388299376223,0.0,0.0,0.0,0.0711941365998835,0.0,0.0,0.0,0.0,0.0,0.0,0.0,0.0,0.0,0.0,0.0,0.0791980640124375,0.0,0.0,0.23380559985681285
2008-08-22,0.09293299840072297,0.0,0.00413614953355467,0.0,0.016332203579505294,0.1793819316660648,0.0,0.050502433422629396,0.0,0.0,0.0,0.06840078371377943,0.0,0.0,0.0,0.0,0.0,0.0,0.0,0.0,0.0,0.0,0.0,0.0842297303011947,0.0,0.0,0.23268200400444197
2008-08-29,0.13362109605719685,0.0,0.0019336356594973968,0.0,0.05570560254389201,0.13008527136987633,0.0,0.0,0.0,0.0,0.0,0.0632833133137014,0.0,0.0,0.0,0.0,0.0,0.0,0.0,0.0,0.0,0.0,0.0,0.06991160190661733,0.0,0.0,0.269363413613061
2008-09-05,0.08878972616557426,0.0,0.0,0.0,0.0,0.2305550524500039,0.0,0.0,0.0,0.0,0.0,0.04904644574363384,0.0,0.0,0.0,0.0,0.0,0.0,0.0,0.0,0.0,0.0,0.0,0.05225511345367687,0.0,0.0,0.32417260614713783
2008-09-12,0.06973616190544693,0.0,0.0,0.0,0.0,0.19827706201924802,0.0,0.004321750018105232,0.0,0.0,0.0,0.07928085597557023,0.0,0.0,0.0,0.0,0.0,0.0,0.0,0.0,0.0,0.0,0.0,0.044073729964425164,0.0,0.0,0.3417861031185173
2008-09-19,0.10918239995276356,0.0,0.0,0.0,0.022551717818187888,0.23241389099589588,0.0,0.0,0.0,0.0,0.0,0.06246648268035983,0.0,0.0,0.0,0.0,0.0,0.0,0.0,0.0,0.0,0.0,0.0,0.02975233088097975,0.0,0.0,0.3153218815877301
2008-09-26,0.08334600196038028,0.0,0.0,0.0,0.0,0.29554803033147325,0.0,0.009075736925797807,0.0,0.0,0.0,0.08217865680285869,0.003970156489282432,0.0,0.0,0.0,0.0,0.0,0.0,0.0,0.0,0.0,0.0,0.034038621285250925,0.0,0.0,0.2514969854721602
2008-10-10,0.12273469575776452,0.0,0.0,0.0,0.020456413467062666,0.2754551986607417,0.0,0.0,0.0,0.0,0.0,0.07018574518071152,0.0,0.0,0.0,0.0,0.0,0.0,0.0,0.0,0.0,0.0,0.0,0.03860288981531738,0.0,0.0,0.22725374417359398
2008-10-17,0.13713595645088955,0.0,0.0,0.0,0.018578482388757204,0.25782401366988356,0.0,0.0,0.0,0.0,0.0,0.0850067343836645,0.0,0.0,0.0,0.0,0.0,0.0,0.0,0.0,0.0,0.0,0.0,0.031096271814672886,0.0,0.0,0.2212508219006469
2008-10-24,0.10100136960061548,0.0,0.0,0.0,0.016222144599004912,0.34330208640358184,0.0,0.0012739666175289686,0.0,0.0,0.0,0.07586270811234556,0.0,0.0,0.0,0.0,0.0,0.0,0.0,0.0,0.0,0.0,0.0,0.045318175271090735,0.0,0.0,0.1608224521155366
2008-10-31,0.037354433721598974,0.0,0.0,0.0,0.006136050252838907,0.3173320800577312,0.0,0.0,0.008110128178334034,0.0,0.0,0.08594186143099715,0.022646746188961703,0.0,0.0,0.0,0.0,0.0,0.0,0.0,0.0,0.0,0.0,0.07880051074026576,0.0,0.0,0.17304785741645418
2008-11-07,0.026695857300068973,0.0,0.005217516154617132,0.0,0.021319856386611734,0.29310785114348603,0.0,0.006582232223321214,0.036785450138057445,0.0,0.0,0.0805807059662538,0.020098217258517567,0.0,0.0,0.0,0.0,0.0,0.0,0.0,0.0,0.0,0.0,0.057697009367354946,0.0,0.0,0.1866187954820365
2008-11-14,0.019124424770455416,0.0,0.0,0.0,0.0,0.326172701425456,0.0,0.0,0.04239337542871978,0.0,0.0,0.07695372079909257,0.024030374117970238,0.0,0.0,0.0,0.0,0.0,0.0,0.0,0.0,0.0,0.0,0.06547141528713105,0.0,0.0,0.183620344188672
2008-11-21,0.009159766638733574,0.0,0.02309134395027565,0.0,0.01693018248582467,0.31206940345528733,0.0,0.04236870544068622,0.010079741300273051,0.0,0.0,0.07479869143286509,0.007093440298843891,0.0,0.0,0.0,0.0,0.0,0.0,0.0,0.0,0.0,0.0,0.061742692217306286,0.0,0.0,0.20529097664479942
2008-11-28,0.034255056478924864,0.0,0.039828029985900036,0.0,0.0,0.2284836271894607,0.0,0.05742827203357164,0.053544792853979166,0.0,0.0,0.08955103643448495,0.0,0.0,0.0,0.0,0.0,0.0,0.0,0.0,0.0,0.0,0.0,0.041135572360944,0.0,0.0,0.22845861877342327
2008-12-05,0.04603268523353389,0.0,0.043616198046353055,0.0,0.0,0.20903112681682354,0.0,0.07502777848056105,0.029484376329294088,0.0,0.0,0.07893954127443428,0.0,0.0,0.0,0.0,0.0,0.0,0.0,0.0,0.0,0.0,0.0,0.05339949834718497,0.0,0.0,0.24401083009502303
2008-12-12,0.08309817019295923,0.0,0.05158515190342962,0.0,0.0,0.23139115875566357,0.0,0.040321972646082366,0.044250669660391706,0.0,0.0,0.0678186800094473,0.0,0.0,0.0,0.0,0.0,0.0,0.0,0.0,0.0,0.0,0.0,0.048857499074299746,0.0,0.0,0.20516745336620118
2008-12-19,0.0876787894284637,0.0,0.06559582095782597,0.0,0.0,0.23226810429769057,0.0,0.02483332276480379,0.05168510786987494,0.0,0.0,0.05651446920405757,0.0,0.0,0.0,0.0,0.0,0.0,0.0,0.0,0.0,0.0,0.0,0.05069758971822524,0.0,0.0,0.21013484241555122
2008-12-26,0.09252976503104243,0.0,0.08133817128429711,0.0,0.0,0.2071207822888583,0.0,0.04155341627948551,0.05101069699218696,0.0,0.0,0.061458206310774664,0.0002892009613175358,0.0,0.0,0.0,0.0,0.0,0.0,0.0,0.0,0.0,0.0,0.03516348292654541,0.0,0.0,0.2194320004118898
2009-01-02,0.10221586225819962,0.0,0.09884332880723104,0.0,0.03755909085060677,0.1702920226259086,0.0,0.0,0.07974187120715094,0.0,0.0,0.0595567575860714,0.0,0.0,0.0,0.0,0.0,0.0,0.0,0.0,0.0,0.0,0.0,0.019857177763067137,0.0,0.0,0.2284812550710191
2009-01-09,0.0835772991100952,0.0,0.09381960529801382,0.0,0.010970440373042395,0.19548393151192173,0.0,0.0,0.10269283870790985,0.0,0.0,0.05617268622486878,0.0,0.0,0.0,0.0,0.0,0.0,0.0,0.0,0.0,0.0,0.0,0.0015400185315184785,0.0,0.0,0.23839908333508578
2009-01-16,0.06590361933061957,0.0,0.06939667076987159,0.0,0.0564987851846547,0.164062489171069,0.0,0.01583217926491167,0.10958678945720297,0.0,0.0,0.05642748705635291,0.0,0.0,0.0,0.0,0.0,0.0,0.0,0.0,0.0,0.0,0.0,0.0270539785558805,0.0,0.0,0.21408153366123805
2009-01-23,0.04936331104166888,0.0,0.06698082983449652,0.0,0.04707133424181061,0.1629818145931763,0.0,0.05417670651214769,0.103692154911638,0.0,0.0,0.05814172906690788,0.0,0.0,0.0,0.0,0.0,0.0,0.0,0.0,0.0,0.0,0.0,0.027777660720705918,0.0,0.0,0.20603334521858754
2009-02-06,0.043453617980433755,0.0,0.03038917287059023,0.0,0.08503901086986355,0.14770836535598264,0.0,0.04347753020516536,0.0839742550920194,0.0,0.0,0.060309010573728866,0.0,0.0,0.0,0.0,0.0,0.0,0.0,0.0,0.0,0.0,0.0,0.06093107324992057,0.0,0.0,0.21150134383418143
2009-02-13,0.014128186474626474,0.0,0.0991122446767755,0.0,0.08100269408372006,0.15564759721084953,0.0,0.03264755343599078,0.05450294058511781,0.0,0.0,0.06067112127959546,0.0,0.0,0.0,0.0,0.0,0.0,0.0,0.0,0.0,0.0,0.0,0.06840208002801039,0.0,0.0,0.21635555931336403
2009-02-20,0.045283924433863504,0.0,0.08137590237470772,0.0,0.0792770055984056,0.15831552544557365,0.0,0.02340069571202835,0.05345705629457755,0.0,0.0,0.07092816873769,0.0,0.0,0.0,0.0,0.0,0.0,0.0,0.0,0.0,0.0,0.0,0.04304643387845858,0.0,0.0,0.21259711321639527
2009-02-27,0.0,0.0,0.07403985053576023,0.0,0.0670644733189883,0.13059485600899787,0.0,0.05795775575759019,0.06285906161802565,0.0,0.0,0.07728531907137749,0.0,0.0,0.0,0.0,0.0,0.0,0.0,0.0,0.0,0.0,0.0,0.046388974446735905,0.0,0.0,0.23212136574825165
2009-03-06,0.0008247951271712777,0.0,0.0626527405573947,0.0,0.02306461681894911,0.11632765578259775,0.0,0.09897723444638971,0.0746728865563642,0.0,0.0,0.07625347736986719,0.0,0.0,0.0,0.0,0.0,0.0,0.0,0.0,0.0,0.0,0.0,0.0351828744180757,0.0,0.0,0.27269522625565185
2009-03-13,0.01786627205274463,0.0,0.07169930346013613,0.0,0.025607572992186852,0.12366327352279793,0.0,0.09708959485431776,0.060703007493003384,0.0,0.0,0.07633249943641247,0.0,0.0,0.0,0.0,0.0,0.0,0.0,0.0,0.0,0.0,0.0,0.02754742359245387,0.0,0.0,0.2641273235344557
2009-03-20,0.056274240697573585,0.0,0.07474737138537163,0.0,0.046163206587226537,0.09424815275213767,0.0,0.059003504624710844,0.06971207237931348,0.0,0.0,0.07785985219433256,0.0,0.0,0.0,0.0,0.0,0.0,0.0,0.0,0.0,0.0,0.0,0.020664999230811217,0.0,0.0,0.2692230321910125
2009-03-27,0.02342072340429506,0.0,0.06330066568722689,0.0,0.035050406724856424,0.09890653465067258,0.0,0.07525950885220671,0.07814724106333679,0.0,0.0,0.08223407694883596,0.0,0.0,0.0,0.0,0.0,0.0,0.0,0.0,0.0,0.0,0.0,0.01812258465900298,0.0,0.0,0.28265604933071237
2009-04-03,0.027435330593421518,0.0,0.017992483580879938,0.0,0.034516980964522534,0.11172796890572788,0.0,0.06543435548491042,0.06821520186208588,0.0,0.0,0.09502433960430823,0.0,0.0,0.0,0.0,0.0,0.0,0.0,0.0,0.0,0.0,0.0,0.034947640401099794,0.0,0.0,0.2900726340255701
2009-04-10,0.010291300216262938,0.0,0.02441898649780129,0.0,0.016686458994906905,0.12532234638826356,0.0,0.07240576627727612,0.08115926695102205,0.0,0.0,0.0951601965482891,0.0,0.0,0.0,0.0,0.0,0.0,0.0,0.0,0.0,0.0,0.0,0.03343236645948033,0.0,0.0,0.2914236671108094
2009-04-17,0.0285224671412008,0.0,0.013088172959527309,0.0,0.048414065493253375,0.08181655279685142,0.0,0.09347386076550807,0.08342266670484401,0.0,0.0,0.09484042716697276,0.0,0.0,0.0,0.0,0.0,0.0,0.0,0.0,0.0,0.0,0.0,0.04061762864642654,0.0,0.0,0.270099585986496
2009-04-24,0.06316967267224238,0.0,0.0,0.0,0.07802160841976256,0.106801206255425,0.0,0.07541008950041031,0.015283220337970721,0.0,0.0,0.12395119163701016,0.0,0.0,0.0,0.0,0.0,0.0,0.0,0.0,0.0,0.0,0.0,0.0378363032284798,0.0,0.0,0.24417411821460194
2009-05-01,0.06010209585510732,0.0,0.0,0.0,0.07626204713147645,0.10024162035598319,0.0,0.09716748168205432,0.037035628006631474,0.0,0.0,0.11920398839686641,0.0,0.0,0.0,0.0,0.0,0.0,0.0,0.0,0.0,0.0,0.0,0.02893772998037234,0.0,0.0,0.20353962725053212
2009-05-08,0.05855141515083952,0.0,0.0,0.0,0.08339943328839806,0.11868971053031521,0.0,0.08185352405237173,0.04198259622055477,0.0,0.0,0.11468875988561188,0.0,0.0,0.0,0.0,0.0,0.0,0.0,0.0,0.0,0.0,0.0,0.03087608894885229,0.0,0.0,0.18676236844128458
2009-05-15,0.06370155254946372,0.0,0.0,0.0,0.07968092866599301,0.11116790744720459,0.0,0.0943031048732755,0.04938974843951781,0.0,0.0,0.10910389614566064,0.0,0.0,0.0,0.0,0.0,0.0,0.0,0.0,0.0,0.0,0.0,0.03069132115145474,0.0,0.0,0.17147223900177444
2009-05-22,0.06736197250942608,0.0,0.0,0.0,0.08659453480880054,0.1179414019310813,0.0,0.07747249897440629,0.05130668148051885,0.0,0.0,0.11128117923914356,0.0,0.0,0.0,0.0,0.0,0.0,0.0,0.0,0.0,0.0,0.0,0.0306336702650856,0.0,0.0,0.16630202144751197
2009-05-29,0.07437604599511645,0.0,0.0,0.0,0.08454815960122362,0.11073437114892469,0.0,0.08464697676926033,0.05476081907779373,0.0,0.0,0.10552978516597,0.0,0.0,0.0,0.0,0.0,0.0,0.0,0.0,0.0,0.0,0.0,0.02809305721038173,0.0,0.0,0.16424273176330959
2009-06-05,0.06426419959438294,0.0,0.0,0.0,0.09122347081772733,0.10399200301297605,0.0,0.02961953069245069,0.028857188007221625,0.0,0.0,0.12960687601970247,0.0039736895376782716,0.0,0.0,0.0,0.0,0.0,0.0,0.0,0.0,0.0,0.0,0.04912576585348129,0.0,0.0,0.21612664498279582
2009-06-12,0.09092737132123947,0.0,0.0,0.0,0.1005803158110952,0.09511797477352592,0.0,0.017208596127144517,0.040178857995954116,0.0,0.0,0.12530990584384724,0.009989779241384215,0.0,0.0,0.0,0.0,0.0,0.0,0.0,0.0,0.0,0.0,0.044655845448927235,0.0,0.0,0.18604068490943598
2009-06-19,0.04866699390443047,0.0,0.0,0.0,0.11469658565761573,0.08170372408438936,0.0,0.05017008165440854,0.0220103403770162,0.0,0.0,0.1500635707347834,0.0,0.0,0.0,0.0,0.0,0.0,0.0,0.0,0.0,0.0,0.0,0.03588467365419108,0.0,0.0,0.23362946408533058
2009-06-26,0.05886273290412509,0.0,0.0,0.0,0.09358982349085333,0.10648657568705575,0.0,0.05111948009498672,0.012480389668339434,0.0,0.0,0.13587873811387124,0.0,0.0,0.0,0.0,0.0,0.0,0.0,0.0,0.0,0.0,0.0,0.04987898302260467,0.0,0.0,0.21309826091857234
2009-07-03,0.049450802267511376,0.0,0.0,0.0,0.09652936969014,0.1023989065853386,0.0,0.07172834157030111,0.0016189296465557064,0.0,0.0,0.1352783770470748,0.0,0.0,0.0,0.0,0.0,0.0,0.0,0.0,0.0,0.0,0.0,0.05336012009673044,0.0,0.0,0.21626971175078763
2009-07-10,0.061463614151594584,0.0,0.0,0.0,0.10647763993714458,0.12407862925393334,0.0,0.06149632563918585,0.0026233723761437244,0.0,0.0,0.12932932514271034,0.0,0.0,0.0,0.0,0.0,0.0,0.0,0.0,0.0,0.0,0.0,0.0338747866693956,0.0,0.0,0.2121108371940722
2009-07-17,0.04126966858258715,0.0,0.0,0.0,0.10327571374399569,0.14536087472038978,0.0,0.037372831783771925,0.0,0.0,0.0,0.14517501736303295,0.00016544142766166108,0.0,0.0,0.0,0.0,0.0,0.0,0.0,0.0,0.0,0.0,0.054529102217102145,0.0,0.0,0.21016132480667304
2009-07-24,0.05601920136167374,0.0,0.011319292896071517,0.0,0.09894891778170825,0.13400902566409031,0.0,0.09425462712802436,0.0,0.0,0.0,0.12759226242487157,0.00013033803387635116,0.0,0.0,0.0,0.0,0.0,0.0,0.0,0.0,0.0,0.0,0.04193200316356898,0.0,0.0,0.18845576803730707
2009-07-31,0.09795933984535224,0.0,0.010745382319019682,0.0,0.09385581151205234,0.1187940567700196,0.0,0.07736312675008132,0.0,0.0,0.0,0.11063210428548675,0.014928490555352395,0.0,0.0,0.0,0.0,0.0,0.022720794132223346,0.0,0.0,0.0,0.0,0.014042074678622972,0.0,0.0,0.19257132620384432
2009-08-07,0.03175544981857907,0.0,0.0,0.0,0.0977677759524487,0.11884054207676165,0.0,0.10395422141805581,0.02130309144583155,0.0,0.0,0.13238833615931725,0.028472393819179462,0.0,0.0,0.0,0.0,0.0,0.023027847804785506,0.0,0.0,0.0,0.0,0.038688956381007625,0.0,0.0,0.14818489206107982
2009-08-14,0.029959294232262783,0.0,0.0021428625474706883,0.0,0.10077818521835272,0.13712987962294462,0.0,0.09668491918443661,0.02338401729143331,0.0,0.0,0.11980888937062466,0.03310729365828475,0.0,0.0,0.0,0.0,0.0,0.04479186619518797,0.0,0.0,0.0,0.0,0.040088250649085826,0.0,0.0,0.12885824163878148
2009-08-21,0.0,0.0,0.0,0.0,0.13242356051288032,0.11596094300766276,0.0,0.11353509917684881,0.01893627917962815,0.0,0.0,0.12736735265989088,0.03313914609948491,0.0,0.0,0.0,0.05542778188641521,0.0,0.0,0.019913135901062563,0.0,0.0,0.0,0.02956585280939926,0.0,0.0,0.14618938160804346
2009-08-28,0.0,0.0,0.0,0.006062651352308099,0.1371269483279958,0.10703793454563597,0.0,0.10756119492564765,0.01583776733114414,0.0,0.0,0.134889458996125,0.03489980646608546,0.0,0.0,0.0,0.08112303530087143,0.0,0.0,0.00010876560709342996,0.0,0.0,0.0,0.027723489023500268,0.0,0.0,0.1429118195073926
2009-09-04,0.01445021068536295,0.0,0.0,0.0,0.12380688228969385,0.08198760477105067,0.0,0.10827603789856163,0.018491523944014567,0.0,0.0,0.1519518849046922,0.01754840425249474,0.0,0.0,0.0,0.093252608664554,0.0,0.0,0.0,0.0,0.0,0.0,0.036156619319115985,0.0,0.0,0.14657789418734837
2009-09-11,0.0,0.0,0.0,0.0,0.13916507411574736,0.13631439518299068,0.0,0.10535711652481937,0.026882170544807047,0.0,0.0,0.14848033534929256,0.027025586399178757,0.0,0.0,0.0,0.02245796800116203,0.0,0.0,0.0005557863589348199,0.0,0.0,0.0,0.04767339207489294,0.0,0.0,0.1580194035945317
2009-09-18,0.012859170117376667,0.0,0.0,0.0,0.12930223831093096,0.13858456419558648,0.0,0.1110802245008237,0.03264516510770982,0.0,0.0,0.15267756300506463,0.023534323714714884,0.0,0.0,0.0,0.008817501367089604,0.0,0.0,0.0029752226494586895,0.0,0.0,0.0,0.04833190013784207,0.0,0.0,0.15967142957403369
2009-09-25,0.007583361376948788,0.0,0.0,0.0,0.13521767949714852,0.17847540865735836,0.0,0.11265881651314726,0.030875277549401375,0.0,0.0,0.1488228113432437,0.0202464611797617,0.0,0.0,0.0,0.0,0.0,0.0,0.0,0.0,0.0,0.0,0.04660736103166018,0.0,0.0,0.1466728682737115
2009-10-02,0.02576655262318214,0.0,0.0,0.0,0.11888482743905074,0.17486472084119606,0.0,0.10703802953831906,0.022467195995706367,0.0,0.0,0.15407124443496756,0.019256608232161094,0.0,0.0,0.0,0.0,0.0,0.0,0.0,0.0,0.0,0.0,0.04142010293214119,0.0,0.0,0.15240382769763086
2009-10-09,0.02695042238722649,0.0,0.0,0.0,0.11817618206635877,0.17043309883683622,0.0,0.10237045584927408,0.02614290378073847,0.0,0.0,0.1552574005287355,0.01322478583387905,0.0,0.0,0.0,0.0,0.0,0.0,0.0,0.0,0.0,0.0,0.044237915407109384,0.0,0.0,0.1537222665635536
2009-10-16,0.01781989974301935,0.0,0.0,0.0,0.11747140781527622,0.17655980667948723,0.0,0.09502180580024187,0.02324558820396715,0.0,0.0,0.1430714299150616,0.017848052593658598,0.0,0.0,0.0,0.0,0.0,0.0,0.0,0.0,0.0,0.0,0.05202675483972718,0.0,0.0,0.16651107791092143
2009-10-23,0.025548915952343012,0.0,0.0,0.0,0.10967914935603582,0.17340173487102536,0.0,0.11974078554052078,0.015153082707532678,0.0,0.0,0.13857189262060685,0.01652691328969568,0.0,0.0,0.0,0.0,0.0,0.0,0.0,0.0,0.0,0.0,0.041300595298533097,0.0,0.0,0.1814374802381123
2009-10-30,0.02846426170088463,0.0,0.0,0.0,0.12488228705832903,0.1642954333454814,0.0,0.11740022589167609,0.0031015662874682146,0.0,0.0,0.14462794310095603,0.01975002124438809,0.0,0.0,0.0,0.0,0.0,0.0,0.0,0.0,0.0,0.0,0.044955619847031045,0.0,0.0,0.1774379270804273
2009-11-06,0.0,0.0,0.0,0.0,0.1738044099031788,0.16083503494119247,0.0,0.0788922654276244,0.014893365843028796,0.0,0.0,0.15785466316820615,0.02252652204712802,0.0,0.0,0.0,0.0,0.0,0.0,0.0,0.0,0.0,0.0,0.053745913830285943,0.0,0.0,0.1801634217773029
2009-11-13,0.0,0.0,0.0,0.0,0.17141391513275617,0.16652651999981083,0.0,0.09790520741237052,0.00496336467440397,0.0,0.0,0.1542242430005233,0.033421768527844675,0.0,0.0,0.0,0.0,0.0,0.0,0.0,0.0,0.0,0.0,0.04298985906822501,0.0,0.0,0.16268289741427622
2009-11-20,0.0,0.0,0.0,0.0,0.1682591877194796,0.14633319298938424,0.0,0.0793608596984658,0.014545943320710434,0.0,0.0,0.15320336296513756,0.04383306636344866,0.0,0.0,0.0,0.0,0.0,0.0,0.0,0.0,0.0,0.0,0.052374695301987656,0.0,0.0,0.18045028360107482
2009-11-27,0.0,0.0,0.0,0.0,0.18126310279209695,0.13024488683024998,0.0,0.09389876267681008,0.03443397335840709,0.0,0.0,0.14881092598161277,0.027056392020189883,0.0,0.0,0.0,0.0,0.0,0.0,0.0,0.0,0.0,0.0,0.059494744312816886,0.0,0.0,0.18075209830428798
2009-12-04,0.01816753685827203,0.0,0.0,0.0,0.12255210867529767,0.12952022468142782,0.0,0.19604601941213465,0.01444942656102003,0.0,0.0,0.1496068437469138,0.0,0.0,0.0,0.0,0.0,0.0,0.0,0.0,0.0,0.0,0.0,0.0456291574534488,0.0,0.0,0.18259490423784105
2009-12-11,0.08912548503845034,0.0,0.0,0.0,0.12974885984677678,0.11096664376431144,0.0,0.152218546739382,0.01704235770336123,0.0,0.0,0.1396976263858736,0.00014101737191147705,0.0,0.0,0.0,0.0,0.0,0.0,0.0,0.0,0.0,0.0,0.0448791498562217,0.0,0.0,0.17939400737854871
2009-12-18,0.09039072629472464,0.0,0.0007351246797387501,0.0,0.13441131870588197,0.10272461959889034,0.0,0.15391499400281142,0.016909031223017738,0.0,0.0,0.13512220135935818,0.0048917919045203895,0.0,0.0,0.0,0.0,0.0,0.0,0.0,0.0,0.0,0.0,0.04099846657792591,0.0,0.0,0.17849226634406495
2009-12-25,0.06449808264044962,0.0,0.0,0.0,0.15850239628539609,0.0904410152745862,0.0,0.16161602379168036,0.014280828450472016,0.0,0.0,0.12111581876252368,0.022437705371230555,0.0,0.0,0.0,0.0,0.0,0.0,0.0,0.0,0.0,0.0,0.06501911356933728,0.0,0.0,0.15917065766606
2010-01-01,0.06775663175076845,0.0,0.0,0.0,0.15371403111786058,0.09813981648033861,0.0,0.16181305943344385,0.02103146990182251,0.0,0.0,0.11815229317185273,0.017881447319154083,0.0,0.0,0.0,0.0,0.0,0.0,0.0,0.0,0.0,0.0,0.07410263824886881,0.0,0.0,0.145891037692491
2010-01-08,0.09990807138997693,0.0,0.0,0.0,0.15854012360785644,0.10502742670906468,0.0,0.14809384836918724,0.0,0.0,0.0,0.09463655656320945,0.03904658151945735,0.0,0.0,0.0,0.0,0.0,0.0,0.0,0.0,0.0,0.0,0.06243349928135394,0.0,0.0,0.1444498695586328
2010-01-15,0.05263327758304191,0.0,0.001210830280659651,0.0,0.1337496196680783,0.11281162421108536,0.0,0.17561687303175974,0.0,0.0,0.0,0.0987678398607434,0.06063504053106366,0.0,0.0,0.0,0.0,0.0,0.0,0.0,0.0,0.0,0.0,0.06993732538391136,0.0,0.0,0.13805136935338683
2010-01-22,0.01186133489546142,0.0,0.0038858959300986547,0.0,0.14284990799036856,0.09342365123532587,0.0,0.20531097897416453,0.0,0.0,0.0,0.10156055000912248,0.061175209428400684,0.0,0.0,0.0,0.0,0.0,0.0,0.0,0.0,0.0,0.0,0.08156263040330138,0.0,0.0,0.14716027428672426
2010-01-29,0.01537510421619363,0.0,0.01648133994896066,0.0,0.14214705680052697,0.06737022902698706,0.0,0.20969326785549175,0.0,0.0,0.0,0.09548094488991087,0.06442483249971669,0.0,0.0,0.0,0.0,0.0,0.0,0.0,0.0,0.0,0.0,0.0802059849368719,0.0,0.0,0.16395262410406616
2010-02-05,0.03687015520036964,0.0,0.05016978481542777,0.0,0.11845553546274817,0.06438776243511699,0.0,0.2034982312620053,0.0,0.0,0.0,0.08198434124385973,0.072785741814844,0.0,0.0,0.0,0.0,0.0,0.0,0.0,0.0,0.0,0.0,0.08045138382709667,0.0,0.0,0.15205900818330437
2010-02-12,0.029270891374633026,0.0,0.07038265992699919,0.0,0.11404555729004452,0.08077734406287099,0.0,0.2126031449705598,0.0,0.0,0.0,0.08233889815019467,0.0666152895156517,0.0,0.0,0.0,0.0,0.0,0.0,0.0,0.0,0.0,0.0,0.07731363207632602,0.0,0.0,0.13989095811420332
2010-02-26,0.026045514107348216,0.0,0.022609586884506594,0.0,0.08220712488756816,0.0906270044387795,0.0,0.23500995570565095,0.0,0.0,0.0,0.10400052010620897,0.07468040472787273,0.0,0.0,0.0,0.0,0.0,0.0,0.0,0.0,0.0,0.0,0.05604251125535944,0.0,0.0,0.17249526056697687
2010-03-05,0.0040963329489339066,0.0,0.044545967555994846,0.0,0.08067859508040691,0.09516890456065608,0.0,0.24782875825564765,0.0,0.0,0.0,0.10976607595350146,0.073187202890171,0.0,0.0,0.0,0.0,0.0,0.0,0.0,0.0,0.0,0.0,0.04828209894600363,0.0,0.0,0.17103622548244873
2010-03-12,0.013615758740618069,0.0,0.047057558442280684,0.0,0.09366011711804335,0.08598728854744599,0.0,0.23172522861734707,0.0,0.0,0.0,0.11690348714611136,0.07758298971122685,0.0,0.0,0.0,0.0,0.0,0.0,0.0,0.0,0.0,0.0,0.04266825482402013,0.0,0.0,0.1685497918560895
2010-03-19,0.0,0.0,0.05596226072818222,0.0,0.09968410379611059,0.1031517339720482,0.0,0.22544660964230093,0.0,0.0,0.0,0.11143608331746874,0.06850917240350535,0.0,0.0,0.0,0.0,0.0,0.0,0.0,0.0,0.0,0.0,0.052391221339744484,0.0,0.0,0.16432410476444542
2010-03-26,0.00973626044220831,0.0,0.04607812977380499,0.0,0.09443839843087232,0.07218856895152277,0.0,0.2436203604468433,0.0,0.0,0.0,0.11743704180134584,0.061370642406742976,0.0,0.0,0.0,0.008812802823690135,0.0,0.0,0.0,0.0,0.0,0.0,0.050215233179614516,0.0,0.0,0.17747294194709579
2010-04-02,0.0,0.0,0.06349375501550406,0.0,0.09954087746712094,0.040655279358133026,0.0,0.2356356771879413,0.0,0.0,0.0,0.12985650717163166,0.06990030312903656,0.0,0.0,0.0,0.018312400220774263,0.0,0.0,0.0,0.0,0.0,0.0,0.04439135229674122,0.0,0.0,0.19038498318562827
2010-04-09,0.0,0.0,0.06436599414626973,0.0,0.08769918624722729,0.043671544937891556,0.0,0.2474164369533683,0.005853827909487865,0.0,0.0,0.14319255091050923,0.06762300237646664,0.0,0.0,0.0,0.016078007086310193,0.0,0.0,0.0,0.0,0.0,0.0,0.03830311743979949,0.0,0.0,0.18441620871243133
2010-04-16,0.00023444073322948034,0.0,0.08313712942686813,0.0,0.09400874360929695,0.061535955973952665,0.0,0.2215492167779291,0.010712246517137388,0.0,0.0,0.1542869623295365,0.06788365329402861,0.0,0.0,0.0,0.0,0.0,0.0,0.0,0.0,0.0,0.0,0.03642289104034292,0.0,0.0,0.1745006662899293
2010-04-23,0.0,0.0,0.10384291029289971,0.0,0.09215611394712847,0.07446290950006403,0.0,0.19616527908453268,0.009182035412822713,0.0,0.0,0.12778553726101166,0.09817427214549287,0.0,0.0,0.0,0.010272358734680506,0.0,0.0,0.0,0.0,0.0,0.0,0.0,0.0,0.0,0.1917569317023306
2010-04-30,0.0,0.0,0.1416885988190917,0.0,0.12761233014406234,0.042359834051504494,0.0,0.17165061340361235,0.01920109948471965,0.0,0.0,0.11319463715267339,0.09609810921689634,0.0,0.0,0.0,0.0,0.0,0.0,0.0,0.0,0.0,0.0,0.06531651698602314,0.0,0.0,0.12597347239030038
2010-05-07,0.0,0.0,0.12059657211340155,0.0,0.12777846836906837,0.0397535638793912,0.0,0.1757739322051119,0.0,0.0,0.0,0.13350781296972397,0.07467435330241091,0.0,0.0,0.0,0.010396502223365307,0.016063796234511696,0.0,0.0,0.0,0.0,0.0,0.0678581739161453,0.0,0.0,0.1459274452820325
2010-05-14,0.0,0.0,0.09542552294313378,0.0,0.12191227030321411,0.06992093603530632,0.0,0.18238587178392648,0.009383798628683748,0.0,0.0,0.1475106847259932,0.07529895036179196,0.0,0.0,0.0,0.007789147255286029,0.0037986481007378425,0.0,0.0,0.0,0.0,0.0,0.05548352514975011,0.0,0.0,0.13559917917995842
2010-05-21,0.0,0.0,0.021130563222547572,0.0,0.07713282072074917,0.09805457657178003,0.0,0.163841047969372,0.027336311400068307,0.0,0.0,0.15303766524816842,0.05601119751433053,0.0,0.0,0.0,0.05306311727124377,0.0,0.0,0.0,0.0,0.0,0.0,0.08419894536307734,0.0,0.0,0.14591310486705422
2010-05-28,0.0,0.0,0.0057409876860990494,0.0,0.04479413357917393,0.1468759570524029,0.0,0.14784042923051402,0.018270158563982165,0.0,0.0,0.13837201380464284,0.0492833521645375,0.0,0.0,0.0,0.05450580100430408,0.0,0.0,0.0,0.0,0.0,0.0,0.10673169642159035,0.0,0.0,0.16162808640286788
2010-06-04,0.0,0.0,0.0,0.0,0.04761851463719484,0.14422633259343207,0.0,0.11118147969662487,0.0449435459424172,0.0,0.0,0.12786108655817258,0.06413724909731917,0.0,0.0,0.0,0.03830757744527959,0.010327847736607712,0.0,0.0,0.0,0.0,0.0,0.11411898621317118,0.0,0.0,0.1658678250591493
2010-06-11,0.0,0.0,0.0,0.0,0.04103478766140601,0.1764760603971437,0.0,0.09099642733744133,0.044195198305270134,0.0,0.0,0.1255593388050095,0.060629832132371574,0.0,0.0,0.0,0.04301460510059321,0.0008838245807154447,0.0,0.0,0.0,0.0,0.0,0.10662477453065426,0.0,0.0,0.17500645232743625
2010-06-18,0.0,0.0,0.0,0.0,0.10571855813963738,0.15896172804237368,0.0,0.05209737270545857,0.0383698081360196,0.0,0.0,0.1298472504101411,0.055420260625819104,0.0,0.0,0.0,0.02006460822139586,0.0,0.0,0.0,0.0,0.0,0.0,0.14136575955863812,0.0,0.0,0.18403922889068872
2010-06-25,0.0,0.0,0.0,0.0,0.09624109031102027,0.16748602969749726,0.0,0.019337442767855754,0.04831456242409544,0.0,0.0,0.13122261768054347,0.0589045746725636,0.0,0.0,0.0,0.026757167894200795,0.0,0.0,0.0,0.0,0.0,0.0,0.14366376273725315,0.0,0.0,0.19224941284140862
2010-07-02,0.0,0.0,0.0,0.0,0.12236637359949089,0.22760644244098124,0.0,0.0,0.04095632777182989,0.0,0.0,0.11265407570227184,0.03765791791006572,0.0,0.0,0.0,0.0,0.0,0.0,0.0,0.0,0.0,0.0,0.1649369759677234,0.0,0.0,0.1916202817000224
2010-07-09,0.0,0.0,0.0,0.0,0.146699849734846,0.1967943807057755,0.0,0.0,0.022638333823053528,0.0,0.0,0.13809172522695892,0.031258183361853584,0.0,0.0,0.0,0.0,0.0,0.0,0.0,0.0,0.0,0.0,0.1614791817490663,0.0,0.0,0.185723676420736
2010-07-16,0.0,0.0,0.0,0.0,0.1370444626582112,0.22729640096652784,0.0,0.0,0.030285046637743313,0.0,0.0,0.1325377051239549,0.020471576023589327,0.0,0.0,0.0,0.0,0.0,0.0,0.0,0.0,0.0,0.0,0.14568758345069513,0.0,0.0,0.18275530100031995
2010-07-23,0.0,0.0,0.0,0.0,0.12675721781378735,0.25276942157835974,0.0,0.0,0.02081281854510925,0.0,0.0,0.12413436455023319,0.007714948471936685,0.0,0.0,0.0,0.0,0.0,0.0,0.0,0.0,0.0,0.0,0.15674054366169302,0.0,0.0,0.1896191383771594
2010-07-30,0.0,0.0,0.0,0.0,0.1282063372389184,0.24697840848159192,0.0,0.0,0.03164091866548216,0.0,0.0,0.12722506065127442,0.001596960553976978,0.0,0.0,0.0,0.0,0.0,0.0,0.0,0.0,0.0,0.0,0.14751044293581025,0.0,0.0,0.19147504843525331
2010-08-06,0.003491435955872093,0.0,0.004645933087452958,0.0,0.15278141202562306,0.16562946440221402,0.0,0.0,0.051843886202752314,0.0,0.0,0.1562329397214021,0.0020052625171711096,0.0,0.0,0.0,0.0,0.009945529907143256,0.0,0.0,0.0,0.0,0.0,0.13103223784200363,0.0,0.0,0.18086332382498826
2010-08-13,0.020874063931893564,0.0,0.005193044086483769,0.0,0.1325834411956184,0.18990009860682736,0.0,0.0,0.05916619937068279,0.0,0.0,0.15262545363106378,0.002738208521086263,0.0,0.0,0.0,0.0,0.012464025884702818,0.0,0.0,0.0,0.0,0.0,0.10652855658972747,0.0,0.0,0.19178446954569053
2010-08-20,0.03919157715721525,0.0,0.013971770150578714,0.0,0.12377271241684885,0.2178373044978563,0.0,0.0,0.0643753186863001,0.0,0.0,0.14315007190292525,0.0,0.0,0.0,0.0,0.0,0.0,0.0,0.0,0.0,0.0,0.0,0.09751858586834693,0.0,0.0,0.17325734752095007
2010-08-27,0.07194400925830731,0.0,0.00026792489341953476,0.0,0.1283789404239267,0.22349668021281957,0.0,0.0,0.051533919886419755,0.0,0.0,0.13890531645352852,0.0,0.0,0.0,0.0,0.0,0.012556831924848104,0.0,0.0,0.0,0.0,0.0,0.08694514072997782,0.0,0.0,0.15968161059112165
2010-09-03,0.06935651493442435,0.0,0.0,0.0,0.11569506538897281,0.23543563348027705,0.0,0.0,0.05964159652555601,0.0,0.0,0.12380600769911201,0.0,0.0,0.0,0.0,1.4310340037846462e-05,0.007028588842123766,0.0,0.0,0.0,0.0,0.0,0.09408775177588684,0.0,0.0,0.17735587974286565
2010-09-10,0.0529428059175714,0.0,0.01553711092818812,0.0,0.13384127650261624,0.21299748120043718,0.0,0.0,0.06000128081471834,0.0,0.0,0.16128283172913868,0.0,0.0,0.0,0.0,0.03682194573612139,0.0,0.0,0.0,0.0,0.0,0.0,0.021872383174306953,0.0,0.0,0.16354491626262566
2010-09-17,0.030445284555880248,0.0,0.04950643179436293,0.0,0.1287607632835637,0.19169358862628078,0.0,0.0,0.06165233648731353,0.0,0.0,0.16050172143545888,0.0,0.0,0.0,0.0,0.038399298084850014,0.0,0.0,0.0,0.0,0.0,0.0,0.02068060625675335,0.0,0.0,0.19534728110554914
2010-09-24,0.03798158536271166,0.0,0.04371734964995852,0.0,0.12199589547985541,0.18172617331267252,0.0,0.0,0.060652962828197404,0.0,0.0,0.15681630677482888,0.0,0.0,0.0,0.0,0.047401233568178464,0.0005646187090523957,0.0,0.0,0.0,0.0,0.0,0.021922393241683255,0.0,0.0,0.2025020340865279
2010-10-01,0.06860336017660273,0.0,0.02534511605384209,0.0,0.12838786143495398,0.17007373030837392,0.0,0.0,0.057692847574970674,0.0,0.0,0.16308560883425105,0.0,0.0,0.0,0.0,0.032750559970408766,0.020979150239758212,0.0,0.0,0.0,0.0,0.0,0.010578822957736427,0.0,0.0,0.1923238042592337
2010-10-08,0.0984963839150121,0.0,0.022848477974922867,0.0,0.1221092051470107,0.15939967464923557,0.0,0.0,0.046946275907073676,0.0,0.0,0.1535505929100959,0.0,0.0,0.0,0.0,0.0349446780986325,0.013659833052367,0.0,0.0,0.0,0.0,0.0,0.019145356562433116,0.0,0.0,0.21432590474234167
2010-10-15,0.1508535654501656,0.0,0.0,0.0,0.12583153424756216,0.10742643528157396,0.0,0.0,0.0728955586858628,0.0,0.0,0.15032278020539813,0.013968735605822877,0.0,0.0,0.0,0.03142523177175748,0.010866748360417799,0.0,0.0,0.0,0.0,0.0,0.0006402158535021863,0.0,0.0,0.21097596187024248
2010-10-22,0.12237571102283434,0.0,0.0,0.023234227188889782,0.051692205218915134,0.10965815514009504,0.0,0.0,0.1552469760507987,0.0,0.0,0.04768140698838214,0.010256852470900602,0.0,0.0,0.0,0.0,0.022461453370422314,0.0,0.0,0.0,0.10399691095082236,0.0,0.0,0.0,0.0,0.2285294729720259
2010-10-29,0.08863842643088495,0.0,0.0,0.029087943853949833,0.012571498086302984,0.07488000287141007,0.0,0.0,0.1371098245534164,0.0,0.0,0.06039305343669761,0.017737293830356667,0.0,0.0,0.0,0.018918501649436207,0.020619855770430722,0.0,0.0,0.0,0.13756152375900052,0.0,0.0,0.0,0.0,0.2745031441323319
2010-11-05,0.07924107498473038,0.0,0.0,0.017908326765735005,0.014590335387088439,0.10409945914936203,0.0,0.0,0.1236448755518217,0.0,0.0,0.04522630971087126,0.031430197276444374,0.0,0.0,0.0,0.008062456562736119,0.048736683946494726,0.015450895677883382,0.0,0.0,0.1530014664219486,0.0,0.0,0.0,0.0,0.2368287949014966
2010-11-12,0.05237911753126667,0.0,0.005015958727723752,0.0,0.005984336516968471,0.05660236039569021,0.0,0.0,0.14973768217593217,0.0,0.0,0.02906083978439315,0.0395605179103997,0.0,0.0,0.0,0.004844475274463726,0.06557164829127442,0.0257093810812434,0.0,0.0,0.14098628918061687,0.0,0.0,0.0,0.0,0.2590600976064537
2010-11-19,0.014408757934717253,0.0,0.0,0.01859967230102195,0.04215222315283541,0.0,0.0,0.03618209899666064,0.15727402714154154,0.0,0.0,0.03132782154914722,0.04047040183843349,0.0,0.0,0.0,0.05371488877831216,0.0,0.0,0.0,0.0,0.17357353617342508,0.0,0.0,0.0,0.0,0.2709358079701844
2010-11-26,0.011013788299274378,0.0,0.0,0.019192764823572937,0.07820436072596253,0.002220845592790942,0.0,0.006459035943762283,0.15000409814681823,0.0,0.0,0.0405695759717797,0.05455111662481917,0.0,0.0,0.0,0.06955591765778511,0.0,0.0,0.0,0.0,0.1579377965758086,0.0,0.0,0.0,0.0,0.23382213389254053
2010-12-03,0.01252691428951904,0.0,0.0,0.029963340350845132,0.09635741872489983,0.0343988877879861,0.0,0.0,0.1349988976709154,0.0,0.0,0.05188849313124106,0.06547387825280704,0.0,0.0,0.0,0.05958644852731774,0.0,0.0,0.0,0.0,0.11073554898252931,0.0,0.0,0.0,0.0,0.21467313329035642
2010-12-10,0.04684917624368628,0.0,0.0,0.004075377495577274,0.10041164694267787,0.1051406376949286,0.0,0.0,0.12399808287588468,0.0,0.0,0.036504371005428325,0.060837648043916906,0.0,0.0,0.0,0.06906237083988204,0.02808758555284398,0.0,0.0,0.0,0.04091803382079973,0.0,0.0,0.0,0.0,0.20012332557747894
2010-12-17,0.05147097517131297,0.0,0.0,0.0,0.09180672752004097,0.10842497137268048,0.0,0.0,0.1449168080415086,0.0,0.0,0.030330758988652128,0.07071244485830587,0.0,0.0,0.0,0.06697434112205326,0.044429130828101564,0.0,0.0,0.0,0.019427974338976306,0.0,0.0,0.0,0.0,0.20229484380259158
2010-12-24,0.022026153883606063,0.0,0.0,0.008596788413768762,0.09380737483388189,0.15396808307411378,0.0,0.0,0.14384822764116817,0.0,0.0,0.060101613707309307,0.06556250465077339,0.0,0.0,0.0,0.07890039345056266,0.00950679086445587,0.0,0.0,0.0,0.0,0.0,0.0,0.0,0.0,0.19142558531887904
2010-12-31,0.02014691051469099,0.0,0.0,0.008133273429673236,0.10972254506680264,0.16876658647600862,0.0,0.0,0.1340833166604585,0.0,0.0,0.049830303319357526,0.09037710524593208,0.0,0.0,0.0,0.07483296050103991,0.0,0.0,0.0,0.0,0.0,0.0,0.0,0.0,0.0,0.1731199889145807
2011-01-07,0.06360828308134325,0.0,0.0,0.024385192132801516,0.12634657377106803,0.10568541971453388,0.0,0.0,0.11624052924538396,0.0,0.0,0.037074115211010394,0.08408711941465051,0.0,0.0,0.0,0.08891254632312254,0.01929022968456192,0.0,0.0,0.0,0.0,0.0,0.0,0.0,0.0,0.16622587877012845
2011-01-14,0.04506501229333174,0.0,0.0,0.03230531916535389,0.14081569667020655,0.10006526947799149,0.0,0.0,0.09075569130625975,0.0,0.0,0.040378678258646265,0.09733923234298415,0.0,0.0,0.0,0.12021315076434538,0.014334290049418085,0.0,0.0,0.0,0.0,0.0,0.0,0.0,0.0,0.14432561737943986
2011-01-21,0.04405733572450824,0.0,0.0,0.031015825443624887,0.15252378166530148,0.08693774176697744,0.0,0.0,0.09640520288465326,0.0,0.0,0.04517531813087666,0.10086141774701865,0.0,0.0,0.0,0.11839468987909599,0.02188602712728419,0.0,0.0,0.0,0.0,0.0,0.0,0.0,0.0,0.1416719788575219
2011-01-28,0.022406895632530566,0.0,0.0,0.039556660572147545,0.15321568658041304,0.1307496653788372,0.0,0.034692017226043745,0.05292329783546799,0.0,0.0,0.039642166531212754,0.09554769742596654,0.0,0.0,0.0,0.14543610171869562,0.0,0.0,0.0,0.0,0.0,0.0,0.0,0.0,0.0,0.12949098869290748
2011-02-04,0.036155234909955425,0.0,0.0,0.04156071811228731,0.1520673179396356,0.13246794349453428,0.0,0.02618140322928349,0.05554133094541532,0.0,0.0,0.035857567772144945,0.09127065996895618,0.0,0.0,0.0,0.1454922060184911,0.0,0.0,0.0,0.0,0.0,0.0,0.0,0.0,0.0,0.1286017261408808
2011-02-11,0.04824516907052659,0.0,0.0,0.030845774389099967,0.14904229706118466,0.1997856462519612,0.0,0.0,0.0007881913494545609,0.0,0.0,0.04589305704483905,0.09764615555259337,0.0,0.0,0.0,0.14538079727540848,0.0,0.0,0.0,0.0,0.0013483908859192025,0.0,0.0,0.0,0.0,0.12200305591214154
2011-02-18,0.0767138887998203,0.0,0.0,0.038468245257205096,0.12969677904392907,0.26422193864883653,0.0,0.0,0.0,0.0,0.0,0.02980675396793022,0.07964570586321858,0.0,0.0,0.0,0.13200875886092303,0.0,0.0,0.0,0.0,0.0,0.0,0.0,0.0,0.0,0.1050101015185614
2011-02-25,0.09877107767126536,0.0,0.0,0.05034841389822587,0.12576783777642586,0.23673346569548084,0.0,0.0,0.0,0.0,0.0,0.025974404912723865,0.08164102610758324,0.0,0.0,0.0,0.11412508606802318,0.0,0.0,0.0,0.0,0.0,0.0,0.0,0.0,0.0,0.12094855871999885
2011-03-04,0.11190636809398533,0.0,0.0,0.03629783501788628,0.07811977755914012,0.2921697583766803,0.0,0.0,0.006783832286534166,0.0,0.0,0.010152874656608923,0.06907503552285366,0.0,0.0,0.0,0.12102277159798715,0.0,0.0,0.0,0.0,0.0,0.0,0.0,0.0,0.0,0.12626780899285966
2011-03-11,0.15169221905487454,0.0,0.0,0.06022763581276456,0.0758100117093148,0.2676612237560585,0.0,0.0,0.003680361999262897,0.0,0.0,0.0022605291752774404,0.0667826717515587,0.0,0.0,0.0,0.10878555013013178,0.0,0.0,0.0,0.0,0.0,0.0,0.0,0.0,0.0,0.12127549682765405
2011-03-18,0.15354995777584696,0.0,0.0,0.06157569401968379,0.11332159504164577,0.2525783508970921,0.0,0.0,0.0,0.0,0.0,0.003759091235767341,0.06598730374898701,0.0,0.0,0.0,0.09880388593354705,0.0,0.0,0.0,0.0,0.0,0.0,0.0,0.0,0.0,0.10671819168442538
2011-03-25,0.15904162539626393,0.0,0.0,0.06034853360235083,0.1265439342889126,0.23946455844981326,0.0,0.0,0.005258037186918705,0.0,0.0,0.004107808520522725,0.06769814854219627,0.0,0.0,0.0,0.09543943025789667,0.0,0.0,0.0,0.0,0.0,0.0,0.0,0.0,0.0,0.1007753795771577
2011-04-01,0.15345522296443576,0.0,0.0,0.07608603214467756,0.10019779393679358,0.263344863023174,0.0,0.0,0.0,0.0,0.0,0.009914620741665162,0.04002487493074484,0.0,0.0,0.0,0.11896024281793743,0.0,0.0,0.0,0.0,0.0,0.0,0.0,0.0,0.0,0.10514400708172442
2011-04-08,0.15045326860353067,0.0,0.0,0.06756443511534405,0.09733172940824884,0.2503967258345687,0.0,0.0,0.0,0.0,0.0,0.005363453076741944,0.035311857850552436,0.0,0.0,0.0,0.14485231188456305,0.0,0.0,0.0,0.0,0.0,0.0,0.0,0.0,0.0,0.11391092884678022
2011-04-15,0.12682269829044762,0.0,0.0,0.05777658182446249,0.09855989228891282,0.27608653493405017,0.0,0.0058740553060328575,0.0,0.0,0.0,0.02871108259595134,0.024848133027599445,0.0,0.0,0.0,0.13634679829847046,0.0,0.0,0.0,0.0,0.0,0.0,0.0,0.0,0.0,0.11208232662410154
2011-04-22,0.0645253937997688,0.0,0.0,0.02651388292987508,0.0823347709964661,0.2569735001488081,0.0,0.10000956110678731,0.0,0.0,0.0,0.05172541137507524,0.01533924629390936,0.0,0.0,0.0,0.16312596682640942,0.0,0.0,0.0,0.0,0.0,0.0,0.0,0.0,0.0,0.09823311014678211
2011-04-29,0.05980368407654801,0.0,0.0,0.023480566081180338,0.01769683293565683,0.42855235346330467,0.0,0.04316979422617248,0.0,0.0,0.0,0.02859332715815007,0.0,0.0,0.0,0.0,0.08897049925218083,0.0,0.0,0.0,0.0,0.0,0.0,0.0,0.0,0.0,0.15857079100770846
2011-05-06,0.07830064751338664,0.0,0.0,0.023961281701874112,0.015696942854850827,0.41109602848792,0.0,0.0424299642883407,0.0,0.0,0.0,0.01905975407276389,0.0,0.0,0.0,0.0,0.09561476673371244,0.0,0.0,0.0,0.0,0.0,0.0,0.0,0.0,0.0,0.15698559840191056
2011-05-13,0.07985812639084582,0.0,0.0,0.027603055116609126,0.018778909495679258,0.40770237233203915,0.0,0.024342563282656188,0.0,0.0,0.0,0.023321425898436735,0.0,0.0,0.0,0.0,0.09101915100817067,0.0,0.0,0.0,0.0,0.0,0.0,0.0,0.0,0.0,0.1834403341042202
2011-05-20,0.10057321125533068,0.0,0.0,0.023585531524355653,0.003677651201083665,0.42462045705433005,0.0,0.04995974623352683,0.0,0.0,0.0,0.01948153021283539,0.0,0.0,0.0,0.0,0.052859397381611946,0.0,0.0,0.0,0.0,0.0,0.0,0.0,0.0,0.0,0.18358854044656342
2011-05-27,0.13422289066685394,0.0,0.0,0.018861006289294067,0.029573462724930343,0.36733045304079487,0.0,0.0,0.0,0.0,0.0,0.025670171038380395,0.0,0.0,0.0,0.0,0.08152566403921378,0.0,0.0,0.0,0.0,0.0,0.0,0.0,0.0,0.0,0.12039173586493046
2011-06-03,0.12627877519097191,0.0,0.0,0.02526398716912543,0.015288209627368298,0.34267632485713445,0.0,0.0,0.0,0.0,0.0,0.036402271747668975,0.0,0.0,0.0,0.0,0.07498382632510436,0.0,0.0,0.0,0.0,0.0,0.0,0.0,0.0,0.0,0.16962061402394535
2011-06-10,0.12938245985503172,0.0,0.0,0.0502311615950014,0.008325512672556386,0.29541516290782405,0.0,0.0,0.00042497849377599645,0.0,0.0,0.06310780392694386,0.0,0.0,0.0,0.0,0.06494246826804427,0.0,0.0,0.0,0.0,0.0,0.0,0.0,0.0,0.0,0.18833443450275247
2011-06-17,0.11617645581511721,0.0,0.0,0.0400435453960018,0.012891365174621257,0.2870565091358111,0.0,0.0,0.0016606005006284334,0.0,0.0,0.05805459233881624,0.0,0.0,0.0,0.0,0.09362102877318708,0.0,0.0,0.0,0.0,0.0,0.0,0.0,0.0,0.0,0.18137381169156394
2011-06-24,0.1399305757062633,0.0,0.0,0.04323749846613903,0.05187957236402547,0.26587084372144215,0.0,0.0,0.0009691706246507088,0.0,0.0,0.056772805666893585,0.0,0.0,0.0,0.0,0.08759202953153038,0.0,0.0,0.0,0.0,0.0,0.0,0.0,0.0,0.0,0.15332699607951167
2011-07-01,0.12835483844866097,0.0,0.0,0.049487182019629004,0.044086480571550075,0.2700010745911868,0.0,0.0,0.0,0.0,0.0,0.06371923446138326,0.0,0.0,0.0,0.0,0.09308218771422783,0.0,0.0,0.0,0.0,0.0,0.0,0.0,0.0,0.0,0.14551757456859626
2011-07-08,0.11198912449342459,0.0,0.0,0.07884371507510698,0.039886779302638474,0.3146018115660011,0.0,0.0,0.0,0.0,0.0,0.07604094141975502,0.0,0.0,0.0,0.0,0.0456537906332196,0.0,0.0,0.0,0.0,0.0,0.0,0.0,0.0,0.0,0.1342148964639659
2011-07-15,0.12565670351819463,0.0,0.0,0.06914115143847593,0.09511153779168922,0.29332656548495556,0.0,0.010592854443350203,0.0,0.0,0.0,0.08365871170687326,0.0,0.0,0.0,0.0,0.0,0.0,0.0,0.0,0.0,0.0,0.0,0.0,0.0,0.0,0.12687586270868662
2011-07-22,0.18666160503548723,0.0,0.0,0.03585026547845434,0.12082178828087144,0.1732900640317311,0.0,0.04863252573099953,0.029016775433480184,0.0,0.0,0.06638883465928799,0.0,0.0,0.0,0.0,0.0,0.00948130736376507,0.0,0.0,0.0,0.0,0.0,0.0,0.0,0.0,0.11762053283051685
2011-07-29,0.047231431081223955,0.0,0.0,0.026437664313416893,0.12677342651763368,0.1772683290831198,0.0,0.05780161961994151,0.039066102481179164,0.0,0.0,0.08459036745160887,0.0,0.0,0.0,0.0,0.0,0.05668404940438187,0.0,0.0,0.0,0.0,0.0,0.006009412174674667,0.0,0.0,0.13870957098055808
2011-08-05,0.0,0.0,0.0,0.10857341931194596,0.15433477261473838,0.14188763755705042,0.0,0.007005657504341334,0.043657572958754144,0.0,0.0,0.10352614996039504,0.0,0.0,0.0,0.0,0.0,0.05135229842383555,0.0,0.0,0.0,0.0,0.0,0.008238405185119672,0.0,0.0,0.12890749220171094
2011-08-12,0.0,0.0,0.0,0.08498386728677226,0.1660916843324068,0.11659747273952158,0.0,0.0,0.03987646937567354,0.0,0.0,0.13117858798891333,0.0,0.0,0.0,0.0,0.0,0.0327544084196215,0.0,0.0,0.0,0.0,0.0,0.0,0.0,0.0,0.1650928191647525
2011-08-19,0.0,0.0,0.0,0.10950884970731062,0.19820705490651708,0.10110506464297404,0.0,0.0,0.028505163754431684,0.0,0.0,0.15144760572534113,0.0,0.0,0.0,0.0,0.0,0.005379692713937454,0.0,0.0,0.0,0.0,0.0,0.0,0.0,0.0,0.15337512033240108
2011-08-26,0.0,0.0,0.0,0.09891351439749531,0.20950070069989904,0.0744079324057986,0.0,0.0,0.0527159594420714,0.0,0.0,0.15472043744618452,0.0,0.0,0.0,0.0,0.0,0.0,0.0,0.0,0.0,0.0,0.0,0.0,0.0,0.0,0.17350656917665921
2011-09-02,0.0,0.0,0.0,0.0774927396982843,0.24178454574297722,0.07287893321243487,0.0,0.0,0.02731857801009735,0.0,0.0,0.17424708945534756,0.0,0.0,0.0,0.0,0.0,0.0,0.0,0.0,0.0,0.0,0.0,0.0,0.0,0.0,0.17596200790961614
2011-09-09,0.0,0.0,0.0,0.09097812687717549,0.20342794795541502,0.10750262354670967,0.0,0.0,0.01461660167410282,0.0,0.0,0.18069904966036038,0.0,0.0,0.0,0.0,0.0,0.0,0.0,0.0,0.0,0.0,0.0,0.0,0.0,0.0,0.19105459100634803
2011-09-16,0.0,0.0,0.0,0.08899739859577906,0.20554732691106756,0.10437149833730765,0.0,0.0,0.011763763633901995,0.0,0.0,0.18356976420928747,0.0,0.0,0.0,0.0,0.0,0.0,0.0,0.0,0.0,0.0,0.0,0.0,0.0,0.0,0.19381192638132075
2011-09-23,0.0,0.0,0.0,0.08142840139521018,0.22407500823290893,0.06784759598834643,0.0,0.0,0.01391825705942754,0.0,0.0,0.21894800478721563,0.011265846298270463,0.0,0.0,0.0,0.0,0.0,0.0,0.0,0.0,0.0,0.0,0.0,0.0,0.0,0.19388389506848513
2011-09-30,0.0,0.0,0.0,0.07032217725922842,0.16834333343813215,0.20068197150602385,0.0,0.0,0.0,0.0,0.0,0.20596812920035257,0.002077890409928231,0.0,0.0,0.0,0.0,0.0,0.0,0.0,0.0,0.0,0.0,0.0,0.0,0.0,0.16904458744884224
2011-10-14,0.0,0.0,0.0,0.0691234625128128,0.11342945499364197,0.23649239014460552,0.0,0.0,0.015709618205781404,0.0,0.0,0.19780805560486356,0.0,0.0,0.0,0.0,0.0,0.0,0.0,0.0,0.0,0.0,0.0,0.0,0.0,0.0,0.20382328433860486
2011-10-21,0.0,0.0,0.0,0.09176887897966278,0.06536366497854423,0.24235303551949486,0.0,0.0,0.07557292863331877,0.0,0.0,0.16711271832002642,0.0,0.0,0.0,0.0,0.0,0.0,0.0,0.0,0.0,0.0,0.0,0.0,0.0,0.0,0.22314504031232718
2011-10-28,0.0,0.0,0.0,0.0906685995808904,0.0519865211484821,0.26625341714025436,0.0,0.0,0.06253414004252766,0.0,0.0,0.17426049328851284,0.012402417376840216,0.0,0.0,0.0,0.0,0.0,0.0,0.0,0.0,0.0,0.0,0.0,0.0,0.0,0.21827383266077413
2011-11-04,0.0,0.0,0.0,0.09343292315371743,0.14926302911212208,0.19044513689518153,0.0,0.0,0.014100197823163057,0.0,0.0,0.19432778300015885,0.0,0.0,0.0,0.0,0.01579536596476986,0.0,0.0,0.0,0.0,0.0,0.0,0.0,0.0,0.0,0.23021739636986377
2011-11-11,0.0,0.0,0.0,0.09943401575967617,0.1482171838675415,0.18773419894183646,0.0,0.0,0.018717392649185958,0.0,0.0,0.20700947519821944,0.0,0.0,0.0,0.0,0.001998109026398907,0.0,0.0,0.0,0.0,0.0,0.0,0.0,0.0,0.0,0.2253013408169233
2011-11-18,0.0,0.0,0.0,0.09292136376238493,0.1486450599129966,0.19937499247210677,0.0,0.0,0.018102021515268678,0.0,0.0,0.20097803000976197,0.0,0.0,0.0,0.0,0.0,0.0,0.0,0.0,0.0,0.0,0.0,0.0,0.0,0.0,0.2260594511914995
2011-11-25,0.0,0.0,0.0,0.06398727369218303,0.19288044995789924,0.18034874237968457,0.0,0.0,0.024669634093053505,0.0,0.0,0.21746754447596434,0.0,0.0,0.0,0.0,0.0,0.0,0.0,0.0,0.0,0.0,0.0,0.0,0.0,0.0,0.21036218374413193
2011-12-02,0.0,0.0,0.0,0.08276968629869921,0.17911379740869085,0.19645586616272082,0.0,0.0,0.021175928597637006,0.0,0.0,0.19757005492308427,0.0,0.0,0.0,0.0,0.0,0.0,0.0,0.0,0.0,0.0,0.0,0.0,0.0,0.0,0.2070905267273116
2011-12-09,0.0,0.0,0.0,0.03474232652784752,0.23777369483313482,0.1426421016275833,0.0,0.0,0.08364398895496075,0.0,0.0,0.1581999157179632,0.0,0.0,0.0,0.0,0.0,0.0,0.0,0.0,0.0,0.0,0.0,0.0,0.0,0.0,0.24555953276504686
2011-12-16,0.0,0.0,0.0,0.04945572490144785,0.2333621238242012,0.1078398202643975,0.0,0.0,0.0774848608825621,0.0,0.0,0.17157116008903245,0.0030819625803420016,0.0,0.0,0.0,0.0,0.0,0.0,0.0,0.0,0.0,0.0,0.0,0.0,0.0,0.26087369836457613
2011-12-23,0.0,0.0,0.0,0.0037530644840689823,0.23119991189530004,0.17101921975756676,0.0,0.0,0.06660061294676141,0.0,0.0,0.170873037235559,0.0060334639475355615,0.0,0.0,0.0,0.0,0.0,0.0,0.0,0.0,0.0,0.0,0.0,0.0,0.0,0.25463353190830845
2011-12-30,0.0,0.0,0.0,0.03667332350936943,0.22160313186541797,0.15340629579420467,0.0,0.0,0.0687936811318877,0.0,0.0,0.17876684064278098,0.0,0.0,0.0,0.0,0.0,0.0,0.0,0.0,0.0,0.0,0.0,0.0,0.0,0.0,0.24329493724512682
2012-01-06,0.0,0.0,0.0,0.0770061254817762,0.2541138189923877,0.13927610328597015,0.0,0.0,0.045722726446457675,0.0,0.0,0.1695881167874727,0.0,0.0,0.0,0.0,0.0,0.0,0.0,0.0,0.0,0.0,0.0,0.0,0.0,0.0,0.21239943146308388
2012-01-13,0.0,0.0,0.0,0.06113006198994438,0.27717239735709953,0.2235304905658816,0.0,0.0,0.004649119492108595,0.0,0.0,0.13926919697692222,0.0,0.0,0.0,0.0,0.0,0.0,0.0,0.0,0.0,0.0,0.0,0.0,0.0,0.0,0.19139693212811132
2012-01-20,0.0,0.0,0.0,0.06024056846331887,0.31484524344050596,0.1902594905453178,0.0,0.0,0.0,0.0,0.0,0.1246663298346484,0.0,0.0,0.0,0.0,0.0,0.0,0.0,0.0,0.0,0.0,0.0,0.0,0.0,0.0,0.2264088004617897
2012-02-03,0.0,0.0,0.0,0.033180258460254373,0.3516469281839732,0.21322673864320074,0.0,0.0,0.0,0.0,0.0,0.12706073690500128,0.0,0.0,0.0,0.0,0.0,0.0,0.0,0.0,0.0,0.0,0.0,0.0,0.0,0.0,0.19072406485641627
2012-02-10,0.0,0.0,0.0,0.05213538223946171,0.33540030743386995,0.18069504120783345,0.0,0.0,0.0,0.0,0.0,0.1525611151013034,0.0,0.0,0.0,0.0,0.0,0.0,0.0,0.0,0.0,0.0,0.0,0.0,0.0,0.0,0.19466705168565204
2012-02-17,0.0,0.0,0.0,0.05251686069744559,0.33465039128604945,0.17981328613753073,0.0,0.0,0.0,0.0,0.0,0.15118857164816435,0.0,0.0,0.0,0.0,0.0,0.0,0.0,0.0,0.0,0.0,0.0,0.0,0.0,0.0,0.19685083212733148
2012-02-24,0.0,0.0,0.0,0.06939858741423441,0.3255943473886013,0.12227470856899027,0.0,0.0,0.03867282875628492,0.0,0.0,0.15310827595577645,0.0,0.0,0.0,0.0,0.009278966303824403,0.0,0.0,0.0,0.0,0.0,0.0,0.0,0.0,0.0,0.20794334211037455
2012-03-02,0.0,0.0,0.0,0.11098304555020752,0.2652496070016491,0.09319721611628388,0.0,0.0,0.03853967643784622,0.0,0.0,0.17429046828175776,0.0,0.0,0.0,0.0,0.029389671457920048,0.0,0.0,0.0,0.0,0.0,0.0,0.0,0.0,0.0,0.2121857181603764
2012-03-09,0.0,0.0,0.0,0.12821620363109512,0.3090049967330175,0.03960741649858939,0.0,0.0,0.05295024932721162,0.0,0.0,0.18576742953265757,0.0,0.0,0.0,0.0,0.0,0.0,0.0,0.0,0.0,0.0,0.0,0.0,0.0,0.0,0.2191132980039748
2012-03-16,0.0,0.0,0.0,0.1226265211629501,0.3651780136734218,0.0,0.0,0.0,0.04691254499257569,0.0,0.0,0.17844488935018069,0.0,0.0,0.0,0.0,0.0,0.0,0.0,0.0,0.0,0.0,0.0,0.017807131974884875,0.0,0.0,0.16502447232724493
2012-03-23,0.0,0.0,0.0,0.1040752330515208,0.34614530201395566,0.0,0.0,0.0,0.05758721732302468,0.0,0.0,0.17493833580261697,0.0,0.0,0.0,0.0,0.0,0.0,0.0,0.0,0.0,0.0,0.0,0.011372098449650897,0.0,0.0,0.2030829942016847
2012-03-30,0.0,0.0,0.0,0.0759700320286207,0.3764440737196256,0.0,0.0,0.0,0.0,0.0,0.0,0.246451570190117,0.0,0.0,0.0,0.0,0.0045773954958645245,0.0,0.0,0.0,0.0,0.0,0.0,0.0,0.0,0.0,0.14045200025309656
2012-04-06,0.0,0.0,0.0,0.08303485426102197,0.35335285222051965,0.0,0.0,0.0,0.0,0.0,0.0,0.24551982814024315,0.0,0.0,0.0,0.0,0.010571630805923006,0.0,0.0,0.0,0.0,0.0,0.0,0.0,0.0,0.0,0.1641319260533869
2012-04-13,0.0,0.0,0.0,0.08393587560130938,0.35133435462057905,0.0,0.0,0.0,0.0011111809274133412,0.0,0.0,0.23911821990302287,0.0,0.0,0.0,0.0,0.014291315635763224,0.0,0.0,0.0,0.0,0.0,0.0,0.0,0.0,0.0,0.16107762886161034
2012-04-20,0.0,0.0,0.0,0.09261901237720332,0.27586144993487915,0.06395352024088297,0.0,0.0,0.0,0.0,0.0,0.26351842582547347,0.0,0.0,0.0,0.0,0.0,0.0,0.0,0.0,0.0,0.0,0.0,0.0,0.0,0.0,0.16717922443489203
2012-04-27,0.0,0.0,0.0,0.14232768263538892,0.23557071440699234,0.018959274177488945,0.0,0.0,0.0022682173555969923,0.0,0.0,0.26496056755486436,0.0,0.0,0.0,0.0,0.0,0.0,0.0,0.0,0.0,0.0,0.0,0.0,0.0,0.0,0.19887938497184987
2012-05-04,0.0,0.0,0.0,0.16751239451585276,0.14968447413923805,0.05320509660851486,0.0,0.0,0.00722967466007702,0.0,0.0,0.2527819358374602,0.0,0.0,0.0,0.0,0.007294159730483228,0.0,0.0,0.0,0.0,0.0,0.0,0.0,0.0,0.0,0.21613412314251776
2012-05-11,0.0,0.0,0.0,0.1725765841315051,0.09271912403707219,0.08766626892311707,0.0,0.0,0.009213416511883185,0.0,0.0,0.2464058221490797,0.0,0.0,0.0,0.0,0.02114745266916771,0.0,0.0,0.0,0.0,0.0,0.0,0.0,0.0,0.0,0.22180725188764314
2012-05-18,0.0,0.0,0.0,0.17182705813628546,0.10513921767582646,0.08085652631990217,0.0,0.0,0.0,0.0,0.0,0.2586326438105864,0.0,0.0,0.0,0.0,0.016819425127480962,0.0,0.0,0.0,0.0,0.0,0.0,0.0,0.0,0.0,0.2226323538849759
2012-05-25,0.0,0.0,0.0,0.18810776332412646,0.09290398299668255,0.0726923904164148,0.0,0.0,0.0,0.0,0.0,0.24721234836071979,0.0,0.0,0.0,0.0,0.034577903954147955,0.0,0.0,0.0,0.0,0.0,0.0,0.0,0.0,0.0,0.21169038998714246
2012-06-01,0.0,0.0,0.0,0.16321066938289513,0.09551634301378047,0.05026788717520783,0.0,0.0,0.0,0.0,0.0,0.24192911616646015,0.0,0.0,0.0,0.0,0.07493816784295976,0.0,0.0,0.0,0.0,0.0,0.0,0.0,0.0,0.0,0.23102353554649382
2012-06-08,0.0,0.0,0.0,0.16751821821912347,0.09379038499451481,0.03113471520208723,0.0,0.0,0.0,0.0,0.0,0.23897369383418243,0.007144709062194065,0.0,0.0,0.0,0.06702838352923637,0.014238206617839493,0.0,0.0,0.0,0.0,0.0,0.0,0.0,0.0,0.23339399337091934
2012-06-15,0.0,0.0,0.0,0.13534460083757527,0.11052091217056757,0.04081009189401248,0.0,0.0,0.0,0.0,0.0,0.23822708232956524,0.0076926985402554155,0.0,0.0,0.0,0.06827938532911934,0.03812988235832317,0.0,0.0,0.0,0.0,0.0,0.0,0.0,0.0,0.23155094538989318
2012-06-22,0.0,0.0,0.0,0.10524113712238076,0.11106384710128542,0.04346152890195483,0.0,0.0,0.0,0.0,0.0,0.24607662027760602,0.005190744102476557,0.0,0.0,0.0,0.07468422906343065,0.05117457732123516,0.0,0.0,0.0,0.0,0.0,0.0,0.0,0.0,0.23916510015237596
2012-06-29,0.0,0.0,0.0,0.13473500405810612,0.0857063233357933,0.006958874848753657,0.0,0.0,0.0,0.0,0.0,0.24413052366014873,0.01858108841822908,0.0,0.0,0.0,0.04674209813199458,0.07330736099776636,0.04471153933085589,0.0,0.0,0.0,0.0,0.0,0.0,0.0,0.22908880272771767
2012-07-06,0.0,0.0,0.0,0.09602415901494647,0.04074629033301759,0.05345830445804629,0.0,0.0,0.0261940524470481,0.0,0.0,0.21142521331214628,0.0,0.0,0.0,0.0,0.07217824223145228,0.057677345502261446,0.08157152821425796,0.0,0.0,0.0,0.0,0.002543074797889232,0.0,0.0,0.20495185769342045
2012-07-13,0.0,0.0,0.0,0.07364020475509202,0.06598184976224652,0.035237118364937176,0.0,0.0,0.051792743096878126,0.0,0.0,0.21990074893280576,0.0011328522199785399,0.0,0.0,0.0,0.09448101130499056,0.0,0.09249140417685772,0.0,0.0,0.0,0.0,0.014893500343902443,0.0,0.0,0.21681640572005195
2012-07-20,0.0,0.0,0.0,0.07343823913283032,0.06241700255096569,0.05315034313655628,0.0,0.0,0.06578527401223581,0.0,0.0,0.21536004291516878,0.00040231499226338644,0.0,0.0,0.0,0.08157130089474955,0.0,0.07422830020995992,0.0,0.0,0.0,0.0,0.01980412753024527,0.0,0.0,0.21773827300539308
2012-07-27,0.0,0.0,0.0,0.04943928967136545,0.026333982773161305,0.07944193006284382,0.0,0.0,0.050602135242541896,0.0,0.0,0.20390126085049554,0.0,0.0,0.0,0.0,0.12371884780518211,0.0,0.043140166547859876,0.0,0.0,0.0,0.0,0.03189303611330897,0.0,0.0,0.23107485900130753
2012-08-03,0.0,0.0,0.0,0.04284914306217113,0.02438309228768158,0.11926614962222026,0.0,0.0,0.08829841283139685,0.0,0.0,0.23119759148500346,0.005488999228828662,0.0,0.0,0.0,0.05743568388020998,0.0,0.0027749976435562785,0.0,0.0,0.0,0.0,0.028465470848671782,0.0,0.0,0.22637002296841033
2012-08-10,0.0,0.0,0.0,0.007519792967253059,0.024572917695603172,0.1262999495410207,0.0,0.018361070261101058,0.08204788457958308,0.0,0.0,0.2277475468785297,0.010890526719867738,0.0,0.0,0.0,0.04740600161254974,0.0,0.03023833952075108,0.0,0.0,0.0,0.0,0.018930078968348415,0.0,0.0,0.2098158181819402
2012-08-17,0.0,0.0,0.0,0.004713946326848199,0.019077710578889247,0.11462537911463015,0.0,0.04307954818882716,0.08308182295973705,0.0,0.0,0.22790691584713582,0.01224884258806117,0.0,0.0,0.0,0.04573422655355546,0.0,0.02701007868273537,0.0,0.0,0.0,0.0,0.01879578715864986,0.0,0.0,0.19965863609699402
2012-08-24,0.0,0.0,0.0,0.0,0.02267296523968391,0.10682094840703875,0.0,0.03125398394646105,0.08015390479694945,0.0,0.0,0.22208819044396794,0.0,0.0,0.0,0.0,0.06485496177571382,0.0,0.047489441080662866,0.0,0.0,0.0,0.0,0.007273503046585036,0.0,0.0,0.21907496316594263
2012-08-31,0.0,0.0,0.0,0.0,0.01717160460666023,0.14892702057041246,0.0,0.0,0.06589699793198113,0.0,0.0,0.23354587182803047,0.001474420117930777,0.0,0.0,0.0,0.07401449520530858,0.0,0.022582101536391758,0.0,0.0,0.0,0.0,0.0,0.0,0.0,0.2163360099603512
2012-09-07,0.07407285023177061,0.0,0.003768430899744352,0.0,0.00827037275183927,0.1385362936671321,0.0,0.0,0.05086590294341005,0.0,0.0,0.2375912044937437,0.012183954209672235,0.0,0.0,0.0,0.053330688761440356,0.0,0.009657965196751599,0.0,0.0,0.0,0.0,0.0,0.0,0.0,0.23357326238693463
2012-09-14,0.03903891641225147,0.0,0.010577418204342093,0.0,0.0,0.1343517532371095,0.0,0.0,0.05915006906803124,0.0,0.0,0.23366732201346355,0.02357879961590428,0.0,0.0,0.0,0.04909185311788552,0.0,0.036091350005119045,0.0,0.0,0.0,0.0,0.0,0.0,0.0,0.23297418665572572
2012-09-21,0.06605110091916801,0.0,0.016410992334682618,0.0,0.014624746382753314,0.17506462090811964,0.0,0.0,0.06113021833899554,0.0,0.0,0.23399578684558597,0.0482321109364614,0.0,0.0,0.0,0.0,0.0,0.00420259664362654,0.0,0.0,0.0,0.0,0.0,0.0,0.0,0.22089641731575793
2012-09-28,0.025586277671041765,0.0,0.0,0.0,0.017045274238258218,0.19368905618884094,0.0,0.0,0.04050805879506361,0.0,0.0,0.23676837620616975,0.05954931017082999,0.0,0.0,0.0,0.00804833193875591,0.0,0.026305237615774076,0.0,0.0,0.0,0.0,0.0,0.0,0.0,0.21596968219502394
2012-10-12,0.03270753580042458,0.0,0.024051026765772268,0.0,0.027678164672531834,0.20510302972149588,0.0,0.0,0.06517507707267847,0.0,0.0,0.23803980741018693,0.048379765410063,0.0,0.0,0.0,0.0,0.0,0.0,0.0,0.0,0.0,0.0,0.0,0.0,0.0,0.21556291005311973
2012-10-19,0.02244294144683171,0.0,0.04908731650656973,0.0,0.006348203514554219,0.18406126777921952,0.0,0.0,0.07346751045013328,0.0,0.0,0.2500561117140583,0.049527691117091564,0.0,0.0,0.0,0.0,0.0,0.0,0.01506995208749052,0.0,0.0,0.0,0.0,0.0,0.0,0.20572537399525923
2012-10-26,0.0,0.0,0.0,0.0,0.05497821078468863,0.2519542811736744,0.0,0.00437383117252661,0.04397132781080884,0.0,0.0,0.25836648604657914,0.040491090307968575,0.0,0.0,0.0,0.009696030863792436,0.0,0.0,0.0,0.0,0.0,0.0,0.0,0.0,0.0,0.20187756416616323
2012-11-02,0.0,0.0,0.0,0.0,0.046196316588824754,0.2320756465032351,0.0,0.009453454115008985,0.09124283813133233,0.0,0.0,0.22634572896946026,0.03869126586511521,0.0,0.0,0.0,0.018575864998816742,0.0,0.0,0.0,0.0,0.0,0.0,0.0,0.0,0.0,0.20626511385859395
2012-11-09,0.0,0.0,0.0,0.0,0.019526824091724643,0.23554885382614132,0.0,0.0,0.09527507993993016,0.0,0.0,0.21695614934619853,0.042932785392009905,0.0,0.0,0.0,0.03745627573884323,0.0,0.0,0.0,0.0,0.0,0.0,0.0,0.0,0.0,0.2177319632940407
2012-11-16,0.0,0.0,0.0,0.0,0.0211665352529699,0.309564091193885,0.0,0.0,0.09027721633685212,0.0,0.0,0.16315127511712466,0.022997006479344287,0.0,0.0,0.0,0.01809500968866395,0.0,0.0,0.0,0.0,0.0,0.0,0.0,0.0,0.0,0.25194131028085853
2012-11-23,0.0,0.0,0.0,0.0,0.03442421090890721,0.3586547828996902,0.0,0.0002828176021815922,0.07261334941169661,0.0,0.0,0.16462996250989564,0.02204309634728845,0.0,0.0,0.0,0.0,0.0,0.0,0.0,0.0,0.0,0.0,0.0,0.0,0.0,0.22034444196460196
2012-11-30,0.0,0.0,0.0,0.0,0.02205759151987358,0.34423367156217427,0.0,0.0,0.07430878292819787,0.0,0.0,0.16614747138835997,0.023070720848018773,0.0,0.0,0.0,0.0,0.0,0.0,0.0,0.0,0.0,0.0,0.0,0.0,0.0,0.2285988614552203
2012-12-07,0.0,0.0,0.0,0.0,0.05942287320713377,0.3544646535410326,0.0,0.0,0.04771431807162536,0.0,0.0,0.18123087491461143,0.03297417006806874,0.0,0.0,0.0,0.0,0.0,0.0,0.0,0.0,0.0,0.0,0.0,0.0,0.0,0.18298238618969376
2012-12-14,0.0,0.0,0.0,0.0,0.034331363588930984,0.3971031800560781,0.0,0.0,0.048434610633456825,0.0,0.0,0.17556106672976968,0.02148088112265531,0.0,0.0,0.0,0.0,0.0,0.0,0.004931855107878709,0.0,0.0,0.0,0.0,0.0,0.0,0.1888932584783475
2012-12-21,0.0,0.0,0.0,0.0,0.08817302956191772,0.3692360447105793,0.0,0.0,0.07323012867835346,0.0,0.0,0.1820804903522152,0.005585780012041789,0.0,0.0,0.0,0.005614053696481827,0.0,0.0,0.0,0.0,0.0,0.0,0.0,0.0,0.0,0.1633969843114093
2012-12-28,0.0,0.0,0.0,0.0,0.09856339311369772,0.35451041555096197,0.0,0.0,0.04520120444767091,0.0,0.0,0.19741259829925195,0.005419541347659226,0.0,0.0,0.0,0.02443702915793113,0.0,0.0,0.0,0.0,0.0,0.0,0.0,0.0,0.0,0.16439830175843997
2013-01-04,0.0,0.0,0.0,0.0,0.17801675289956279,0.2136056162013637,0.0,0.0,0.052328247182696686,0.0,0.0,0.18942226114577623,0.015541565537448128,0.0,0.0,0.0,0.0,0.020907389165695123,0.06331209597621253,0.0128952232734142,0.0,0.0,0.0,0.0,0.0,0.0,0.16578010004864305
2013-01-11,0.0,0.0,0.0,0.004300330471053505,0.1325586578054839,0.19726860899289775,0.0,0.0,0.08451953263911453,0.0,0.0,0.18419517434131874,0.010648808894032014,0.0,0.0,0.0,0.019885172242765495,0.032321471288632185,0.06643662613811013,0.0,0.0,0.0,0.0,0.0,0.0,0.0,0.17055145177127246
2013-01-18,0.0,0.0,0.0,0.0,0.14114191243770233,0.15564927794207614,0.0,0.0,0.11165110047219327,0.0,0.0,0.18826849835249643,0.021339789212137566,0.0,0.0,0.0,0.018798031614094206,0.05373820913391163,0.06478738497266,0.0,0.0,0.0,0.0,0.0,0.0,0.0,0.1710124399478783
2013-01-25,0.0,0.0,0.0,0.0,0.2023507334115927,0.15183687098851817,0.0,0.0,0.10467833036047175,0.0,0.0,0.1682911311209839,0.045210839016969574,0.0,0.0,0.0,0.0,0.05747376355942429,0.05556293612536017,0.0,0.0,0.0,0.0,0.0,0.0,0.0,0.15181468151165176
2013-02-01,0.0,0.0,0.032645911440752434,0.00933178249205123,0.19106087710397435,0.20010355000316654,0.0,0.0,0.10754830747687982,0.0,0.0,0.13081294284055597,0.04726530760135878,0.0,0.0,0.0,0.0,0.07592181220068342,0.019652650004312985,0.0,0.0,0.0,0.0,0.0,0.0,0.0,0.13565685883592554
2013-02-08,0.0,0.0,0.004387487315231218,0.0,0.19165424156265864,0.23781498066681586,0.0,0.0,0.1039263355592553,0.0,0.0,0.1273811149897915,0.05489302132570157,0.0,0.0,0.0,0.0,0.09830866334531123,0.0,0.0,0.0,0.0,0.0,0.0,0.0,0.0,0.1316341552349959
2013-02-22,0.0,0.0,0.004910981195028116,0.0,0.17874606436874393,0.2309567557361136,0.0,0.07240695497545245,0.13695887579388377,0.0,0.0,0.13673472421525706,0.026652571921742352,0.0,0.0,0.0,0.0,0.057590552762575145,0.0,0.0,0.0,0.0,0.0,0.0,0.0,0.0,0.10504251903056509
2013-03-01,0.0,0.0,0.000392353172647484,0.0,0.18637053803146839,0.2206770701786847,0.0,0.08994838059818541,0.14207402992717091,0.0,0.0,0.13898931843520446,0.03350218839607173,0.0,0.0,0.0,0.0,0.040276882203242735,0.0,0.0,0.0,0.0,0.0,0.0,0.0,0.0,0.09776923905714788
2013-03-08,0.0,0.0,0.014199786696879204,0.0,0.2314499179576722,0.17800964139657635,0.0,0.07779631180435222,0.12600708084658355,0.0,0.0,0.16764877647705687,0.053566616259167546,0.0,0.0,0.0,0.0,0.014969816161019597,0.0,0.0,0.0,0.0,0.0,0.0,0.0,0.0,0.08635205239586849
2013-03-15,0.0,0.0,0.058471870727792016,0.0,0.20647044139391102,0.18341730517301907,0.0,0.06378093674514568,0.11790770712224824,0.0,0.0,0.17165843560005706,0.044967909398457365,0.0,0.0,0.0,0.0,0.012783727866951885,0.0,0.0,0.0,0.0,0.0,0.0,0.0,0.0,0.0826270328915836
2013-03-22,0.0,0.0,0.10201889798643637,0.0,0.20668828506741369,0.16957495903056768,0.0,0.030265069780132322,0.11127167393927288,0.0,0.0,0.17429924787731807,0.03163557244755718,0.0,0.0,0.0,0.0,0.04348883322591748,0.0,0.0,0.0,0.0,0.0,0.0,0.0,0.0,0.07737218983570511
2013-03-29,0.0,0.0,0.03558560682981373,0.0,0.22162313001664805,0.1134085225226867,0.0,0.07616028574046031,0.149054129778126,0.0,0.0,0.17904633840849407,0.01727662526097677,0.0,0.0,0.0,0.0,0.0598215262962776,0.0,0.0,0.0,0.0,0.0,0.0,0.0,0.0,0.09019996780037377
2013-04-05,0.0,0.0,0.03357459749574366,0.0,0.2244532038118253,0.11215718217880953,0.0,0.0803442308675417,0.1396189135743851,0.0,0.0,0.1786307848199016,0.01829215014821281,0.0,0.0,0.0,0.0,0.06548549010846046,0.0,0.0,0.0,0.0,0.0,0.0,0.0,0.0,0.0894004419610574
2013-04-12,0.0,0.0,0.017184563040479744,0.0,0.18871903891573338,0.09751658115500315,0.0,0.09955587252553293,0.09167469230849534,0.0,0.0,0.18992408056095625,0.005266591720032214,0.0,0.0,0.0,0.0,0.1610847143528843,0.0,0.0,0.0,0.0,0.0,0.0,0.0,0.0,0.07217437229400836
2013-04-19,0.0,0.0,0.0031969098110003857,0.0,0.20629741757333958,0.07176799661519603,0.0,0.08982462792405121,0.11180374902962732,0.0,0.0,0.18368914215266982,0.020169098480648438,0.0,0.0,0.0,0.0,0.1573185492082224,0.0,0.0,0.0,0.0,0.0,0.0,0.0,0.0,0.09364344323434494
2013-04-26,0.0,0.0,0.00853412372169043,0.0,0.20481023311532703,0.0986662924726777,0.0,0.1392001190475461,0.09249005184852747,0.0,0.0,0.17913539667778852,0.00501669795828481,0.0,0.0,0.0,0.0,0.13044478800411688,0.0,0.0,0.0,0.0,0.0,0.0,0.0,0.0,0.07581731169328958
2013-05-03,0.01597204929648804,0.0,0.0,0.0,0.19685449527521337,0.09083849145777424,0.0,0.1258271352102927,0.09820427598797624,0.0,0.0,0.1686390743956761,0.01719254852408479,0.0,0.0,0.0,0.0,0.1437691050658087,0.0,0.0,0.0,0.0,0.0,0.0,0.0,0.0,0.0794632256362446
2013-05-10,0.0,0.0,0.0,0.0,0.18852016269561797,0.16887556648082327,0.0,0.0990899910789938,0.10518400009148846,0.0,0.0,0.14590753045506943,0.024226073953483997,0.0,0.0,0.0,0.0,0.1254028661762231,0.0,0.0,0.0,0.0,0.0,0.0,0.0,0.0,0.09234992251121203
2013-05-17,0.0,0.0,0.023967496571737072,0.0,0.18334333579429593,0.15061641975728532,0.0,0.04593260417606477,0.10244161310838493,0.0,0.0,0.15622870942537403,0.03777360548914241,0.0,0.0,0.0,0.031402294041055795,0.12328121695389467,0.0,0.0,0.0,0.0,0.0,0.0,0.0,0.0,0.09501270468264333
2013-05-24,0.0,0.0,0.019384292375697543,0.0,0.12309549955543729,0.08585337806881516,0.0,0.12836480778810988,0.1386795467322343,0.0,0.0,0.1393596450307235,0.0263319467821066,0.0,0.0,0.0,0.04593375282845549,0.13429861047053737,0.0,0.0,0.0,0.0,0.0,0.0,0.0,0.0,0.10591448271438766
2013-05-31,0.0,0.0,0.0015237161781518516,0.0,0.1036110997708907,0.07787821923480011,0.0,0.08718143319941363,0.17327479530382317,0.0,0.0,0.15337352423956477,0.040110491324917355,0.0,0.0,0.0,0.09035023567965206,0.09696466434762122,0.0,0.0,0.0,0.0,0.0,0.0,0.0,0.0,0.1257318207210142
2013-06-07,0.0,0.0,0.0015439032614877892,0.0,0.09555312170755126,0.03260730514517513,0.0,0.1533778922309074,0.1389747832716898,0.0,0.0,0.16165318956333885,0.0530667899702198,0.0,0.0,0.0,0.0903843557360317,0.08176866044543858,0.0,0.0,0.0,0.0,0.0,0.0,0.0,0.0,0.10591499677110232
2013-06-14,0.0,0.0,0.0,0.0,0.11475003315089322,0.0644081472920948,0.0,0.04596467118001272,0.13257977963303325,0.0,0.0,0.16150248857052163,0.05092415763515622,0.0,0.0,0.0,0.13604568665754266,0.12008956246490024,0.0,0.0,0.0,0.0,0.0,0.0,0.0,0.0,0.09019740425221671
2013-06-21,0.0,0.0,0.03319085280053437,0.0,0.11976631485839276,0.16188328889996073,0.0,0.0,0.10803381893594802,0.0,0.0,0.15866703535715482,0.0289043830281159,0.0,0.0,0.0,0.13145614664438168,0.12092510479882065,0.0,0.0,0.0,0.0,0.0,0.0,0.0,0.0,0.058037046546034796
2013-06-28,0.0,0.0,0.07015259641981277,0.0,0.09557248512915546,0.07320800817333514,0.0,0.0,0.11651642898707157,0.0,0.0,0.18375483103354912,0.0,0.0,0.0,0.0,0.16137422860253847,0.12844223482854875,0.0,0.0,0.0,0.0,0.0,0.0,0.0,0.0,0.07521200434419817
2013-07-05,0.0,0.0,0.04966783170354753,0.0,0.10551064419638578,0.08299806195510591,0.0,0.0,0.12320493157721615,0.0,0.0,0.18004413277006376,0.0005589682791137961,0.0,0.0,0.0,0.1587592804410522,0.13264557824058457,0.0,0.0,0.0,0.0,0.0,0.0,0.0,0.0,0.08237105496999834
2013-07-12,0.0,0.0,0.04802480778340517,0.0,0.11320461419203628,0.029349629849017567,0.0,0.0,0.1018019090561975,0.0,0.0,0.19405546098485268,0.0,0.0,0.0,0.0,0.16603071348180554,0.1586014116858749,0.0,0.0,0.0,0.0,0.0,0.0,0.0,0.0,0.08282579090033745
2013-07-19,0.0,0.0,0.04309198331166466,0.0,0.1391442699263384,0.19498203908986386,0.0,0.0,0.043319443681517286,0.0,0.0,0.14964861180328842,0.0,0.0,0.0,0.0,0.1450299016232961,0.13038418731571633,0.0,0.0,0.0,0.0,0.0,0.0,0.0,0.0,0.0628774868243377
2013-07-26,0.0,0.0,0.05002965235943462,0.0,0.13977852361022666,0.1936821202244946,0.0,0.0,0.04801708868040809,0.0,0.0,0.14891814965365024,0.0,0.0,0.0,0.0,0.1417623671569705,0.12616948039117795,0.0,0.0,0.0,0.0,0.0,0.0,0.0,0.0,0.059671005591563714
2013-08-02,0.0,0.0,0.020317006009203095,0.0,0.13008015293468297,0.22662845688842484,0.0,0.0,0.027334393739005296,0.0,0.0,0.1673421914603541,0.0,0.0,0.0,0.0,0.17207064869595928,0.09249399520564082,0.0,0.0,0.0,0.0,0.0,0.0,0.0,0.0,0.07947750359036945
2013-08-09,0.0,0.0,0.09856486537997694,0.0,0.14612598085919,0.0,0.0,0.0,0.0,0.0,0.0,0.2299811943950304,0.0,0.0,0.0,0.0,0.19125611210666452,0.11138345577482671,0.0,0.0,0.0,0.0,0.0,0.0,0.0,0.0,0.11951053191078498
2013-08-16,0.0,0.0,0.07339002126205751,0.0,0.16714139685675128,0.0,0.0,0.0,0.0,0.0,0.0,0.23240091786836697,0.0,0.0,0.0,0.0,0.18774606271915403,0.12300938701248167,0.0,0.0,0.0,0.0,0.0,0.0,0.0,0.0,0.10881270165069094
2013-08-23,0.0,0.0,0.0629542699493332,0.0,0.16305068739173015,0.0,0.0,0.0,0.0479869601392943,0.0,0.0,0.21925345758422918,0.0,0.0,0.0,0.0,0.18017452593262454,0.10915043044488819,0.0,0.0,0.0,0.0,0.0,0.0,0.0,0.0,0.13260189976432515
2013-08-30,0.0,0.0,0.078477583043603,0.0,0.16134090153362693,0.0,0.0,0.0,0.06309961519570698,0.0,0.0,0.20232611874034656,0.0,0.0,0.0,0.0,0.19781136652467626,0.062167476773980095,0.0,0.0,0.0,0.0,0.0,0.0,0.0,0.0,0.14405404221984852
2013-09-06,0.0,0.0,0.0666441190146052,0.03929184836996224,0.1532501193997686,0.0,0.0,0.0,0.06022321115871947,0.0,0.0,0.1864305926768219,0.0,0.0,0.0,0.0,0.20552365768763894,0.055705190625870094,0.0,0.0,0.0,0.0,0.0,0.0,0.0,0.0,0.1461523025360933
2013-09-13,0.0,0.0,0.06754135202210033,0.056526266093627216,0.18470293627667542,0.03135399403565716,0.0,0.0,0.1087254767594709,0.0,0.0,0.1671631581314253,0.0,0.0,0.0,0.0,0.1517499219943456,0.017264550280712894,0.0,0.0,0.0,0.0,0.0,0.0,0.0,0.0,0.14517567817798552
2013-09-20,0.0,0.0,0.0340842139975872,0.09950036835875138,0.17204666743409452,0.019064373294383746,0.0,0.0,0.09448712883175825,0.0,0.0,0.19148137463526382,0.0,0.0,0.0,0.0,0.168453662706873,0.0,0.0,0.0,0.0,0.0,0.0,0.0,0.0,0.0,0.1609144436672524
2013-09-27,0.0,0.0,0.0,0.1254581314227775,0.09164034050378073,0.0897687826428482,0.0,0.0,0.19957219035446586,0.0,0.0,0.13424978016333938,0.0,0.0,0.0,0.0,0.1810802551652683,0.0,0.0,0.0,0.0,0.0,0.0,0.0,0.0,0.0,0.12823051974727182
2013-10-04,0.0,0.0,0.0,0.12134995378267673,0.09443357868716375,0.08570826004671067,0.0,0.0,0.20377724584975093,0.0,0.0,0.1364384669267379,0.0,0.0,0.0,0.0,0.18138708137084747,0.0,0.0,0.0,0.0,0.0,0.0,0.0,0.0,0.0,0.12690541333601235
2013-10-11,0.0,0.0,0.0,0.08189755784875474,0.11199920456566036,0.04968671737002817,0.0,0.0,0.16051610562925003,0.0,0.0,0.1408336485721435,0.0,0.0,0.0,0.0,0.18143996063772294,0.0,0.11316780736970089,0.0,0.0,0.0,0.0,0.0,0.0,0.0,0.1104589980062526
2013-10-18,0.0,0.0,0.0,0.10522828676336014,0.10250719254145316,0.08162479713554995,0.0,0.0,0.16109887994598418,0.0,0.0,0.1269379961794088,0.0,0.0,0.0,0.0,0.176002848395379,0.0,0.09498014508266771,0.0,0.0,0.0,0.0,0.0,0.0,0.0,0.10161985395590734
2013-10-25,0.0,0.0,0.022295461909075238,0.08053610959886252,0.0880894070954712,0.1237564559142016,0.0,0.0,0.16637180939754104,0.0,0.0,0.1278868950119798,0.0,0.0,0.0,0.0,0.18350013528583442,0.006399740132520159,0.048990640244737114,0.0,0.0,0.0,0.0,0.0,0.0,0.0,0.10217334540465679
2013-11-01,0.0,0.0,0.01665521115920595,0.05583600375837169,0.10007446768810822,0.10126896599655773,0.0,0.0,0.1293019985501908,0.0,0.0,0.1662584505642163,0.0,0.0,0.0,0.0,0.17640671038157346,0.02948871349081738,0.05565254210825973,0.0,0.0,0.0,0.0,0.0,0.0,0.0,0.11905693628217112
2013-11-08,0.0,0.0,0.0,0.06043916063176915,0.12116467303735784,0.11705241129703323,0.0,0.0,0.1387778534298061,0.0,0.0,0.16914885706271976,0.0,0.0,0.0,0.0,0.16218232977564742,0.038306316013926936,0.04616613687603425,0.0,0.0,0.0,0.0,0.0,0.0,0.0,0.09676226187548188
2013-11-15,0.0,0.0,0.01598009582184443,0.061611680847429504,0.11686411621222911,0.12483256434015876,0.0,0.0,0.1319709708317007,0.0,0.0,0.17062372758908717,0.0,0.0,0.0,0.0,0.15957132254462916,0.0363349900136531,0.05786692486846362,0.0,0.0,0.0,0.0,0.0,0.0,0.0,0.07434360693063101
2013-11-22,0.0,0.0,0.00936181745321557,0.07919398595479561,0.09184216989006853,0.12652838288760412,0.0,0.0,0.11907109957678214,0.0,0.0,0.1842791335105168,0.0,0.0,0.0,0.0,0.18329448551171773,0.021383156899875914,0.045907447610473315,0.0,0.0,0.0,0.0,0.0,0.0,0.0,0.0891383207046009
2013-11-29,0.0,0.0,0.024083520551751957,0.08545460928137459,0.10456398018160962,0.13564776812733503,0.0,0.0,0.09459263207908686,0.0,0.0,0.18669329518425076,0.0,0.0,0.0,0.0,0.15998066086674234,0.022943591671454006,0.03186355015937221,0.0,0.0,0.0,0.0,0.0,0.0,0.0,0.10417639189689583
2013-12-06,0.0,0.0,0.06968618402245863,0.06538243635707995,0.09315552059737199,0.13361656044403197,0.0,0.0,0.08669213293010711,0.0,0.0,0.19021001036134977,0.0,0.0,0.0,0.0,0.17174221384620736,0.008182003061920308,0.01534460119574806,0.0,0.0,0.0,0.0,0.0,0.0,0.0,0.11598833718358588
2013-12-13,0.0,0.0,0.052211868403584945,0.0548540157254239,0.06948399716942735,0.1335190578108354,0.0,0.0,0.11310760796019705,0.0,0.0,0.1809199745221062,0.0,0.0,0.0,0.0,0.17644448590022585,0.007281100962585572,0.037385755690282,0.0,0.0,0.0,0.0,0.0,0.0,0.0,0.1247921358551796
2013-12-20,0.0,0.0,0.049831781683278675,0.052258286791049616,0.06953805393142687,0.13415467771432515,0.0,0.0,0.11171104749106406,0.0,0.0,0.1972006477132309,0.0,0.0,0.0,0.0,0.17553499880785686,0.015221151198765888,0.02838878183816534,0.0,0.0,0.0,0.0,0.0,0.0,0.0,0.11616057283057557
2013-12-27,0.0,0.0,0.031306779902186416,0.03863199512774245,0.13667783444175313,0.13109644057745648,0.0,0.0,0.11057012133042304,0.0,0.0,0.18889883699382526,0.0,0.0,0.0,0.0,0.1580530075608141,0.0,0.06253933100323449,0.0,0.0,0.0,0.0,0.0,0.0,0.0,0.09222565306132148
2014-01-03,0.0,0.0,0.04439750427279897,0.042647026843823245,0.1263417439716333,0.14011409888473614,0.0,0.0,0.09290405585784503,0.0,0.0,0.16860464466283803,0.006218137367456198,0.0,0.0,0.0,0.1726568506801907,0.0,0.0504199073419252,0.0,0.0,0.0,0.0,0.0,0.0,0.0,0.10569603011639568
2014-01-10,0.0,0.0,0.038749473558460076,0.03228146819771987,0.11440395333257163,0.14314125243423023,0.0,0.0,0.09782401307629461,0.0,0.0,0.15949639147062494,0.017162986167520735,0.0,0.0,0.0,0.18205857163180728,0.001403643650559498,0.0520027541777749,0.0,0.0,0.0,0.0,0.0,0.0,0.0,0.11147549230215098
2014-01-17,0.0,0.0,0.02271096836500396,0.05202658484357534,0.122436824552009,0.12909225643784009,0.0,0.0,0.08856888052538645,0.0,0.0,0.17022663081014283,0.026195470457241205,0.0,0.0,0.0,0.17260820395516768,0.024588938537107842,0.027870266682545428,0.0,0.0,0.0,0.0,0.0,0.0,0.0,0.11367497483266248
2014-01-24,0.0,0.0,0.02116615865159469,0.06345035402277076,0.12271492148826571,0.12150945734427074,0.0,0.0,0.05987358991740495,0.0,0.0,0.18765186976955142,0.02264723227336753,0.0,0.0,0.0,0.19119149496448937,0.03242944608168535,0.0,0.0,0.0,0.0,0.0,0.0,0.0,0.0,0.1273654754863025
2014-01-31,0.0,0.0,0.10858024453733796,0.047721229157988376,0.18955874203506298,0.11301007560314283,0.0,0.0,0.054316778727427524,0.0,0.0,0.18770324709758296,0.012429213579087588,0.0,0.0,0.0,0.13847332197848086,0.05173978090860777,0.008479572846428814,0.0,0.0,0.0,0.0,0.0,0.0,0.0,0.03798779352746708
2014-02-07,0.0,0.0,0.1151926479401598,0.041642044663770146,0.21648218340061945,0.1328833182307731,0.0,0.0,0.04959231429623452,0.0,0.0,0.18246969616377293,0.018267083613590848,0.0,0.0,0.0,0.10209381636012624,0.05485543931694777,0.013041967195959814,0.0,0.0,0.0,0.0,0.0,0.0,0.0,0.023479488817838436
2014-02-14,0.0,0.0,0.0950971048358715,0.0343491898516861,0.21776028528823071,0.13973327145017034,0.0,0.0,0.05213796172094732,0.0,0.0,0.18568780227574547,0.009061645934158404,0.0,0.0,0.0,0.10709328928298487,0.03794826912609536,0.037233351127328985,0.0,0.0,0.0,0.0,0.0,0.0,0.0,0.033897829106680724
2014-02-21,0.0,0.0,0.13326622947182395,0.03895920194583331,0.17758981967586115,0.15159880769227052,0.0,0.03105012302208661,0.029315263009553283,0.0,0.0,0.1750245690219179,0.013205544674651874,0.0,0.0,0.0,0.1118642995138141,0.015807955074905067,0.0,0.0,0.0,0.0,0.0,0.0,0.0,0.0,0.07231818689709164
2014-02-28,0.0,0.0,0.05291998681886683,0.041494507068444375,0.1697196452092286,0.16239316978221688,0.0,0.0,0.05747909835958003,0.0,0.0,0.21204039285215448,0.0669344380733087,0.0,0.0,0.0,0.11290060521692732,0.0,0.0,0.0,0.0,0.0,0.0,0.0,0.0,0.0,0.07411815661901237
2014-03-07,0.0,0.0,0.03776292679315528,0.028632951721215955,0.17538126745681965,0.16559195707489321,0.0,0.0,0.06932191922451186,0.0,0.0,0.20164027240703752,0.09331065497591692,0.0,0.0,0.0,0.10316980987843594,0.017005908146532026,0.0,0.0,0.0,0.0,0.0,0.0,0.0,0.004055908006520485,0.054126424314735605
2014-03-14,0.0,0.0,0.07582598849095006,0.034157066872293855,0.17644082280139592,0.13216439645529135,0.0,0.0,0.06476117034607723,0.0,0.0,0.19954350387046874,0.07722490410329676,0.0,0.0,0.0,0.08848304126675151,0.03209472297069119,0.0,0.0,0.0,0.0,0.0,0.0,0.0,0.0,0.06930438282251042
2014-03-21,0.0,0.0,0.09260348657053646,0.04327834752149934,0.17323073625395363,0.12422242445384347,0.0,0.0,0.0601692595765294,0.0,0.0,0.1895383894241855,0.07375838922016335,0.0,0.0,0.0,0.07693869782836717,0.03114027215290357,0.0,0.0,0.0,0.0,0.0,0.0,0.0,0.0,0.08302471835386768
2014-03-28,0.0,0.0,0.05282753722583552,0.06030355897659957,0.1849445203206296,0.058218136189562945,0.0,0.0,0.07706308781524815,0.0,0.0,0.16619151642666247,0.0997441761727193,0.0,0.0,0.0,0.08249586073927173,0.05089045822130224,0.0,0.0,0.0,0.0,0.0,0.0,0.012476733315018855,0.0,0.1048444145957941
2014-04-04,0.0,0.0,0.05118161470150484,0.05230455937335802,0.18259253294193098,0.04757920623113512,0.0,0.0,0.10188636681350702,0.0,0.0,0.1371902112474185,0.10178282068984804,0.0,0.0,0.0,0.07246915991625283,0.07408761078880945,0.0,0.0,0.0,0.0,0.0,0.0,0.011444358652341221,0.0,0.11748155864366236
2014-04-11,0.0,0.0,0.07382991075658754,0.03778124013183501,0.18792980190870806,0.021670155997115994,0.0,0.0,0.08587908828265434,0.0,0.0,0.16386737638270485,0.10997511894809132,0.0,0.0,0.0,0.08924346202884531,0.07085674838534152,0.0,0.0,0.0,0.0,0.0,0.0,0.0,0.0,0.10377107019468082
2014-04-18,0.0,0.0,0.08508246831452854,0.024320227579355123,0.19612460116748265,0.0,0.0,0.0,0.09554140751191291,0.0,0.0,0.17067632916051229,0.1057050356315005,0.0,0.0,0.0,0.09864462118725749,0.04372040789001729,0.0,0.0,0.0,0.010211750208812188,0.0,0.0,0.0184913382069693,0.0,0.10122911392285773
2014-04-25,0.0,0.0,0.07373462025172602,0.0323357271364548,0.19198642922361023,0.0,0.0,0.0,0.09470229329096845,0.0,0.0,0.17331076136459467,0.10624544029944868,0.0,0.0,0.0,0.09947924445344156,0.045314554809735355,0.0,0.0,0.0,0.005549874494411422,0.0,0.0,0.020478332200285273,0.0,0.09532659282047419
2014-05-02,0.0,0.0,0.06727759422103786,0.01615370054523995,0.1787772434240088,0.0,0.0,0.0,0.09299190374060741,0.0,0.0,0.1733750319870392,0.11509910336840991,0.0,0.0,0.0,0.10925076513581844,0.04353241506100486,0.0,0.0,0.0,0.0,0.0,0.0,0.01869434047540421,0.0,0.10245581371187591
2014-05-09,0.0,0.0,0.06309766462851597,0.0,0.19405620367203127,0.0,0.0,0.0,0.08712502018253429,0.0,0.0,0.19701586553461672,0.08587079983055285,0.0,0.0,0.0,0.12034398792790675,0.03528866061505528,0.0,0.0,0.0,0.0,0.0,0.0,0.02060850596121419,0.0,0.10716103352000698
2014-05-16,0.0,0.0,0.054636390747668975,0.0,0.2406886054875479,0.0,0.0,0.0,0.10449946230179093,0.0,0.0,0.20063178416304125,0.02108869829251905,0.0,0.0,0.0,0.10504529296949974,0.04203663029778416,0.0,0.0,0.0,0.0,0.0,0.0,0.029949789781013068,0.0,0.09272099691747922
2014-05-23,0.0,0.0,0.06543554359282791,0.0,0.2649794710334245,0.0,0.0,0.0,0.1002319036178613,0.0,0.0,0.21647942211883572,0.008730183236045215,0.0,0.0,0.0,0.10724368992862136,0.019831742779639422,0.0,0.0,0.0,0.0,0.0,0.0,0.029351779467056173,0.0,0.08990965119019405
2014-05-30,0.0,0.0,0.07924236392673943,0.0,0.20983255955476282,0.0,0.0,0.0,0.10974693620041452,0.0,0.0,0.21353170300017835,0.007738395554264963,0.0,0.0,0.0,0.12206051687648223,0.027095363846387548,0.0,0.0,0.013277025345246518,0.0,0.0,0.0,0.030373356656553552,0.0,0.07658258980901185
2014-06-06,0.0,0.0,0.07617790011994507,0.0,0.22858359802524966,0.0,0.0,0.0,0.10802302251961726,0.0,0.0,0.21679702615230903,0.012735524483441204,0.0,0.0,0.0,0.1256381946327902,0.011818866962520656,0.0,0.0,0.01057040371854733,0.0,0.0,0.0,0.03327398590820735,0.0,0.06695353188372787
2014-06-13,0.0,0.0,0.0637762767967367,0.0,0.224782360737476,0.0,0.0,0.0,0.10638442179898366,0.0,0.0,0.21020789724414343,0.015418695825635974,0.0,0.0,0.0,0.14290487777091768,0.00041346216222609786,0.0,0.0,0.015709345735795584,0.0,0.0,0.0,0.05880228364894125,0.0,0.06476879533986493
2014-06-20,0.0,0.0,0.05925146964848248,0.0,0.24383817502367539,0.0,0.0,0.0,0.1321008902923263,0.0,0.0,0.19913310806204662,0.0,0.0,0.0,0.0,0.11125489435318237,0.023085722843252814,0.0,0.0,0.0,0.0,0.0,0.0,0.04156285941450133,0.011420198652063352,0.06765683278729602
2014-06-27,0.0,0.0,0.03783423278082082,0.03235232138157926,0.25866581594689586,0.0,0.0,0.0,0.10869121817655705,0.0,0.0,0.189761390648399,0.02164118603877051,0.0,0.0,0.0,0.07746418334154384,0.021886205833518985,0.0,0.0,0.012114044464103888,0.0,0.0,0.0,0.04656490350839162,0.011278820869148096,0.07731720353186003
2014-07-04,0.0,0.0,0.03218823472000948,0.038917521266979956,0.28665886424588466,0.0,0.0,0.0,0.10214012614676905,0.0,0.0,0.19988865641431902,0.02495220466052694,0.0,0.0,0.0,0.06482608315877726,0.0,0.0,0.0,0.012508946949437572,0.0,0.0,0.0,0.03760257913073887,0.017799856064697105,0.08323599564930646
2014-07-11,0.0,0.0,0.014082841831951297,0.026643541469749458,0.25540058779182423,0.0,0.0,0.0,0.11320305097867263,0.0,0.0,0.19985697611727232,0.02507828849064498,0.0,0.0,0.0,0.08931137879842913,0.0,0.0,0.0,0.03257354363822898,0.0,0.0,0.0,0.04631540500740597,0.0,0.09405354781568735
2014-07-18,0.0,0.0,0.08194078879646924,0.0,0.22827689395255515,0.0,0.0,0.0,0.12366033523539316,0.0,0.0,0.20413781812903237,0.032737367059788705,0.0,0.0,0.0,0.08804840269076876,0.0,0.0,0.0,0.04528355360565611,0.0,0.0,0.0,0.03176005827284122,0.005561859595999586,0.05080266662763524
2014-07-25,0.0,0.0,0.022125230368549933,0.06127671197921607,0.2584138638497849,0.0,0.0,0.0,0.14377684315741804,0.0,0.0,0.20356092265889908,0.014302199571904695,0.0,0.009906025149449835,0.0,0.00058836262428395,0.0,0.0,0.0,0.040026551554547755,0.0,0.0,0.0,0.0495378160338557,0.09110834567499816,0.027500202774770274
2014-08-01,0.0,0.0,0.009457667769804511,0.057381663073890955,0.18995062626515466,0.0,0.0,0.0,0.14992041238765613,0.0,0.0,0.21134488453154054,0.028139401614127046,0.0,0.01866493532793007,0.0,0.0,0.0,0.0,0.0,0.05779184541994975,0.0,0.0,0.0,0.0,0.10237146683240167,0.044076942350619285
2014-08-08,0.0,0.0,0.035980971708286055,0.0031742827346233375,0.147199544914478,0.0,0.0,0.0,0.1131639012291423,0.0,0.0,0.2056555540962389,0.06509516728151493,0.0,0.03535379470978226,0.0,0.014859809532663412,0.0,0.0,0.0,0.07901610003893714,0.0,0.0,0.006969267226062995,0.0,0.09859385214139346,0.048369977428847445
2014-08-15,0.0,0.0,0.02659233524165472,0.0,0.11938510893883499,0.0,0.0,0.0,0.11259318791416903,0.0,0.0,0.19946488879623914,0.06342787632465344,0.0,0.035047920050105305,0.0,0.07324171003891773,0.0,0.0,0.0,0.04177177435461698,0.0,0.0,0.0,0.0,0.09186236835937249,0.0548301491579497
2014-08-22,0.0,0.015175594868379383,0.0143443133967294,0.0050017881645064745,0.05010251864790799,0.0,0.0,0.0,0.0973633621580568,0.0,0.0,0.18872885019701482,0.05031147633038155,0.0,0.06988202894403851,0.0,0.04058206357707611,0.0,0.0,0.0068233661503330975,0.06820191543298118,0.0,0.0,0.03920736603599605,0.0,0.0790911804242558,0.0726447555220805
2014-08-29,0.0,0.0021838319088755285,0.022578409057623795,0.022610939747229452,0.033534191902084766,0.0,0.0,0.0,0.10504405538988372,0.0,0.0,0.18836210636108816,0.04821700288664757,0.0,0.050774156163511726,0.0,0.0434755072080072,0.0,0.03318659381572651,0.0,0.07840258989339638,0.0,0.0,0.026013097418334786,0.0,0.07022913120202105,0.07114595882047975
2014-09-05,0.0,0.023008526143369897,0.0,0.038933772886672165,0.02377135370232767,0.0,0.0,0.0,0.119028974311365,0.0,0.0,0.1819000786484345,0.04803777227396028,0.0,0.06898691816372596,0.0,0.04661376194282399,0.0,0.02538121688565958,0.0,0.04982925435026484,0.0,0.0,0.015002206954106161,0.0,0.06554385057300181,0.056818630163494324
2014-09-12,0.0,0.0,0.0038217817550827834,0.0,0.028443679631275982,0.0,0.0,0.0,0.09542151356842081,0.0,0.0,0.20354205953040283,0.048382461487298176,0.0,0.07875103002766039,0.0,0.027275433658081535,0.0,0.14020937427010763,0.0,0.05585581196610531,0.0,0.0,0.007753877283248106,0.0,0.05714540836212816,0.03534985304781084
2014-09-19,0.0,0.019886847258521974,0.0,0.0,0.04501408004224963,0.0,0.0,0.04836517088689248,0.012537911342040672,0.0,0.0,0.19181119296298588,0.0,0.0,0.12454852738817405,0.0,0.05837521869322887,0.0,0.1367763742334355,0.04497264643334917,0.0,0.0,0.008089042859688811,0.0,0.0,0.09529164001303472,0.042407560769182284
2014-09-26,0.0,0.015101300934070916,0.0,0.005027367506970901,0.05425548925351968,0.0,0.0,0.07530151360103787,0.0,0.0,0.0,0.2107132367501033,0.0,0.0,0.1413648888059882,0.0,0.04539018114510543,0.0,0.12654352512163372,0.017023955139757994,0.0,0.0,0.022505097967417582,0.0,0.0,0.07327998337709221,0.024952138201806733
2014-10-03,0.0,0.0033776403673727163,0.0,0.0,0.046130168884204965,0.0,0.0,0.05849430065594301,0.0,0.0,0.0,0.1994552331396792,0.0,0.0,0.15708276639549168,0.0,0.023200979057784836,0.0,0.17498696548117743,0.024010485651773814,0.04621180451733629,0.0,0.0,0.0,0.0,0.06745026289859309,0.02015910770447058
2014-10-10,0.0,0.013896810067859332,0.0,0.0,0.012936716211974708,0.0,0.0,0.04981922477471353,0.0,0.021703283771272085,0.0,0.17538563821888117,0.0,0.0,0.16542822099278776,0.0,0.025258153183924017,0.0,0.17274198493351084,0.030941191122010287,0.04231008088416751,0.0,0.0,0.0,0.0,0.07607473034217457,0.024095596135627128
2014-10-17,0.0,0.014081289618367044,0.0,0.0,0.017768144937948323,0.0045848067107467725,0.0,0.023790269708079036,0.0,0.0,0.0,0.15963881476515973,0.0,0.0,0.14645871444752281,0.0,0.021886619626482525,0.0,0.26536450155143615,0.02266034023990282,0.03714438570518918,0.0,0.0,0.0,0.0,0.08998056236774109,0.015895118040526852
2014-10-24,0.0,0.024965779231056875,0.0318616900314355,0.03950130750667082,0.09506666293503313,0.038599872118560516,0.0,0.031559593143021585,0.0,0.0,0.0,0.18858531740221407,0.01038886572300549,0.0,0.05926551660192036,0.0,0.07860485146985075,0.0,0.1848468025194939,0.0,0.0245814640610332,0.0,0.0,0.0,0.0,0.060748572152444974,0.0
2014-10-31,0.0,0.005863824455995086,0.0,0.05351177960605609,0.15407563942899793,0.031584225110605386,0.0,0.05127444006670402,0.0,0.0,0.0617286721770026,0.1358582688200781,0.020248365431223273,0.0,0.030807750225995682,0.0,0.1432571754699044,0.0,0.1266888837273723,0.006814678763168961,0.021846467604536447,0.0,0.0,0.0,0.0,0.0,0.027335069455611087
2014-11-07,0.0,0.01998340524850863,0.046119880543344996,0.021528237293434782,0.1711412403702123,0.0054907207626548075,0.0,0.0,0.0,0.0,0.0,0.13744274186459432,0.0050989754770226,0.0,0.04976765207280998,0.0,0.06656404124102762,0.06335198567859843,0.09891773417090761,0.060335031376867757,0.056161740695452926,0.0,0.0,0.0,0.0,0.04384901059246158,0.022955920888878104
2014-11-14,0.0,0.01674845338046541,0.06130358516248054,0.0,0.18357941027720293,0.0,0.0,0.0,0.0,0.0,0.0,0.13535253963530405,0.0,0.0,0.0,0.06644008754187539,0.12403699781694356,0.01371259319447324,0.09065000833576088,0.045565577861794986,0.08054227685210198,0.0,0.0,0.0,0.0,0.03465161949453687,0.0
2014-11-21,0.0,0.02232444278191503,0.062197135464291696,0.0,0.20137271449118646,0.0,0.0,0.0,0.0,0.0,0.0,0.1326718804186433,0.0,0.0,0.0,0.057961672470810646,0.13372924380832463,0.02026870671899305,0.07974539193627418,0.03731226397218914,0.0767426589131623,0.0,0.0,0.0,0.0,0.030954918860552086,0.0
2014-11-28,0.0,0.0,0.0,0.0015923406442933104,0.17233337061001544,0.0,0.0,0.0,0.0,0.0,0.0,0.15571609047394191,0.0,0.0,0.0,0.01243671440060766,0.15284348158174854,0.0,0.12405385165165399,0.09353477755923195,0.09840186433370918,0.0,0.0,0.0,0.051262537147015404,0.019105872986552315,0.0
2014-12-05,0.0,0.05495511572724466,0.0,0.03475555266530668,0.2138030018348512,0.06512008041315588,0.0,0.0,0.0,0.0,0.0,0.17394793961905966,0.016388344512832834,0.0,0.0,0.0,0.019060320254529656,0.0,0.0,0.08768296820671075,0.16069127436554725,0.0,0.0,0.0,0.03134044872564531,0.020805846458870004,0.032140803413934604
2014-12-12,0.0,0.023183814974886235,0.0,0.0,0.16350234085073034,0.07849323549848505,0.0,0.0,0.0,0.0,0.0,0.15029208037028552,0.02896612138453574,0.0,0.0,0.0,0.0,0.0,0.0,0.11770796830762723,0.21514615406893617,0.0,0.0,0.0,0.006219449445029507,0.026912062559341483,0.041968553948220556
2014-12-19,0.0,0.059883300454506204,0.0,0.0,0.19337522556461853,0.0,0.0,0.0,0.0,0.0,0.0,0.15996203975552825,0.0,0.0,0.0,0.0,0.0,0.0,0.0,0.20578683526303074,0.1942187165479564,0.02337031037662804,0.0,0.0,0.0,0.04249504827234819,0.016730920347251956
2014-12-26,0.0,0.08838460160533684,0.0,0.0,0.17083645838883021,0.0,0.0,0.0,0.0,0.0,0.0,0.13868501977381995,0.0,0.0,0.0,0.0,0.0,0.0,0.0,0.20255961259694838,0.21939616302677725,0.07712890679770283,0.0,0.0,0.0,0.048080498640183475,0.0
2015-01-02,0.0,0.0520629142112404,0.0,0.0,0.23503148894988138,0.0,0.0,0.0,0.0,0.0,0.0,0.20046105129425912,0.0,0.0,0.0,0.0,0.0,0.0,0.0,0.17326662627852218,0.23467055238665727,0.0219393412018728,0.0,0.0,0.0,0.03256802567735097,0.0
2015-01-09,0.0,0.06963042611746843,0.0,0.0,0.25136712656123067,0.0,0.0,0.0,0.0,0.0,0.0,0.16202676168133134,0.0,0.0,0.0,0.0,0.0,0.0,0.0,0.12940155392653238,0.2861562886490652,0.0,0.0,0.0,0.0,0.03257524056089266,0.0
2015-01-16,0.0,0.11537169325206065,0.0,0.0,0.23610355134675254,0.0,0.0,0.0,0.0,0.0,0.0,0.161462323153357,0.0,0.0,0.0,0.0,0.0,0.0,0.0,0.0,0.35963970328179173,0.0,0.0,0.0,0.0,0.031315230267654544,0.0
2015-01-23,0.0,0.11118073097460139,0.0,0.0,0.2255424464673864,0.0,0.0,0.0,0.0,0.0,0.0,0.17555086296389089,0.0,0.0,0.0,0.0,0.0,0.0,0.0,0.039344342993985745,0.3616304757390102,0.0,0.0,0.0,0.0,0.03626800820772447,0.0
2015-01-30,0.0,0.09561948751291735,0.0,0.0,0.23586699064998554,0.0,0.0,0.0,0.0,0.0,0.0,0.16217151489702092,0.0,0.0,0.0,0.0,0.0,0.0,0.0,0.03742007966258673,0.37549942531483815,0.0,0.0,0.0,0.0,0.04342250196247566,0.0
2015-02-06,0.0,0.08202797790951871,0.0,0.0,0.2582203778344324,0.047429200129533215,0.0,0.0,0.0,0.0,0.0,0.12751512991249,0.0,0.0,0.0,0.0,0.0,0.0,0.0,0.023740062761779642,0.3545127203055777,0.0,0.0,0.0,0.0,0.0565545311463967,0.0
2015-02-13,0.0,0.07392404285406441,0.0,0.0,0.26000490094465506,0.08272762900836893,0.0,0.0,0.0,0.0,0.0,0.11233362918423707,0.0,0.0,0.0,0.0,0.0,0.0,0.0,0.0,0.3618272450083425,0.0,0.0,0.0,0.0,0.059182553000131574,0.0
2015-02-20,0.0,0.043302347560137906,0.0,0.005256317556576605,0.293110975134688,0.05438919599832085,0.0,0.0,0.0,0.0,0.0,0.13074421140738895,0.0,0.0,0.0031439529856370756,0.0,0.0,0.0,0.0,0.0,0.3609291187985744,0.0,0.0,0.0,0.0,0.05912388055756534,0.0
2015-02-27,0.0,0.06433782034712461,0.0,0.0,0.25678639527602565,0.06503153667720761,0.0,0.0,0.0,0.0,0.0,0.13452183994077002,0.0,0.0,0.0,0.0,0.0,0.0,0.0,0.0,0.36542766864289256,0.0,0.0,0.0,0.0,0.06389473911549245,0.0
2015-03-06,0.0,0.034045458275413644,0.0,0.0,0.17525627774700067,0.08379348464692386,0.0,0.0,0.0,0.0,0.0,0.1427055654303054,0.0,0.0,0.0013380407193437252,0.00027402350073256216,0.0,0.0,0.0,0.0,0.4100026270547734,0.0,0.0,0.0,0.0,0.06254807108082718,0.017458552404489885
2015-03-13,0.0,0.07658982629192813,0.0,0.0,0.16932764032090442,0.09863659327741736,0.0,0.0,0.0,0.0,0.0,0.1204123419419332,0.0,0.0,0.0,0.05060822155726136,0.0,0.0,0.0,0.0,0.36295557259266326,0.0,0.0,0.0,0.0,0.059330793675098255,0.0
2015-03-20,0.0,0.07427574989055213,0.0,0.0,0.16985060018692358,0.09477453510514675,0.0,0.0,0.0,0.0,0.0,0.12063514798167592,0.0,0.0,0.0,0.054240561144576,0.0,0.0,0.0,0.0,0.3625597187910885,0.0,0.0,0.0,0.0,0.06000588073163678,0.0
2015-03-27,0.0,0.05427800431250943,0.0,0.0,0.14805929309011173,0.04366255103327456,0.0,0.0,0.0,0.0,0.0,0.15466973561424868,0.0,0.0,0.0,0.07028457668891558,0.0,0.0,0.0,0.05287222163930651,0.34847179684211166,0.0,0.0,0.0,0.0,0.053208913390969816,0.012552401519749031
2015-04-03,0.0,0.06311363078697425,0.0,0.0,0.16796321814294563,0.013298602463537635,0.0,0.0,0.0,0.0,0.0,0.16048348455734404,0.0,0.0,0.0,0.06400235220105843,0.0,0.0,0.0,0.053708090174166924,0.34470242663663664,0.0,0.0,0.0,0.0,0.0575665451267385,0.016822550262733684
2015-04-10,0.0,0.033780182920166865,0.0,0.0,0.21208448969172297,0.0,0.0,0.0,0.0,0.0,0.0,0.19368992416119754,0.0,0.0,0.0,0.0,0.0,0.0,0.0,0.07849696733660237,0.36410711145116836,0.0,0.0,0.0,0.0,0.05120483248236533,0.0027394210698920888
2015-04-17,0.0,0.0003071865321069871,0.0,0.0,0.2092972296311177,0.0,0.0,0.0,0.0,0.0,0.0,0.1916407003307833,0.0,0.0,0.0,0.0,0.0,0.0,0.0,0.04483822860684556,0.40430930267178733,0.0,0.0,0.0,0.0,0.05221026023443676,0.04739709199278518
2015-04-24,0.0,0.0,0.0,0.0,0.20250827628374324,0.0,0.0,0.0,0.0,0.0,0.0,0.1937406927885816,0.0,0.0,0.0,0.0023290928709535485,0.0,0.0,0.0,0.03953480175299984,0.4035476068975604,0.0,0.0,0.0,0.0,0.05847300142767773,0.04786165100573258
2015-05-01,0.0,0.0,0.0,0.0,0.20726070078675182,0.0,0.0,0.0,0.0,0.0,0.0,0.2028693741679307,0.0,0.0,0.0,0.0,0.0,0.0,0.0,0.02671195412336917,0.4064199112557172,0.0,0.0,0.0,0.0,0.058739479695413696,0.03350634672593938
2015-05-08,0.0,0.0,0.0,0.0,0.21732823465926404,0.0,0.0,0.0,0.030511646380423682,0.0,0.0,0.2206411679322282,0.0,0.0,0.0,0.0,0.0,0.0,0.029027568497537494,0.0,0.36706416881692655,0.0,0.0,0.0,0.0,0.054531183774439794,0.021571671746180854
2015-05-15,0.0,0.0,0.0,0.0,0.23267310818868045,0.0,0.0,0.0,0.048747829352692625,0.0,0.0,0.21468405351486086,0.013423058545179079,0.0,0.0,0.0,0.0,0.0,0.0,0.0,0.3393857337650332,0.0,0.0,0.0,0.0,0.050706987508963325,0.026061448890768134
2015-05-22,0.0,0.0,0.0,0.0,0.19819165976533837,0.0,0.0,0.0,0.0738080885252086,0.0,0.0,0.21328565287827017,0.012773635978911669,0.0,0.0,0.0,0.0,0.0,0.0,0.019980781465096416,0.3363859138324793,0.0,0.0,0.0,0.0,0.043774435914147584,0.025418349643719935
2015-05-29,0.0,0.0,0.0,0.0,0.19955103897410287,0.0,0.0,0.0,0.05223785772418749,0.0,0.0,0.20350797824332395,0.009047930439755566,0.0,0.0,0.0,0.0,0.0,0.0,0.04628001745199055,0.31685163090371066,0.0,0.0,0.0,0.0,0.044945623580202765,0.05901252214678258
2015-06-05,0.0,0.0,0.0,0.0,0.15703808197994626,0.0,0.0,0.0,0.05988005007467596,0.0,0.0,0.14963821691004248,0.0,0.0,0.0,0.0,0.0,0.0,0.0,0.09685547150121168,0.32301074711698935,0.0,0.0,0.0,0.021160274427686896,0.06548076169075476,0.04226327263618289
2015-06-12,0.0,0.010234364097406162,0.0,0.0,0.09178376091732189,0.0,0.0,0.0,0.04494279224904202,0.0,0.0,0.13369768716802088,0.0,0.0,0.016944060411609944,0.04875466263466061,0.0,0.0,0.0,0.07943051045778833,0.31925019758709444,0.0,0.0,0.0,0.05484104193420342,0.04313922067834841,0.08373290252364907
2015-06-19,0.0,0.00950181629025,0.0,0.0,0.118946047379034,0.0,0.0,0.0,0.05781687081851601,0.0,0.0,0.12616318359975257,0.0,0.0,0.0,0.038831110876521135,0.0,0.0,0.012982233852916658,0.05825506358886717,0.30810590400290694,0.0,0.0,0.0,0.07345144929587906,0.03472981744445567,0.07121254194631284
2015-06-26,0.0,0.0,0.0,0.009930639650600825,0.12293519873066076,0.0,0.0007717078387784187,0.0,0.08297211841517338,0.0,0.0,0.12317064782258406,0.0,0.0,0.0,0.0258067449011784,0.0014364606843143715,0.0,0.0,0.05730636965664682,0.2952625378969532,0.0,0.0,0.0,0.06360100682673808,0.04520798724826122,0.0818391007644147
2015-07-03,0.0,0.0,0.0,0.007393650229694082,0.17550927243707634,0.022642797611620448,0.008631653873923006,0.0,0.039662038016915785,0.0,0.0,0.1525374506679012,0.0,0.0,0.0,0.05477714513127406,0.0,0.0,0.0,0.0,0.26668364984914134,0.0,0.028051635025125556,0.0,0.015421745659817269,0.05065313591605792,0.08526576974882066
2015-07-10,0.0,0.0,0.0214576879699393,0.0,0.2179162055867825,0.04222908289230868,0.02449741115264106,0.0,0.06350740138647451,0.0,0.0,0.1500136163856706,0.0,0.0,0.0,0.008980229663755971,0.0,0.0,0.0,0.0,0.2530067817590649,0.0,0.014366553719118061,0.0,0.0,0.041036848000645255,0.07387773862788469
2015-07-17,0.0,0.0,0.0,0.0,0.270429227812925,0.0,0.0736828142163404,0.0,0.0183515795755811,0.0,0.0,0.11464731599096592,0.0,0.0,0.0,0.0,0.0,0.0,0.0,0.0,0.19746185348734235,0.0,0.11454776159743583,0.0,0.024860317606442903,0.0,0.08978031934810217
2015-07-24,0.0,0.002581403472158675,0.0,0.0,0.3024183359080041,0.0,0.0444782150025375,0.0,0.006598288885313088,0.0,0.0,0.11144871650434764,0.018976794705717108,0.0,0.0,0.0,0.0,0.0,0.0,0.00727783145191557,0.14936583029486009,0.0,0.16461938779956642,0.0,0.002518435308619784,0.022100680499090218,0.07146696200777371
2015-07-31,0.0,0.0,0.0,0.0,0.33235360515618695,0.0,0.009371504499179274,0.0,0.0,0.0,0.0,0.13127956366588628,0.0340239899700334,0.0,0.0,0.0,0.0,0.0,0.0,0.0,0.15320756402718325,0.0,0.18278635657955897,0.0,0.020285382234564893,0.003860587166653388,0.07380323535145396
2015-08-07,0.0,0.0,0.0,0.0,0.31696509561652286,0.0,0.019983013653439408,0.0,0.0,0.0,0.0,0.0954119097765086,0.04150147377691505,0.0,0.0,0.0,0.0,0.0,0.0,0.005386442551969038,0.14824216998823952,0.0,0.22578694464057156,0.0,0.02089649843045423,0.00717338016285506,0.056650599095244836
2015-08-14,0.0,0.0,0.0,0.0,0.2817960236746833,0.0,0.02161320709400964,0.0,0.0,0.0,0.0,0.022882008498974735,0.06733576693795004,0.0,0.0,0.0,0.0,0.002703659344279714,0.11987947242906614,0.0,0.14769935744293353,0.0,0.18063418741406478,0.0,0.03752150497213775,0.019402267771818003,0.04094491956136186
2015-08-21,0.0,0.0,0.0,0.0,0.2642434782681166,0.0,0.02208876748107928,0.0,0.0,0.0,0.0,0.02539543091710906,0.013604321697299786,0.0,0.0,0.0,0.0,0.011365701442875038,0.16269171054642081,0.0,0.13536074396093928,0.0,0.20720644115441914,0.0,0.02585103094672806,0.04659450917481319,0.035597864407196436
2015-08-28,0.0,0.0,0.0,0.0,0.3268824459718044,0.0,0.011121905409288152,0.0,0.0,0.0,0.0,0.0,0.0,0.0,0.0,0.0,0.0,0.04771054675857044,0.18730863144555565,0.0,0.05423393423062301,0.0,0.23921274218175095,0.0,0.041899964674807263,0.041629829327474104,0.0
2015-09-04,0.0,0.0,0.0,0.0,0.3427724473319181,0.0,0.0,0.0,0.0,0.0,0.0,0.0,0.0,0.0,0.0,0.0,0.0,0.0526806980160043,0.22896570750494666,0.0,0.06756058728602686,0.0,0.20000690551684214,0.0,0.014124242607125083,0.04388941173671244,0.0
2015-09-11,0.0,0.0,0.0,0.0,0.386144351674022,0.004547202642460175,0.0,0.0,0.0,0.0,0.0,0.0,0.0,0.0,0.0,0.0,0.0,0.056340175069679706,0.18604518807384424,0.0,0.1151542886249095,0.0,0.1515891449917221,0.0,0.0,0.050179648922345256,0.0
2015-09-18,0.0,0.0,0.0,0.0,0.3031144137364191,0.014928966806891233,0.0,0.07257348733244068,0.0,0.0,0.0,0.0,0.0,0.0,0.026190940131866555,0.0,0.0,0.06962012332337049,0.13190487773275755,0.0,0.17848770125610797,0.0,0.10596714197960778,0.0,0.0,0.04721234770040536,0.0
2015-09-25,0.0,0.0,0.0,0.0,0.31204634494785316,0.020125790832326598,0.0,0.05816885172615575,0.0,0.0,0.0,0.0,0.0,0.0,0.056055740574575345,0.0,0.0,0.11466850879826467,0.07298964647288188,0.0,0.16705220739452867,0.0,0.11781193206480493,0.0,0.0,0.03108097718823396,0.0
2015-10-02,0.0,0.0,0.0,0.0,0.31899601713228976,0.013606763124793239,0.0,0.019914063255235304,0.0,0.0,0.0,0.0,0.0,0.0,0.07779218991019429,0.0,0.0,0.1260638654469442,0.07153349598233455,0.0,0.18296655933833275,0.0,0.11145741278685165,0.0,0.0,0.027669633022845648,0.0
2015-10-09,0.0,0.0,0.0,0.0,0.268622305912937,0.020718564047554847,0.0,0.0919708262098704,0.0,0.0,0.0,0.0,0.0,0.0,0.05356646554738725,0.0,0.0,0.10701275359792563,0.06136228566930723,0.0,0.18854959925174786,0.0,0.11507678118016608,0.0,0.0,0.04312041858269176,0.0
2015-10-16,0.0,0.0,0.0,0.0,0.22880865010441334,0.015886070707579008,0.0,0.1164907687502182,0.0,0.0,0.0,0.0,0.0,0.0,0.0773169688586053,0.0,0.0,0.10732760341561513,0.07228075021832857,0.0,0.20638118004210448,0.0,0.08199520056444656,0.0,0.0,0.04351280733837748,0.0
2015-10-23,0.0,0.0,0.0,0.0,0.12274803978359397,0.06249417135805182,0.0,0.27192413939637783,0.0,0.0,0.0,0.0,0.0,0.0,0.04589313538516312,0.0,0.0,0.09324374920841218,0.0,0.0,0.21153029709931168,0.0,0.10017022989590497,0.0,0.0,0.041996237872878546,0.0
2015-10-30,0.0,0.0,0.0,0.0,0.14480748925554862,0.07744411883569256,0.0,0.2338974434739007,0.0,0.0,0.0,0.0,0.0,0.0,0.03205467747089133,0.0,0.0,0.09044337412408981,0.0,0.0,0.20851685356620928,0.0,0.11592109708915978,0.0,0.0,0.046914946046632953,0.0
2015-11-06,0.0,0.0,0.0,0.0,0.1503493699621434,0.08612382099150609,0.0,0.2244035512852988,0.0,0.0,0.0,0.0,0.0,0.0,0.02756762319686689,0.0,0.0,0.08732315287649907,0.0,0.0,0.2088688250499114,0.0,0.11823892584988167,0.0,0.0,0.04712473078762533,0.0
2015-11-13,0.0,0.0,0.0,0.0,0.15878403173947567,0.10382271186926947,0.0,0.19935634984251,0.0,0.0,0.0,0.0,0.0,0.0,0.017295747215076922,0.0,0.0,0.09533975987482947,0.0,0.0,0.22414379744493199,0.0,0.10325463954048414,0.0,0.0,0.04800296247323584,0.0
2015-11-20,0.0,0.0,0.0,0.0,0.16416701079776622,0.11534187884994948,0.0,0.21262467831425022,0.0,0.0,0.0,0.0,0.0,0.0,0.0,0.0,0.0,0.12254445846520196,0.0,0.0,0.19656418761515446,0.0,0.09094001074637555,0.0,0.0,0.047817775210877246,0.0
2015-11-27,0.0,0.0,0.0,0.0,0.15225356356358097,0.10475355995226227,0.0,0.16227814704833318,0.0,0.017237057230876034,0.0,0.0,0.0,0.0,0.014406071210779692,0.0,0.0,0.14032169113976797,0.0,0.0,0.19226658498891522,0.0,0.12360331755897604,0.0,0.0,0.0428800073062926,0.0
2015-12-04,0.0,0.0,0.0,0.0,0.16365756425752162,0.08611934134706195,0.0,0.10411908106070006,0.0,0.09007652773861195,0.0,0.04851604353610371,0.0,0.0,0.0,0.0,0.0,0.1657931338112016,0.0,0.0,0.19314701895598868,0.0,0.06827452545115571,0.0,0.0,0.030296763841456,0.0
2015-12-11,0.0,0.0,0.0,0.0,0.13241759578765627,0.10125740756105907,0.0,0.15899244742784427,0.0,0.06430135255745696,0.0,0.06778496316554737,0.0,0.0,0.0,0.0,0.0,0.12952291978837485,0.0,0.0,0.1716028982046135,0.0,0.08882747976821805,0.0,0.0,0.035292935739007644,0.0
2015-12-18,0.0,0.0,0.0,0.0,0.10936837582212454,0.0956924368401812,0.0,0.2106544587034479,0.019736658437055105,0.0716055273650399,0.0,0.04653261317288348,0.0,0.0,0.0,0.0,0.0,0.10165128386590416,0.0,0.0,0.1790636318697336,0.0,0.08290647373070109,0.0,0.0,0.03278854019274227,0.0
2015-12-25,0.0,0.0,0.0,0.0,0.1407845494734393,0.1271203641505723,0.0,0.17038474216910504,0.04867882974638242,0.047447150180114854,0.0,0.03769334168495893,0.0,0.0,0.0,0.0,0.0,0.10079577199850444,0.0,0.0,0.17299378727189582,0.0,0.07476760534760163,0.0,0.0,0.029333857977045602,0.0
2016-01-01,0.0,0.0,0.0,0.0,0.16149543873580552,0.12862594906616243,0.0,0.1377073968600191,0.021558112060822383,0.0693232910376456,0.0,0.03497558041964975,0.0,0.02662810555290912,0.0,0.0,0.0,0.10750200686795826,0.0,0.0,0.16833189434973822,0.0,0.061366671011232096,0.0,0.0,0.032485554037837164,0.0
2016-01-08,0.0,0.0,0.0,0.0,0.19982521297200306,0.11999772703596584,0.0,0.14071613590545687,0.0001760214472476384,0.031554958338266166,0.0,0.046061885637556116,0.0,0.04556379929209303,0.005643404038042826,0.0,0.0,0.10554078995551541,0.0,0.0,0.19054281338270745,0.0,0.02536795514286286,0.0,0.0,0.03900929684597324,0.0
2016-01-15,0.0,0.0,0.0,0.0,0.20524419896007154,0.15732530058853225,0.0,0.00032040135283987613,0.0,0.015522635871368243,0.0,0.039818612496982576,0.0,0.10864818330565254,0.06951491616004767,0.0,0.0,0.10346680908258296,0.0,0.0,0.20864158193429375,0.0,0.0,0.0,0.0,0.0414973602463711,0.0
2016-01-22,0.0,0.0,0.0,0.0,0.1867880515560836,0.13631284222065732,0.0,0.0,0.005684244221172221,0.019501080770459322,0.0,0.04452690323692714,0.0,0.11495128959842629,0.070532903308702,0.0,0.0,0.10738295271667879,0.0,0.0,0.22097463424593536,0.0,0.0,0.0,0.0,0.04334509795438466,0.0
2016-01-29,0.0,0.0,0.0,0.0,0.16372302598763547,0.1381993411840724,0.0,0.0,0.0,0.05677628796792977,0.0,0.02808120941986466,0.0,0.09958164690218181,0.06971032499838233,0.0,0.0,0.13896614847130706,0.0,0.0,0.21428366605188945,0.0,0.0,0.0,0.0,0.040678349016223796,0.0
2016-02-05,0.0,0.0,0.0,0.0,0.16429892167636076,0.1409508478627062,0.0,0.0,0.0,0.032700659318445534,0.0,0.041497669423171346,0.0,0.08588854664342573,0.06049197520321547,0.0,0.0,0.152889737609692,0.0,0.0,0.22487574602321442,0.0,0.0,0.0,0.0,0.04640589623909362,0.0
2016-02-19,0.0,0.0,0.0,0.0,0.19693002267138904,0.1361149180780873,0.0,0.0,0.0,8.807396532646062e-05,0.0,0.06623297060911205,0.011706748920457586,0.07215690208944546,0.06626260104332743,0.0,0.0,0.15494476737871926,0.0,0.0,0.21104123254539967,0.0,0.0,0.0,0.0,0.034521762698614664,0.0
2016-02-26,0.0,0.0,0.0,0.0,0.2925461700026093,0.02715835374555115,0.0,0.0,0.0,0.027910398303414824,0.0,0.07051886278994092,0.008682526760440176,0.11363388805528786,0.0,0.0,0.013460832662333413,0.13871869418485547,0.0,0.0,0.21874697727958936,0.0,0.0,0.0,0.0,0.038623296215832055,0.0
2016-03-04,0.0,0.0,0.0,0.0,0.26303850747425256,0.015432625710702044,0.0,0.0,0.014733945364213808,0.01783124518385747,0.0,0.07002307664089326,0.01845437802281761,0.12954075824604883,0.0,0.0,0.021267310271677917,0.13048616100986948,0.0,0.0,0.2279524479204899,0.0,0.0,0.0,0.0,0.04123954415503335,0.0
2016-03-11,0.0,0.0,0.0,0.0,0.21556926441170404,0.0,0.0,0.0,0.031987276384797855,0.0,0.0,0.11273608040527351,0.014303071053510202,0.1003096359119106,0.0,0.0,0.09645641994699106,0.12485426063595068,0.0,0.0,0.20055211507702433,0.0,0.0,0.0,0.0,0.05323187617265459,0.0
2016-03-18,0.0,0.0,0.0,0.0,0.20901164935632627,0.0,0.0,0.0,0.008163826990195869,0.0,0.0,0.11504412817423582,0.008783839336644048,0.06993215445500514,0.0,0.008005499549084985,0.09419923222947624,0.11483021074042134,0.0,0.0,0.22774410704562917,0.02715867765537658,0.0,0.0,0.0,0.06712667446686739,0.0
2016-03-25,0.0,0.06241756847935487,0.0,0.0,0.21177962376715764,0.0,0.016084065723072066,0.0,0.0673549296622911,0.0,0.0,0.08445793771942849,0.013684217082576442,0.06586541503439734,0.050521150103141066,0.06076099464174999,0.04426137396527245,0.11088540461990394,0.0,0.0,0.16192731920146836,0.0,0.0,0.0,0.0,0.0,0.0
2016-04-01,0.0,0.06380945982858566,0.0,0.0,0.2069283188242118,0.0,0.020397611623322695,0.0,0.07545771027479975,0.0,0.0,0.08192426164536425,0.011750088277297673,0.0800126954233378,0.038834517469725174,0.06579550173902833,0.04078276495720745,0.10792038691326562,0.0,0.0,0.15638668302342879,0.0,0.0,0.0,0.0,0.0,0.0
2016-04-08,0.0,0.07376848392861113,0.0,0.0,0.25663146934408493,0.0,0.011666605209787111,0.0,0.05105619520425495,0.0,0.0,0.07096510726415745,0.0010286902972204194,0.10259826440008295,0.06793369066512324,0.07178780243979306,0.029087504248682575,0.08362382483582288,0.0,0.0,0.12489465364021812,0.004957708521850489,0.0,0.0,0.0,0.0,0.0
2016-04-15,0.0,0.0,0.0,0.0,0.2140720944127524,0.0,0.0,0.0,0.05076161192170297,0.0,0.0,0.0727700252339581,0.0,0.03599028529196421,0.1598961745169602,0.04068165863642411,0.1359299980645412,0.09041116707572609,0.0,0.0,0.13938409316823472,0.0,0.0,0.0,0.0,0.0,0.010102891677622515
2016-04-22,0.0,0.0,0.0,0.0,0.0750522053093444,0.0,0.0,0.0,0.11596781507240887,0.0,0.0,0.06159404283586819,0.033902777305206716,0.0,0.25566961616806894,0.0,0.1939770575871324,0.11273300162873524,0.0,0.0,0.1011034840921653,0.0,0.0,0.0,0.0,0.0,0.0
2016-04-29,0.0,0.0,0.0,0.0,0.07268707717298255,0.0,0.0,0.0,0.1201521354251653,0.0,0.0,0.04432270644450119,0.03193525636272111,0.03185121436256546,0.26881395519338536,0.0,0.1909994329536139,0.10772028378929076,0.0,0.0,0.08151793829551293,0.0,0.0,0.0,0.0,0.0,0.0
2016-05-06,0.0,0.0,0.0,0.0,0.08940736341937282,0.0,0.0,0.0,0.15926461620237667,0.0,0.0,0.004778655726226603,0.045634354026191426,0.01759393847928029,0.22593498259684508,0.0,0.1856799426972656,0.0711189732712646,0.0,0.0,0.12586209008350582,0.0,0.0,0.0,0.0,0.0,0.024725083497547293
2016-05-13,0.0,0.0,0.0,0.0,0.10900943646322056,0.0,0.0,0.0,0.17758988451760868,0.0,0.0,0.0,0.05038776350508228,0.0,0.2427301127312792,0.011250079845423373,0.22702043875233086,0.040770557314893284,0.0,0.0,0.08659833190744476,0.0,0.0,0.0,0.0,0.0,0.004643394962526665
2016-05-20,0.0,0.0,0.0,0.0,0.0,0.0,0.0,0.0,0.21618739609449125,0.0,0.0,0.0,0.06280574568146846,0.0,0.17069973159064988,0.09948213698536043,0.33030361485113796,0.04171858964358497,0.0,0.012529193134833272,0.0015743455901372605,0.0,0.0,0.0,0.0,0.0,0.0146992464269867
2016-05-27,0.0,0.0,0.0,0.0,0.011151572357134864,0.0,0.0,0.0,0.15259435730486076,0.0,0.0,0.0,0.08520282885428128,0.0,0.14317398879681598,0.18329263072805713,0.2513257476142601,0.03016339464795394,0.0,0.0,0.02577321914565719,0.0,0.0,0.0,0.0,0.0,0.06732226055087635
2016-06-03,0.0,0.0,0.0,0.0,0.032032738498054374,0.0,0.0,0.0,0.07768742521487969,0.0,0.0,0.0,0.0971008391568496,0.0,0.15365114392739798,0.19681738208403515,0.12382384317638012,0.0,0.0,0.0,0.1282075642406537,0.0,0.0,0.0,0.0,0.0,0.14067906369332983
2016-06-10,0.0,0.0,0.0,0.0,0.032791342377210764,0.0,0.008562270528952953,0.0,0.07950913403568641,0.0,0.0,0.0,0.08784695991944219,0.0,0.19199102048543976,0.19199300664685826,0.08598036227349201,0.01222082493949214,0.0,0.0,0.14244475791481803,0.0,0.0,0.0,0.0,0.0,0.11666032087840117
2016-06-17,0.0,0.0,0.0,0.02595524697308205,0.048662549966973626,0.0,0.0,0.0,0.07797916905857681,0.0,0.0,0.0,0.06145358862946169,0.0,0.16907890601594552,0.16954578375936058,0.09823808263402188,0.0,0.0,0.0,0.16042738197474787,0.0,0.0,0.0,0.0,0.0,0.13865929098761007
2016-06-24,0.0,0.0,0.0,0.03578129823268893,0.03871501955124436,0.0,0.0,0.0,0.06688114807598465,0.0,0.0,0.0,0.06847983381035651,0.0,0.17365380776658032,0.1136035091909942,0.18930353492058533,0.0,0.0,0.0,0.11903632620448573,0.0,0.0,0.0,0.0,0.0,0.14454552224643732
2016-07-01,0.0,0.0,0.0,0.027893056953482206,0.007703786132824633,0.0,0.0,0.0,0.08897992767736072,0.0,0.0,0.0,0.06311446380643122,0.0,0.1396446904971111,0.14074300062865622,0.2006259619514262,0.0,0.0,0.0,0.12036488025636177,0.0,0.0,0.0,0.0,0.0,0.16093023209578886
2016-07-08,0.0,0.0,0.0,0.0012601106032534206,0.009379315430132136,0.0,0.0,0.0,0.08416405588257848,0.0,0.0,0.1678869912715271,0.022590345050256855,0.0,0.00019736451594606913,0.17342557370762302,0.2314985126462635,0.0,0.0,0.0,0.10787378092478316,0.0,0.0,0.0,0.0,0.0,0.15172394996743102
2016-07-15,0.0,0.0,0.0,0.0,0.0,0.0,0.0,0.0,0.0921276017794051,0.0,0.0,0.1367533969786416,0.03133326783560375,0.0,0.0,0.1751038162852849,0.21150737290531257,0.0,0.0,0.0,0.11910024397607703,0.0,0.0,0.0,0.0,0.0,0.1840743002395594
2016-07-22,0.0,0.0,0.0,0.0,0.0,0.0,0.0,0.0,0.08383843185206563,0.0,0.0,0.13023125908391658,0.035140380039313676,0.0,0.02801853684566528,0.14520777778590924,0.21332066370914654,0.0,0.0,0.0,0.11763556324740176,0.0,0.0,0.0,0.0,0.0,0.19660738743640466
2016-07-29,0.0,0.0,0.0,0.0,0.04188032267700181,0.0,0.0,0.0,0.09915724460169413,0.0,0.0,0.10808380406256297,0.010189509650499548,0.0,0.08040773308967336,0.18328674902741485,0.17593271433962238,0.0,0.0,0.0,0.06659590237693233,0.0,0.0,0.0,0.0,0.0,0.18446602017422803
2016-08-05,0.0,0.0,0.0,0.0,0.0627632690715502,0.0,0.0,0.0,0.10393618711204777,0.0,0.0,0.06805748439202762,0.0,0.0,0.0974679032920037,0.18963389065291497,0.18506810362857176,0.0,0.0,0.0,0.053488486171741706,0.0007933143584921711,0.0,0.0,0.0,0.0,0.18879136132009738
2016-08-12,0.0,0.0,0.0,0.0,0.03383724565745875,0.0,0.0,0.0,0.13972926807578265,0.0,0.0,0.017670146749708886,0.0,0.0,0.0554380329514063,0.23077407090260718,0.19934437847183778,0.0,0.0,0.009617699210592478,0.034286205546003395,0.01607758534867231,0.0,0.0,0.0,0.0,0.2036147246679078
2016-08-19,0.0,0.0,0.0,0.0,0.010563593264938293,0.0,0.0,0.0,0.1177578771908918,0.0,0.0,0.0,0.0,0.0,0.08902372856859435,0.18660175481208902,0.203457526467067,0.0,0.0,0.03206470207626187,0.04270677484300171,0.022792163245398882,0.0,0.0,0.0,0.0,0.22706040097809627
2016-08-26,0.0,0.0,0.0,0.0,0.019940056742190564,0.0,0.0,0.0,0.11433065544441917,0.0,0.0,0.0,0.0,0.0,0.10858069716742871,0.1728928330126853,0.17280799222518706,0.0,0.0,0.04798769494822747,0.05258445856802411,0.0004568639155220115,0.0,0.0,0.0,0.0,0.2304267201363221
2016-09-02,0.0,0.0,0.0,0.0,0.03028968510937369,0.0,0.0,0.0,0.08846497511736953,0.0,0.0,0.0031484667430166273,0.0,0.0,0.14583185966844184,0.15282821369451288,0.1691736153115721,0.0,0.0,0.050031217248073426,0.0430331192665579,0.0,0.0,0.0,0.0,0.0,0.24077660563771083
2016-09-09,0.0,0.0,0.0,0.0,0.05164077285167088,0.0,0.0,0.0,0.04929923354647941,0.0,0.0,0.00775548599623144,0.0,0.0,0.1520459599981874,0.17770490604512904,0.13864765554356712,0.0,0.0,0.05288647066374882,0.030486412205802164,0.0,0.0,0.0,0.0,0.0,0.2488995491136358
2016-09-16,0.0,0.0,0.0,0.0,0.04764360735770256,0.0,0.0,0.0,0.058973904588278094,0.0,0.0,0.013439832116348359,0.0,0.0,0.13678056698547922,0.22554477151961974,0.12044703212885813,0.0,0.0,0.03721443601305209,0.006013024938268612,0.0,0.0,0.0,0.0,0.00886284109276267,0.24037193849907731
2016-09-23,0.0,0.0,0.0,0.0,0.048837777859710774,0.0,0.0,0.0,0.06428791605387144,0.0,0.0,0.0,0.0,0.0,0.16620683153364987,0.2178459128720196,0.09600702688549582,0.0,0.0,0.022051322704213727,0.03958821013904668,0.0,0.0,0.0,0.0,0.0033981372746191337,0.23003137395889958
2016-09-30,0.0,0.0,0.0,0.0,0.024210245033182528,0.0,0.0,0.0,0.07532436195292014,0.0,0.0,0.0,0.0,0.0,0.1865706044046333,0.2070094746148742,0.08303322232346885,0.0,0.0,0.001509307202087243,0.06674545951549635,0.0,0.0,0.0,0.0,0.0,0.21018162480387761
2016-10-14,0.0,0.0,0.0,0.0,0.013219223226683823,0.0,0.0,0.0,0.1019295795255599,0.0,0.0,0.0118464086802219,0.0,0.0,0.1691362516248919,0.206731304141483,0.08099233420536249,0.0,0.0,0.010161782409188882,0.05054711159740293,0.0,0.0,0.0,0.0,0.0,0.20501683633952536
2016-10-21,0.0,0.0,0.0,0.0,0.08203502829505499,0.0,0.0,0.0,0.11343848089000047,0.0,0.0,0.01599505542039529,0.0,0.0,0.06306168869633755,0.24223690470003875,0.10338412306529812,0.0,0.0,0.0,0.04340072856745292,0.013676715699462981,0.0,0.0,0.0,0.0,0.18693266099520905
2016-10-28,0.0,0.0,0.0,0.0,0.09282423037919854,0.0,0.0,0.0,0.1254544831271174,0.0,0.0,0.01183816151546858,0.0,0.0,0.024874361227320625,0.2743074925365671,0.09833423404473735,0.0,0.0,0.0,0.052510925465417975,0.0,0.0,0.0,0.0,0.0,0.17385037491404245
2016-11-04,0.0,0.0,0.0,0.0,0.08633083161346315,0.0,0.0,0.0,0.12739351985291084,0.0,0.0,0.010117267711736941,0.0,0.0,0.0,0.26373163883508355,0.09372539988367005,0.0,0.0,0.0102237715674939,0.0566896661925223,0.02946583516203645,0.0,0.0,0.0,0.0,0.16636604519045153
2016-11-11,0.0,0.0,0.0,0.0,0.10715109397225303,0.0,0.0,0.0,0.11460689637063212,0.0,0.0,0.023342184006226813,0.0,0.0,0.0,0.12183802630420791,0.13139424749013195,0.0,0.0,0.025294416219166324,0.04925813458824791,0.10009403468060912,0.0,0.0,0.0,0.0,0.16909240481336205
2016-11-18,0.0,0.0,0.0,0.0,0.15712075313716553,0.0,0.0,0.0,0.1166356900972544,0.0,0.0,0.03359791099779314,0.0,0.0,0.0,0.15372134131964119,0.1019614560501777,0.0,0.0,0.014251266553106701,0.054051011080811694,0.05527657631844981,0.0,0.0,0.0,0.0,0.15315384864757098
2016-11-25,0.0,0.0,0.0,0.0,0.15139911595246822,0.0,0.0,0.0,0.1289492752568859,0.0,0.0,0.036337015218818575,0.0,0.0,0.0,0.11986731365437632,0.11550975313870096,0.0,0.0,0.026916337009721906,0.049124439542968114,0.03497079612987212,0.0,0.0,0.0,0.0,0.16725010764079445
2016-12-02,0.0,0.0,0.0,0.0,0.042216730161335994,0.0,0.0,0.0,0.10498528275291569,0.0,0.0,0.01853564492191411,0.0,0.0,0.09732670703072861,0.04627117365701969,0.15869515567607342,0.0,0.0,0.0031235629866133994,0.06759295032411053,0.0,0.0,0.0,0.0,0.0,0.23628074696948237
2016-12-09,0.0,0.0,0.0,0.0,0.0654443894231695,0.0,0.019673914254316086,0.0,0.04501803141783764,0.0,0.0,0.0,0.0,0.0,0.13243997800414573,0.015753505604862716,0.16395015177034866,0.0,0.0,0.0,0.07182947646967885,0.0,0.0,0.0,0.0,0.0,0.2166432378832591
2016-12-16,0.0,0.0030708613670738273,0.0,0.0,0.10699980598751316,0.0,0.03831548240607016,0.0,0.04952893388310148,0.0,0.0,0.0,0.0,0.0,0.08155060239585998,0.0024936081640551653,0.13494338622263152,0.0,0.0,0.008536933502825587,0.09664948247259318,0.0,0.0,0.0,0.0,0.0,0.22176881788069322
2016-12-23,0.0,0.0248497878088578,0.0,0.0,0.14528913282550712,0.0,0.05221598915831042,0.0,0.0415761776618523,0.0,0.0,0.0,0.0,0.0,0.0609315271777046,0.0,0.08538196586698299,0.0,0.0,0.02304202734385118,0.08406709103234378,0.0,0.008216814933297942,0.0,0.0,0.0,0.2188636528114235
2016-12-30,0.0,0.05441244783878624,0.0,0.00137446374493521,0.17504480987838533,0.0,0.08877555959703363,0.0,0.03477948986889937,0.0,0.0,0.0,0.0,0.0,0.06772956430152405,0.0,0.06784987132376445,0.0,0.0,0.01944876895201953,0.03508666888301284,0.0,0.0,0.0,0.0,0.0,0.22258758835896422
2017-01-06,0.0,0.08683478594662167,0.0,0.006887246464403297,0.12167110903234737,0.0,0.08221349276668519,0.0038760944217853892,0.03306770957256894,0.0,0.0,0.0,0.0,0.0,0.08287385201451392,0.0,0.10860882943801402,0.0,0.0,0.0,0.0004426561767010939,0.0,0.0049693594300823825,0.0,0.0,0.0,0.2575269132826297
2017-01-13,0.0,0.04796498055717211,0.0,0.02454279195161558,0.08821095746073666,0.0,0.0488512418749634,0.07661830728971808,0.03400028929158246,0.0,0.0,0.0,0.0,0.0,0.055943751498205366,0.0,0.03557654776694379,0.0,0.0,0.0,0.06273648954464416,0.01447622923637108,0.04174112611071862,0.0,0.0,0.0,0.25953216550329156
2017-01-20,0.0,0.018908052542123875,0.0,0.031028903577151087,0.08300736432083877,0.0,0.0408534838879607,0.05612769552723786,0.029536031460368508,0.0,0.0,0.0,0.0,0.0,0.11414360817987458,0.0,0.036756044258895164,0.0,0.0,0.0,0.08061375163633688,0.026872758968187936,0.02097630926634572,0.0,0.0,0.0,0.24711099669538486
2017-01-27,0.010580928901564144,0.010589795443864992,0.0,0.021519972507941985,0.11405486220358992,0.0,0.03469374712833106,0.038554808426340716,0.035732272975190736,0.0,0.0,0.0,0.0,0.0,0.09171946022703645,0.0,0.024585682731247026,0.0,0.0,0.0,0.09596061703506689,0.033392139822137755,0.027086427392022182,0.0,0.0,0.0,0.2385923586341673
2017-02-03,0.010524835907789555,0.021385047946777095,0.0,0.02483240500677381,0.11062899776774594,0.0,0.03403324054420828,0.034050621262884447,0.03707397673083278,0.0,0.0,0.0,0.0,0.0,0.09270936079915493,0.0,0.038411009822685825,0.0,0.0,0.0,0.07999921472128438,0.03341131717385933,0.024599226530699105,0.0,0.0,0.0,0.2385301727021657
2017-02-10,0.02975914614029644,0.03193967090007146,0.0,0.00815003481937956,0.14397177415052248,0.0,0.05574871457661539,0.051141980194147,0.06213972709140511,0.002866072898108772,0.0,0.0,0.0,0.0,0.0,0.0,0.009605069279623806,0.0,0.0,0.0,0.10132729536772443,0.0,0.02516383163014587,0.0,0.0,0.0,0.24759237420041186
2017-02-17,0.048581555143102174,0.0,0.0,0.005402800269785439,0.1387533653615829,0.0,0.050726565272503826,0.08033709232453086,0.08559834333170381,0.0,0.0,0.0,0.0,0.0,0.0,0.0,0.027900134661880075,0.0,0.0,0.0,0.11375863349769097,0.0,0.0,0.0,0.0,0.0,0.2217307218135336
2017-02-24,0.07550765225781189,0.0,0.0,0.010183034225493654,0.10340953485382552,0.011486734554268449,0.031884352901987656,0.013818982065633922,0.08039376902218469,0.016580758768704407,0.0,0.0,0.0,0.0,0.0,0.0,0.023569161127584125,0.0,0.0,0.0,0.13332823306286562,0.02838517347535053,0.0,0.0,0.01915182126625431,0.0,0.2672469514029267
2017-03-03,0.035843206622205186,0.0,0.0,0.011418065221792983,0.012863915937615534,0.0,0.03235046517398385,0.0,0.08529786331510414,0.0,0.0,0.0,0.0,0.0,0.04428667891456118,0.0,0.07861330771844009,0.026436558269957257,0.0,0.0,0.12800894171104507,0.06014580884199438,0.0,0.0004936961053923443,0.023982145737782547,0.0,0.25656677809574313
2017-03-10,0.011869584260954514,0.0,0.0,0.0,0.013229084094807516,0.0,0.041525179069524715,0.0,0.10199003878481441,0.004620067793622586,0.0,0.0,0.0,0.0,0.0,0.0,0.06565470152422999,0.057833178089710446,0.0,0.0,0.09493159907034901,0.09179868052030025,0.03103549914500952,0.0,0.03378022992550802,0.0,0.2657528308506224
2017-03-17,0.008516368852614666,0.0,0.0,0.0,0.0,0.0,0.04088302120903005,0.0,0.1023053967152654,0.0,0.0,0.0,0.0,0.0,0.0,0.0,0.16379318200962734,0.10824835418785764,0.0,0.0,0.05977910781587001,0.024056287072031505,0.002967494229392538,0.0,0.024416688554959137,0.0,0.3026295295096248
2017-03-24,0.0,0.0,0.0,0.0,0.0,0.0,0.0480253798524664,0.0,0.1235154933508527,0.0,0.0,0.0,0.0,0.0,0.0,0.0,0.19549189096554648,0.1765800951080379,0.0,0.0,0.0009473033445468926,0.0,0.0,0.0,0.02073978201258315,0.0,0.2959984760332741
2017-03-31,0.0,0.0,0.0,0.0,0.0,0.0,0.045618334499555664,0.0,0.15170695227682374,0.0,0.0,0.0,0.0,0.0,0.0,0.0,0.18852263095569968,0.1277791063844003,0.0,0.0,0.0,0.0,0.0,0.0,0.0,0.0,0.33283255277692414
2017-04-07,0.0,0.0,0.0,0.0,0.0,0.0,0.057594281190212045,0.0,0.15559610443378202,0.0,0.0,0.0,0.0,0.0,0.0,0.0,0.1354320890373092,0.12012663973895427,0.0,0.0,0.0,0.0,0.0,0.0,0.0,0.0,0.3384443768166339
2017-04-14,0.0,0.0,0.0,0.0,0.013574658644436485,0.0,0.022188075560274818,0.0,0.1711264357952894,0.0,0.0,0.0,0.0,0.0,0.0,0.0,0.14225338637245719,0.11386808464096763,0.0,0.0,0.0,0.0,0.0,0.0,0.0,0.0,0.33421909235915626
2017-04-21,0.0,0.0,0.0,0.0,0.07113941012016457,0.0,0.012282007289142556,0.0,0.17687729645313258,0.0,0.0,0.0,0.0,0.0,0.0,0.0,0.10272883441730789,0.09641736366983515,0.0,0.0,0.0,0.0,0.0,0.0,0.0,0.0,0.3522164859102775
2017-04-28,0.0,0.0,0.0,0.0,0.1360972860568619,0.0,0.026845384015403807,0.0,0.18032515643438046,0.0,0.0,0.0,0.0,0.0,0.0,0.0,0.0767003648790586,0.10124267880333121,0.0,0.0,0.0,0.0,0.0,0.0,0.0,0.0,0.3101151617652476
2017-05-05,0.0,0.0,0.0,0.0,0.1558232071841291,0.0,0.046687295266613665,0.0,0.1716166793507937,0.0,0.0,0.0,0.0,0.0,0.0,0.0,0.06516205577871939,0.10332613604746085,0.0,0.0,0.0,0.0,0.0,0.0,0.0,0.0,0.30950627612261933
2017-05-12,0.0,0.0,0.0,0.0,0.13775949036449012,0.0,0.039832491521117584,0.0,0.16959909856464697,0.0,0.0,0.0,0.0,0.0,0.0,0.0,0.08889002204485096,0.10228294017055871,0.0,0.0,0.0,0.0,0.0,0.0,0.0040660129216689165,0.0,0.3037189990571273
2017-05-19,0.0,0.0,0.0,0.0,0.10819460721723514,0.0,0.02934104085317239,0.0,0.15364648986496474,0.0,0.0,0.0,0.0,0.0,0.0,0.0,0.17477925265747443,0.08473578319617142,0.0,0.0,0.0,0.0,0.0,0.0,0.011596210235559354,0.0,0.29692649454698905
2017-05-26,0.0,0.0,0.0,0.0,0.10811771925396312,0.0,0.02154444416425674,0.0,0.15373697217153637,0.0,0.0,0.0,0.0,0.0,0.0,0.0,0.15870208957412482,0.06837543904645081,0.0,0.0,0.0,0.0,0.0,0.0,0.025165094679352986,0.0,0.32509993556378936
2017-06-02,0.0,0.0,0.0,0.0,0.11676453032782955,0.0,0.02304079932607358,0.0,0.15995490999623094,0.0,0.0,0.0,0.0,0.0,0.0,0.0,0.1665208565361621,0.057913548239976194,0.0,0.0,0.0,0.0,0.0,0.0,0.024694850544430446,0.0,0.31165241350759637
2017-06-09,0.0,0.0,0.0,0.0,0.10349513895872386,0.0,0.020224899733581683,0.0,0.16383759737159528,0.0,0.0,0.0,0.0,0.0,0.0,0.0,0.17022991733471046,0.09064068908657599,0.0,0.0,0.0,0.0,0.0,0.0,0.02329663553686789,0.0,0.31068669969426016
2017-06-16,0.0,0.0,0.0,0.0,0.08026638338030326,0.0,0.023778252328968724,0.0,0.15576712359873868,0.0,0.0,0.0,0.002274513184213638,0.0,0.0,0.0,0.16670150252730212,0.05935653602567023,0.0,0.0,0.0,0.0,0.06056569057266247,0.0,0.02120210662735502,0.0,0.2884791686068327
2017-06-23,0.0,0.0,0.0,0.0,0.12900294876657742,0.0,0.013950081678942699,0.0,0.1362363562910302,0.0,0.0,0.0,0.0,0.0,0.0,0.0,0.16881121386020348,0.04345010771056932,0.0,0.0,0.0,0.0,0.06318239654790615,0.0,0.00668523286228433,0.0,0.2907788213992526
2017-06-30,0.0,0.0,0.0,0.0,0.1552954826992776,0.0,0.007889132591931596,0.0,0.12724665205150792,0.0,0.0,0.0,0.008321237759159078,0.0,0.0,0.0,0.18171910230580982,0.05061848360959358,0.0,0.0,0.0,0.0,0.04125323306649371,0.0,0.0,0.0,0.29881303298031986
2017-07-07,0.0,0.0,0.0,0.006204656368514888,0.1403475368596846,0.0,0.006615316812665266,0.0,0.12726954212156874,0.0,0.0,0.0,0.05329063905860763,0.0,0.0,0.0,0.18698843531910986,0.05733812413319158,0.0,0.0,0.0,0.0,0.0,0.0,0.0,0.0,0.27546126630846984
2017-07-14,0.0,0.0,0.0,0.0,0.3435709803531929,0.0,0.0,0.0,0.09482643209521444,0.0,0.0,0.0,0.03962588944561694,0.0,0.0,0.0,0.20286428164133805,0.0,0.0,0.0,0.0,0.0,0.0,0.0,0.0,0.0,0.21332249191924355
2017-07-21,0.0,0.0,0.0,0.0,0.27742447877568555,0.0,0.0,0.0,0.1090026694505533,0.0,0.0,0.0,0.04290791179015951,0.0,0.0,0.0,0.17930429157943742,0.0,0.0,0.0,0.0,0.0,0.0,0.0,0.0,0.0,0.212752825626688
2017-07-28,0.0,0.0,0.0,0.0,0.29703843485071985,0.0,0.0,0.0,0.11615291119541274,0.0,0.0,0.0,0.02217167261574902,0.0,0.0,0.0,0.19644406896978114,0.0,0.0,0.0,0.0,0.0,0.0,0.0,0.0,0.0,0.1943831118349619
2017-08-04,0.0,0.0,0.0,0.0,0.277417672694737,0.0,0.012397098741165449,0.0,0.11345315031266588,0.0,0.0,0.0,0.0,0.0,0.0,0.0,0.20694395587499728,0.0,0.0,0.0,0.0,0.0,0.0,0.0,0.0,0.0,0.19051895189414897
2017-08-11,0.0,0.0,0.0,0.0,0.21671284967666116,0.0,0.011446277936551,0.0,0.13218713628074752,0.0,0.0,0.0,0.0,0.0,0.02204410306775251,0.0,0.21577725293512148,0.025942183395960227,0.0,0.0,0.0,0.0,0.0,0.0,0.0,0.0,0.1585115170712207
2017-08-18,0.0,0.0,0.0,0.0,0.21464781708339387,0.0,0.0019988893825561523,0.0,0.14195582573367693,0.0,0.0,0.0,0.0,0.0,0.0,0.0,0.2562872092981289,0.011491018046822236,0.0,0.0,0.014858229802437152,0.0037884992076761886,0.0,0.0,0.0,0.0,0.15558248059666469
2017-08-25,0.003247391892539189,0.0,0.0,0.0,0.24723729097509312,0.0,0.0,0.0,0.13867551509276413,0.0,0.0,0.0,0.005313020458513449,0.0,0.0,0.0,0.24271211866471246,0.009082752546072393,0.0,0.0,0.0,0.0,0.03129859179633102,0.0,0.0,0.0,0.13818879940551182
2017-09-01,0.0,0.0,0.0,0.0,0.2025240526845472,0.0,0.0,0.0,0.10633206247607675,0.0,0.0,0.0,0.0032900234085929403,0.0,0.0,0.0,0.2504268406931244,0.0,0.0,0.0,0.042618738185402016,0.0,0.0,0.0182347497127246,0.0,0.0,0.16548510970198776
2017-09-08,0.0,0.0,0.0,0.0,0.2550284262159299,0.0,0.0,0.0,0.10676251861144359,0.0,0.0,0.0,0.012152827801558899,0.0,0.0,0.0,0.24633794369742254,0.032519458202131056,0.0,0.0,0.0180405779503499,0.0,0.0,0.00182972360929765,0.0,0.0,0.14288309249225728
2017-09-15,0.0,0.0,0.0,0.0,0.2559707409102974,0.0,0.0,0.0,0.1383957924744184,0.0,0.0,0.0,0.027749741274343404,0.0,0.0,0.0,0.25740538035540034,0.012928600946559498,0.0,0.0,0.0,0.0379304025774449,0.0,0.0,0.0,0.0,0.10168585367454433
2017-09-22,0.0,0.0,0.0,0.0,0.2512226769485195,0.0,0.0,0.0,0.13460138591300774,0.0,0.0,0.0,0.03932260771903979,0.0,0.0,0.0,0.24705597637753715,0.01062107202770041,0.0,0.0,0.012013767927290206,0.03702605691033172,0.0,0.0,0.0,0.0,0.10538746399547516
2017-09-29,0.0,0.0,0.0,0.0,0.3203632013038569,0.0,0.0,0.0,0.11256813859954093,0.0,0.0,0.0,0.027545395085539118,0.0,0.0,0.0,0.222569002163502,0.004520933881833933,0.0,0.0,0.014276202984887165,0.038652839289865834,0.0,0.0,0.0,0.0,0.13322283853484546
2017-10-13,0.0,0.0,0.0,0.0,0.14219905593245236,0.0,0.0,0.0,0.11821247294033686,0.0,0.0,0.0,0.025738325809005168,0.0,0.0,0.0,0.18721745275624338,0.061853481496875674,0.0,0.0,0.008586291270086633,0.09845317000069917,0.0,0.0,0.0,0.0,0.1950037042077482
2017-10-20,0.0,0.0,0.0,0.03456513603425763,0.054896399699435466,0.0,0.01129724951835204,0.0,0.11122762092992737,0.0,0.0,0.0,0.03178022637133446,0.0,0.0,0.0,0.18802340774268095,0.03761949826024176,0.0,0.0,0.0,0.11240228522027472,0.0,0.0,0.0,0.0,0.18297202942181026
2017-10-27,0.0,0.0,0.0,0.0008122595346251089,0.13521768049506108,0.0,0.0,0.0,0.10507025236186264,0.0,0.0,0.0,0.026072608603951636,0.0,0.0,0.0,0.1889885348693734,0.023728516552496345,0.0,0.0,0.0,0.13515734697517146,0.0,0.0,0.009864135147608527,0.0,0.16103274605425238
2017-11-03,0.0,0.0,0.0,0.0,0.13219282951974623,0.0,0.0016031822755073904,0.0,0.11076112970073193,0.0,0.0,0.0,0.022892291124917762,0.0,0.0,0.0,0.16585430337950083,0.017906962416922266,0.0,0.0,0.0,0.18214708461972554,0.0,0.0,0.025003162634547545,0.0,0.16934816148188833
2017-11-10,0.0,0.0,0.0,0.008545872269914528,0.11338981362226488,0.0,0.0,0.0,0.12525088480904256,0.0,0.0,0.0,0.020906236251910237,0.0,0.0,0.003164672372868414,0.1980437736589282,0.019463456046617218,0.0,0.0,0.0,0.13722076885339451,0.0,0.0,0.0,0.009740612574081165,0.1950619835188547
2017-11-17,0.0,0.0,0.0,0.07020044172338193,0.1251996761338497,0.0,0.0,0.0,0.10578875338785054,0.0,0.0,0.0,0.005281394206451133,0.0,0.0,0.05223503370085521,0.21883422972613245,0.02182202337287625,0.0,0.0,0.0,0.027982276514214467,0.0,0.015515011294913365,0.013774265574428235,0.017666765521645724,0.19014522209478876
2017-11-24,0.0,0.0,0.0,0.13034966916417529,0.0936678168188899,0.0,0.0,0.0,0.11059186342359534,0.0,0.0,0.0,0.0,0.0,0.0,0.03771026540486077,0.28069084436503894,0.014154170318680164,0.0,0.0,0.0,0.0,0.0,0.009842710754989345,0.05051277242046376,0.0,0.1783546203590375
2017-12-01,0.0,0.0,0.0,0.14203282630175387,0.09750430602496518,0.0,0.0,0.0,0.07670635692123391,0.007489851941764019,0.0,0.008730878544595927,0.0,0.0,0.0,0.030202249050492236,0.31605374819680226,0.008786075772316174,0.0,0.0,0.0,0.0,0.0,0.010738301312537401,0.04552588320478068,0.0,0.17401148855069903
2017-12-08,0.0,0.0,0.0,0.12572794076204508,0.1218977719757572,0.0,0.0,0.0,0.07865211780056032,0.001734806844271178,0.0,0.006623890863828896,0.0,0.0,0.0,0.08436794681361064,0.28763911428949196,0.016130320852615797,0.0,0.0,0.0,0.013295192007192874,0.0,0.019897681291610896,0.03373158224022777,0.0,0.15265318662332106
2017-12-15,0.0,0.0,0.0,0.09267749254192068,0.14000032658692488,0.0,0.0,0.0,0.10057662470796057,0.029101831247738328,0.0,0.010381978980548068,0.01595492542513493,0.0,0.0,0.0659626242834845,0.2637463441680576,0.012357046050213743,0.0,0.0,0.02794549088059969,0.0,0.0,0.0020121843907150443,0.006699425933657698,0.0,0.15759362752626388
2017-12-22,0.0,0.0,0.0,0.06971953029988442,0.158234004047381,0.0,0.0,0.0,0.06468706576394516,0.010821890775640086,0.0,0.023515324596315272,0.0,0.0,0.0,0.06891981086225214,0.25637900027840066,0.026449841580265858,0.0,0.0,0.05217722222163252,0.0,0.012988672865476858,0.0,0.03234467984050795,0.0,0.17376295686508175
2017-12-29,0.0,0.0,0.0,0.07773412227781487,0.1864034838445061,0.0,0.0,0.0,0.08906695498964175,0.006134601369275613,0.0,0.022475191933807964,0.0,0.0,0.0,0.04440382932701702,0.2705061763794617,0.025841470111404686,0.0,0.0,0.05092704766183743,0.0,0.0025275811704799857,0.0,0.021178973499939524,0.0,0.15280056743461057
2018-01-05,0.0,0.0,0.0,0.08322258394772647,0.16481407055538325,0.0,0.0,0.0,0.11235371007324729,0.037637055865244365,0.0,0.009165776988145814,0.0,0.0,0.0,0.05654522198975254,0.25369081597452475,0.018812205185516895,0.0,0.0,0.05424741690084664,0.0,0.0,0.0,0.022160023111046024,0.0,0.13735111940834152
2018-01-12,0.0,0.0,0.0,0.050086313459765226,0.1623240381885141,0.0,0.0,0.0,0.11258931656474805,0.055369563586825876,0.0,0.0,0.0,0.0,0.0,0.13574377947261668,0.2440200212512852,0.020070506287424628,0.0,0.0,0.021468500754920846,0.0,0.0,0.0,0.01648992107388502,0.0,0.13183803935870433
2018-01-19,0.0,0.0,0.0,0.06764984608635746,0.17322514651206602,0.0,0.0,0.0,0.11576187011261796,0.05283088221653135,0.0,0.0,0.0,0.0,0.0,0.11246231340818766,0.24286357644527734,0.029968854958917296,0.0,0.0,0.018147567738355058,0.0,0.0,0.0,0.010170578049599848,0.0,0.1269193644718967
2018-01-26,0.0,0.0,0.0,0.09753018764017325,0.09550343725393426,0.016667218317238018,0.0,0.0,0.15380005584662687,0.03231192026672443,0.0,0.0,0.0,0.0,0.0,0.1325236730722985,0.23832518608769332,0.021282316785355603,0.0,0.0,0.015069029242376644,0.0,0.0,0.0,0.02307363262487305,0.0,0.12391334286253258
2018-02-02,0.0,0.03282297344028036,0.0,0.06676241403988939,0.07083257782618728,0.0,0.0,0.0,0.14977477884474116,0.038261898615743244,0.0,0.0,0.0,0.0,0.0,0.037205446341024025,0.2851608901153747,0.08025957153293821,0.0,0.0,0.011125796403480933,0.0,0.0,0.01643193998898754,0.032734141209690336,0.0,0.11494041265282483
2018-02-09,0.0,0.005357905380463748,0.0,0.040851995745486945,0.05961429034237695,0.0,0.0,0.0,0.15866316611437298,0.030098613817702544,0.0,0.016838970944356334,0.0,0.0,0.0,0.07142966960907339,0.27508442916025294,0.09718354270574402,0.0,0.0,0.022326817312373737,0.0,0.0,0.015946113920411994,0.019170987318655994,0.0,0.13143403966511769
2018-02-16,0.0,0.004894640344991977,0.0,0.012766077473343077,0.0782647382319236,0.0,0.0,0.0,0.162564959551149,0.033929926245217804,0.0,0.027708270097560744,0.0,0.0,0.0,0.06421790164136382,0.2834995784073222,0.10630769338068076,0.0,0.0,0.033369160050874945,0.0,0.0,0.008121110649170956,0.008433777115227917,0.0,0.12592216679662385
2018-02-23,0.0,0.01831026381166172,0.0,0.007904752630464732,0.06315753387208253,0.0,0.0,0.0,0.16503081305760792,0.03903545217833475,0.0,0.025723392567129858,0.0,0.0,0.0,0.06400150585389433,0.2876116972158217,0.10533018313713716,0.0,0.0,0.03248059083472392,0.0,0.0,0.0007040319302697516,0.010950770915454362,0.0,0.12975901199498666
2018-03-02,0.0,0.0643580006260713,0.0,0.0,0.05630979712468691,0.0,0.0,0.0,0.14655918850382363,0.029178997167335335,0.0,0.038219757150078165,0.0,0.0,0.0,0.05362087716097488,0.32117068214317673,0.08624184440556848,0.0,0.0,0.0,0.0,0.0,0.002896962827706161,0.007746305051176446,0.0,0.14369758783896874
2018-03-09,0.0,0.053531887229195746,0.0,0.0012845067221926693,0.0531998014536363,0.0,0.0,0.0,0.13839314442026754,0.021940795392890435,0.0,0.04564546456908296,0.0,0.0,0.0,0.05586885012614843,0.3209073335586331,0.09409829005351876,0.0,0.0,0.0,0.0,0.0,0.013938017280519705,0.0030513979068854556,0.0,0.14814051127999422
2018-03-16,0.0,0.06521304356695472,0.0,0.0,0.03378400196343676,0.0,0.0,0.002683121089559815,0.1600587517045065,0.02269799516507962,0.0,0.032321838486084435,0.0,0.0,0.0,0.05948173263541831,0.3291381669719513,0.09646047354274816,0.0,0.0,0.0,0.0,0.0,0.007593478641901763,0.010587126205392015,0.0,0.1299802700266251
2018-03-23,0.0,0.07728887505587462,0.0,0.0,0.18050674421129753,0.0,0.0,0.0,0.15199569995779572,0.04667326327419773,0.0,0.0,0.0,0.0,0.0,0.0,0.29673923724734985,0.06289964205183049,0.0,0.0,0.0,0.0,0.0,0.0159443812308139,0.006392381528482342,0.0,0.11155977544211892
2018-03-30,0.0,0.06200203196420985,0.0,0.0,0.24836526860016142,0.0,0.0,0.0,0.14956543759401938,0.024282578479225506,0.0,0.0,0.0013063452627698304,0.0,0.0,0.0,0.28148802972696235,0.06827036262645805,0.0,0.0,0.009701608674450118,0.0,0.0,0.024299185621020722,0.0,0.0,0.08071915145030192
2018-04-06,0.0,0.06513378853620838,0.0,0.0,0.237408303789098,0.0,0.0,0.0,0.16534279861869947,0.019916155706355604,0.0,0.0,0.0,0.0,0.0,0.0,0.28144676863206775,0.07325941216735594,0.0,0.0,0.023101009567228385,0.0,0.0,0.03136724065552831,0.0,0.0,0.05302452232685608
2018-04-13,0.0,0.04893992935373579,0.0,0.0,0.2493979853876101,0.0,0.0,0.0,0.1653194996915652,0.009493264232920044,0.0,0.005627601068059701,0.019985478093460494,0.0,0.0,0.0,0.28873969417043777,0.03930282428400751,0.0,0.0,0.025841991460719405,0.0,0.0,0.03387833309523649,0.01347467522403006,0.0,0.04999872393807501
2018-04-20,0.0,0.053326017492959316,0.0,0.0,0.26334828481078987,0.0,0.0,0.0,0.13407671975449925,0.01139335927656613,0.0,0.013030058676965186,0.0010852352891085103,0.0,0.0,0.0,0.2728730453571531,0.022938739948008956,0.0,0.0,0.0502893758836275,0.0,0.0,0.039975841513017606,0.009854928280694793,0.0,0.07780839371617917
2018-04-27,0.0,0.06943290043636652,0.0,0.0,0.2752056777315997,0.0,0.0,0.0,0.12047361694029472,0.03128601324537013,0.0,0.016570819688391497,0.0,0.0,0.0,0.0,0.2601272852260267,0.019288217986412975,0.0,0.0,0.052085857488480526,0.0,0.0,0.02380337828976744,0.0,0.0,0.0817262329665876
2018-05-04,0.0,0.06827996114133751,0.0,0.0,0.2837595749486097,0.0,0.0,0.0,0.11553948559472171,0.04756469131809411,0.0,0.01065534147532125,0.0,0.0,0.0,0.0,0.26604761212884415,0.028709596631594878,0.0,0.0,0.03595798327755567,0.0,0.0,0.012232184346244864,0.0,0.0,0.08125356913745925
2018-05-11,0.0,0.06849879951061427,0.0,0.0,0.2864670527049491,0.0,0.0,0.0,0.1261932785902525,0.03903098362509661,0.0,0.010528294339476536,0.0,0.0,0.0,0.0,0.26824142705620296,0.02835493399899256,0.0,0.0,0.03666170135024196,0.0,0.0,0.02322969972187513,0.0,0.0,0.06279382910080646
2018-05-18,0.0,0.090860890540745,0.0,0.0,0.2985149425859753,0.0,0.0,0.0,0.1363234977074338,0.0340406770494213,0.0,0.011037719435495736,0.0,0.0,0.0,0.0,0.2120936903992281,0.019958776664639542,0.0,0.0,0.06691810329726286,0.0,0.0,0.022132308611794632,0.0,0.0,0.058119393705122945
2018-05-25,0.0,0.10063790546612081,0.0,0.0,0.2825354394719768,0.0,0.0,0.0,0.12561009364421163,0.06815526535138468,0.0,0.0,0.0,0.0,0.0,0.0,0.21500730423995984,0.017482158875267266,0.0,0.0,0.06179077739015374,0.0,0.0,0.014474926040886385,0.0,0.0,0.06430612951963043
2018-06-01,0.0,0.05405200488153924,0.0,0.0,0.35321392770355625,0.0,0.0,0.0,0.11812696172433898,0.08290952856262206,0.0,0.0,0.021928814587923524,0.0,0.0,0.0,0.1586115592361208,0.0,0.0,0.0,0.086821686058682,0.0,0.0,0.0,0.0,0.0,0.0743355172447151
2018-06-08,0.0,0.03150338862651046,0.0,0.0,0.350665254210181,0.0,0.0,0.0,0.12183523272540325,0.09981661892482728,0.0,0.0,0.007036736357918924,0.0,0.0,0.0,0.17422933686576997,0.0,0.0,0.0,0.08745489556594037,0.0,0.0,0.0,0.0,0.0,0.07745853672283734
2018-06-15,0.0,0.023884694836400888,0.0,0.0,0.3601858004582107,0.0,0.0,0.0,0.0932421235592304,0.10395003772733563,0.0,0.0,0.0,0.0,0.0,0.0,0.17533174482997824,0.02023234368615245,0.0,0.0,0.07854234148267798,0.0,0.0,0.0,0.0,0.0,0.09463091341969544
2018-06-22,0.0,0.017293895493361227,0.0,0.0,0.38213018949293837,0.0,0.0,0.0,0.10723714007296331,0.09115744007567174,0.0,0.0,0.0,0.0,0.0,0.0,0.1699862415811916,0.030962818962739398,0.0,0.0,0.06622289022783596,0.0,0.0,0.0,0.005269558435246898,0.0,0.07973982565791886
2018-06-29,0.0,0.0,0.0,0.0,0.382583281783126,0.0,0.0,0.0,0.12073763344674432,0.07093818958729718,0.0,0.018732819177241608,0.0,0.0,0.0,0.0,0.19704575952520686,0.05340666823459059,0.0,0.0,0.04579928938665785,0.0,0.0,0.006319855324139825,0.0,0.0,0.05443650353481849
2018-07-06,0.0,0.0,0.0,0.0,0.3702214134107675,0.0,0.0,0.0,0.06506672549817621,0.06819292910815357,0.0,0.008993235221078536,0.0,0.0,0.0,0.0,0.20823626498312475,0.052028147980237714,0.0,0.0,0.03852132150642889,0.0,0.0,0.04099341798846275,0.0033510972750951445,0.0,0.09439544702817285
2018-07-13,0.0,0.06553611665475736,0.0,0.0,0.36259205224452945,0.0,0.0,0.0,0.045636377490848236,0.02498088322929929,0.0,0.01553914708190667,0.0,0.0,0.0,0.0,0.17754389114193184,0.06095926932200233,0.0,0.0,0.023606473181214123,0.0,0.009503452073972643,0.04333948089675886,0.0,0.0,0.1207628566826578
2018-07-20,0.0,0.0970759435954714,0.0,0.0,0.34544968348338095,0.0,0.0,0.0,0.03764912673824325,0.05008761205415577,0.0,0.01738925386568858,0.0,0.0,0.0,0.0,0.1874936835439907,0.038702138348343997,0.0,0.0,0.0048580972002796215,0.0,0.007809777785500736,0.033798129836530216,0.0,0.0,0.12968655354821104
2018-07-27,0.0,0.01257149162516429,0.0,0.0,0.3904448603621109,0.0,0.0,0.0,0.033988996389895214,0.03060246651666244,0.0,0.0,0.0,0.0,0.0,0.0,0.18734969534978257,0.06332374911269492,0.0,0.0,0.030943811156169555,0.0,0.019849184300396693,0.041090351706344966,0.0,0.01856889856819826,0.12126649491178922
2018-08-03,0.0,0.0,0.0,0.0,0.3794157962593609,0.0,0.0,0.0,0.028013310503201758,0.08578876112792397,0.0,0.0,0.0,0.0,0.0,0.0,0.1574766602916631,0.07023227982678011,0.0,0.0,0.056645224087220385,0.0,0.010991134415888976,0.020907796591033787,0.0,0.022342172862029854,0.11392791119657776
2018-08-10,0.0,0.0,0.0,0.0,0.3794456808581822,0.0,0.0,0.0,0.030988198424849643,0.07979720703203058,0.0,0.0,0.0,0.0,0.0,0.0,0.1597344197577452,0.06819289275149723,0.0,0.0,0.06759500101375768,0.0,0.0,0.024741236752431527,0.0,0.02861975395480592,0.11088560945428469
2018-08-17,0.0,0.00835882314805296,0.0,0.0,0.37446744942531157,0.0,0.0,0.001157366202828547,0.009539719703676439,0.10735496795478916,0.0,0.0,0.0,0.0,0.0,0.0,0.1397481636155263,0.06826450403270398,0.0,0.0,0.07631072182730395,0.0,0.0,0.00832944971735345,0.0,0.02348794096433272,0.13298089340781483
2018-08-24,0.0,0.0,0.0,0.0,0.38201378009733955,0.0,0.0,0.0,0.011933400410013784,0.10714072501478825,0.0,0.0,0.0,0.0,0.0,0.0,0.11564264206611402,0.06874136246192523,0.0,0.0,0.0904293717114295,0.0,0.0,0.011067745539823372,0.0,0.040205049314441126,0.12282592338398067
2018-08-31,0.0,0.029027084334114914,0.0,0.0,0.38943100810250125,0.0,0.0,0.027536416214306646,0.05140482866218102,0.07573325492291713,0.0,0.0,0.0,0.0,0.0,0.0,0.11266859989354507,0.06751484887824738,0.0,0.0,0.06905484476674728,0.0,0.0,0.02196527094879777,0.0,0.02763117426230718,0.07803266901420124
2018-09-07,0.0,0.0,0.0,0.0,0.36940692849645057,0.0,0.0,0.027147772132596136,0.054610399050198245,0.08766096925192961,0.0,0.0,0.0,0.0,0.0,0.0,0.10035819378524623,0.06128505739266609,0.0,0.0,0.11122113540090177,0.0,0.0,0.013796138689420144,0.006328928721259344,0.0164245936297584,0.10175988344932242
2018-09-14,0.0,0.0,0.0,0.0,0.34383807670903566,0.0,0.0,0.057028289671955015,0.05136089265513628,0.08771350924367836,0.0,0.0,0.0,0.0,0.0,0.0,0.09052660550679549,0.06782110313854275,0.0,0.0,0.10243818843900736,0.0,0.0,0.01834494800997018,0.0,0.025542798591753343,0.10538558803348853
2018-09-21,0.0,0.0,0.0,0.0,0.3396779482076233,0.0,0.0,0.02871448209955007,0.02094230150146429,0.11590416671027473,0.0,0.0,0.0,0.0,0.0,0.0,0.08816530315975107,0.06704326576962392,0.0,0.0,0.10613230281324333,0.0,0.0,0.014005320022269688,0.0,0.03573235479056636,0.13368255492546413
2018-09-28,0.0,0.0,0.0,0.0,0.3308656680888242,0.0,0.0,0.02851858395193983,0.015158607348169402,0.11589487341759631,0.0,0.0,0.0,0.0,0.0,0.0,0.09424820003309153,0.06819328287975156,0.0,0.0,0.10128797615390094,0.0,0.0,0.012488469624503685,0.0,0.03851779512919101,0.14482654337225076
2018-10-12,0.0,0.0,0.0,0.0,0.3000693341019556,0.0,0.0,0.0,0.0,0.12732555989414648,0.0,0.0,0.0,0.0,0.0,0.0,0.10997500343649318,0.09336260639829422,0.0,0.0,0.10159069742840918,0.0,0.0,0.02258238635381221,0.012175239581688101,0.015036615707472232,0.1678825570951761
2018-10-19,0.0,0.0,0.0,0.0,0.2945976884480694,0.0,0.0,0.0,0.0,0.1245994805776747,0.0,0.0,0.0,0.0,0.0,0.0,0.05876852382222855,0.0707285880087666,0.0,0.0,0.13599807786165197,0.0,0.0,0.006763601166385346,0.0028817562183758743,0.0642519679379037,0.19141031595884345
2018-10-26,0.0,0.0,0.0,0.0,0.29529795016442995,0.0,0.0,0.0,0.0,0.11034456318020286,0.0,0.0008524847973810616,0.0,0.0,0.0,0.0,0.03504950641469559,0.08436168983058714,0.0,0.0,0.15962512421356798,0.0,0.0,0.012607498839715205,0.03187864281164616,0.03448293387441763,0.18549960587320574
2018-11-02,0.0,0.0,0.0,0.0,0.2988581663743144,0.0,0.0,0.0,0.0008440656577837732,0.08354757882215286,0.0,0.0,0.0,0.0,0.0,0.0,0.024119215062834567,0.07044693082063758,0.0,0.0,0.1723106075435118,0.0,0.0,0.021606573599947682,0.03313774617564211,0.05357572900087676,0.19155338693948817
2018-11-09,0.0,0.0007496877028318755,0.0,0.0,0.2949340044035289,0.0,0.0,0.0,0.008956985478197886,0.08687069277590105,0.0,0.0,0.0,0.0,0.0,0.0,0.04248032668334625,0.062471286183713684,0.0,0.0,0.15591157015813484,0.0,0.0,0.02286549009434527,0.012069038834553887,0.07856181308580883,0.18412910459947793
2018-11-16,0.0,0.0,0.0,0.0,0.2949791084730282,0.0,0.0,0.0,0.01567138364844345,0.08311455155079171,0.0,0.0,0.0,0.0,0.0,0.0,0.06504411763766156,0.06206882848051426,0.0,0.0,0.14478957393908903,0.0,0.0,0.012447630108032478,0.024820462212376087,0.06917251011964111,0.17789183382752155
2018-11-23,0.0,0.0,0.0,0.0,0.2582211179433478,0.0,0.0,0.0,0.02415978479963287,0.021396167707449086,0.0,0.0,0.0,0.0,0.0,0.0,0.09813296038508311,0.08488125215053811,0.0,0.0,0.14612521908638545,0.0,0.0,0.057180073058379105,0.02850725381993058,0.05679175632246221,0.17460441472658741
2018-11-30,0.0,0.0,0.0,0.0,0.25828917328038886,0.0,0.0,0.0,0.01642304124528312,0.018110872099524913,0.0,0.0,0.0,0.0,0.0,0.0,0.08491771239876837,0.09120087721488124,0.0,0.0,0.15851337241306757,0.0,0.0,0.05847514580598248,0.037548665481953666,0.047487210583050214,0.17903392947650398
2018-12-07,0.0,0.0,0.0,0.0,0.18547500813648785,0.0,0.0,0.0,0.011714027202995499,0.030761007669893186,0.013681953584394477,0.0,0.0,0.0,0.0,0.0,0.09799100622910457,0.1114536638597414,0.0,0.0,0.1693242429466901,0.0,0.0,0.05825065903915026,0.04138019877283698,0.035649657890720464,0.18891257990792543
2018-12-14,0.0,0.0,0.0,0.0,0.17172897687205688,0.0,0.0,0.0,0.019880445947003316,0.02571027777229302,0.03591999654134813,0.0,0.0,0.0,0.0,0.0,0.10606741003574222,0.10181135087776717,0.0,0.0,0.1613434669553745,0.0,0.0,0.05612087849205264,0.03687143002553595,0.027603854786528718,0.19673810364073496
2018-12-21,0.0,0.0,0.0,0.0,0.20809889480269972,0.0,0.0,0.0,0.01432971363245901,0.014370762893083588,0.040307309697313866,0.0,0.0,0.0,0.0,0.0,0.12169242212539567,0.08345733450963673,0.0,0.0,0.15164449020018458,0.0,0.0,0.027887517767841777,0.0581562570566517,0.02472362104367727,0.20190108747196706
2018-12-28,0.0,0.0,0.0,0.0,0.21170997617861004,0.0,0.0,0.0,0.027468051391432425,0.032191782467172504,0.015041244512713001,0.0,0.0,0.0,0.0,0.0,0.13759869674670078,0.08776628313495588,0.0,0.0,0.14456953263962738,0.0,0.0,0.025532070197317142,0.05940194130262655,0.014730844723742045,0.1853615188873619
2019-01-04,0.0,0.0,0.0,0.0,0.2422303870746276,0.0,0.0,0.0,0.027282245585659413,0.02695372639678491,0.008716603228914285,0.0,0.0,0.0,0.0,0.0,0.11381503653011234,0.08421404841527723,0.0,0.0,0.1451827186241201,0.0,0.0,0.03411782518584916,0.06447288799041946,0.02983685115237369,0.1731776698155035
2019-01-11,0.0,0.0,0.0,0.0,0.24294870145821645,0.0,0.0,0.0,0.056408131210578714,0.02176742389604077,0.0,0.0,0.0,0.0,0.0,0.0,0.11141970455214725,0.07738795546620968,0.0,0.0,0.13942363264892135,0.0,0.0,0.03559349267885012,0.0672567563033407,0.03264840420705011,0.1651457975784426
2019-01-18,0.0,0.0,0.0,0.0,0.2234841096321427,0.0,0.0,0.0,0.060520587965876706,0.028288380425614185,0.0,0.0,0.0,0.0,0.0,0.0,0.09232087663760351,0.09921982689847413,0.0,0.0,0.16593105403135783,0.0,0.0,0.037382296127281466,0.09252573658835242,0.009072410783291528,0.14125472090982
2019-01-25,0.0,0.0,0.0,0.0,0.21588393238112796,0.0,0.0,0.02628771515094484,0.06851024318691468,0.05160944131787969,0.0,0.0,0.0,0.0,0.0,0.0,0.13860168018399383,0.07606342055036984,0.0,0.0,0.11242751635573181,0.0,0.0,0.0,0.1299375224494005,0.0,0.13067852842307887
2019-02-01,0.0,0.0,0.0,0.0,0.21297363454864493,0.0,0.0,0.0,0.08533481887068783,0.05340828375079045,0.0,0.0,0.0,0.0,0.0,0.0,0.135112339414954,0.061618878045598596,0.0,0.0,0.10843943357687262,0.0,0.0,0.018281395948406248,0.14111277841936562,0.0,0.13371843742438744
2019-02-15,0.0,0.0,0.0,0.0,0.23324802113831827,0.0,0.0,0.019043494191952923,0.0995286341607742,0.07535070776206076,0.0,0.0,0.0,0.0,0.0,0.0,0.10617778540450318,0.04875390563084961,0.0,0.0,0.09317537879513552,0.0,0.0,0.0,0.15859084019609115,0.0,0.11613123272010582
2019-02-22,0.0,0.0,0.0,0.0,0.2276351152822936,0.0,0.0,0.011307424318287823,0.08908216254175995,0.07699515191979782,0.0,0.0,0.0,0.0,0.0,0.0,0.11891264010333676,0.0415769538053461,0.0,0.0,0.08796842910129712,0.0,0.0,0.006718408417174697,0.14724131409830632,0.025333921187292954,0.11722847922477386
2019-03-01,0.0,0.0,0.0,0.0,0.29637826798873834,0.0,0.0,0.0,0.08929156591234852,0.1252032639918045,0.0,0.0,0.0,0.0,0.0,0.0,0.14325787111036023,0.039811324251003165,0.0,0.0,0.039810054663347555,0.0,0.0,0.0,0.11865781384411687,0.0,0.09758983823794935
2019-03-08,0.0,0.0,0.0,0.0,0.2953862843856535,0.0,0.0,0.0,0.0383685447789998,0.08837133369255383,0.0,0.0,0.0,0.0,0.0,0.0,0.20902996936173915,0.017993800912022538,0.0,0.0,0.0,0.0,0.0,0.0,0.14433438529258497,0.0,0.15194946541335577
2019-03-15,0.0,0.0,0.0,0.0,0.31676505510190106,0.0,0.0,0.0,0.08648992760357699,0.07430739264087656,0.0,0.03587716230956859,0.0,0.0,0.0,0.06162319685933824,0.13225998235046157,0.03283948178202228,0.0,0.0,0.0,0.0,0.0,0.0,0.0662033885308699,0.0,0.1436344128212422
2019-03-22,0.0,0.0,0.0,0.0,0.3082826350782247,0.0,0.0,0.0,0.11423366608653326,0.04433804124310025,0.0,0.0202144001767655,0.0,0.0,0.0,0.07909434957518766,0.1393895248485055,0.038761438857152754,0.0,0.0,0.0,0.0,0.0,0.0,0.08411490937892832,0.0,0.12157103475539542
2019-03-29,0.0,0.0,0.0,0.0,0.29610670229987474,0.0,0.0,0.0,0.10602449976854321,0.04745372117817769,0.0,0.05084727429099252,0.0,0.0,0.0,0.07163068604361704,0.14373144499278803,0.025064046907365703,0.0,0.0,0.0,0.0,0.0,0.0,0.07512248953625546,0.0,0.1340191349821456
2019-04-05,0.0,0.0,0.0,0.0,0.29151959887170276,0.0,0.0,0.021993869837129705,0.10562067781809942,0.050934106015762606,0.0,0.049568555237112316,0.0,0.0,0.0,0.06767107486112074,0.14234993844054095,0.019376725035513503,0.0,0.0,0.0,0.0,0.0,0.0,0.07595813039267765,0.0,0.12500732348961885
2019-04-12,0.0,0.0,0.0,0.0008511645983627943,0.2599625286959642,0.0,0.0,0.1305749830315365,0.051319609996636865,0.10433777101843905,0.0,0.0076155017764075895,0.0,0.0,0.0,0.014249793404135418,0.1585313360733173,0.0,0.0,0.0,0.0,0.0,0.0,0.0,0.09215842024304512,0.0,0.13039889116200376
2019-04-19,0.0,0.0,0.0,0.013393792063183333,0.26512623836714,0.0,0.0,0.1339718708270166,0.09724209127082155,0.09682736965392794,0.0,0.013208888546504548,0.0,0.0,0.0,0.016476412081720297,0.12607202607212423,0.0032388385524717233,0.0,0.0,0.0,0.0,0.0,0.0,0.07651958444779693,0.0,0.10792288811699666
2019-04-26,0.0,0.0,0.0,0.010527379557749001,0.2975331168260158,0.0,0.0,0.0822572421819427,0.06260210450045928,0.10364631235310899,0.0,0.04431558633174375,0.0,0.0,0.0,0.0,0.11681868258526995,0.0,0.0,0.0,0.0,0.0,0.0,0.0,0.09682340495648087,0.00040304243264046105,0.11234378022934637
2019-05-03,0.0,0.0,0.0,0.009922657885129105,0.3639673361897999,0.03939975526737503,0.0,0.028016493446588714,0.09160894436180343,0.08344683040811089,0.0,0.0,0.0,0.0,0.0,0.0,0.05730821588918382,0.0,0.0,0.0,0.0,0.0,0.0,0.0,0.16434414977235567,0.0,0.10231298860571694
2019-05-10,0.0,0.0,0.0,0.023633299563232804,0.32775941173054984,0.0,0.0,0.03183862092989256,0.0791235392735321,0.0844239701217775,0.0,0.0,0.0,0.0,0.0,0.0,0.0370766409352874,0.019731742028762652,0.0,0.0,0.03421202089746785,0.0,0.0,0.0,0.1403605900175183,0.022751099799474723,0.14908906470234468
2019-05-17,0.0,0.0,0.0,0.024536557271781365,0.34313513190908296,0.0,0.0,0.020094333680410588,0.0766380815405682,0.10943381765419247,0.0,0.0010873010715380927,0.0,0.0,0.0,0.0,0.026696877528986175,0.023779931002232205,0.0,0.0,0.03316529254858735,0.0,0.0,0.0,0.13487071348146423,0.024410182591333988,0.13215177971942862
2019-05-24,0.0,0.0,0.0,0.03936727308374914,0.3372428412818921,0.0,0.0,0.01504579680158114,0.08946275344741027,0.0986816881528101,0.0,0.0,0.0,0.0,0.0,0.0,0.0,0.02996293631004332,0.0,0.0,0.04769284540527026,0.0,0.0,0.0,0.11981999022611158,0.021495293863958216,0.1512285814214072
2019-05-31,0.0,0.0,0.0,0.03307553352807321,0.3412340766517477,0.0,0.0,0.0178546218066072,0.07767836083030676,0.10532716981799574,0.0,0.0,0.0,0.0,0.0,0.0,0.02069713787141873,0.01876802153143804,0.0,0.0,0.036859649521493024,0.0,0.0,0.0,0.12318468909962835,0.0230882488940565,0.1522324904468326
2019-06-07,0.0,0.0,0.0,0.027199165325843582,0.3351500137316963,0.0043132554416325485,0.0,0.020317838136460122,0.08047908132440346,0.09431267817354347,0.0,0.001370651569605999,0.0,0.0,0.0,0.0,0.02701528910698862,0.013465247984043416,0.0,0.0,0.032636266997824355,0.0,0.0,0.0,0.14118008509822733,0.02367632130335138,0.14888410580552036
2019-06-14,0.0,0.0,0.0,0.02306265858368957,0.326823344870826,0.008716787113880391,0.0,0.03423997524840606,0.0894945910042596,0.07725171533471406,0.0,0.003835408125567927,0.0,0.0,0.0,0.0,0.039888881181153774,0.0028861388918975054,0.0,0.0,0.027055198529702937,0.0,0.0,0.0,0.13901433763689877,0.02217181393517549,0.15555914954339078
2019-06-21,0.0,0.0,0.0,0.015975659955892885,0.30784715000747115,0.0,0.0,0.04874310189060351,0.08722059061168955,0.05687745442606812,0.0,0.00639942844631492,0.0,0.0,0.0,0.0,0.05150981118812461,0.01388376129285574,0.0,0.0,0.027417403982594023,0.0,0.0,0.0,0.12532685048310743,0.03975824224066352,0.16904054547410707
2019-06-28,0.0,0.0,0.0,0.013162190356715012,0.28151810300891006,0.0,0.0,0.041464274739678224,0.07091371945029097,0.06715038925671642,0.0,0.016063983857871677,0.0,0.0,0.0,0.0,0.08529437315714018,0.02642707368592215,0.0,0.0,0.0038296696579244683,0.0,0.0,0.0,0.1215056123070284,0.04785449062134259,0.1748161198996655
2019-07-05,0.0,0.0,0.0,0.02214111208712767,0.29144950939237696,0.0,0.0,0.03354574216825436,0.07828926528182904,0.05579635380738643,0.0,0.0,0.0,0.0,0.0,0.0,0.07251325814624088,0.06325744459546165,0.0,0.0,0.0053324191918126,0.0,0.0,0.0,0.09995186115154715,0.04628669298752825,0.18143634114072144
2019-07-12,0.0,0.0,0.0,0.02571904022922611,0.2908469711025637,0.0,0.0,0.0,0.08211231599797819,0.0772403124001413,0.0,0.0,0.0,0.0,0.0,0.0,0.06905052943288803,0.04631999963806076,0.0,0.0,0.02177371909919131,0.0,0.0,0.0,0.10886256920777088,0.036246887832146496,0.1918276550598206
2019-07-19,0.0,0.0,0.0,0.03370917138264873,0.2763928636686849,0.0,0.0,0.0,0.08707865372963823,0.0876255068964462,0.0,0.0,0.0,0.0,0.0,0.0,0.06190864839313166,0.03749299938535495,0.0,0.0,0.03612467613606,0.0,0.0,0.0,0.09559416308172489,0.03464362241970299,0.19942969490596815
2019-07-26,0.0,0.0,0.0,0.022086769850135003,0.2740442435996519,0.0,0.0,0.0,0.08120434698874039,0.07722723051294336,0.0,0.0,0.0,0.0,0.0,0.0,0.09693646078956228,0.04488508217209518,0.0,0.0,0.027395352725157182,0.0,0.0,0.0,0.10826874508377729,0.025650365251386396,0.19230140302637047
2019-08-02,0.0,0.0,0.0,0.024259761808761736,0.2752897692774139,0.0,0.0,0.0,0.07739187958294423,0.07648867014004715,0.0,0.0,0.0,0.0,0.0,0.0,0.07690375646029853,0.05463080900393139,0.0,0.0,0.03935324473128835,0.0,0.0,0.0,0.10700895241045306,0.02163498537021684,0.19703817121444164
2019-08-09,0.0,0.0,0.0,0.013964689507280232,0.2749674503264091,0.0,0.0,0.0,0.04858989624237372,0.07022933322548972,0.0,0.0,0.0,0.0,0.0,0.0,0.10673196951924871,0.07553844929307989,0.0,0.0,0.01406552248359311,0.0,0.0,0.0,0.10536829683948007,0.0398836333160612,0.20066075924662677
2019-08-16,0.0,0.0,0.0,0.0191337114375578,0.2723798520076397,0.0,0.0,0.0,0.06452227922942541,0.07226636493651346,0.0,0.0,0.0,0.0,0.0,0.0,0.10765713445716191,0.05002431917889265,0.0,0.0,0.009294386675577058,0.0,0.0,0.0,0.12510028421931021,0.04262007752092151,0.18700159033681002
2019-08-23,0.0,0.0,0.0,0.01390902878506616,0.2304543176595543,0.0,0.0,0.0,0.08437833426064864,0.0823666064793426,0.0,0.0,0.0,0.0,0.0,0.0,0.11287992437283235,0.03959220018170525,0.0,0.0,0.02460503000205154,0.0,0.0,0.0,0.11037110707670485,0.07651715039819991,0.174926300783725
2019-08-30,0.0,0.0,0.0,0.013773129189804008,0.20197216522984665,0.0,0.0,0.0,0.10094820768284306,0.069462013102252,0.0,0.0,0.0,0.0,0.0,0.0,0.08123167341480725,0.03845462541366588,0.0,0.0,0.055232908846339995,0.0,0.0,0.0,0.10801991263719157,0.08918713978069971,0.19171822470222344
2019-09-06,0.0,0.0,0.0,0.013883090941094823,0.1768277954675536,0.0,0.0,0.0,0.09249997984222862,0.07512939582004409,0.0,0.0,0.0,0.0,0.0,0.0,0.09614036446322467,0.037985305148573324,0.0,0.0,0.04595988245455962,0.0,0.0,0.0,0.1222649184583986,0.08016607372652934,0.20545418142920238
2019-09-13,0.0,0.0,0.0,0.0,0.13157283546056628,0.0,0.0,0.0,0.08486799713369811,0.07036773933697126,0.0,0.0,0.0,0.0,0.0,0.0,0.10669920968546921,0.05029853994840591,0.0,0.0,0.09522319263537708,0.0,0.0,0.0,0.12394708164480207,0.03978339290444736,0.23943168643948845
2019-09-20,0.0,0.0,0.0,0.0,0.12327886869614357,0.0,0.0,0.0,0.08768299122646217,0.07190244836260543,0.0,0.0,0.0,0.0,0.0,0.0,0.09386343283767128,0.019976538125285857,0.0,0.0,0.09759733118650817,0.0,0.0,0.0,0.11891085923379248,0.059602802078113026,0.2519537762428053
2019-09-27,0.0,0.0,0.0,0.018112989525195303,0.15217281748730785,0.0,0.0,0.0,0.07751445877853999,0.0658749571060281,0.0,0.0,0.0,0.0,0.0,0.0,0.08893325898273206,0.01604652916161839,0.0,0.0,0.09497983279150417,0.0,0.0,0.0,0.09522437750777109,0.08262535790171349,0.24297798455250594
2019-10-04,0.013518421037181524,0.0,0.0,0.0172835059558221,0.15290093234727392,0.0,0.0,0.0,0.07786731942955212,0.04761377218812104,0.0,0.0,0.0,0.0,0.0,0.0,0.09148102562227801,0.016951971420382662,0.0,0.0,0.0956938971213286,0.0,0.0,0.0,0.09318818214708115,0.0870078826481198,0.24016894559156404
2019-10-11,0.11516762944704878,0.0,0.0,0.01007180185433161,0.165404063602223,0.0,0.0,0.0,0.07190459347631549,0.0,0.0,0.0,0.0,0.0,0.0,0.0,0.0986288867145335,0.008386641661639193,0.0,0.0,0.09015554130278651,0.0,0.0,0.0,0.051722678635787944,0.08391738797303246,0.22794090864698668
2019-10-18,0.11219893390725727,0.0,0.0,0.009618135339371465,0.16469118516677622,0.0,0.0,0.0,0.07248875917450469,0.0,0.0,0.0,0.0,0.0,0.0,0.0,0.10246286679050107,0.010217664146825005,0.0,0.0,0.08771423896191581,0.0,0.0,0.0,0.01697256121115313,0.11039377405167848,0.2146017513235385
2019-10-25,0.10722606939889925,0.0,0.0,0.0011454885821302536,0.178880512260745,0.0,0.0,0.0,0.07306517374703371,0.0,0.0,0.0,0.0,0.0,0.0,0.0,0.09443673323310922,0.0025914564451259654,0.0,0.0,0.0941695254690969,0.0,0.0,0.0,0.014788550477699882,0.12259984794588374,0.208361325515076
2019-11-01,0.09948671495100388,0.0,0.0,0.006943351063781236,0.20293093263876807,0.0,0.010842340397253653,0.0,0.10589211827694829,0.0014227543291751355,0.0,0.008492815731209762,0.0,0.0,0.0,0.0,0.1361578713487039,0.0,0.0,0.0,0.006659911483372671,0.0,0.016216565514117893,0.0,0.0,0.1372821499635141,0.1808552899676062
2019-11-08,0.07865518299488,0.0,0.0,0.007520759766574095,0.2011561582809162,0.0,0.026447126824429873,0.0,0.10591031442976506,0.0,0.0,0.0019165760909902294,0.006558839899992062,0.0,0.0,0.0,0.14482350377601713,0.0,0.0,0.0,0.0,0.0,0.003953895505747707,0.0,0.009322046925925047,0.15155794134874256,0.1776277370485821
2019-11-15,0.047742929836779524,0.0,0.0,0.0,0.21004439437931163,0.0,0.02755703968191092,0.0,0.08610114596608741,0.0,0.0,0.0,0.006493420058877878,0.0,0.0,0.0,0.145546876487259,0.0,0.0,0.0,0.0,0.0,0.012095839593797049,0.0,0.031241087455514693,0.15000810972573933,0.18805201462106377
2019-11-22,0.02892240195961829,0.0,0.0,0.0,0.21950211114243076,0.0,0.024781087640463762,0.0,0.09222840057158033,0.0,0.0,0.010430260178341543,0.010583385527183234,0.0,0.0,0.0,0.15688756916380167,0.0,0.0,0.0,0.0,0.0,0.0006420585555853,0.0,0.009688745271549089,0.15469215891745072,0.1866939140812833
2019-11-29,0.07553856542461634,0.0,0.0,0.0,0.2071950064260697,0.0,0.021108064917738294,0.0,0.10222331013504882,0.00753306239753103,0.0,0.026805935757387146,0.012449866343413718,0.0,0.002488125161625934,0.0,0.12946038557734293,0.0,0.0,0.0,0.0,0.0,0.0,0.002707927608037516,0.0,0.14651503123666382,0.1891394301492647
2019-12-06,0.08979964845674906,0.0,0.0,0.0,0.17688735295690305,0.0,0.023569748978688635,0.0,0.11690380985050731,0.0,0.0,0.0315655735752674,0.024804159159845074,0.0,0.0,0.0,0.13608736416091322,0.0,0.0,0.0,0.0,0.0,0.0,0.0,0.0,0.13549778302928636,0.20208073503352758
2019-12-13,0.09050750660375877,0.0,0.0,0.0,0.17203213674015147,0.0,0.031141728867067096,0.0,0.10437448670601766,0.011934084461092884,0.0,0.07202260186766454,0.007086121422498047,0.0,0.03253736431178105,0.0,0.14176269389114893,0.0,0.0,0.0,0.0,0.0,0.0015336185354902594,0.0,0.0,0.049611150852264536,0.19910769298759298
2019-12-20,0.07840687067132013,0.0,0.0,0.0,0.17015725725985067,0.0,0.018117075261141233,0.0,0.11649800766624163,0.03140928550439101,0.0,0.02752225948506958,0.0,0.0,0.03231658684184675,0.0,0.13127285948031364,0.0,0.0,0.0,0.015083481293208932,0.0,0.0,0.012906609095901798,0.0,0.047142247906974084,0.20573794713048488
2019-12-27,0.0746461505163503,0.0,0.0,0.0,0.142939106588553,0.0,0.010001663431482889,0.0,0.11977327988330903,0.046916924118022216,0.0,0.0,0.008706353558830744,0.0,0.07379562537513139,0.0,0.1387326703271354,0.0,0.0,0.0,0.009200946843598535,0.0,0.00898030096605602,0.0010569228234348696,0.0,0.016959633059542047,0.21342853293930925
2020-01-03,0.026849288147069463,0.03662717921645842,0.0,0.0,0.1493086290662624,0.0,0.019862252700889656,0.0,0.12607831654427676,0.05034951659799867,0.0,0.0,0.009841578481239684,0.0,0.08357058573265311,0.0005164413356278159,0.14366352462374576,0.004411180235233443,0.0,0.0,0.0,0.0,0.0026264941072744147,0.0,0.03238984052427057,0.004642231177717818,0.1868335118098007
2020-01-10,0.0,0.08853794609081446,0.0,0.01728043993416473,0.1704116682175706,0.0,0.003961637644343254,0.0,0.13030063879351117,0.014308911376882243,0.0,0.0,0.0,0.0,0.06827958900398194,0.0014809408437353874,0.11540678143279386,0.006858286330618193,0.0,0.0,0.0,0.0,0.0,0.03939560931888992,0.02966226949510218,0.015259848173757562,0.18682087406270786
2020-01-17,0.0,0.07523127734621106,0.0,0.014542534313578437,0.1726758454122079,0.0,0.02756359027603654,0.0,0.10801234246199637,0.0325205204973995,0.0,0.0,0.0,0.0,0.08034554674711868,0.0,0.10207563362343873,0.016379030138354712,0.0,0.0,0.011785356088205719,0.0,0.0,0.019628238412980666,0.039680558274204455,0.010397280084773376,0.19831721347697107
2020-01-24,0.0,0.006996166874170586,0.0,0.028529055397272136,0.13752145365708557,0.0,0.022325065866451145,0.0,0.12290436612867184,0.0364702303656583,0.0,0.0,0.0,0.06059277344094191,0.06658051888870033,0.03303785283253457,0.1297923693702877,0.0,0.0,0.0,0.02125020370064489,0.0,0.005755794871503296,0.01827596458448251,0.035583723417649066,0.0218695832751761,0.20251487732767554
2020-02-07,0.0,0.018211643017452386,0.0,0.04136482796843116,0.11871488127035984,0.0,0.0,0.0,0.19586701702945264,0.056333919552622826,0.0,0.0,0.0,0.0,0.0,0.01275211384609324,0.19462606741567948,0.0,0.0,0.0,0.018016276176971394,0.0,0.0,0.0,0.10645673635023564,0.0,0.18765651737250574
2020-02-14,0.0,0.0,0.0,0.06487478028914975,0.11758761859159443,0.0,0.0,0.0,0.1750756013227981,0.07864373889481863,0.0,0.0,0.0,0.0,0.0,0.022670932203469208,0.18413497688040825,0.0,0.0,0.0,0.034096171158788026,0.0,0.0,0.0,0.10056053213778444,0.0002230376751619882,0.17213261084532475
2020-02-21,0.0,0.0,0.0,0.06577602865816586,0.13077110565730146,0.0,0.0045904585373311565,0.0,0.16154759231887408,0.08215490805920736,0.0,0.0,0.0,0.0,0.0,0.0019302711756964443,0.187065282495757,0.0,0.0,0.0,0.054359772997138935,0.0,0.0,0.0,0.1125861909178898,0.0,0.1492183891823624
2020-02-28,0.0,0.0,0.0,0.04883789659945841,0.13759371466684014,0.0,0.0,0.0,0.16139637764189935,0.06331330201272248,0.0,0.0,0.010670724855118503,0.0,0.0,0.023010622482437404,0.20605521792159454,0.0,0.0,0.0,0.06314614823599973,0.0,0.0,0.0,0.0718443741857556,0.0,0.1641316213955107
2020-03-06,0.0,0.015738727678129057,0.0,0.023347616609405892,0.15207202918367277,0.0,0.0,0.0,0.12234512015568438,0.10598080676769914,0.0,0.0,0.027937673478941535,0.0,0.0,0.0,0.20275484374632397,0.0,0.0,0.0,0.06856862484749411,0.0,0.0,0.0,0.0659519027911421,0.0051745523537101,0.1569736409784702
2020-03-13,0.0,0.02088356752614501,0.0,0.03315209465715556,0.17280219164761892,0.0,0.0,0.0,0.12433331096188403,0.10688815557477009,0.0,0.0,0.040470132079268854,0.0,0.0,0.0,0.19879085750679326,0.0,0.0,0.0,0.052913020377661414,0.0,0.0,0.0,0.049475756018332255,0.003941502198691717,0.1463494114515251
2020-03-20,0.0,0.03432451729978735,0.0,0.019260721041834343,0.16802299360001113,0.0,0.0,0.0,0.07895108321486567,0.12441061732452356,0.0,0.0,0.01587447857342477,0.0,0.0,0.022867912961356793,0.20431168535279962,0.0,0.0,0.0,0.047590394690966084,0.0,0.0,0.0,0.05835426767545084,0.02538710367842977,0.1506442245803283
2020-03-27,0.0,0.020128976523443604,0.0,0.01932278769348444,0.1665487384394629,0.0,0.0,0.0,0.08653367457059015,0.11677401354782263,0.0,0.0,0.028027858276597817,0.0,0.0104318984703817,0.0006825735814930525,0.20494297115707744,0.0,0.0,0.0,0.05640746970471619,0.0,0.0,0.0,0.051188314129526756,0.026483737902984666,0.1625269860021497
2020-04-03,0.0,0.01932511698642109,0.0,0.035757178856799875,0.17597105692941292,0.0,0.0,0.0,0.07240907317214991,0.12007027615236979,0.0,0.0,0.006307804408681083,0.0,0.03136589769470679,0.0,0.202364599275758,0.0,0.0,0.0,0.050301072401008194,0.0,0.0,0.0,0.04237706804281504,0.018690940564084747,0.17505991551565228
2020-04-10,0.0,0.025804537114039624,0.0,0.030215601278827678,0.17525670245196565,0.0,0.0,0.0,0.0997531680623847,0.10433648839458312,0.0,0.0,0.00026086913413798083,0.0,0.033877771320395156,0.0,0.18242646012016508,0.0,0.0,0.0,0.05328833688057839,0.0,0.0,0.0,0.03619033798425994,0.04072960923932671,0.16786011801915984
2020-04-17,0.0,0.03954931540725221,0.0,0.023647799341257533,0.17367665494121767,0.0,0.0,0.0,0.12128289079424706,0.11985393654043866,0.0,0.0,0.019606905008293235,0.0,0.013069971103633274,0.0009142602669841929,0.18286443749580675,0.0,0.0,0.0,0.03752335191974278,0.0,0.0,0.0,0.006456105784155854,0.046469502327769016,0.16508486906896497
2020-04-24,0.0,0.03616506604295513,0.0,0.023143072462167017,0.14726579780712373,0.0,0.0,0.0,0.12123652013156197,0.10954135067592663,0.0,0.0,0.02064377206182451,0.0,0.03542077054303932,0.004598551714625556,0.17265869387725977,0.0,0.0,0.0,0.05108078702909014,0.0,0.0,0.0,0.04803499710286762,0.0,0.18021062054529594
2020-05-01,0.0,0.033950666437588,0.0,0.02873806545460816,0.1569640821354991,0.0,0.0,0.0,0.10549891352558828,0.12138667843075653,0.0,0.0,0.00168030832019272,0.0,0.0,0.019577282832261546,0.185543985416047,0.0,0.0,0.0,0.03858659848380126,0.0,0.0,0.0,0.059880014963884,0.0,0.19819340399959612
2020-05-08,0.0,0.03262921980062178,0.0,0.03609186352506473,0.14892230521103378,0.0,0.0,0.0,0.10363179289328897,0.12138761036149756,0.0,0.0,0.0,0.0,0.0,0.016022510038746274,0.1779381149572034,0.0,0.0,0.0,0.043153476224508595,0.0,0.0,0.0,0.07545009536449977,0.0066253829267354045,0.18814762869608373
2020-05-15,0.0,0.033760670162537545,0.0,0.03529076522816769,0.15271100190376058,0.0,0.0,0.0,0.09855333161608631,0.12095633726637858,0.0,0.0,0.0,0.0,0.0,0.022262745565587872,0.17646211699572792,0.0,0.0,0.0,0.04100357245575834,0.0,0.0,0.0,0.07113112960525968,0.0036791294815903515,0.19418919971842083
2020-05-22,0.0,0.01453808568130123,0.0,0.034295720120957725,0.15901313465873768,0.0,0.0020207926004797436,0.0,0.09948049996676557,0.12253897529095037,0.0,0.0,0.003880112131853795,0.0,0.0,0.02936641755657673,0.15056080536680522,0.0,0.0,0.0,0.06481045403804576,0.0,0.0,0.0,0.04943628160574699,5.733796480713476e-05,0.22000138301681713
2020-05-29,0.0,0.02467668551956491,0.0,0.032912277438080326,0.1666187353864046,0.0,0.0,0.0,0.09826109005610871,0.12253908669116413,0.0,0.0,0.00811458325859285,0.0,0.0,0.019096981561950926,0.15402382793705993,0.010407369787939802,0.0,0.0,0.05950542565082363,0.0,0.0,0.0,0.036528954765512836,0.0,0.2173149819465773
2020-06-05,0.0,0.002805727242898355,0.0,0.04427606750579218,0.1611775251975969,0.03786761247166264,0.0,0.0,0.09834899287336941,0.10694412764572327,0.0,0.0,0.006928054891956316,0.0,0.0,0.0,0.1753507593557696,0.0,0.0,0.0,0.054598197102425076,0.0,0.0,0.0,0.04399136390251637,0.018844565871895227,0.19886700593791673
2020-06-12,0.0,0.016377146344981493,0.0,0.04057292326473,0.1619125509655339,0.03730494830993489,0.0,0.0,0.10004684472454745,0.10411178745142255,0.0,0.0,0.012302855134522062,0.0,0.0,0.0014842555805445706,0.17024407875119213,0.0,0.0,0.0,0.047334199311399816,0.0,0.0,0.0,0.03654878632973142,0.025758435813654616,0.19600118801769909
2020-06-19,0.0,0.0012582975772017302,0.0,0.05046294930464372,0.14913150702737543,0.015143371926339865,0.0,0.0,0.09402978782382473,0.10036324569502503,0.0,0.008410543035901632,0.022473617249091072,0.0,0.0,0.0,0.18771405828371088,0.01413444557146967,0.0,0.0,0.042439071196383404,0.0,0.0,0.0,0.025874043771148502,0.03712140571716538,0.20144365582038984
2020-06-26,0.0,0.06694427441543938,0.0,0.030458868667221983,0.13395927096848678,0.0,0.0,0.0,0.087290479493344,0.09501764303043585,0.0,0.03499568385272856,0.005280213626376897,0.0,0.0,3.171987042437053e-05,0.17749885020337497,0.0,0.0,0.0,0.034975130323618035,0.0,0.0,0.006082820907087281,0.018267069810116585,0.0,0.25919797483122076
2020-07-03,0.0,0.022111875025859075,0.0,0.043442231435692896,0.15828437449415442,0.0,0.0,0.0,0.09711308573921787,0.08990806560071594,0.0,0.020879959164918773,0.005417892773253328,0.0,0.0,0.012433977649504841,0.17074254512162135,0.018954994013339138,0.0,0.0,0.05653935358189812,0.0,0.0,0.0015561720700310241,0.015287932406900623,0.0,0.2373275409227137
2020-07-10,0.0,0.027832120425322515,0.0,0.040457723863946235,0.17382138021854046,0.0,0.0,0.0,0.1010182006157865,0.11093934141066338,0.0,0.009974394963673161,0.012721801806349325,0.0,0.0,0.011427024973315115,0.17952692168573461,0.02114943029829706,0.0,0.0,0.03208660735156453,0.0,0.0,0.002881448969049436,0.0,0.0,0.226163603417334
2020-07-17,0.0,0.0021279796558671127,0.0,0.03139160388998376,0.15490799291694046,0.0,0.0,0.01394720683498287,0.14036238552560376,0.12746063816888456,0.0,0.0,0.0,0.0,0.0,0.004527079776541701,0.15261629550113698,0.023808031972972245,0.0,0.0,0.06812441260769661,0.0,0.0,0.0,0.0,0.0,0.19030872317986516
2020-07-24,0.0,0.0,0.0,0.02316476802059967,0.17859929881601364,0.0,0.0,0.024772071086929668,0.1375078181686698,0.10152631449056691,0.0,0.01453532912652934,0.0,0.0,0.0,0.007427976321043385,0.14336968989154822,0.017983509716637164,0.0,0.0,0.06881677526222706,0.0,0.0,0.0,0.0,0.0,0.199018278820766
2020-07-31,0.0,0.006669189693573735,0.0,0.026968089901559446,0.18012049259910343,0.0,0.0009055183131838287,0.004075689794866454,0.17349432524476888,0.06190640790769554,0.0,0.026070655804849675,0.0,0.04939243572516043,0.0,0.0,0.11730486630355645,0.01205145027287018,0.0,0.0,0.0854248082686768,0.0,0.0,0.0,0.0,0.0,0.18460661030753267
2020-08-07,0.0,0.0,0.0,0.026318089828702478,0.16828153996478987,0.0,0.0,0.0,0.149053606288895,0.0674787087486318,0.0,0.002313467388951424,0.013916199150501308,0.022637607147550712,0.0,0.0,0.12958605672185997,0.020565436704196104,0.0,0.0012908055668877233,0.09454860867801361,0.021651032472112877,0.0,0.0,0.0,0.0,0.1947065646412718
2020-08-14,0.0,0.0,0.0,0.00651260082652348,0.20492045800168746,0.0,0.010389522773430842,0.0,0.13082276332608064,0.07896736884901552,0.0,0.0,0.05729434506488513,0.0,0.0,0.0,0.12103635313443387,0.0309909171860616,0.0,0.0,0.07603311999105325,0.0,0.0,0.0,0.0,0.0,0.20268779464431197
2020-08-21,0.0,0.01319054879825611,0.0,0.00634209928416542,0.18809249827323538,0.0,0.009056571198890227,0.0,0.13287484102577857,0.07620893071848317,0.0,0.0,0.05774707665002241,0.0,0.0,0.010354136540819764,0.09438754897517591,0.03734909874083787,0.0,0.02293739124363731,0.06586497880835557,0.0,0.0,0.0,0.0,0.0,0.2198951808443757
2020-08-28,0.0,0.01874743133030363,0.0,0.03233128438598717,0.20506348778691558,0.0,0.01642440951605908,0.0,0.14952705877425945,0.06424493026152264,0.0,0.0,0.06374206615025638,0.0,0.0,0.0051050279165184755,0.10528466153413919,0.04125055741951258,0.0,0.0,0.03718642355789797,0.0,0.0,0.0,0.0,0.0,0.2087218585147915
2020-09-04,0.0,0.030302707394433498,0.0,0.037801233982564936,0.2171313909729894,0.0,0.013957243179688229,0.0,0.14240481669326355,0.07010917345484192,0.0,0.0,0.0513543933952905,0.0,0.0,0.0018803003856441719,0.11055138818931558,0.0485062373106541,0.0,0.0,0.02234048285094474,0.0,0.0,0.0038644974511507298,0.006644302651811455,0.0,0.19027690894409713
2020-09-11,0.0,0.0,0.0,0.03919690122227072,0.23514772870023165,0.0,0.0,0.0,0.15498802973645606,0.06826826626864894,0.0,0.0006060921617593915,0.07078300346130413,0.0,0.0,0.0,0.12081947791189991,0.05275329179388479,0.0,0.0,0.0,0.0,0.0,0.0,0.01343913381062246,0.0,0.18688193324766328
2020-09-18,0.0,0.0,0.0,0.043351979712865515,0.26861995998293936,0.0,0.0,0.0,0.13588321070928136,0.06439088435690231,0.0,0.04339401081713194,0.06300135832964525,0.0,0.0,0.0,0.10417715815287827,0.05049302145288275,0.0,0.0,0.0,0.0,0.0,0.0,0.004607810785961437,0.0,0.17208060569875433
2020-09-25,0.0,0.0,0.0,0.0464334892852212,0.2672915635729554,0.0,0.0,0.0,0.13648237342502234,0.059295141883064804,0.0,0.04282536612528822,0.07493716482468103,0.0,0.0,0.0,0.09940405911736745,0.05463994864493741,0.0,0.0,0.0,0.0,0.0,0.0,0.0,0.0,0.16869089312109026
2020-10-02,0.0,0.0,0.0,0.0283860442190957,0.2606173505505226,0.0,0.0,0.0,0.12524944690312176,0.06388148772785156,0.0,0.049817309950148075,0.07483957532709035,0.0,0.0,0.0,0.10292967090954916,0.05812206166251831,0.0,0.0,0.0,0.0,0.0,0.0,0.0001969758947058199,0.0,0.18596007685462304
2020-10-09,0.0,0.0,0.0,0.013394371762114545,0.26400304409014946,0.0,0.0,0.0,0.1320681992793047,0.0705178371482744,0.0,0.03623010344174843,0.0700904990701524,0.0,0.0,0.024964281676066527,0.1093646706649564,0.03441247466031,0.0,0.0006065675466431575,0.0,0.0,0.0,0.0,0.0,0.0,0.19434795066007915
2020-10-16,0.009707016206474375,0.0,0.0,0.015517963463377707,0.2633897922230642,0.0,0.0,0.0,0.14538378128842525,0.07889052015358326,0.0,0.0229990753516109,0.058306482857146305,0.0,0.0,0.03537194777726181,0.0924829161822355,0.0322160139518363,0.0,0.006976046445666023,0.0,0.0,0.0,0.0,0.0,0.0,0.1887584440988976
2020-10-23,0.03764618060254978,0.0,0.0,0.042991433911738694,0.281044919293746,0.0,0.0,0.0,0.12330960035131512,0.09711616309863125,0.0,0.008053995507294413,0.059047800987026666,0.0,0.0,0.026532682776269224,0.08519162977779779,0.03335658954009975,0.0,0.0,0.0,0.0,0.0,0.0,0.0018233173018596725,0.0,0.1538856868512395
2020-10-30,0.0553649279287667,0.0,0.0,0.043344920550437746,0.2912561890136214,0.0,0.0,0.0,0.1107601711518887,0.09061429704247535,0.0,0.007757754750066135,0.06318569175789615,0.0,0.0,0.03156142928073822,0.08620077285572,0.0319832507512378,0.0,0.0,0.0,0.0,0.0,0.0,0.0,0.0,0.13797059491672028
2020-11-06,0.0,0.0,0.0,0.049789890521123585,0.30980251382269897,0.0,0.009401387815076765,0.0032205264248542954,0.08094389688386065,0.09796020541284843,0.0,0.0,0.022023560200172338,0.0,0.0,0.08195314783987727,0.06332986208913563,0.03392192137116196,0.0,0.0017984088665267048,0.0,0.0,0.0,0.0,0.05386579353629803,0.0,0.14198888521612332
2020-11-13,0.0,0.0,0.0,0.06383442617377871,0.3183487607507224,0.0,0.01942139896335082,0.0,0.09836452206407807,0.05010763498165908,0.0,0.0,0.021627269461498972,0.0,0.006400556774788146,0.09439631715425337,0.05544693575851993,0.030812336232986313,0.0,0.0,0.0,0.0,0.0,0.0,0.058586808989548905,0.0,0.1326530326912824
2020-11-20,0.0,0.0,0.0,0.0658201073880478,0.32504256838083434,0.0,0.004440324340825339,0.0,0.07940315524639345,0.05477300643075079,0.0,0.0,0.059279522247698245,0.0,0.014065134294119756,0.09944148872945352,0.02999534942792259,0.029268622396424013,0.0,0.0,0.0,0.0,0.0,0.0,0.05600329591563594,0.0,0.13246742520170984
2020-11-27,0.0,0.0,0.0,0.05450831595219961,0.3299591631547067,0.0,0.006591812040923615,0.0,0.10015417386726265,0.05342622153963803,0.0,0.0,0.06717289920779355,0.0,0.012835450676390357,0.10446405774711967,0.0,0.023278663767159834,0.0,0.0,0.0,0.0,0.0,0.0,0.05691448630851559,0.0,0.14069475573818932
2020-12-04,0.0,0.0,0.0,0.04151404561613246,0.3167801859511928,0.0,0.01083922673398672,0.0,0.10566264172951523,0.06143570995978398,0.0,0.0,0.08772539288426666,0.0,0.00803494153568841,0.09921174075092615,0.010129939657121901,0.02644852775328508,0.0,0.0,0.0,0.0,0.0,0.0,0.05045561396486074,0.0,0.13176203344936036
2020-12-11,0.0,0.0,0.0,0.053591090244406135,0.3033085219160583,0.0,0.008362091249923273,0.0,0.09797669419210109,0.05637000507962273,0.0,0.0,0.08251663198423091,0.0,0.0,0.11839640058546783,0.005763714959078806,0.03502018250880597,0.0,0.006950998704238591,0.0,0.0,0.0,0.0,0.04674612471226133,0.0,0.13499754386364085
2020-12-18,0.0,0.0,0.0,0.05719166273309265,0.2805398696828245,0.0,0.02501098818351761,0.0,0.0894547183200625,0.07488300439558998,0.0,0.0,0.047177100309731865,0.0,0.0,0.10557946808164614,0.018643333181520734,0.031302280907467124,0.0,0.02762172531189204,0.0,0.0,0.0,0.0,0.046718295494010714,0.0,0.14587755339843825
2020-12-25,0.0,0.0,0.0,0.07687353025277399,0.28505867515318695,0.0,0.023602919573000352,0.0,0.08312567293127149,0.08234227579788969,0.0,0.0,0.046948854459969734,0.0,0.01645643216863109,0.09422559011073063,0.0311895842923815,0.023417514254397833,0.0,0.0,0.0,0.0,0.0,0.0,0.05190012993864962,0.0,0.13485882106691827
2021-01-01,0.0,0.0,0.0,0.06863825888473175,0.2840891510505722,0.0,0.020527425995064887,0.0030055901670431673,0.06800668926618585,0.08736317246590634,0.0,0.0,0.034256085756998185,0.0,0.009921967020714581,0.07522147442459112,0.055301748852811874,0.024467976119080154,0.0,0.0354209595874906,0.0,0.0,0.0,0.0,0.05419387938452068,0.0,0.12958562102414947
2021-01-08,0.0,0.0,0.0,0.02018583740166638,0.3025963817800117,0.0,0.029298679414776953,0.01707222439368788,0.07157112022845294,0.06680745853810267,0.0,0.0,0.038905945278919725,0.002236036875447911,0.002752076560714462,0.08269777016327905,0.029024747962959074,0.03965178178010311,0.0,0.01352627505336513,0.0,0.0,0.0,0.0,0.09652069552505615,0.0,0.13715296904329938
2021-01-15,0.0,0.0,0.0,0.015016767374385889,0.2935280181545214,0.0,0.03199442660697514,0.022342451103299535,0.040736026337655135,0.07286242294628466,0.0,0.0,0.027644677494029532,0.0027147107711651165,0.04341268403133406,0.059370552606741636,0.045890426648655544,0.05432803290769427,0.0,0.0,0.0,0.0,0.0,0.0,0.1072211400508426,0.0,0.1329376629661997
2021-01-22,0.0,0.0,0.0,0.006982781252450253,0.28288339404796625,0.0,0.036784966842670304,0.06156919714365833,0.05568728986339311,0.0281422782984968,0.0,0.0,0.03641419717164393,0.006277051427227673,0.00947240600508913,0.06561754824167321,0.07538129754016691,0.03667014500231987,0.0,0.0,0.0,0.0,0.0,0.0,0.12161318319236662,0.0,0.1265042639690039
2021-01-29,0.0,0.0,0.0,0.0,0.27248490428241556,0.0,0.021845414061201242,0.08387591204909384,0.05728029339420048,0.01805619590964934,0.0,0.0,0.03638775643139337,0.007914559682960344,0.0096228631932221,0.06226675204730793,0.0813659933653494,0.05202162931319373,0.0,0.0,0.0,0.0,0.0,0.0,0.11338929095276928,0.0,0.13348843531359586
2021-02-05,0.0,0.0,0.0,0.0,0.26378994236349246,0.0,0.021476106017620497,0.17075578630445218,0.07200905499672286,0.00833413174123827,0.0,0.0,0.0,0.0,0.014975522978857061,0.048800674144951726,0.05926650737040823,0.05985997047433409,0.0,0.0,0.0,0.0,0.0,0.0,0.09663287775339137,0.0,0.13409942585420923
2021-02-12,0.0,0.0,0.0,0.003107825079985751,0.25627120021389693,0.0,0.0010360063533298319,0.15850225229061443,0.06075407142761466,0.03002558547587931,0.0,0.0,0.0,0.0,0.012936954647093782,0.05793491069554113,0.06987398673645998,0.07029214807150654,0.0,0.0,0.0,0.0,0.0,0.0,0.09838587840202746,0.0,0.13087918060593007
2021-02-19,0.0,0.0,0.0,0.0,0.23043848203083214,0.0,0.0,0.21039414332717615,0.04843946148818293,0.0,0.0,0.0,0.0,0.0,0.0081796620140125,0.0703356875512989,0.06026251342385901,0.08232692539208211,0.0,0.0,0.0,0.0,0.0,0.0,0.12388819353613623,0.0,0.11573493123615289
2021-02-26,0.0,0.0,0.0,0.0,0.22933547918744568,0.0,0.0,0.18173798603431185,0.04773952177849817,0.029193341795187455,0.0,0.0,0.0,0.0,0.014781553775415748,0.07112105656482762,0.05037630194057548,0.08885013141980051,0.0,0.0,0.0,0.0,0.0,0.0,0.11978641013532744,0.0,0.11707821736587672
2021-03-05,0.0,0.0,0.0,0.0,0.21877128428089593,0.0,0.0,0.1900693552806109,0.046147471291473105,0.031317159339318924,0.0,0.0,0.0,0.0,0.0053906208250004625,0.08066540151928578,0.04568492371792409,0.09240287944476511,0.0,0.0,0.0,0.0,0.0,0.0,0.1183286880433736,0.0,0.12122221625606414
2021-03-12,0.0,0.0,0.0,0.0,0.2303343065974306,0.0,0.007126683481337355,0.19804470743140712,0.03779720649913286,0.003393438157298752,0.0,0.0,0.0,0.0021094698324570197,0.009128492201909142,0.06704803609716607,0.07372393565198528,0.0818787344348645,0.0,0.0,0.0,0.0,0.0,0.0,0.11998734110946668,0.0,0.11942764850471753
2021-03-19,0.0,0.0,0.0,0.0,0.22358925226664533,0.0,0.002225881031342001,0.19843559382979126,0.04406684653362236,0.0,0.0,0.0006661851969645667,0.0,0.009011278313178413,0.0022596402100007826,0.07922601916872403,0.06709809729415789,0.07635187172699726,0.0,0.0,0.0,0.0,0.0,0.0,0.12260516021151104,0.0,0.12446417421691745
2021-03-26,0.0,0.0,0.0,0.0,0.21847951680407315,0.0,0.0016618701905871131,0.16095016770953807,0.03345634437974586,0.021115371857397213,0.0,0.0,0.0,0.02690398834999636,0.0,0.07603711953477738,0.07852355301211031,0.06424452647248205,0.0,0.0,0.0,0.0,0.0,0.0,0.12646315032684358,0.0,0.14216439136210743
2021-04-02,0.0,0.0,0.0,0.0,0.22030264786056455,0.0,0.011210942709729324,0.16595333919356003,0.0225690065452894,0.01840090634264939,0.0,0.0012461493443153586,0.0,0.026945246834927265,0.0027198563770472603,0.06697744946959487,0.07682051229538407,0.0683313164163693,0.0,0.0,0.0,0.0,0.0,0.0,0.11947305622160795,0.0,0.1490495703873084
2021-04-09,0.0,0.0,0.0,0.0,0.2180931572137996,0.0,0.013302742481182305,0.15956885044501076,0.01185033517191248,0.02064372297698415,0.0,0.0,0.0,0.03264177035463141,0.0098630296667616,0.06518295273838462,0.07556668080199705,0.0663756322816641,0.0,0.0,0.0,0.0,0.0,0.0,0.12126300166729695,0.0,0.155648124199576
2021-04-16,0.0,0.0,0.0,0.0,0.23770975901829952,0.0,0.014242646914084566,0.1694548009581603,0.01199239813093407,0.009110420707973924,0.0,0.0,0.0,0.021492093031412123,0.0011536539617904868,0.0706643086966437,0.080536613326899,0.052400372949866214,0.0,0.0,0.0,0.0,0.0,0.0,0.12529771156484162,0.0,0.15594522073888747
2021-04-23,0.0,0.0,0.0,0.0,0.2188715292725165,0.0,0.013826847421989762,0.16995216391039217,0.01277668059224989,0.008410630502606264,0.0,0.0,0.0,0.0,0.019209442491672432,0.07413524530508789,0.09881239378566296,0.054131147182407184,0.0,0.0,0.0,0.0,0.0,0.0,0.12532133637651044,0.0,0.15455258315857293
2021-04-30,0.0,0.0,0.0,0.0,0.22723818827250108,0.0,0.016538651578406945,0.17065144917468217,0.0,0.00021838471001365233,0.0,0.0,0.0,0.0,0.007477372792719848,0.07825377669625537,0.10747571011352892,0.05738588506004297,0.0,0.0,0.0,0.0,0.0,0.0,0.13053928541420326,0.0,0.1542212961875408
2021-05-07,0.0,0.0,0.0,0.0,0.23030370199480316,0.0,0.01192004470900242,0.15002267549228754,0.001730698258725594,0.0,0.0,0.002796816670516315,0.0,0.0007257570948377085,0.0068076338290119385,0.08362916489897432,0.13147337807064052,0.05667949771772313,0.0,0.0,0.0,0.0,0.0,0.0,0.12219834708768079,0.0,0.15171228417554486
2021-05-14,0.0,0.0,0.0,0.0,0.18736609012462982,0.0,0.0,0.1292822930084469,0.014032458267373463,0.015011606772809884,0.0,0.0035525339591384792,0.0,0.038278001931805423,0.0,0.09877655333339719,0.12838985284337381,0.05722636799186155,0.0,0.0,0.0,0.0,0.0,0.0,0.12176195527139591,0.0,0.15632228649566351
2021-05-21,0.0,0.0,0.0,0.0,0.18979213527201116,0.0,0.0017726466536171549,0.13198015703475807,0.013611505926046416,0.0122547290936319,0.0,0.0,0.0,0.0,0.0,0.11007571734495165,0.13804285861256782,0.060203503977351344,0.0,0.0,0.0,0.0,0.0,0.0,0.135601766391393,0.0,0.15666497969332202
2021-05-28,0.0,0.0,0.0,0.0,0.20323809601115791,0.0,0.0,0.11629666815881227,0.0,0.019484355063911177,0.0,0.0,0.0,0.0,0.0,0.10253264790624649,0.1604585094428904,0.06311050095528851,0.0,0.0,0.0,0.0,0.0,0.0,0.1298423928847982,0.0,0.15503682957656892
2021-06-04,0.0,0.0,0.0,0.0,0.21635844323205308,0.0,0.0,0.11066692245800841,0.0,0.05004691786608886,0.0,0.0,0.0,0.0,0.0,0.10600485341921893,0.14307731749271704,0.061106578140098504,0.0,0.0,0.0,0.0,0.0,0.0,0.11378548063435787,0.0,0.14895348675732054
2021-06-11,0.0,0.0,0.0,0.0,0.2204988405910148,0.0,0.0,0.13384941079220078,0.0010579462716062147,0.026145305042828047,0.0,0.0,0.0,0.0,0.0,0.09880549048267331,0.14144125833625004,0.06146484949500469,0.0,0.0,0.0,0.0,0.0,0.0,0.12190241343909135,0.0,0.14483448554915052
2021-06-18,0.0,0.0,0.0,0.0,0.21113618736216264,0.0,0.0,0.13769462707039473,0.0,0.05031387202668447,0.0,0.0,0.0,0.0,0.0,0.0925728626862309,0.13993535334087268,0.0548134943342357,0.0,0.0,0.0,0.0,0.0,0.0,0.10243865476580129,0.0,0.16109494841349178
2021-06-25,0.0,0.0,0.0,0.0,0.21828345869999494,0.0,0.0,0.1464752089812354,0.0,0.033100506197989626,0.0,0.0,0.0,0.0,0.0,0.09062810624155711,0.1489537658507503,0.05906838204849954,0.0,0.0,0.0,0.0,0.0,0.0,0.10160472468453494,0.0,0.15188584729109603
2021-07-02,0.0,0.0,0.0,0.0,0.2164353919435333,0.0,0.0,0.14866357420374932,0.0,0.020353585364548937,0.0,0.0,0.0,0.0,0.0,0.09429290194852002,0.14825788681237684,0.063537797368333,0.0,0.0,0.0,0.0,0.0,0.0,0.11006062016323125,0.0,0.14839824219462414
2021-07-09,0.0,0.0,0.0,0.0,0.1953715467321519,0.0,0.008500870301496651,0.14471177484440195,0.0,0.025052877642937264,0.0,0.00016581724801412916,0.0,0.0,0.0,0.10975418732706448,0.1528600850191577,0.05744822702481512,0.0,0.0,0.0,0.0,0.0,0.0,0.10000526321645357,0.0,0.1561293506431994
2021-07-16,0.0,0.0,0.0,0.0,0.19109299019360435,0.0,0.0076196368728991435,0.13417092268298608,0.0,0.04752184074600428,0.0,0.012166006179287467,0.0,0.0,0.0,0.1119465376470528,0.14749099264282384,0.04805491385882847,0.0,0.0,0.0,0.0,0.0,0.0,0.08194698662315215,0.0,0.1679891725532197
2021-07-23,0.0,0.0,0.0,0.0,0.18411119014721755,0.0,0.020314840795044423,0.11849879023094752,0.0,0.04815745666738933,0.0,0.0034776978849619814,0.0,0.0,0.0,0.11750266289297025,0.1346930737121741,0.06053535555436434,0.0,0.0,0.0,0.0,0.0,0.0,0.1065149646256432,0.0,0.15619396748873357
2021-07-30,0.0,0.0,0.0,0.0,0.18905365582206604,0.0,0.013598296769341142,0.10994429624566529,0.005170423180623028,0.05933998564963328,0.0,0.006495993719864033,0.0,0.0,0.0,0.1285349127434698,0.12565239872180103,0.05169879162041886,0.0,0.0,0.0,0.0,0.0,0.0,0.10683608524046748,0.0,0.1536751602859487
2021-08-06,0.0,0.0,0.0,0.0,0.22381428766524533,0.0,0.008037596671603834,0.1110824788500753,0.019500834500840974,0.05159064257605517,0.0,0.007033692959704319,0.0,0.0,0.0,0.11186949500585688,0.11235668179423637,0.05087687119848015,0.0,0.0,0.0,0.0,0.0,0.0,0.08911883063044415,0.030415003563740297,0.13430358458295133
2021-08-13,0.0,0.0,0.0,0.0,0.19135721939043096,0.0,0.01581962334948508,0.12094948640195216,0.044582114104651266,0.018818173365265027,0.0,0.03757949156156909,0.0,0.0,0.0,0.12387317868161757,0.0871557138536201,0.05269515265126619,0.0,0.0,0.0,0.0,0.0,0.0,0.08005774299128929,0.025344748957393845,0.15176735469077252
2021-08-20,0.0,0.0,0.0,0.0,0.17484874208220133,0.0,0.010424814159633288,0.09312527471425168,0.04453117934665664,0.0626372789130128,0.0,0.02809900519960453,0.0,0.0,0.0,0.11773203021508256,0.10139646452792839,0.053091634010065406,0.0,0.0,0.0,0.0,0.0,0.0,0.08261902870963467,0.049997882371076795,0.13149666575057725
2021-08-27,0.0,0.0,0.0,0.0,0.1820873981927602,0.0,0.010957770759260008,0.05290134589163214,0.0464458915426152,0.03693072173837855,0.0,0.00433422857091367,0.0,0.09786265742480586,0.0,0.10914951491488985,0.09781022472123348,0.04391455793725622,0.0,0.0,0.004258009804756893,0.0,0.0,0.0,0.11374527907439087,0.034966996462989446,0.11463540296316219
2021-09-03,0.0,0.0,0.0,0.0,0.1979838806153458,0.0,0.028804557058866746,0.07447335206067439,0.06324024115896537,0.01147210219282912,0.0,0.0,0.0,0.11099864277672442,0.0,0.09905107974421813,0.08990140055166235,0.03002388212286741,0.0,0.0,0.0,0.0,0.0,0.0,0.10525314679247481,0.030296863435592136,0.1085008514881864
2021-09-10,0.0,0.0,0.0,0.0,0.22370187870138988,0.0,0.02713584556909325,0.015518176074964246,0.06327891652717016,0.015744333837305596,0.0,0.0,0.008483325212860736,0.1795745790280883,0.0,0.09889284977305036,0.07339898869534357,0.01709171262205832,0.0,0.0,0.0,0.0,0.0,0.0,0.06535321050726564,0.052830160901407956,0.10899602254953775
2021-09-17,0.0,0.0,0.0,0.0,0.2251044107212563,0.0,0.03062627035010046,0.013859654610680616,0.06812785845925894,0.028911796459636617,0.0,0.0,0.01284056172449807,0.15652948152762947,0.0,0.09319796693546897,0.07773072364474053,0.020481523153313214,0.0,0.0,0.0,0.0,0.0,0.0,0.06067908412429158,0.047694352747465744,0.11421631554139236
2021-09-24,0.0,0.0,0.0,0.0,0.2316075448989645,0.0,0.02934468578728844,0.02192845189418767,0.06682362127855458,0.011812848960109583,0.0,0.016898527436351805,0.010402161045520964,0.1561179328628573,0.0,0.09881312226347963,0.07271264468036753,0.020582937905403817,0.0,0.0,0.0,0.0,0.0,0.0,0.05115185919015903,0.049682438335749556,0.11212122346076091
2021-10-01,0.0,0.0,0.0,0.0,0.2005959511777994,0.0,0.030733068117547217,0.0144108822935238,0.10740227143041185,1.7420730225937747e-06,0.0,0.010111544830941233,0.0033606599319698617,0.11270143974692738,0.0,0.11889340532989263,0.09370762357324032,0.0054345030591638815,0.0,0.0,0.0,0.0,0.0,0.0,0.0814066632011785,0.020169288603351095,0.1510709566309138
2021-10-15,0.0,0.0,0.018526663302437973,0.0,0.19478499502459706,0.0,0.019110353334295532,0.008838048927135423,0.09509518281280653,0.0,0.0,0.006101485183492449,0.0,0.1288860089924265,0.0,0.13319941698713947,0.08345470048301781,0.009027245458084183,0.0,0.0,0.0,0.0,0.0,0.0020727958141085632,0.051963058019056936,0.03682315151586269,0.15732646265651815
2021-10-22,0.0,0.0,0.004567645359016501,0.0,0.1950137886229101,0.0,0.0171174030952734,0.018295058179859595,0.1070477870345852,0.0,0.0,0.022329180322707604,0.0,0.11730328421835476,0.0,0.1267157536064624,0.09287025738443684,0.002271520521372153,0.0,0.0,0.0,0.0,0.0,0.004995473914967627,0.03669969891151825,0.03634751423534781,0.1655810844071094
2021-10-29,0.0,0.0,0.026835075715387183,0.0,0.1988536201453071,0.0,0.0007036899335075646,0.0,0.0691414836191515,0.011345648715221868,0.0,0.0,0.014091197886042437,0.1269257797123456,0.0,0.09928636586445969,0.10984901077386176,0.003907793732825709,0.0,0.0,0.0,0.0,0.0,0.009039228751353027,0.05747018980529095,0.029205119182405967,0.1755525659551613
2021-11-05,0.0,0.0,0.0,0.0,0.21013288140126898,0.0,0.015633445793160776,0.0,0.015507543096818871,0.02973762981078248,0.0,0.01608223607990543,0.02433142058316221,0.10383989095575627,0.0,0.08710423353466734,0.10090769930852111,0.0,0.0,0.0,0.0,0.0,0.0,0.0,0.0,0.06988641979288324,0.19126864997967846
2021-11-12,0.0,0.0,0.008263775306699878,0.0,0.17725645508239055,0.0,0.003236622093748508,0.0,0.01631819590730226,0.052460855861060036,0.0,0.0002957587068467498,0.026803402175760993,0.10026283424498154,0.0,0.09061876730014404,0.09677018718357039,0.0,0.0,0.0,0.0,0.0,0.0,0.0,0.0,0.07570607713484843,0.21130112006689858
2021-11-19,0.0,0.0,0.012534106098273894,0.0,0.1815822370264789,0.0,0.00061051717948456,0.0,0.012544806244450936,0.05521597004799258,0.0,0.0,0.01951945663578744,0.10162753450931789,0.0,0.07958403369495706,0.10327983379423114,0.0,0.0,0.0,0.0,0.0,0.0,0.0070094266443029045,0.0,0.07152009639499131,0.21444088431215
2021-11-26,0.0,0.0,0.014191032901657418,0.0,0.1727144176960545,0.0,0.0,0.0,0.015376234513216342,0.06000483862691278,0.0,0.0,0.012903740441012565,0.11237838188876907,0.0,0.07584837333016135,0.10566472326935984,0.0,0.0,0.0,0.0,0.0,0.0,0.007203221528680914,0.0,0.06331145602576708,0.21483973711132917
2021-12-03,0.0,0.0,0.02067872204202427,0.0,0.16223496002893756,0.0,0.0026983834949276513,0.0,0.0017365431411265377,0.08286346765678458,0.0,0.0,0.01598647340950695,0.08497319144893016,0.0,0.07396411887186208,0.11270688383496844,0.0,0.0,0.0,0.0,0.0,0.0,0.00804746366955796,0.0,0.057231416826620224,0.23080505175423846
2021-12-10,0.0,0.0,0.020882603012658797,0.0,0.16359422001308066,0.0,0.003938357630206764,0.0,0.0,0.07218388874297131,0.0,0.0,0.016475736531287845,0.0824237630330169,0.0,0.07228006151176046,0.12520235770188196,0.0,0.0,0.0,0.0,0.0,0.0,0.01226207795295073,0.0,0.06318723278620506,0.23774596632259504
2021-12-17,0.0,0.0,0.007037048006594157,0.0,0.1709796884648499,0.0,0.011154269496274152,0.0,0.017627289605520225,0.06159634039541649,0.0,0.0,0.014081967108993993,0.09625771728695726,0.0,0.07116359457788647,0.12354700131139824,0.0,0.0,0.0,0.0,0.0,0.0,0.023633788002242036,0.008861794281330174,0.0554267278689939,0.2334104363768889
2021-12-24,0.0,0.0,0.01738475409773025,0.0,0.16961226128721954,0.0,0.014733888599162396,0.0,0.010135600098885745,0.07072060871982883,0.0,0.00041237056732284144,0.012138021924986694,0.08936441161034868,0.0,0.06878710639867258,0.1274898616630659,0.0,0.0,0.0,0.0,0.0,0.0,0.020148922970773444,0.009226899297357791,0.05253562229907854,0.23852216158621278
2021-12-31,0.0,0.0,0.014485765332678696,0.0,0.1588287287122707,0.0,0.013599681564629927,0.0,0.003590871244302158,0.06176094901007675,0.0,0.00919001126342328,0.015464569892089325,0.09140847316227312,0.0,0.06773750829394845,0.13080452058585068,4.8954699310118174e-05,0.0,0.0,0.0,0.0,0.0,0.02212281454030296,0.014158958412266909,0.043574608400298115,0.24473242316456512
2022-01-07,0.0,0.0,0.020249681513281718,0.0,0.17170254926457462,0.0,0.0221034148161617,0.0,0.010962777777232863,0.05522115695702904,0.0,0.004083005575156559,0.02263445793303563,0.037863117982329074,0.0,0.08958550677014514,0.10779885851206217,0.0,0.0,0.0,0.0,0.0,0.0,0.008939413301241326,0.0166233654492793,0.09175745622083693,0.23292258454117218
2022-01-14,0.0,0.0,0.018413786830776803,0.0,0.1716316956483613,0.009533369685515417,0.033128015455875376,0.0,0.03942271890658259,0.03835452713970182,0.0,0.02187253250540377,0.045596666315173846,0.014366939872403416,0.0,0.09431319311790527,0.11777446712215647,0.0,0.0,0.0,0.0,0.0,0.0,0.0,0.0,0.0696244885326467,0.24072742213907422
2022-01-21,0.0,0.0,0.02662188951493107,0.0,0.14632073133363713,0.0,0.04039941298866869,0.0,0.04878379960860604,0.02839236157786947,0.0,0.033231211549322834,0.04299531068019052,0.0,0.0,0.09840471147438587,0.12996647850748372,0.0,0.0,0.0,0.021185922497846815,0.0,0.0,0.0,0.031813618771344504,0.047920856176412834,0.24971125548464154
2022-01-28,0.0,0.0,0.025072938289720376,0.0,0.13373612118120884,0.0,0.04359862130375262,0.0,0.060394014109709133,0.02216450341480544,0.0,0.026372387984228453,0.048243580684626156,0.0,0.0,0.08605088682424654,0.1354157013958234,0.0,0.0,0.0,0.01043122858469559,0.0,0.0,0.0,0.02058356601403579,0.0466166028994642,0.2536462123830412
2022-02-11,0.0,0.0,0.0,0.0,0.11311436066684163,0.0,0.025885614103057623,0.0,0.034437729469132365,0.035904061141571034,0.0,0.04061603314564086,0.009591389962721799,0.0,0.0,0.13133691728529714,0.17410920282880024,0.0,0.0,0.0,0.0,0.0,0.0,0.0,0.03657330779755933,0.034178712231773836,0.244722643559396
2022-02-18,0.0,0.0,0.0,0.0,0.10675309938964973,0.0,0.02030665010117333,0.0,0.026310363518403605,0.040071600409354535,0.0,0.028754486901169267,0.005196353332409128,0.0,0.0,0.13114545656521293,0.18314108562573708,0.0,0.0,0.0,0.0,0.0,0.0,0.0,0.03334386020940432,0.056038621804054806,0.23884156834350545
2022-02-25,0.0,0.0,0.002339123646114763,0.0,0.12420706931815297,0.0,0.021714357430918884,0.0,0.029206178565162864,0.052451331215059314,0.0,0.014907144920641753,0.0,0.0,0.0,0.13918503381899522,0.15544227654635492,0.0,0.0,0.0,0.0,0.0,0.0,0.002826913623077552,0.02560146403066529,0.06788370728575004,0.2526985146139291
2022-03-04,0.01836201258216861,0.0,0.01621069061107685,0.0,0.14253969705727548,0.0,0.0,0.0,0.024531552237383722,0.032196316578911144,0.0,0.0068744095663853715,0.0,0.0,0.0,0.12129124745743491,0.17419412909310905,0.0,0.0,0.0,0.0,0.0,0.0,0.01280341618979924,0.034922104800237885,0.05324092856999627,0.22699538480389778
2022-03-11,0.05435580781164214,0.0,0.015599239212811434,0.0,0.10518757546728828,0.0,0.0,0.0,0.03249391247078444,0.0215465899398498,0.0,0.0053585281715895555,0.0,0.0,0.0,0.12056098908901551,0.20505413463701627,0.0,0.0,0.0,0.0,0.0,0.0,0.011593979654793645,0.05112596879566072,0.02109183032499869,0.24115224274690866
2022-03-18,0.06249453924968269,0.0,0.007323075296431613,0.0,0.0944788020197146,0.0,0.0,0.0,0.02828481428111802,0.035477420058101936,0.0,0.048039307197374335,0.0,0.0,0.0,0.12987797722107444,0.2188088325009773,0.0045563097883825066,0.0,0.0,0.0,0.0,0.0,0.00887690110036086,0.04447424363342997,0.0,0.2673077776530696
2022-03-25,0.06685509537181042,0.0,0.005875556740595096,0.0,0.07817883171757138,0.0,0.0,0.0,0.025849351828380877,0.039790282979639664,0.0,0.04927573375324156,0.0,0.0,0.0,0.1313564969415603,0.22591141298646827,0.0065277387892435715,0.0,0.0,0.0,0.0,0.0,0.0035864615962463613,0.04796616031144896,0.0,0.26882687698355034
2022-04-01,0.10746342706304149,0.0,0.0,0.0,0.06142510254887716,0.0,0.0,0.0,0.028945351561118753,0.03465210103728936,0.0,0.06195781913325312,0.0,0.0,0.0,0.1442560681762336,0.18068404561512336,0.002855123295527867,0.0,0.0,0.0,0.0,0.0,0.0,0.03958031021618976,0.0,0.2881806513530102
2022-04-08,0.11974640500815395,0.0,0.0,0.0,0.05453936818884079,0.0,0.0,0.0,0.02151009872592038,0.02758997236339849,0.0,0.06587405967469832,0.0,0.0,0.0,0.14828096181641934,0.1805497904884611,0.0008418717377715205,0.0,0.0,0.0,0.0,0.0,0.0,0.03153976176741045,0.0,0.2995277102284774
2022-04-15,0.1430236857999494,0.014678458341855565,0.0,0.0,0.05074828186487569,0.0,0.0,0.0,0.0,0.05029349376303404,0.0,0.03599550540766166,0.0,0.0,0.0,0.17067425134723724,0.151236983741527,0.0,0.0,0.0,0.0,0.0,0.0,0.0,0.059435116889537454,0.0,0.2739142228436614
2022-04-22,0.12562710676111413,0.0,0.0,0.0,0.05695911501401725,0.0,0.0,0.0,0.0,0.061608868150735144,0.0,0.029258133348348068,0.0,0.0,0.0,0.1716998186210927,0.15387528002289136,0.0,0.0,0.0,0.0,0.0,0.0,0.0,0.08357273499706866,0.0,0.26739894308443396
2022-04-29,0.10491380806320279,0.0030220936018379102,0.0,0.0,0.05739288801636374,0.0,0.0,0.0,0.01498430190497873,0.09471573172053761,0.0,0.04383886344791972,0.0,0.0,0.0,0.18849342520081483,0.07992750245219889,0.0,0.0,0.0,0.0,0.0,0.0,0.0,0.0046430728347678476,0.0,0.3062164142157079
2022-05-06,0.10695430342840244,0.004430244999540425,0.0,0.0,0.05468094125203586,0.0,0.0,0.0,0.007073564968179005,0.09137794289255077,0.0,0.048291470305285834,0.0,0.0,0.0,0.1894550371284511,0.08174005580589765,0.0,0.0,0.0,0.0,0.0,0.0,0.0,0.005263343035253744,0.0,0.3098464733729706
2022-05-13,0.09039118095062415,0.005312589146440338,0.0,0.0,0.05740764285249305,0.017588847387428767,0.0,0.0,0.0016886657634208344,0.09307698673342561,0.0,0.03752127650489105,0.0,0.0,0.0,0.1928435597239403,0.08452738575436752,0.0,0.0,0.0,0.0,0.0,0.0,0.0,0.02272185551553863,0.0,0.30101768728968603
2022-05-20,0.08372591535317102,0.0065821537926772115,0.0,0.0,0.06586450445070573,0.012713936555007938,0.0,0.0,0.009363909236635914,0.08848028472144256,0.0,0.014443605217087149,0.0,0.0,0.0,0.18566674490174778,0.08970387425484537,0.0,0.0,0.0,0.0,0.0,0.0,0.0,0.06442373078708319,0.0,0.30184267352303207
2022-05-27,0.09288455697631366,0.0,0.0,0.0,0.06354476262131037,0.013455005045586796,0.0,0.0,0.014255518982405294,0.08558337626273059,0.0,0.0180601382514862,0.0,0.0,0.0,0.18782120919772816,0.08973892961326946,0.0,0.0,0.0,0.0,0.0,0.0,0.0,0.059037399066621865,0.0,0.3011877072343253
2022-06-03,0.08780441436500062,0.0,0.0,0.0,0.047694408050860726,0.021154346188448487,0.0,0.0,0.01031162854508606,0.08884394993519296,0.0,0.013908155717513752,0.0,0.0,0.0,0.19440408560674685,0.09131636479062454,0.006205999038494188,0.0,0.0,0.0,0.0,0.0,0.0,0.04544455858548054,0.001962371096069338,0.3125880642396075
2022-06-10,0.041561610816735685,0.0,0.0,0.0,0.05677566894814112,0.041191513426740024,0.0,0.0,0.003497558840128827,0.0864454578129197,0.0,0.00279911575830584,0.0,0.0,0.0,0.20802194986126113,0.0755349942023098,0.02377281081503112,0.0,0.0,0.0,0.0,0.0,0.0,0.05383915266083152,0.026179153968191187,0.30824006396703096
2022-06-17,0.05416124147461027,0.0,0.0,0.0,0.05269461333677997,0.05012577728434784,0.0,0.0,0.0,0.08638052802242352,0.0,0.0001704973977153702,0.0,0.0,0.0,0.19897859904227963,0.08788710273903323,0.012175050572604037,0.0,0.0,0.0,0.0,0.0,0.0,0.059943316009289094,0.025947754725549558,0.30169861536108533
2022-06-24,0.03855089692763641,0.0,0.0,0.0,0.043309640420245266,0.08158849527854846,0.0,0.0,0.0,0.0771832071003597,0.0,0.0,0.0,0.0,0.010729501839562798,0.16901928522647108,0.1276493923296658,0.0,0.0,0.0,0.0,0.0,0.0,0.0,0.07638508050059555,0.03381590099918353,0.2819663255156852
2022-07-01,0.040910467634055994,0.0,0.0,0.0,0.04350418237010565,0.07434156709286457,0.0,0.0,0.0,0.07397557563107013,0.002739861263108139,0.0,0.0,0.0,0.008994541211221587,0.1759700004725885,0.11618197699632916,0.0,0.0,0.0,0.0,0.0,0.0,0.0,0.06962180137795317,0.04144842844677739,0.28593069310360864
2022-07-08,0.0,0.0,0.0,0.0,0.0,0.11862715792204477,0.0,0.0,0.0,0.07271095626463948,0.0,0.0,0.0,0.0,0.0,0.17553864528012653,0.09935206620166523,0.0,0.0,0.0,0.0,0.0,0.0,0.0,0.0,0.011720283646480902,0.23027589068486534
2022-07-15,0.0,0.0,0.0,0.0,0.0,0.12528040292453735,0.0,0.0,0.0,0.05935326247433513,0.0,0.0,0.0016245546591136858,0.0,0.0,0.17464559430024795,0.11314042184263967,0.0007815608336558567,0.0,0.0,0.0023551504977934543,0.0,0.0,0.0,0.0,0.0030982946510818253,0.22794575781474039
2022-07-22,0.0,0.0,0.0,0.0,0.0013781171650130127,0.1146339746752633,0.0,0.0,0.0,0.06923597415106526,0.0,0.0,0.0070989475339087145,0.0,0.0,0.1622161908682387,0.1146192253390527,0.001599318011625426,0.0,0.0,0.01793023951261561,0.0,0.0,0.0,0.0,0.0,0.21951301274309645
2022-07-29,0.0,0.0,0.0,0.0,0.0,0.12994368942882992,0.0,0.0,0.0,0.06859570140687507,0.0,0.0,0.006671069141002885,0.0,0.0,0.1572233141047246,0.13029827077583528,0.01021663737461723,0.0,0.0,0.0,0.0,0.0,0.0,0.0,0.0,0.20527631776781333
2022-08-05,0.0,0.0,0.0,0.0,0.0,0.1146912882437669,0.0,0.0,0.0,0.057902423325404115,0.0,0.0,0.00818500512878777,0.0,0.0,0.14679249596760222,0.15933576658012552,0.0011415384829175411,0.0,0.0,0.0,0.0,0.0,0.0,0.0,0.0,0.22017648227098954
2022-08-12,0.0,0.0,0.0,0.0,0.009997767026044702,0.07633690346681901,0.0,0.0,0.0,0.059727668325535783,0.0,0.0,0.0026305671508333175,0.0,0.0,0.13534296833542445,0.15686667752602734,0.02318493757419356,0.0,0.0,0.0,0.0,0.0,0.0,0.0,0.02142309876997187,0.22271441182501392
2022-08-19,0.0,0.0,0.0,0.0,0.010236932833639627,0.0729944663251291,0.0,0.0,0.0,0.050403206397538675,0.0,0.0,0.01138231734410728,0.0,0.0,0.13024101504441868,0.15452332502902408,0.031609923763007634,0.0,0.0,0.0,0.0,0.0,0.0,0.0,0.020818747235643663,0.22601506602732982
2022-08-26,0.0,0.0,0.0,0.0,0.002804147273646614,0.09119856633295069,0.0,0.0,0.0,0.050447459781955105,0.0,0.0,0.03782817667299511,0.0,0.0,0.11445681320231624,0.16727007839857844,0.037046370953661374,0.0,0.0,0.0,0.0,0.0,0.0,0.0,0.0004908124614703968,0.20668257490743833
2022-09-02,0.0,0.0,0.0,0.0,0.0,0.08097579267386269,0.0,0.0,0.0,0.04657282391178162,0.0,0.0,0.0418266625673082,0.0,0.0,0.11125905378909075,0.1714334390395658,0.03729991354723227,0.0,0.0,0.0,0.0,0.0,0.0,0.0,0.0013959449159713505,0.21746136955505996
2022-09-09,0.0,0.0,0.0,0.0,0.0,0.09613074345603909,0.0,0.0,0.0,0.0844947916306905,0.0,0.0,0.055601881751616025,0.0,0.0,0.09512769678756522,0.161811033950556,0.006979382241813461,0.0,0.0,0.0,0.0,0.0,0.0,0.0,0.0,0.208079470181612
2022-09-16,0.0,0.0,0.0,0.0,0.009818446124683019,0.088486595359461,0.0,0.0,0.0,0.07407392145198964,0.0,0.0,0.06350432381903082,0.0,0.0,0.10119462825765042,0.15805067824852373,0.0019384433745137375,0.0,0.0,0.0,0.0,0.0,0.0,0.0,0.012120526775516421,0.19903743658841838
2022-09-23,0.0,0.0,0.0,0.0,0.02098361926422524,0.07370675048128437,0.0,0.0,0.0,0.0821622824570062,0.0,0.0,0.04074331378345517,0.0,0.0,0.10205831004348394,0.1686616105211826,0.007859648275550402,0.0,0.0,0.0,0.0,0.0,0.0,0.0,0.01992750120864404,0.19212196396479897
2022-09-30,0.0,0.0,0.0,0.0,0.06573523847766555,0.03430436645349154,0.0,0.0,0.0,0.06518927688158227,0.0,0.0,0.040635742452655006,0.0,0.0,0.1145463040815759,0.16941856061765342,0.022723022222887565,0.0,0.0,0.0,0.0,0.0,0.0,0.0,0.0008618425198791786,0.19481064629075848
2022-10-14,0.016269531156302586,0.0,0.0,0.0,0.10966917128211245,0.03352568904012067,0.029087258372829116,0.0,0.0,0.07794445991220583,0.0,0.0,0.02011442019247132,0.0,0.018042883250172025,0.13470077912762354,0.1376213164611371,0.0,0.0,0.0,0.0,0.0,0.0,0.0,0.01282504525568036,0.030268769087112766,0.26902866579238344
2022-10-21,0.02945777158919729,0.0,0.0,0.0,0.10891955768960684,0.02486111025656604,0.028769593871055398,0.0,0.0,0.07436417757339797,0.0,0.0,0.014128336968623596,0.0,0.021028931307272528,0.1278397731144796,0.1477362282740124,0.0,0.0,0.0,0.0,0.0,0.0,0.0,0.003775060983738475,0.0313901512375322,0.26862418406983496
2022-10-28,7.072993310986541e-05,0.0,0.0,0.0,0.14204158598465932,0.012165026456596052,0.035932220316732585,0.0,0.011270852583753543,0.0,0.0,0.0,0.040780209897060736,0.0,0.0,0.11477888187558384,0.15221719341838857,0.02179791414497689,0.0,0.0,0.0,0.0,0.0,0.0,0.008068121167017854,0.07686385771276465,0.24547009847717902
2022-11-04,0.047175217237380364,0.0,0.0,0.0,0.14648342067424017,0.018542242807121266,0.02560393022945277,0.009825345471671899,0.041273830645370435,0.0,0.0,0.0,0.03320178600999105,0.0,0.0,0.10450243167148293,0.1568940859752224,0.0,0.0,0.0,0.0,0.0,0.0,0.0,0.003913871582167706,0.040766432582865816,0.22568889617801535
2022-11-11,0.024439704498049563,0.0,0.0,0.0,0.1393795173891039,0.0,0.043746822390701524,0.00212308961098546,0.057620769725455115,0.007521996460251871,0.0,0.015426097832391898,0.039158874362005595,0.0,0.0,0.10999639691754777,0.16306748371801927,0.0,0.0,0.0,0.0,0.0,0.0,0.0,0.06297165893157709,0.01687544311135512,0.22546603574573781
2022-11-18,0.016217871389330726,0.0,0.0,0.0,0.14811621470640313,0.0,0.04791122170362674,0.0,0.0522214453340599,0.004331441620934841,0.0,0.00939811532200176,0.04943332491089306,0.0,0.0,0.11851740147706609,0.14224107633285024,0.0028751421079107474,0.0,0.0,0.0,0.005625241685289195,0.0,0.0,0.10359050664802699,0.0,0.2179513437795913
2022-11-25,0.018691010945983307,0.0,0.0,0.0,0.14621814202141706,0.0,0.04175670954057019,0.0,0.0580551244909644,0.001413801338253794,0.0,0.012679406541315389,0.052837740614535444,0.0,0.0,0.11198938191061009,0.14684168270841816,0.004957277917541704,0.0,0.0,0.0,0.0,0.0,0.0,0.1060150089062693,0.0,0.2157903347034582
2022-12-02,0.009029758509697325,0.0,0.0,0.0,0.14238703154519514,0.0,0.04244629275697035,0.0,0.06980221334186885,0.0,0.0,0.001882587474926666,0.06667954988738947,0.0,0.0,0.1016893149391637,0.14880428782951255,0.0,0.0,0.0,0.0,0.00576215069226396,0.0,0.0,0.10852757566160892,0.0,0.2220620415537871
2022-12-09,0.0,0.0,0.0,0.0,0.13537589741926162,0.0068343779482465394,0.04158532701166537,0.0,0.021051958893887546,0.0,0.0,0.020819943001481937,0.05403882097506022,0.0,0.0,0.1155542693972346,0.15950409165450685,0.0,0.0,0.0,0.0,0.017682571552346586,0.0,0.0,0.09790493946496313,0.0,0.231898190066894
2022-12-16,0.0,0.0,0.0,0.0,0.13426420191603675,0.011679443853454163,0.04013124687286274,0.0,0.03681176338014849,0.0,0.0,0.021407326919096463,0.05364130141193324,0.0,0.0,0.11604460468726024,0.1667189367210281,0.0,0.0,0.0,0.0,0.0,0.0,0.0,0.08736496682130036,0.0,0.2276382501319303
2022-12-23,0.0,0.0,0.0,0.0,0.1237384205779019,0.006624362234982964,0.042126778519371674,0.0,0.047991198021347076,0.0,0.0,0.0290555446813004,0.04909707785018201,0.0,0.0,0.10311599929518303,0.145472394283759,0.0,0.0,0.0,0.017710897231864812,0.0,0.0,0.0,0.05576827928893422,0.0,0.2568786302281
2022-12-30,0.0,0.0,0.0,0.0,0.13092575261927722,0.0,0.06999979596976287,0.0,0.04991115865509806,0.0,0.0,0.0030680729498520336,0.03930950778389012,0.0,0.0,0.12283669784633557,0.1274197051459079,0.0,0.0,0.0,0.020648429337424914,0.0,0.0,0.0,0.10698860808191774,0.0,0.24924506706322794
2023-01-06,0.0,0.0,0.0,0.0,0.09952331718063169,0.0,0.0,0.0,0.03205172564403725,0.04324177103431903,0.0,0.0,0.03130465855099044,0.0,0.0,0.09254315835194653,0.14630578758194043,0.0,0.0,0.0,0.0,0.0,0.0,0.0,0.0,0.0,0.24382958165588026
2023-01-13,0.0,0.0,0.0,0.0,0.1017465134543278,0.0,0.0,0.0,0.027562438471120068,0.04052198017963447,0.0,0.0,0.03470741148723492,0.0,0.0,0.08879857663553567,0.1435953022662544,0.0,0.0,0.0,0.0,0.0,0.0,0.0,0.0,0.0,0.25186777750559947
2023-01-20,0.0,0.0,0.0,0.0,0.10867045868039339,0.0,0.0,0.0,0.03744833302515713,0.018909616580719196,0.0,0.0,0.0348937874126824,0.0,0.0,0.07083440922691708,0.16364918910483311,0.0,0.0,0.0,0.0,0.0,0.0,0.0,0.0,0.009824076471139684,0.244570129497388
2023-02-03,0.0,0.0,0.0,0.0,0.11355861771566766,0.0,0.0,0.0,0.039595082955771355,0.0,0.0,0.0,0.03584043683340922,0.0,0.0,0.0648469498548285,0.1608801744110414,0.0,0.0,0.0,0.0,0.0,0.0,0.0,0.0,0.03046234563939371,0.24361639258949694
2023-02-10,0.0,0.0,0.0,0.0,0.1073811903270162,0.0,0.0,0.0,0.021062662734382464,0.0,0.0,0.0,0.02975117406680781,0.0,0.0,0.06006536506601649,0.17566368476768765,0.0,0.0,0.0,0.0,0.0,0.0,0.0,0.0,0.03972526964828334,0.25515065338377674
2023-02-17,0.0,0.0,0.0,0.0,0.09356225336993804,0.0,0.0,0.0,0.0,0.03164165265653382,0.0,0.0,0.008809803678330449,0.0,0.0,0.0804702583580272,0.17139098457436228,0.0,0.0,0.0,0.0,0.0,0.0,0.0,0.0,0.03675659412383688,0.2661684532387054
2023-02-24,0.0,0.0,0.0,0.0,0.08071002248094833,0.0,0.0,0.0,0.0,0.04607333887285705,0.0,0.0,0.0,0.0,0.0,0.07997698860171813,0.1611818214490453,0.0,0.0,0.0,0.0021598953401833817,0.0,0.0,0.0,0.0,0.05431329646807144,0.26438463678555885
2023-03-03,0.0,0.0,0.0,0.0,0.07757397296284876,0.0,0.0,0.0,0.0,0.042543172013111294,0.0,0.0,0.0,0.0,0.0,0.07765042471191888,0.15179900780598088,0.0,0.0,0.0,0.01281905406027719,0.0,0.0,0.0,0.0,0.058737523637226174,0.26767684480844134
2023-03-10,0.0,0.0,0.0,0.0,0.07707703457580918,0.0,0.0,0.0,0.0014074995709889545,0.05027945047730005,0.0,0.0,0.0,0.0,0.0,0.08057234290277449,0.1503325523142864,0.0,0.0,0.0,0.014034406997913407,0.0,0.0,0.0,0.0,0.046987636735081384,0.26810907642549253
2023-03-17,0.0,0.0,0.0,0.0,0.06754346447518718,0.0,0.0,0.0,0.003092808505971001,0.042951557550925897,0.0,0.0,0.0,0.0,0.0,0.08237282438508528,0.13872750801665548,0.0,0.0,0.0,0.029893145288115538,0.0,0.0,0.0,0.0,0.05049132783775334,0.27372736394001895
2023-03-24,0.0,0.0,0.0,0.0,0.08769538033768828,0.0,0.02052674304103063,0.0,0.0,0.020577305306134216,0.0,0.0,0.027190582100554007,0.0,0.0,0.05824104150013756,0.11016716328470194,0.0,0.0,0.0,0.009693127446911434,0.0,0.0,0.0,0.0,0.07126687381012603,0.2834417831724037
2023-03-31,0.0,0.0,0.0,0.0,0.08002541018003545,0.0,0.0076124529579792415,0.0,0.05845384019835499,0.0,0.0,0.0,0.01361995282267701,0.0,0.0,0.06567666151460476,0.1267008393876567,0.0,0.0,0.0,0.005401986759705003,0.0,0.0,0.0,0.0,0.06343887515735377,0.26786998102150045
2023-04-07,0.0,0.0,0.0,0.0,0.17104590400216163,0.004436764034221258,0.054861521865727396,0.0,0.0710623187926136,0.0,0.0,0.02018374154249856,0.0,0.0,0.0,0.1140049295148696,0.10051336496649851,0.011230456342097746,0.0,0.0,0.008484893929222241,0.0,0.0,0.0,0.0,0.08960191116776459,0.25468862005251575
2023-04-14,0.0,0.0,0.0,0.0,0.17336745134851037,0.0,0.03893424851146184,0.0,0.08003063716105693,0.0,0.0,0.010487081293860168,0.022916416173742557,0.0,0.0,0.1090740861172228,0.11713754292580557,0.0,0.0,0.0,0.0,0.0,0.01297267534009642,0.0,0.0,0.08732867717445843,0.2483228389084511
2023-04-21,0.0,0.0,0.0,0.0,0.1743503635734214,0.0,0.042723770480312284,0.0,0.06246167617937505,0.002257382022516202,0.0,0.018400160126673476,0.03469401446151414,0.0,0.0,0.10886322578744786,0.11615482132445162,0.0,0.0,0.0,0.005045986874571527,0.0,0.003397795558986683,0.0,0.0,0.07873323260900074,0.255509729181249
2023-04-28,0.0,0.0,0.0,0.0,0.1459069765293004,0.0,0.05388652033084849,0.0,0.04903025005746774,0.0,0.0,0.009717516747667526,0.03287023877423057,0.0,0.0,0.07715688046198345,0.11422627420933296,0.0,0.0,0.0,9.091042701148807e-05,0.0,0.0,0.0,0.005057284971832982,0.1128667202486593,0.28656154935056144
2023-05-05,0.0,0.0,0.0,0.0,0.1447638032040791,0.0,0.05020046504511224,0.0,0.09492284179085583,0.0,0.0,0.006332900573393042,0.031978616014777986,0.0,0.0,0.08167388514392311,0.12084576503530764,0.0,0.0,0.0,0.007407401965833144,0.0,0.0,0.0,0.0,0.06843780567710096,0.29467707423684736
2023-05-12,0.0,0.0,0.0,0.0,0.15075942274746656,0.0,0.05275273326537225,0.0,0.09978213279457956,0.0,0.0,0.0,0.029966486593166808,0.0,0.0,0.09108744653017863,0.10938572313797426,0.00544111298353592,0.0,0.0,0.015462380507476227,0.0,0.0,0.0,0.0,0.0654197259115551,0.28468578443527304
2023-05-19,0.0,0.0,0.0,0.0,0.16490853680207762,0.0,0.045870598929328245,0.0,0.09014729488216144,0.0,0.0,0.0,0.02172870191874432,0.0,0.0,0.09556586829448914,0.129253360818537,0.0,0.0,0.0,0.005352441616132886,0.0,0.0,0.0,0.0,0.06933725163532278,0.28704654945861835
2023-05-26,0.0,0.0,0.0,0.0,0.16117591782314827,0.0,0.042910906658548124,0.0,0.08221261253488987,0.0,0.0,0.0,0.03523637575586074,0.0,0.0,0.0929597100241462,0.12541853059802144,0.0,0.0,0.0,0.006794464862255851,0.0,0.0,0.0,0.0,0.06223501428792944,0.2993800582969678
2023-06-02,0.0,0.0,0.0,0.0,0.1569430704205507,0.0,0.042081542795533756,0.006880617176552123,0.08279656162160483,0.0,0.0,0.0,0.04262200433937847,0.0,0.0,0.08706393100471133,0.12424579079600158,0.0,0.0,0.0,0.006066348197324654,0.0,0.0,0.0,0.0,0.058852887901626016,0.30538538283632904
2023-06-09,0.0,0.0,0.0,0.0,0.17336165016402533,0.0,0.032048328432387224,0.0,0.08839931354753955,0.0,0.0,0.0,0.04864917733517376,0.0,0.0,0.08888025611338941,0.12252867253316221,0.0,0.0,0.0,0.009005089473682464,0.0,0.0,0.0,0.0,0.050868758327130996,0.29974694978414407
2023-06-16,0.0,0.0,0.0,0.0,0.18333354758460568,0.0,0.015604155113679088,0.006651664549778133,0.0852199932837871,0.0,0.0,0.0,0.052193045585598494,0.0,0.0,0.08180137263563615,0.1185460618520465,0.009077806384161302,0.0,0.0,0.0,0.0,0.0,0.0,0.006851069879286151,0.06241050468658593,0.273567891665842
2023-06-23,0.0,0.0,0.003554740290132846,0.0,0.1854094168415307,0.0,0.018432953943344595,0.023225176259835417,0.07915803410904051,0.0,0.0,0.0,0.03349746432969367,0.0,0.008756033278244714,0.07939542804295449,0.1258119613950011,0.0026058056492986076,0.0,0.0,0.0013247227573464878,0.0,0.0,0.0,0.0,0.06687359745970953,0.26364108934998803
2023-06-30,0.0,0.0,0.002248134879796774,0.0,0.18537896632135736,0.0,0.016995058512870562,0.07288735968693322,0.07070661781424208,0.0,0.0,0.0,0.023917047753910695,0.0,0.0,0.07696076579155421,0.1256211751501531,0.0015804287911874554,0.0,0.0,0.0,0.0,0.0,0.0,0.0026943860958796428,0.06887360716166913,0.25738403751140004
2023-07-07,0.0,0.0,0.0,0.0,0.10381526275836588,0.0,0.0,0.0,0.06466820749220833,0.000203596551118998,0.0,0.0,0.027227440683161606,0.0,0.0,0.08985261791253617,0.10733625089403528,0.00023785308945929381,0.0,0.0,0.0,0.0,0.0,0.0,0.0,0.06272585928179379,0.214987911337151
2023-07-14,0.0,0.0,0.0,0.0,0.10347719748775862,0.0,0.0015583847379531703,0.005269241395672091,0.05760672024825657,0.01700112130140297,0.0,0.0,0.01811394000129284,0.0,0.01460744373939098,0.08157913959271863,0.1098458702358499,0.0,0.0,0.0,0.0,0.0,0.0,0.0,0.0,0.05824272283372951,0.20375321842575828
2023-07-21,0.0,0.0,0.0,0.0,0.07721577250644306,0.0,0.0012771433202006686,0.03533404658689219,0.05879288769758267,0.004689841708528288,0.0,0.0,0.030699103910750265,0.0,0.029635689126447005,0.07873738818040137,0.10589277824956829,0.0,0.0,0.0,0.0,0.0,0.0,0.0,0.0,0.05739660391634837,0.19138374479673298
2023-07-28,0.0,0.0,0.0,0.0,0.09297011794921571,0.0,0.006793230850536028,0.030003165674268348,0.06052381429195795,0.0,0.0,0.0,0.018509881111443895,0.0,0.031018897044434918,0.0789007370983734,0.10336040281148628,0.0,0.0,0.0,0.0,0.0,0.0,0.0,0.0,0.06700015675895402,0.18197459640739264
2023-08-04,0.0,0.0,0.0,0.0,0.10355573433823631,0.0,0.008484336239903089,0.03316738975180472,0.06072736898558187,0.0,0.0,0.0,0.027262346219834612,0.0,0.032933956791742186,0.06945559521617203,0.09586720444100885,0.0,0.0,0.0,0.0,0.0,0.0,0.0,0.0,0.06065841698729052,0.1789426510283031
2023-08-11,0.0,0.0,0.0,0.0,0.10564811943335564,0.0,0.0016243327486102329,0.04008635555313033,0.05675583639953943,0.0,0.0,0.0,0.018307525908208586,0.0,0.026167928158562122,0.07733741360360344,0.09738714788026948,0.0,0.0,0.0,0.0,0.0,0.0,0.0,0.0,0.0783973533645397,0.1693429869499962
2023-08-18,0.0,0.0,0.0,0.0,0.10156234641319178,0.0,0.03310501577114394,0.03858114879275017,0.05478065632177816,0.0,0.0,0.0,0.025322266740553493,0.0,0.037556117249946924,0.058329057559104766,0.08198386329569013,0.0,0.0,0.0,0.0,0.0,0.0,0.0,0.0,0.07092996060893074,0.16890456724658987
2023-08-25,0.0,0.0,0.0,0.0,0.10017236007591754,0.0,0.041773807202232976,0.0,0.05693015121240512,0.0,0.0,0.0,0.04912847846857091,0.0,0.03533669626697214,0.056629818902408424,0.08838104649501292,0.0,0.0,0.0,0.0,0.0,0.0,0.0,0.0,0.07237873533644237,0.1703239060383797
2023-09-01,0.0,0.0,0.0,0.0,0.10162320642394414,0.0,0.03860784492822199,0.0,0.04266330312816047,0.0,0.0,0.0,0.04150060287527518,0.0,0.0591427068364062,0.061457157315200975,0.09310280711294476,0.0,0.0,0.0,0.0,0.0,0.0,0.0,0.0,0.06391579538122193,0.1690415759984787
2023-09-08,0.0,0.0,0.0,0.0,0.10912070831454007,0.007129545716928714,0.019866672547964006,0.0,0.038777538370032325,0.0,0.0,0.0,0.041609679685503644,0.0,0.06952049329660208,0.06327660581316825,0.0939160838844071,0.0,0.0,0.0,0.0,0.0,0.0,0.0,0.0,0.06649037414952763,0.1613472982175098
2023-09-15,0.0,0.0,0.0,0.0,0.1275769438967748,0.010736935668238079,0.017961817845278432,0.0,0.021311816490500173,0.0,0.0,0.0,0.06026133626229806,0.0,0.06287728479609109,0.053471991981252534,0.09429313511248669,0.0,0.0,0.0,0.0,0.0,0.0,0.0,0.0,0.0723154544327998,0.15024828351372457
2023-09-22,0.0,0.0,0.0,0.0,0.1369759628572103,0.003222515585851609,0.013126159056250442,0.0,0.027696006648295905,0.0,0.0,0.0,0.07405997941208409,0.0,0.07289532451006564,0.044672931543890265,0.08272178256716384,0.0,0.0,0.0,0.0,0.0,0.0,0.0,0.0,0.06994877290451586,0.14573556491456477
2023-09-29,0.0,0.0,0.0,0.0,0.1465873384189753,0.0,0.005028700551266979,0.0,0.023154434546800842,0.0,0.0,0.0,0.07927081744369431,0.0,0.07671734223709858,0.04164474111958723,0.07616503865042024,0.0,0.0,0.0,0.003223764522103572,0.0,0.0,0.0,0.0,0.06935211442818691,0.1499107080816982
2023-10-13,0.059744514893402705,0.006554619238665468,0.0,0.018951854753770182,0.16929002212791716,0.0,0.05861792992060934,0.04391611235082287,0.06102078563378822,0.006187123309009184,0.0,0.0,0.03593463513513604,0.08384742760446835,0.009114541798022367,0.019123795639946303,0.03498533053118772,0.0,0.0,0.0,0.0,0.0,0.0,0.0,0.0,0.03779582013426215,0.19614156114333528
2023-10-20,0.07311083139411205,0.012220849020883898,0.0,0.02650208834550224,0.1842412603319703,0.0,0.07885545325743297,0.08264366151844524,0.07308277090062112,0.003622072363607446,0.0,0.0,0.01039990104086534,0.07420378877712465,0.0031197508283209454,0.0,0.027873256601323858,0.0,0.0,0.0,0.0,0.0,0.0,0.0,0.0,0.029587033475474887,0.20269239504011552
2023-10-27,0.04431653898814689,0.011517870771367953,0.0,0.02449762701427831,0.21795948319635852,0.0,0.05690297174661178,0.044894166501882736,0.11115324410604603,0.0,0.0,0.0,0.026901579646073658,0.031113884879401407,0.0,0.062286737406196495,0.026295204520905453,0.0,0.020375893086969177,0.0,0.0,0.0,0.014404147608461924,0.0,0.008182310523316624,0.03260814521787413,0.14523059636584337
2023-11-03,0.014584397711309007,0.03749737300451251,0.016274674180737372,0.0015210840299774689,0.21878465370211764,0.0,0.0672461107683576,0.053712911496791624,0.08520265746947951,0.0,0.0,0.0,0.017674166243063262,0.02592390891201442,0.006484291775957745,0.05416402433802854,0.011298132296452733,0.0,0.04004031115623199,0.0,0.0,0.0,0.0,0.0,0.04467092158133526,0.024632243011616494,0.17029517391143167
2023-11-10,0.018714226104499326,0.03366577783780496,0.01668786050788811,0.0,0.20785396750103677,0.0,0.052694405630226954,0.061756444836227796,0.07497768154873222,0.0,0.0,0.0,0.011461235856904058,0.02184194685319472,0.009248217335509562,0.05671980361750058,0.01962347169699063,0.0,0.049002890204893984,0.0,0.0,0.0,0.0029383397596634015,0.0,0.05283951612212702,0.017834762625499222,0.1808732665636638
2023-11-17,0.002970034604721402,0.030315958176358414,0.02346701673212508,0.0,0.2087649616195998,0.0,0.0240951404272178,0.061399256086903116,0.0856930599836802,0.0,0.0,0.0,0.022149285368305797,0.025859661434506333,0.01454048524509435,0.059430357176009065,0.024319314220116656,0.0,0.04778104324544188,0.0,0.0,0.0,0.006002879859748946,0.0,0.05399694984846392,0.0198222987550018,0.17930132972989526
2023-11-24,0.005014630163750302,0.0187178605415157,0.021397355307178036,0.0,0.21028734044006456,0.0,0.023110231831721197,0.058835706622124805,0.09335139929479842,0.0,0.0,0.0,0.02175088716812925,0.02675879666741004,0.028173780001287327,0.0605693820277833,0.029590167089508786,0.0,0.0502513646679734,0.0,0.0,0.0,0.008922751120666091,0.0,0.047611551296719845,0.022740332054260157,0.1684323079585854
2023-12-01,0.05669877874070232,0.0,0.014058029006219198,0.005233620625418058,0.19296569435409006,0.0,0.006975658101185995,0.0,0.08489721736861391,0.0,0.0,0.0,0.02542274291354768,0.056112915295480806,0.018910505282746595,0.06551775524459581,0.06516135262128897,0.0,0.04802411969189266,0.0,0.0,0.0,0.002441760047893287,0.0,0.04345675704547371,0.010082468460236686,0.18291747826880667
2023-12-08,0.06311452122457993,0.0,0.03332529573763058,0.0,0.19028699586068867,0.0,0.0,0.0,0.10571433202023718,0.0,0.0,0.0,0.0,0.06093595036045898,0.0035344745802245604,0.059266391491273746,0.08644042270815515,0.0,0.03799881871284932,0.0,0.0,0.0,0.0040140953199205385,0.0,0.0567148995534357,0.007322109700874849,0.18801091134882386
2023-12-15,0.07772846111702844,0.0,0.02768688929823745,0.0,0.16762767565755965,0.0,0.0,0.0,0.11699998637057123,0.0,0.0,0.0,0.0,0.047873282056386204,0.0,0.06561139126231237,0.10003130330483424,0.0,0.057921034191344145,0.0,0.0,0.0,0.0,0.0,0.06871196820632992,0.010162264438932738,0.17985557168376215
2023-12-22,0.04578086009460094,0.0,0.0348310744270795,0.0,0.16693785266939376,0.0,0.0,0.009410236401789786,0.09851288523049742,0.000312934926194678,0.0,0.0,0.0,0.06265438634815512,0.0,0.07060541899461246,0.0983669951898526,0.0,0.061711629516736366,0.0,0.0,0.0,0.0,0.0,0.08966652839650957,0.0,0.17970505801964082
2023-12-29,0.006045865718883884,0.0,0.05416974992008088,0.0,0.17874225747433442,0.0,0.011053487242044047,0.0,0.09263373820572988,0.00855559472940365,0.0,0.0,0.0,0.07124822930069638,0.00905828521877514,0.06177734114749373,0.08016359419809131,0.0,0.059138466012002545,0.0,0.0,0.0,0.0,0.0,0.08493492970778978,0.0,0.18444818532722018
2024-01-05,0.0,0.0010543249847704576,0.0,0.0,0.14261116343680155,0.0,0.0,0.0,0.06628288723343619,0.0,0.0,0.0,0.0,0.04348422407882304,0.02753523955959184,0.08136781900639846,0.09387840045452488,0.0,0.012586258984819718,0.0,0.0,0.0,0.0020431374390779784,0.0,0.0,0.013958885853689446,0.18635765896754325
2024-01-12,0.0,0.0,0.0,0.0,0.1384038840145972,0.017671656726658037,0.0,0.0,0.07852040984254421,0.0,0.0,0.003392796122467943,0.0,0.07943184080836856,0.01742369857909257,0.07087332584610234,0.08660164351500411,0.0,0.0,0.0,0.0,0.0,0.0,0.0,0.0,0.0006554417628923037,0.1781853027820042
2024-01-19,0.0,0.0,0.0,0.0,0.1433087357130028,0.02058793588645589,0.0,0.0,0.04884616589672624,0.0,0.0,0.0,0.0,0.058719057209077774,0.029742387984506784,0.07124870936281513,0.09604387640279882,0.0,0.0,0.0,0.0,0.0,0.0,0.0,0.0,0.0,0.20266313154434284
2024-01-26,0.0,0.0,0.0,0.0,0.15042003036574947,0.04040150422288733,0.0044208928770527196,0.0,0.0,0.0,0.0,0.04338549518271419,0.002135956925989122,0.10239600498051743,0.032286397015677384,0.05385021794732149,0.08282230182614629,0.0,0.0,0.0,0.0,0.0,0.005656977971767509,0.0,0.0,0.0,0.15338422068407181
2024-02-02,0.0,0.0015205520535763266,0.0,0.0,0.12315599345657716,0.004449974291257756,0.0,0.0,0.024080751585322017,0.011878949999500324,0.0,0.04612293466238818,0.0,0.1304157597069897,0.007685042096808101,0.03854038923587519,0.08306873143069626,0.0,0.0,0.0,0.0,0.0,0.0,0.0,0.0,0.005188197036187066,0.19505272444445212
2024-02-09,0.0,0.0,0.0,0.0,0.31348680865486567,0.0,0.06728397022203934,0.0,0.0,0.0,0.0,0.0,0.0,0.0,0.0,0.06326422105108642,0.01667419945912354,0.0,0.0,0.0,0.0,0.0,0.0,0.0,0.0,0.01633317468666798,0.19411762592601495
2024-02-23,0.0,0.0,0.0,0.0,0.3202074762165323,0.0,0.06275924418966874,0.0,0.0,0.0,0.0,0.0,0.0,0.0,0.0,0.060005194516735055,0.0016682736029835481,0.0,0.0,0.0,0.0,0.0,0.0,0.0,0.0,0.018723878724177835,0.2077959327444522
2024-03-01,0.0,0.0,0.0,0.0,0.2894413281362361,0.0,0.06801056852635216,0.0,0.0,0.0,0.0,0.0,0.0,0.0,0.0,0.06084910373732493,0.05165786506390791,0.0,0.0,0.0,0.0,0.0,0.0,0.0,0.0,0.002355630054506545,0.1988455044814779
2024-03-08,0.0,0.0,0.0,0.0,0.25860901611250564,0.0,0.07542747133522576,0.0,0.0,0.0,0.0,0.0,0.0,0.0,0.0,0.04725309415881815,0.05617037768963381,0.0,0.0,0.0,0.0,0.0,0.0,0.004066720206691037,0.0,0.015325098574551298,0.21430822192244864
2024-03-15,0.0,0.0,0.0,0.0,0.24320301411211998,0.0,0.05568909189750653,0.0,0.0,0.0,0.0,0.0,0.01390862735763233,0.0,0.0,0.062169836926249465,0.06781909778535286,0.0,0.0,0.0,0.0,0.0,0.0,0.026524269573778767,0.0,0.011802897617881433,0.19004316472919272
2024-03-22,0.0,0.0,0.0,0.0,0.2543748335712798,0.0,0.039619747346650545,0.0,0.009615800050320148,0.0,0.0,0.0,0.009781970275740466,0.0,0.0005958720550778189,0.059602578046065134,0.07572957006095869,0.0,0.0,0.0,0.0,0.0,0.0,0.024661067938581045,0.0,0.016929798781719418,0.1802487618734916
2024-03-29,0.0,0.0,0.0,0.0,0.24015535759646267,0.0,0.05774834172535314,0.0,0.010607596872337456,0.0,0.0,0.0,0.04235453955702809,0.0,0.0,0.06718850987662615,0.0582729217639283,0.0,0.0,0.0,0.0,0.0,0.0,0.004466299102877033,0.0,0.0060570422209766505,0.18430939128402582
2024-04-05,0.0,0.0,0.010401384145954236,0.0,0.25559139453710605,0.0,0.019225536289583664,0.0,0.16580317516256762,0.0,0.0,0.0,0.028830860362710174,0.0,0.0,0.06621744780018486,0.029523669424310218,0.0,0.0,0.0,0.0,0.0,0.0,0.07221050296308608,0.040387450917920224,0.04380200029546599,0.24125157810073358
2024-04-12,0.0,0.0,0.03335064106118477,0.0,0.2527700241526218,0.0,0.0,0.0,0.1618366457718893,0.0,0.0,0.0,0.05606324114814162,0.0,0.050692039038895,0.04163428116705225,0.030549878331481248,0.0,0.0,0.0,0.0,0.0,0.0,0.05482743373415,0.044171117074698826,0.0066616430070380594,0.22807636474459905
2024-04-19,0.021290760559746554,0.0,0.11512177688441114,0.0,0.25587155506743436,0.0,0.01481187478459126,0.0,0.1656564023017514,0.0,0.0,0.0,0.0,0.0,0.0231022504469467,0.03910770373822685,0.015145115654001288,0.0,0.0,0.0,0.0,0.0,0.0,0.04014613724913865,0.0,0.0,0.2816857942948888
2024-04-26,0.0028272176137151507,0.0,0.1184125949120416,0.0,0.22977702549888462,0.0,0.011028719637402339,0.0,0.16339655642300863,0.0,0.0,0.0,0.0,0.0,0.04042536519566835,0.033837643906731926,0.023255190992559592,0.0,0.0,0.0,0.0,0.0,0.0,0.06783806168847378,0.0,0.0,0.2824466241313343
2024-05-03,0.0,0.0,0.10555357587317196,0.0,0.219724772447983,0.0,0.011312027950811293,0.0,0.1499510906672737,0.0,0.0,0.0,0.0,0.0,0.039584573898575844,0.04353623641076499,0.026048629428601953,0.0,0.0,0.0,0.0,0.0,0.0,0.08525063933356825,0.0,0.0,0.2825802735880956
2024-05-10,0.03667074068189846,0.0,0.11349873795196845,0.0,0.18833256850637056,0.0,0.04027870900410334,0.0,0.16911810060997728,0.0,0.0,0.0,0.013643287324984725,0.0,0.009446940277934971,0.07151521345448204,0.0,0.0,0.0,0.0,0.0,0.0,0.0,0.04356642120923006,0.0,0.04421055364902903,0.23906958906986603
2024-05-17,0.0511747128849505,0.0,0.1110326940945281,0.0,0.2045024149761097,0.0,0.027481290471744264,0.0,0.1560596905251071,0.0,0.0,0.0,0.010784652662107454,0.0,0.022728667113575737,0.0647050427989496,0.0,0.0,0.0,0.0,0.0,0.0,0.0,0.039789277100561175,0.0,0.046523109799114164,0.2267486917862509
2024-05-24,0.06930467569342975,0.0,0.08365033855075651,0.0,0.20547759210679398,0.0,0.04485245676656473,0.0,0.1659683200256475,0.0,0.0,0.0,0.015689964915289383,0.0,0.03133286527537777,0.038348985195638036,0.0,0.0,0.0,0.0,0.0,0.0,0.0,0.019408480259303085,0.0,0.05002023425043149,0.22703241371681188
2024-05-31,0.051743627077702796,0.0,0.08623215558652064,0.0,0.20932095101839449,0.0,0.043500420176274764,0.0,0.1638674549983107,0.0052779848278824825,0.0,0.0,0.011887630710666015,0.0,0.027889508939203465,0.04178671599294896,0.0,0.0,0.0,0.0,0.0,0.0,0.0,0.028945882473377878,0.0,0.04604132115679458,0.22842751373435782
2024-06-07,0.0290899814002705,0.0,0.07833318408620643,0.0,0.2108859847018259,0.0,0.030874073765707877,0.0,0.18607585338800503,0.0,0.0,0.0,0.04058034199327556,0.0,0.0,0.07313002508048853,0.0,0.0,0.0,0.0,0.0,0.0,0.0034467497262869002,0.005983017478629225,0.0,0.04621740818513862,0.24106707003690447
2024-06-14,0.0,0.0,0.0857274451793452,0.0,0.23447906615653702,0.0,0.03772870323845771,0.0,0.18699410537117206,0.0,0.0,0.0,0.040521683846795276,0.0,0.0,0.07193239101765544,0.0,0.0,0.0,0.0,0.0,0.0,0.0,0.002774549021346866,0.0,0.046333625939422626,0.22480107837308427
2024-06-21,0.025992941866038594,0.0,0.061344916257790386,0.0,0.24164060952942265,0.0,0.026635375597882087,0.0,0.17039276680978294,0.0,0.0,0.0,0.038085388086459906,0.0,0.005226915924498479,0.07524111107103101,0.008700943502793872,0.0,0.0,0.0,0.0,0.0,0.0,0.0,0.0,0.050809811727681835,0.19780992459777616
2024-06-28,0.051364608130225906,0.0,0.04421875282218497,0.0,0.24707988199702804,0.0,0.035392172053516004,0.0,0.17794341592620902,0.0,0.0,0.0,0.04523809121274043,0.0,0.010630250769156415,0.07865533092966859,0.00806479556908366,0.0,0.0,0.0,0.0,0.0,0.0,0.0,0.0,0.04100195126538054,0.16904618272048497
2024-07-05,0.007666459676826609,0.0,0.0,0.0,0.2127725303241743,0.0,0.04955674142585702,0.0,0.1543889314258226,0.010125198650464717,0.0,0.01461489121674029,0.06529986116284937,0.0,0.00935132447842677,0.11186757947267485,0.0,0.0,0.0,0.0,0.0,0.0,0.0,0.0,0.0,0.0017298116879237591,0.06759667047810225
2024-07-12,0.01952551878947163,0.0,0.0,0.0,0.20355734762584607,0.0,0.032886542113874706,0.0,0.14852387625387328,0.0,0.0,0.019481579676535604,0.05436355492288025,0.0,0.04588873877983035,0.10542909058349907,0.001152856577057344,0.0,0.0,0.0,0.0,0.0,0.0,0.0,0.0,0.012518142157417988,0.06164275251950266
2024-07-19,0.013589042395122706,0.0,0.0,0.0,0.1995036848054606,0.0,0.02698383751773812,0.0,0.16924060588228937,0.0,0.0,0.02436386731505102,0.06121021282740077,0.0,0.06321401467973999,0.1015649795368501,0.0,0.0,0.0,0.0,0.0,0.0,0.0,0.0,0.0,0.005380804821140284,0.039918950219009555
2024-07-26,0.0,0.0,0.0,0.0,0.21067604299824122,0.0,0.0,0.0,0.14617244630508072,0.0,0.0,0.019814740372083924,0.0900740955603603,0.0,0.06529672153917951,0.05272982502338297,0.035024879715853156,0.0,0.0,0.0,0.0,0.0,0.0,0.0,0.0,0.0,0.08518124848539291
2024-08-02,0.0,0.0,0.0,0.0,0.20427375910463244,0.0,0.0,0.0,0.14902292473722176,0.0,0.0,0.018260330389753218,0.08570241825732056,0.0,0.06313004235047304,0.06636827701204277,0.02556827364822133,0.0,0.0,0.0,0.0,0.0,0.0,0.0,0.0,0.0,0.09264397450012843
2024-08-09,0.0,0.0,0.0,0.0,0.1709799574693604,0.0,0.0,0.020069357708563353,0.14957227102033252,0.0,0.0,0.030235983437229202,0.07648014130507401,0.0,0.058818898887811805,0.06240436698938166,0.036845604898540746,0.0,0.0,0.0,0.0,0.0,0.0,0.0,0.0,0.0,0.09956341828349081
2024-08-16,0.0,0.0,0.0,0.0,0.16743252688289895,0.0,0.0,0.05635963766748622,0.15016008950366144,0.0,0.0,0.02593154387920439,0.07117624282411088,0.0,0.03997887615020387,0.06451919377356638,0.03824478184435001,0.0,0.0,0.0,0.0,0.0,0.0,0.0,0.0,0.0,0.09116710747415893
2024-08-23,0.0,0.0,0.0,0.0,0.1727292376267071,0.0,0.0,0.05101664544319569,0.15057988877711834,0.0,0.0,0.028735410385189827,0.07538409514707642,0.0,0.042447622751601244,0.06994955284508951,0.029402296480021572,0.0,0.0,0.0,0.0,0.0,0.0,0.0,0.0,0.0,0.08472525054387557
2024-08-30,0.0,0.0,0.0,0.0,0.17129680968264396,0.0,0.0,0.05835565332177426,0.13060130084338575,0.0,0.0,0.03177109994446021,0.04467846678128028,0.0,0.07667133517242081,0.028173640614618682,0.0528256875494956,0.0,0.0,0.0,0.0,0.0,0.0,0.0,0.0,0.0,0.1105960060894916
2024-09-06,0.0,0.0,0.0,0.0,0.16846773655764322,0.0,0.0,0.042908623299801385,0.12850587021420964,0.0,0.0,0.03415473302696026,0.03767677406284217,0.0,0.0628060522264913,0.04255054911820433,0.06695266224227613,0.0,0.0,0.0,0.0,0.0,0.0,0.0,0.0,0.0,0.12094699925145334
2024-09-13,0.0,0.0,0.0,0.0,0.1388878025687006,0.0,0.0,0.017796215515223528,0.12168210789806688,0.0,0.0,0.015607654606043284,0.04562514860394206,0.0,0.07464811019906761,0.09698725064619981,0.047514513223189954,0.0,0.0,0.0,0.0,0.0,0.0,0.0,0.0,0.0,0.1462211967393152
2024-09-20,0.0,0.0,0.0,0.0,0.14018922709227274,0.0,0.0,0.0,0.13889174842158214,0.0,0.0,0.03198092631265063,0.048949575855290466,0.0,0.10148122636360293,0.09622085583604088,0.02634927013792166,0.0,0.0,0.0,0.0,0.0,0.0,0.0,0.0,0.0,0.12090716998042361
2024-09-27,0.0,0.0,0.0,0.0,0.09035325487789199,0.0,0.0,0.015166064976842288,0.0868250022197891,0.0,0.0,0.04172705952407625,0.04301054929629076,0.0,0.02974163463547602,0.12910440141547816,0.05184340209143593,0.0,0.0,0.0,0.0,0.0,0.0,0.0,0.0,0.0,0.21719863096085254
2024-10-04,0.0,0.0,0.014234583234648813,0.0,0.20439846809664122,0.0,0.0,0.023761756939894445,0.19088104399338604,0.0,0.0,0.01060371473885974,0.033061298206435476,0.0,0.10082047265268906,0.1243751103268907,0.0028623914916315347,0.0,0.0,0.0,0.0,0.0,0.06403337790349187,0.0,0.0,0.0,0.17055541361929483
2024-10-11,0.0,0.0,0.021568693082489248,0.0,0.19024112129153814,0.0,0.0,0.0507355304622358,0.1687502563650184,0.0,0.0,0.029007332241015277,0.03438373519207901,0.0,0.1146815607328197,0.09392218565429673,0.005184507577470222,0.0,0.0,0.0,0.0,0.0,0.04414366325066325,0.0,0.0,0.0,0.17982493667947033
2024-10-18,0.0,0.0,0.030200555632296247,0.0,0.18460675317320546,0.0,0.0,0.054538533451041614,0.16191536917376137,0.0,0.0,0.036952610390888166,0.04225393948112106,0.0,0.13562484618232215,0.0909777056164591,0.011209528814677959,0.0,0.0,0.0,0.0,0.0,0.028736898854989944,0.0,0.0,0.0,0.1701665640864111
2024-10-25,0.0,0.0,0.03756178447436257,0.0,0.18785294079866532,0.0,0.0,0.018659329681722795,0.15586848467060185,0.0,0.0,0.03773292754835274,0.056035932411123236,0.0,0.14502774275118402,0.08489485525099569,0.02282146967287807,0.0,0.0,0.0,0.0,0.0,0.012240339562098393,0.0,0.0,0.019107232753017383,0.17080974213707042
2024-11-01,0.0,0.0,0.005481190245323752,0.0,0.20261483325298388,0.0,0.0,0.0,0.14671931799576363,0.0,0.0,0.022896030974851732,0.11132628762249343,0.0,0.1443097414980236,0.08735991831205167,0.00024785040640755716,0.0,0.0,0.0,0.0,0.0,0.007396258291991821,0.0,0.00650150502796935,0.036605851719764874,0.16629716912233516
2024-11-08,0.0,0.0,0.0,0.0,0.1972374149858821,0.0,0.0,0.0,0.14735924912585016,0.0,0.0,0.015234405781079112,0.11481568387743425,0.0,0.1702743835134072,0.10148798208452219,0.00442971917126807,0.0,0.0,0.0,0.0,0.0,0.00246317237585609,0.0,0.016571015764034563,0.00905882252707049,0.1565844314947796
2024-11-15,0.0,0.0,0.0,0.0,0.18039612343430386,0.0,0.0,0.008434241565578383,0.1642253155213272,0.0,0.0,0.009362323514331954,0.11383813154469141,0.0,0.14396957763165386,0.10830935515338885,0.0,0.0,0.0,0.0,0.0,0.0,0.004149699579493838,0.0,0.015598616803027158,0.0189152761506122,0.16355959049898958
2024-11-22,0.0,0.0,0.0,0.0,0.16918247084802415,0.0,0.0,0.0,0.16210734332012014,0.0,0.0,0.01242572845965899,0.12384038175250671,0.0,0.13627390175424126,0.12409392680793309,0.0016108915554052063,0.0,0.0,0.0,0.0,0.0,0.0,0.0,0.017401220984511828,0.01793669684682312,0.16090594540569375
2024-11-29,0.0,0.0,0.0,0.0,0.17344155301062025,0.0,0.0,0.0,0.17389325527517416,0.0,0.0,0.013220340690866417,0.12281135578315272,0.0,0.11285786916550923,0.12051185827163295,0.013380665254903008,0.0,0.0,0.0,0.0,0.0,0.0,0.0,0.022081839191470463,0.013797775177206848,0.16473202426544425
2024-12-06,0.0,0.0,0.0,0.0,0.1735132011841438,0.0,0.0,0.0,0.1804308022271858,0.0,0.0,0.008466577297952423,0.13195734138097914,0.0,0.07333260355943812,0.1304456470005486,0.01914227646573245,0.0,0.0,0.0,0.0,0.0,0.0,0.0,0.026800626559294667,0.013026476634949147,0.17019674182098662
2024-12-13,0.0,0.0,0.0,0.0,0.15222219485399116,0.0,0.0,0.0,0.18859950934759562,0.0,0.0,0.02033722649869711,0.11184466110353981,0.0,0.05382196346767261,0.13830795464844667,0.03798538358870499,0.0,0.0,0.0,0.0,0.0,0.0,0.0,0.030207763016880794,0.002299472569580041,0.1861561859087292
2024-12-20,0.0,0.0,0.0,0.0,0.12407995152652423,0.0,0.0,0.0,0.1926458764782058,0.0,0.0,0.006504182695911658,0.11378731999083724,0.0,0.05161038775293566,0.14447744735271034,0.04779592705488012,0.0,0.0,0.0,0.0,0.0,0.0,0.0,0.022928223952769146,0.007483214926232404,0.20377803297724
2024-12-27,0.0,0.0,0.0,0.0,0.11083375906366506,0.0,0.0,0.0,0.19459131391009285,0.0,0.0,0.0,0.10695751283809797,0.0,0.04493848303234122,0.1572099525543169,0.045805281229567764,0.0,0.0,0.0,0.0,0.0,0.0,0.0,0.03664351146776966,0.010871870878811302,0.21006015848745224
2025-01-03,0.0,0.0,0.0,0.0,0.04754302206855148,0.0,0.0,0.0,0.03626076976073175,0.0,0.0,0.0,0.015587526938261681,0.0,0.0,0.2679202674569104,0.047034771137296504,0.0,0.0,0.0,0.0,0.0,0.0,0.0,0.0,0.053640893941312065,0.19099274869658953
2025-01-10,0.0,0.0,0.0,0.0,0.01852578647955108,0.0,0.0,0.0,0.061529528816791246,0.0,0.0,0.0,0.015833792053073503,0.0,0.0,0.2669384314637425,0.06043178252087748,0.0,0.0,0.0,0.0,0.0,0.0,0.0,0.0,0.053547434089260396,0.18217324457627287
2025-01-17,0.0,0.0,0.0,0.0,0.018410265573848016,0.0,0.0,0.0,0.055829294093180576,0.0,0.0,0.0,0.003503170818717147,0.016740296241024983,0.0,0.2627726105681279,0.06412074120325957,0.0,0.0,0.0,0.0,0.0,0.0,0.0,0.0,0.05484487049801252,0.1827587510036624
2025-01-24,0.0,0.0,0.0,0.0,0.0023823175357907036,0.0,0.0,0.0,0.049615442080994,0.0,0.0,0.00250490067490092,0.0,0.04008500455239404,0.0,0.2613109446824535,0.06238925581994287,0.0,0.0,0.0,0.0,0.0,0.0,0.0,0.0,0.06003867977050793,0.1806534548822026
2025-01-31,0.0,0.0,0.0,0.0,0.04576873300070364,0.0,0.0,0.0,0.06434251325162148,0.005628254244095378,0.0,0.0,0.0,0.005952450771502002,0.0,0.25036137367684846,0.06110522458779062,0.0,0.0,0.0,0.002099892417248562,0.0,0.0,0.0,0.0,0.040465317776783076,0.18325624027299214
2025-02-07,0.0,0.0,0.0,0.0,0.008700279794568718,0.0,0.0,0.0,0.06593471678706339,0.023338332678678287,0.0,0.0,0.0,0.0,0.0,0.2661118770538646,0.05803034330633783,0.0,0.0,0.0,0.0,0.0,0.0,0.0,0.0,0.04231601049030708,0.1945484398885245
2025-02-14,0.0,0.0,0.0,0.0,0.03167873366409313,0.0,0.0,0.0,0.07981305055287588,0.015240848808969332,0.0,0.0,0.0,0.028077513561950602,0.0,0.23836838746566422,0.05157267834928393,0.0,0.0,0.0,0.0,0.0,0.0,0.0,0.0,0.05085696609870761,0.16337182149818347
2025-02-21,0.0,0.0,0.0,0.0,0.05780871751713679,0.0,0.0,0.0,0.08024830686573195,0.018139713148413273,0.0,0.0,0.0179399926963549,0.021418184847072485,0.0,0.2127924549024676,0.05634071522698941,0.0,0.0,0.0,0.0,0.0,0.0,0.0,0.0,0.046553269543345904,0.14773864525236718
2025-02-28,0.0,0.0,0.0,0.0,0.06633078159171657,0.0,0.0,0.0,0.09114936830189954,0.0,0.0,0.0,0.014270885701704025,0.032087272991680675,0.0041427818059536475,0.19919340405710675,0.054199031867860153,0.0,0.0,0.0,0.0,0.0,0.0,0.0,0.0,0.05921698889614601,0.13838948478235732
2025-03-07,0.0,0.0,0.0,0.0,0.05129580039530127,0.0,0.0,0.0,0.08463629310170004,0.0,0.0,0.0,0.021603934061699588,0.060282203092584474,0.009874508932617522,0.18463470826363856,0.04269486259180128,0.0,0.0,0.0,0.0,0.0,0.0,0.0,0.0,0.05631961555113263,0.14763807400777476
2025-03-14,0.0,0.0,0.0,0.0,0.04991544409774039,0.0,0.0,0.0,0.07958154270698398,0.0,0.0,0.0,0.009385911137862617,0.03952385684341445,0.05326779473733469,0.17142973321783697,0.039866631108518874,0.0,0.0,0.0,0.0,0.0,0.0,0.0,0.0,0.07291554439391981,0.14309354175558223
2025-03-21,0.0,0.0,0.0,0.0,0.05026167606978286,0.0,0.0,0.0,0.06566028907484849,0.0,0.0,0.0,0.018108971839324153,0.026139581945748856,0.08456270484072247,0.16391616490345673,0.03303717591330592,0.0,0.0,0.0,0.0,0.0,0.0,0.0,0.0,0.08214906458411046,0.13514437082849337
2025-03-28,0.0,0.0,0.0,0.0,0.07154850206380153,0.0,0.0,0.001739847645896942,0.08906045471780626,0.0,0.0,0.0,0.023641677099967978,0.0,0.04966061198328428,0.14935680543915741,0.059878831604538364,0.0,0.0,0.0,0.0,0.0,0.0,0.0,0.0,0.07630532320666938,0.13778794623847324
2025-04-04,0.0,0.0,0.0,0.0,0.05660053219583266,0.0,0.0,0.085405387803895,0.2340791953053862,0.0,0.0,0.0,0.09185775243607397,0.0,0.08745118402108162,0.1086092285280791,0.06666284936553944,0.0,0.0,0.0,0.0,0.0,0.0,0.0,0.1267046203337463,0.0,0.09025425000917303
2025-04-11,0.0,0.0,0.0,0.0,0.04593308980965227,0.0,0.0,0.06740182096696433,0.2283906797801637,0.0,0.0,0.0,0.13107180359933418,0.0,0.11189158278922386,0.07040385335874462,0.07667312610632886,0.0,0.0,0.0,0.0,0.0,0.0,0.0,0.11954443730868437,0.0,0.09631460627965228
2025-04-18,0.0,0.0,0.0,0.0,0.045988197858443124,0.0,0.0,0.07685289363869087,0.24842358638801482,0.0,0.0,0.0,0.11764103005651277,0.0,0.1094202563525589,0.07057447955873584,0.07519025414269936,0.0,0.0,0.0,0.0,0.0,0.0,0.0,0.09017342999891538,0.0,0.10223054646392343
2025-04-25,0.0,0.0,0.0,0.0,0.04873731211481375,0.0,0.0,0.08236874263418523,0.25268714215435584,0.0,0.0,0.0,0.10853485093250594,0.0,0.12367415086750981,0.06802795042731369,0.06619204018389525,0.0,0.0,0.0,0.0,0.0,0.0,0.0,0.08922339648633262,0.0,0.09479769923870496
2025-05-02,0.0,0.0,0.0,0.0,0.05663174524933171,0.0,0.0,0.07672431413833515,0.24513404390022364,0.0,0.0,0.0,0.09625295615885593,0.0,0.14406246004087936,0.0757940804369936,0.05827639716576601,0.0,0.0,0.0,0.0,0.0,0.0,0.0,0.06605856010068684,0.0,0.1022391507510389
2025-05-09,0.0,0.0,0.0,0.0,0.07723848417231875,0.0,0.0,0.06808100693585421,0.24562770793958352,0.0,0.0,0.0,0.09768487526199465,0.0,0.15182371510076323,0.051253291025770954,0.055812544293440604,0.0,0.0,0.0,0.0,0.0,0.0,0.0,0.06727827771647417,0.0,0.10448278301619762
2025-05-16,0.0,0.0,0.0,0.0,0.0544708338173057,0.0,0.0,0.07547368017359828,0.25080183197150874,0.0,0.0,0.0,0.09688656192903043,0.0,0.1551180034103925,0.05473727265451516,0.052372221473077976,0.0,0.0,0.0,0.0,0.0,0.0,0.0,0.048208194789453374,0.009365071201712144,0.11286526663023486
2025-05-23,0.0,0.0,0.0,0.0,0.05087691309127905,0.0,0.0,0.08918094606141083,0.2484491092425041,0.0,0.0,0.0,0.0953003848324996,0.0,0.15638637425521576,0.053357978914585075,0.04838246087002968,0.0,0.0,0.0,0.0,0.0,0.0,0.0,0.04272163356353586,0.009399937343691966,0.11353146834902232
2025-05-30,0.0,0.0,0.0,0.0,0.08635985306500837,0.0,0.0,0.0583078193158227,0.2519884211042891,0.0,0.0,0.0,0.09496440642091802,0.0,0.14842173641186565,0.04804872792518554,0.054743904617486905,0.0,0.0,0.0,0.0,0.0,0.0,0.0,0.03692349847838537,0.01963956626192967,0.101830340054129
2025-06-06,0.0,0.0,0.0,0.0,0.09740385326952948,0.0,0.0,0.04941019052266821,0.2212446271163292,0.0,0.0,0.0,0.09255039664142727,0.0,0.1596690961397096,0.0441221399522796,0.05849675634889442,0.0,0.0,0.0,0.0,0.0,0.0,0.0,0.05542844739786817,0.0304453379280495,0.09944083855655667
2025-06-13,0.03290240478287177,0.0,0.0,0.0,0.08206971095168615,0.0,0.0,0.04349043503255299,0.2122074805542843,0.0,0.0,0.0,0.10855647032558934,0.0,0.17152062945719942,0.04351878909612194,0.039558686259211946,0.0,0.0,0.0,0.0,0.0,0.0,0.0,0.046645965401449316,0.04498684052550436,0.06014373395865012
2025-06-20,0.0242527855374826,0.0,0.0,0.0,0.09995799177705132,0.0,0.0006508214065186593,0.04418196299073962,0.20622872060975983,0.0,0.0,0.0,0.11029137850049436,0.0,0.1795544291732245,0.029611794394529982,0.049297508311861464,0.0,0.0,0.0,0.0,0.0,0.0,0.0,0.05444026157150135,0.020800115392320205,0.06859765715296036
2025-06-27,0.022287206723810363,0.0,0.0,0.0,0.0971304592639189,0.0,0.00018291072583778747,0.051090088520468965,0.21726898508633882,0.0,0.0,0.0,0.12322352348656668,0.0,0.17166243158649536,0.018763779507658496,0.0548510907229364,0.0,0.0,0.0,0.0,0.0,0.0,0.0,0.042954053951456884,0.0009646613960098684,0.08648468154650245
2025-07-04,0.0,0.0,0.0,0.0,0.11087020536996214,0.015809821570900245,0.0,0.0,0.19864067843003314,0.0,0.0,0.0,0.07196525150608234,0.0,0.15218093655568207,0.08140899886194314,0.052326011441476236,0.0,0.0,0.0,0.0,0.0,0.0,0.0,0.0,0.02166309626308489,0.0
2025-07-11,0.0,0.0,0.0,0.0,0.1253858693199096,0.019663936874839284,0.0,0.0,0.1862166160864237,0.0,0.0,0.0,0.053412417943692135,0.0,0.1358906292585662,0.11544957217126534,0.047435685056809646,0.0,0.0,0.0,0.0,0.0,0.0,0.0,0.0,0.015277695403437323,0.006132577884923554
2025-07-18,0.0,0.0,0.0,0.0,0.12308995411947361,0.023716251568946613,0.0,0.0,0.19082772531130007,0.0,0.0,0.0,0.043724264247121954,0.0,0.12183743127941163,0.11689299092558855,0.060533507785204235,0.0,0.0,0.0,0.0,0.0,0.0,0.0,0.0,0.024242874762721536,0.0
2025-07-25,0.0,0.0004146872088279436,0.0,0.0,0.11301885516204631,0.014982362606443951,0.0,0.0,0.17216675634597556,0.0,0.0,0.002036807302285643,0.05691002989540233,0.0,0.11320193046689103,0.13673211625906737,0.07676049007236947,0.0,0.00624168053194612,0.0,0.0,0.0,0.0,0.0,0.0,0.0004432971480771244,0.011955987000483417
2025-08-01,0.0,0.009263821837167091,0.0,0.0,0.08993323912215118,0.002564356880875948,0.0,0.0,0.16501356991081811,0.0,0.0,0.017571449406128294,0.08249067975129555,0.0,0.11457564778685292,0.12492675411946988,0.0729233808011287,0.0,0.0013776233346491683,0.0,0.0,0.0,0.0,0.0,0.0,0.010369287316081107,0.013855189732263597
2025-08-08,0.0,0.002694334268555721,0.0,0.0,0.06215797606032929,0.0,0.0,0.0,0.17555767146301265,0.0,0.0,0.029070492078427632,0.08679417876577508,0.0,0.1334958401838802,0.12380491704475541,0.06486065243255537,0.0,0.018110041133860905,0.0,0.0,0.0,0.0,0.0,0.0,0.003328419174962596,0.004990477393539108
2025-08-15,0.0,0.00490532901768297,0.0,0.0,0.05628544272808557,0.0,0.0,0.0,0.1909062158417415,0.0,0.0,0.03028708713390734,0.08760230384436368,0.0,0.13216293681681116,0.09179790268162205,0.07649692137989134,0.0,0.029722383411111365,0.0,0.0,0.0,0.0,0.004698477144532614,0.0,0.0,0.0
2025-08-22,0.0,0.01041147078267666,0.0,0.0,0.06576266342268339,0.0,0.0,0.022118565414703684,0.17154302695483054,0.0,0.0,0.025112205599728248,0.09641557580744929,0.0,0.12347920709760003,0.0710369548476464,0.053747025138386244,0.0,0.035202001978636266,0.0,0.0,0.0,0.0,0.0026595119990434663,0.0,0.02737679095609174,0.0
2025-08-29,0.0,0.004718856682032771,0.0,0.0,0.08371119875055344,0.0,0.0,0.0,0.05442742214460258,0.0,0.0,0.03838338627154847,0.13302073515661642,0.0,0.1295406612138461,0.14728913163288396,0.041113606780993135,0.0,0.0,0.0,0.0,0.0,0.0,0.0,0.009289602768221522,0.008915437014103966,0.05445496158431474
2025-09-05,0.0,0.009507861348869034,0.0,0.0,0.10291626622984011,0.0,0.003979121913334514,0.0,0.03321612622626664,0.0,0.0,0.030681999114031994,0.16525433817954516,0.0,0.11193243652642494,0.11709599193167972,0.07661595480641445,0.0,0.0,0.0,0.0,0.0,0.00837973025084182,0.0,0.0,0.0,0.045285173472530825
2025-09-12,0.0,0.02235108390183846,0.0,0.0,0.05783715256443581,0.0,0.0020388052641926308,0.03518311513495768,0.01593966157851502,0.0,0.0,0.031756610726124256,0.14835833088143102,0.0,0.15019268872011216,0.10345786555581954,0.020159909591846353,0.0,0.0,0.0,0.0,0.0,0.04607869794350695,0.0,0.0,0.014425166404555009,0.05708591173254872
2025-09-19,0.0,0.05919505438411053,0.0,0.0,0.02424527600607216,0.0,0.0240591525793983,0.01248386100029458,0.032271699055937256,0.0,0.0,0.031703516334487716,0.17020346717410928,0.0,0.11007728879769556,0.1260358032185727,0.0,0.0,0.0,0.0,0.0,0.0,0.04831409260620008,0.0,0.0,0.006542103551357217,0.059733685291647506
2025-09-26,0.0,0.0625887573279871,0.0,0.0,0.04966561031137968,0.0,0.018070567615795216,0.003227255362944514,0.021333882198468528,0.0,0.0,0.05864417853189279,0.13899043198311778,0.012578565814990051,0.04135553553103672,0.1412714465868314,0.052098630145880176,0.0,0.0,0.006597019348514046,0.0,0.0,0.016911942626428124,0.0,0.0,0.0,0.0815311766145304
2025-10-03,0.0,0.07883815161150802,0.0,0.019519355796142734,0.08508007811104319,0.0,0.002569466673336543,0.011238570315327287,0.07820884787424817,0.0,0.0,0.053767130874157534,0.11964113662387801,0.006030158980208666,0.06455447898394984,0.11768773165697827,0.05204135285842901,0.0,0.0,0.0,0.0,0.0,0.03339068326508469,0.0,0.05105383139455054,0.0,0.11130893975656471
2025-10-10,0.0,0.0814233052766606,0.0,0.030580541484567063,0.08599430493722257,0.0,0.00935491678222024,0.0,0.06444181428991683,0.0,0.0,0.07754200420569551,0.08846662369836139,0.0,0.061938252844567616,0.13272968519775138,0.040617684742915924,0.0,0.0,0.0,0.0,0.0,0.043027613431085736,0.0,0.03848180287611168,0.0,0.11815343577369289
2025-10-17,0.0,0.0762783104821967,0.0,0.019119154187253226,0.1080393746014776,0.0,0.0,0.008914998328596567,0.06481842248836368,0.0,0.0,0.06201497732854405,0.09015018673780988,0.0,0.11421244173735436,0.1344879635801729,0.04596529758929014,0.0,0.0,0.0,0.0,0.0,0.042815742872625455,0.0,0.05233598579705425,0.0,0.09780095026663765
2025-10-24,0.0,0.06472612805587934,0.0,0.03824871962819442,0.10073013790421387,0.0,0.0,0.0,0.04456567116958659,0.0,0.0,0.06894785032449802,0.08374838581412272,0.0,0.11869570964462324,0.14716302403684903,0.05162799318694348,0.0,0.009169583296314131,0.0,0.0,0.0,0.05245677329034747,0.0,0.05420121861236868,0.0,0.08733935294420896
2025-10-31,0.0,0.07243031940730639,0.0,0.03337768635847048,0.11237605600203873,0.0,0.0,0.0,0.032091427883616894,0.0,0.0,0.06266980280302131,0.0890886194974618,0.0,0.13473735856577576,0.11545602594562529,0.06042559507382887,0.0,0.003420527454272232,0.0,0.0,0.0,0.0515223324821906,0.0,0.06261008768794572,0.0,0.09190416083823166
2025-11-07,0.0,0.036252148274699414,0.0,0.008035070338016252,0.10801560230693513,0.0,0.0,0.04262333180375212,0.06261740224079072,0.0,0.0,0.053058628154372275,0.09127124729156251,0.0,0.14483810775551784,0.11060832353274043,0.06313322634593965,0.0,0.0,0.0,0.0,0.0,0.05054415663203535,0.0,0.04839496459674594,0.0,0.10271779072667456
2025-11-14,0.0,0.026345652626603544,0.0,0.023727381954770036,0.13926340326294134,0.0,0.0,0.004496382998198148,0.10356804072756592,0.0,0.0,0.06024398525377919,0.09547929186234452,0.0,0.15102217585535474,0.0995713477760136,0.047998107251971255,0.0,0.0,0.0,0.0,0.0,0.058190965269336196,0.0,0.05526293522730018,0.0,0.056940329882820925
2025-11-21,0.0,0.04544159071158214,0.0,0.04244025172826278,0.15745795048087954,0.0,0.0,0.0,0.13570540733834946,0.0,0.0,0.0,0.10816558416010419,0.0,0.14369288212625214,0.08957523904908922,0.04385261832437293,0.0,0.0,0.0,0.0,0.0,0.05079148615139967,0.0,0.07499297791342874,0.0024323921806769146,0.02756161983548795
2025-11-28,0.0,0.03641496860972106,0.0,0.06137511448253661,0.15244133819581665,0.0,0.0,0.0,0.13003054302546546,0.0,0.0,0.0,0.10555693062297856,0.0,0.15421089622859202,0.087546603789535,0.047167873633049306,0.0,0.0,0.0,0.0,0.0,0.049694185344760035,0.0,0.062287924831486666,0.0,0.03538362123537213
2025-12-05,0.041163541871181736,0.00901662025182576,0.0,0.023203453562019152,0.17919117828913453,0.0,0.0,0.0,0.1516544612722459,0.0,0.0,0.0,0.12061484891980968,0.03717702021438452,0.1482996726072568,0.0643401084416542,0.03689383665240487,0.0,0.0,0.0,0.0,0.0,0.04456719480466117,0.0,0.04761629009960788,0.0,0.005134602930036701
2025-12-12,0.015178365073198247,0.007186040136119906,0.0,0.037034446623281855,0.16398051126540236,0.0,0.0,0.0,0.13164662873811342,0.0,0.0,0.0,0.12005722912994148,0.06107043702291371,0.1484576277305763,0.061013520812482035,0.035123752005777116,0.0,0.0,0.0,0.0,0.0,0.04293126801966734,0.0,0.026255693019628212,0.0,0.03441622101554662
2025-12-19,0.0005103592034987828,0.005312555425378983,0.0,0.0345994547692756,0.15081689106009943,0.0,0.0,0.0,0.1639323198604504,0.0,0.0,0.0,0.11181330996823306,0.07838668886414385,0.09911824789058196,0.08330552725028567,0.03367017587505396,0.0,0.0,0.0,0.0,0.0,0.048902150436048154,0.0,0.010670670544379044,0.0018407591032204669,0.05090570847673973
2025-12-26,0.0,0.017441785113773173,0.0,0.02884165672054306,0.1642888259159298,0.0,0.0,0.0,0.18645509893631715,0.0,0.0,0.0,0.10617044885536518,0.06304563527115847,0.06583691865846938,0.09263483491820648,0.03580954090332637,0.0,0.0,0.0,0.0,0.0,0.04291103459479154,0.0,0.0065939331534427895,0.012554740568353146,0.04555515922789722
2026-01-02,0.0,0.0,0.0,0.0,0.11741229354675572,0.0,0.0,0.0,0.0,0.0,0.0,0.0,0.10091903565299645,0.09132042189739585,0.016290399632861535,0.12389499723470382,0.02628437991814586,0.0,0.0,0.0,0.0,0.0,0.05511923945678417,0.0,0.0,0.0059392326602399625,0.0
2026-01-09,0.0,0.031448674302940606,0.0,0.0,0.1181786484719468,0.0,0.0,0.0,0.0,0.0,0.0,0.0,0.12506407521546947,0.0700545600122203,0.0,0.09804519105541835,0.04730890426912791,0.0,0.0,0.0,0.0,0.0,0.042950520221021325,0.0,0.0,0.004129426451470928,0.0
2026-01-16,0.0,0.0,0.0,0.0,0.10418793506062346,0.0,0.0,0.0,0.0,0.0,0.0,0.0,0.10906858547902815,0.0827336169847393,0.03292631436645601,0.09896612786454263,0.09135214903715454,0.0,0.0,0.0,0.0,0.0,0.017945271207340706,0.0,0.0,0.0,0.0
2026-01-23,0.0,0.0,0.0,0.0,0.0950955052699578,0.0,0.0,0.0,0.020584781080207386,0.0,0.0,0.0,0.11097506913766052,0.07934436985802962,0.026617571051093483,0.0715960299059046,0.10296119932752879,0.0,0.0,0.0,0.0,0.0,0.02312159335204477,0.0,0.0,0.006883881017359771,0.0
2026-01-30,0.0,0.0,0.0,0.0,0.07807994609877711,0.0,0.0,0.0,0.02213804257075979,0.0,0.0,0.0,0.11743990262733578,0.07020769177390496,0.03139281831829791,0.06506440556312279,0.11473939383100214,0.0,0.0,0.0,0.0,0.0,0.01528391747064581,0.0,0.0,0.0,0.02283388174487773
2026-02-06,0.0,0.0,0.0,0.0,0.062388189658022,0.0,0.0,0.0,0.0,0.05025151523887335,0.0,0.0,0.127392298014224,0.057708582174945545,0.07079417006867872,0.030939345628217575,0.11048754710610237,0.0,0.0,0.02721835211077074,0.0,0.0,0.0,0.0,0.0,0.0,0.0
2026-02-13,0.0,0.0,0.0,0.0,0.04688520581117232,0.0,0.0,0.0,0.0,0.06894112547126871,0.0,0.0,0.1283984776946532,0.10459058879056929,0.019379037127221853,0.04438511049862752,0.09696799399304645,0.0,0.0,0.02052840327608347,0.0,0.0,0.007104057337237761,0.0,0.0,0.0,0.0
2026-02-27,0.0,0.0,0.0,0.0,0.03854373276114487,0.0,0.0,0.0,0.0,0.07307704989116631,0.0,0.0,0.13382982058031598,0.11204362524536046,0.020120899223279223,0.04321830223999145,0.09112353870473147,0.0,0.0,0.017840597421142284,0.0,0.0,0.007382433931472657,0.0,0.0,0.0,0.0
2026-03-06,0.0,0.0,0.0,0.0,0.04893191949941972,0.0,0.0,0.0,0.0,0.06347970464155134,0.0,0.0,0.1328654748814962,0.12397163673662862,0.032796367486176016,0.0344682937411918,0.04711844908750442,0.0,0.0,0.009389430721073488,0.0,0.0,0.04415872320472495,0.0,0.0,0.0,0.0
2026-03-13,0.002521967244886722,0.0,0.0,0.0,0.023874764241819058,0.0,0.0,0.0,0.0,0.07236970607892171,0.0,0.0,0.13045745370620884,0.21226261835928384,0.008619592597224168,0.0,0.03622967278457966,0.0,0.0,0.0,0.0,0.0,0.050844224985783885,0.0,0.0,0.0,0.0
2026-03-20,0.012575621399707498,0.0,0.0,0.0,0.016806423375385304,0.0,0.0,0.0,0.0,0.07048700252153271,0.0,0.0,0.13871733264583824,0.2165062494756585,0.011495914446001364,0.0,0.05025641601674009,0.0,0.0,0.0,0.0,0.0,0.018177235254286765,0.0,0.0,0.0021578048646462324,0.0
2026-03-27,0.0,0.0,0.0,0.0,0.048410879191859664,0.0,0.0,0.0,0.0,0.04947939031773532,0.0,0.0,0.14577012471146422,0.22211552728965922,0.0,0.0,0.06655374020666296,0.0,0.0,0.0,0.0,0.0,0.004850338282070336,0.0,0.0,0.0,0.0
2026-04-03,0.17483399432696947,0.0,0.0241195070552624,0.0,0.11721375219830012,0.0,0.0,0.0,0.12668099875239944,0.0,0.0,0.0,0.13342879068297958,0.10020298389313506,0.11524763635128381,0.016211754310103556,0.053596727108280035,0.0,0.0,0.0,0.0,0.0,0.039481016496135446,0.0,0.0,0.0193078388249886,0.0
2026-04-10,0.1375107953947254,0.0,0.013947896413994963,0.0,0.0912062643905034,0.0,0.0,0.0,0.09716198757333089,0.0032819908156233083,0.0,0.0,0.12531543937574355,0.1061297011766717,0.15089770366162197,0.03406559448296139,0.0454828723298601,0.0,0.0,0.0,0.0,0.0,0.042239206687208715,0.0,0.0,0.0730855476975473,0.0
2026-04-17,0.1310603598210149,0.0,0.003306263316668853,0.0,0.08574248557069036,0.0,0.0,0.0,0.10066940897044187,0.0,0.0,0.0,0.13520936699477365,0.07491255946587823,0.21065757893286083,0.03939302121071167,0.00843897145680438,0.0,0.0,0.0,0.0,0.0,0.07309168675728338,0.0,0.0,0.057843297500067614,0.0
2026-04-24,0.11303041837008929,0.0,0.035662961156429425,0.0,0.07931910631622088,0.0,0.0,0.0,0.12641378769482983,0.015558927983170984,0.0,0.0,0.12702756139733437,0.032004813755116476,0.20895577587634062,0.035185005437443385,0.04095994663031205,0.0,0.0,0.0,0.0,0.0,0.058816937671645884,0.0,0.0,0.04738975771085078,0.0
2026-05-01,0.11814449460960488,0.0,0.04478794174031684,0.0,0.07814426117536849,0.0,0.0,0.0,0.10808046549847819,0.0016865151231115632,0.0,0.0,0.12744692455001788,0.038108482844828706,0.20415531789466693,0.029996424596949223,0.048318568348035384,0.0,0.0,0.0,0.0,0.0,0.058673266849903205,0.0,0.0,0.05256890939832983,0.010213427370275308
2026-05-08,0.08937743493018743,0.0,0.04584650558901149,0.0,0.10001624362516469,0.0,0.0,0.0,0.10362969645140963,0.009750824916367947,0.0,0.0,0.12344535455184201,0.0,0.14783831133902406,0.07143695157527709,0.08662561531905283,0.0,0.0,0.0,0.0,0.0,0.045933998262963995,0.0,0.0,0.07287202989422496,0.023552033544035445
2026-05-15,0.054914692505420325,0.0,0.07517435573978927,0.0,0.12308547930462338,0.0,0.0,0.0,0.09735299684138192,0.0,0.0,0.0,0.11773070536318256,0.018531940364943687,0.1552910850388134,0.07052194890814606,0.09092727966135332,0.0,0.0,0.0,0.0,0.0,0.0362885191703116,0.0,0.0,0.07900535773438501,0.0015006393618080525
2026-05-22,0.06292428895030988,0.0,0.09135762383631582,0.0,0.11282655040047479,0.0,0.0,0.0,0.054913508380542445,0.0,0.0,0.0,0.10837032562448577,0.081286898894903,0.08671062685287409,0.08292870359797644,0.10006634136789794,0.0,0.0,0.0,0.0,0.0,0.03364931836484292,0.0,0.0,0.06359843922251374,0.041692374506716014
2026-05-29,0.0735206567156537,0.0,0.08693401603154173,0.0,0.10894357717404211,0.0,0.0,0.0,0.0007996057108189307,0.0,0.0,0.0,0.0853292805036479,0.12334439600155693,0.07426638768222753,0.11154914401659223,0.1066808750343799,0.0,0.0,0.00475351906089841,0.0,0.0,0.03254643358873818,0.0,0.0,0.03678544911694958,0.07487165936263132
2026-06-05,0.057319763131368516,0.0,0.09025793248340554,0.0,0.07554597079358813,0.0,0.0,0.0,0.03135516856347892,0.0,0.0,0.0,0.08909660365554758,0.0996880953523867,0.10473662864532393,0.10076091715770884,0.13175601762524164,0.0,0.0,0.0,0.0,0.0,0.025226438151796166,0.0,0.0,0.037563356024198157,0.07701810841528955
2026-06-12,0.0178971638177897,0.0,0.08197351961588767,0.0,0.05724131367331748,0.0,0.0,0.0,0.06295106500149449,0.0148860358843834,0.0,0.0,0.07771651687121574,0.1095500812851943,0.07771061446367167,0.09365971284960897,0.13536717369194887,0.0,0.0,0.01692423532707607,0.0,0.0,0.02713279068727399,0.0,0.03464374940935783,0.035312251349494,0.07735877607213427
2026-06-19,0.06497202752554274,0.0,0.07096011822084328,0.0,0.088050068892516,0.0,0.0,0.0,0.07954440960898841,0.0,0.0,0.0,0.08301463811555822,0.03695370194466245,0.12851364263069445,0.05493197668587843,0.1623905137471393,0.0,0.0,0.03462473919149438,0.0,0.0,0.03517982272073386,0.0,0.015707784646763007,0.0,0.06548155606906775
2026-06-26,0.05824884118626556,0.018410265959239776,0.05069306823930709,0.0,0.03112562970109319,0.0,0.0,0.0,0.14318935831980084,0.01925731763427382,0.0,0.0,0.07207752400968412,0.023510259067652757,0.05672044959540656,0.06981128581984958,0.19079183757499973,0.0,0.0,0.013500560305596291,0.0,0.0,0.025316243383890026,0.01856541314313058,0.0,0.057810384722278535,0.06491928887006247
2026-07-03,0.0,0.007037370350854103,0.0,0.0,0.035386548892071525,0.0,0.0,0.0,0.0,0.0,0.0,0.0,0.11084274459754144,0.04791157317343783,0.058685374859457975,0.03064064385179989,0.17815441442890276,0.0,0.0,0.021590760050472682,0.0,0.0,0.0,0.0,0.0,0.10436556979458463,0.0
2026-07-10,0.0,0.0,0.0,0.0,0.0,0.0,0.0,0.0,0.0,0.0,0.0,0.0,0.08255723372286784,0.015617499905129388,0.048265252204927285,0.06580356913946725,0.2171995969245487,0.0,0.0,0.021792260392266897,0.0,0.0,0.0,0.0,0.0,0.14337958771063442,0.0
2026-07-17,0.0,0.0,0.0,0.0,0.04965264321603637,0.0,0.0,0.0,0.0,0.0,0.0,0.0,0.08675500124346294,0.0,0.014368571648271369,0.05974864074735098,0.2130585485571569,0.0,0.0,0.03890178510580266,0.0,0.0,0.013287242384900486,0.0,0.0,0.118842567096889,0.0
2026-07-24,0.0,0.0,0.0,0.0,0.049897417749465114,0.0,0.0,0.0,0.0,0.0,0.0,0.0,0.06431757293936755,0.0,0.0,0.1226757839445447,0.14221407288845225,0.0,0.0,0.02022767984624248,0.0,0.0,0.06687207418836791,0.0,0.0,0.12841039844327878,0.0
2026-07-31,0.0,0.0,0.0,0.0,0.0666908382592625,0.0,0.0,0.0,0.0,0.0,0.0,0.0,0.05363945490586,0.0,0.0,0.13097335739311314,0.1168353627637886,0.0,0.0,0.03490563219025953,0.0,0.0,0.10750421932098952,0.0,0.0,0.08406613516658475,0.0
2026-08-07,0.0,0.0,0.0,0.0,0.07811556498048945,0.0,0.0,0.0,0.0,0.0,0.0,0.0,0.05641047958478362,0.0,0.0,0.11480439369419186,0.16928471819289193,0.0,0.0,0.012021896812566017,0.0,0.0,0.07215503271067689,0.0,0.0,0.09182291402195517,0.0
