date,legacy_cap,new_cap,cap_change,legacy_sum_beta,new_sum_beta,sum_beta_change,legacy_cap_binding,new_cap_binding,legacy_r2,new_r2,legacy_converged,new_converged,legacy_top5,new_top5,top5_same,max_industry_abs_diff,max_diff_industry,legacy_max_diff_industry_weight,new_max_diff_industry_weight,legacy_source_period,new_cap_source_period,report_quarter,classification
2006-02-24,0.95,0.95,0.0,0.4805134229322145,0.4805134229322145,0.0,False,False,0.7294040557423269,0.7294040557423269,True,True,食品饮料 | 社会服务 | 房地产 | 电子 | 交通运输,食品饮料 | 社会服务 | 房地产 | 电子 | 交通运输,True,0.0,交通运输,0.0,0.0,,,,TYPE_D_MINOR
2006-03-03,0.95,0.95,0.0,0.5158747034886995,0.5158747034886995,0.0,False,False,0.5921845899401863,0.5921845899401863,True,True,食品饮料 | 社会服务 | 交通运输 | 商贸零售 | 电子,食品饮料 | 社会服务 | 交通运输 | 商贸零售 | 电子,True,0.0,交通运输,0.112151726450268,0.112151726450268,,,,TYPE_D_MINOR
2006-03-10,0.95,0.95,0.0,0.5429909591817932,0.5429909591817932,0.0,False,False,0.6365133214328851,0.6365133214328851,True,True,食品饮料 | 交通运输 | 社会服务 | 商贸零售 | 房地产,食品饮料 | 交通运输 | 社会服务 | 商贸零售 | 房地产,True,0.0,交通运输,0.1282087334640143,0.1282087334640143,,,,TYPE_D_MINOR
2006-03-17,0.95,0.95,0.0,0.5406705178393886,0.5406705178393886,0.0,False,False,0.6277922629982913,0.6277922629982913,True,True,食品饮料 | 交通运输 | 社会服务 | 商贸零售 | 医药生物,食品饮料 | 交通运输 | 社会服务 | 商贸零售 | 医药生物,True,0.0,交通运输,0.1068714663483965,0.1068714663483965,,,,TYPE_D_MINOR
2006-03-24,0.95,0.95,0.0,0.5276627306356024,0.5276627306356024,0.0,False,False,0.6304814659719005,0.6304814659719005,True,True,食品饮料 | 交通运输 | 社会服务 | 医药生物 | 商贸零售,食品饮料 | 交通运输 | 社会服务 | 医药生物 | 商贸零售,True,0.0,交通运输,0.0979370281046663,0.0979370281046663,,,,TYPE_D_MINOR
2006-03-31,0.95,0.95,0.0,0.5196856756579267,0.5196856756579267,0.0,False,False,0.3949732617455358,0.3949732617455358,True,True,商贸零售 | 食品饮料 | 房地产 | 钢铁 | 交通运输,商贸零售 | 食品饮料 | 房地产 | 钢铁 | 交通运输,True,0.0,交通运输,0.0,0.0,,,,TYPE_D_MINOR
2006-04-07,0.95,0.95,0.0,0.5457766618738078,0.5457766618738078,0.0,False,False,0.4465538673741072,0.4465538673741072,True,True,食品饮料 | 商贸零售 | 房地产 | 社会服务 | 有色金属,食品饮料 | 商贸零售 | 房地产 | 社会服务 | 有色金属,True,0.0,交通运输,0.0,0.0,,,,TYPE_D_MINOR
2006-04-14,0.95,0.95,0.0,0.6598469330346809,0.6598469330346809,0.0,False,False,0.580556420090956,0.580556420090956,True,True,商贸零售 | 医药生物 | 房地产 | 食品饮料 | 有色金属,商贸零售 | 医药生物 | 房地产 | 食品饮料 | 有色金属,True,0.0,交通运输,0.0,0.0,,,,TYPE_D_MINOR
2006-04-21,0.95,0.95,0.0,0.715353442209928,0.715353442209928,0.0,False,False,0.5981765789801183,0.5981765789801183,True,True,食品饮料 | 商贸零售 | 房地产 | 医药生物 | 有色金属,食品饮料 | 商贸零售 | 房地产 | 医药生物 | 有色金属,True,0.0,交通运输,0.0,0.0,,,,TYPE_D_MINOR
2006-04-28,0.95,0.95,0.0,0.6788492352007256,0.6788492352007256,0.0,False,False,0.5980225838609361,0.5980225838609361,True,True,商贸零售 | 食品饮料 | 有色金属 | 房地产 | 社会服务,商贸零售 | 食品饮料 | 有色金属 | 房地产 | 社会服务,True,0.0,交通运输,0.0,0.0,,,,TYPE_D_MINOR
2006-05-12,0.95,0.95,0.0,0.7550296424908033,0.7550296424908033,0.0,False,False,0.6797901752102194,0.6797901752102194,True,True,商贸零售 | 食品饮料 | 医药生物 | 有色金属 | 房地产,商贸零售 | 食品饮料 | 医药生物 | 有色金属 | 房地产,True,0.0,交通运输,0.0328340336657098,0.0328340336657098,,,,TYPE_D_MINOR
2006-05-19,0.95,0.95,0.0,0.7663332193889976,0.7663332193889976,0.0,False,False,0.7603594912372982,0.7603594912372982,True,True,商贸零售 | 食品饮料 | 交通运输 | 有色金属 | 房地产,商贸零售 | 食品饮料 | 交通运输 | 有色金属 | 房地产,True,0.0,交通运输,0.1107697732212096,0.1107697732212096,,,,TYPE_D_MINOR
2006-05-26,0.95,0.95,0.0,0.7635994508755408,0.7635994508755408,0.0,False,False,0.7994297618191424,0.7994297618191424,True,True,商贸零售 | 食品饮料 | 有色金属 | 交通运输 | 社会服务,商贸零售 | 食品饮料 | 有色金属 | 交通运输 | 社会服务,True,0.0,交通运输,0.0602351862955226,0.0602351862955226,,,,TYPE_D_MINOR
2006-06-02,0.95,0.95,0.0,0.7869420917860841,0.7869420917860841,0.0,False,False,0.8163486390411573,0.8163486390411573,True,True,食品饮料 | 商贸零售 | 有色金属 | 社会服务 | 房地产,食品饮料 | 商贸零售 | 有色金属 | 社会服务 | 房地产,True,0.0,交通运输,0.0378485860721348,0.0378485860721348,,,,TYPE_D_MINOR
2006-06-09,0.95,0.95,0.0,0.7969074635243816,0.7969074635243816,0.0,False,False,0.8449105107710988,0.8449105107710988,True,True,食品饮料 | 商贸零售 | 有色金属 | 社会服务 | 房地产,食品饮料 | 商贸零售 | 有色金属 | 社会服务 | 房地产,True,0.0,交通运输,0.0,0.0,,,,TYPE_D_MINOR
2006-06-16,0.95,0.95,0.0,0.8083679907589938,0.8083679907589938,0.0,False,False,0.8466429891089078,0.8466429891089078,True,True,食品饮料 | 商贸零售 | 有色金属 | 社会服务 | 房地产,食品饮料 | 商贸零售 | 有色金属 | 社会服务 | 房地产,True,0.0,交通运输,0.0,0.0,,,,TYPE_D_MINOR
2006-06-23,0.95,0.95,0.0,0.8044441136735826,0.8044441136735826,0.0,False,False,0.8432013220470094,0.8432013220470094,True,True,商贸零售 | 食品饮料 | 有色金属 | 社会服务 | 房地产,商贸零售 | 食品饮料 | 有色金属 | 社会服务 | 房地产,True,0.0,交通运输,0.0,0.0,,,,TYPE_D_MINOR
2006-06-30,0.95,0.95,0.0,0.8139480854414578,0.8139480854414578,0.0,False,False,0.843023838863324,0.843023838863324,True,True,商贸零售 | 食品饮料 | 有色金属 | 社会服务 | 房地产,商贸零售 | 食品饮料 | 有色金属 | 社会服务 | 房地产,True,0.0,交通运输,0.0,0.0,,,,TYPE_D_MINOR
2006-07-07,0.95,0.95,0.0,0.8104127193679548,0.8104127193679548,0.0,False,False,0.8407952416502359,0.8407952416502359,True,True,商贸零售 | 食品饮料 | 有色金属 | 社会服务 | 房地产,商贸零售 | 食品饮料 | 有色金属 | 社会服务 | 房地产,True,0.0,交通运输,0.0,0.0,,,,TYPE_D_MINOR
2006-07-14,0.95,0.95,0.0,0.7905254740187189,0.7905254740187189,0.0,False,False,0.8485504029453672,0.8485504029453672,True,True,食品饮料 | 商贸零售 | 有色金属 | 社会服务 | 房地产,食品饮料 | 商贸零售 | 有色金属 | 社会服务 | 房地产,True,0.0,交通运输,0.0,0.0,,,,TYPE_D_MINOR
2006-07-21,0.95,0.95,0.0,0.779636980765574,0.779636980765574,0.0,False,False,0.8467389114897292,0.8467389114897292,True,True,食品饮料 | 商贸零售 | 社会服务 | 有色金属 | 房地产,食品饮料 | 商贸零售 | 社会服务 | 有色金属 | 房地产,True,0.0,交通运输,0.0,0.0,,,,TYPE_D_MINOR
2006-07-28,0.95,0.95,0.0,0.787288722745273,0.787288722745273,0.0,False,False,0.8461798620254771,0.8461798620254771,True,True,商贸零售 | 食品饮料 | 有色金属 | 社会服务 | 钢铁,商贸零售 | 食品饮料 | 有色金属 | 社会服务 | 钢铁,True,0.0,交通运输,0.0,0.0,,,,TYPE_D_MINOR
2006-08-04,0.95,0.95,0.0,0.7818132319533229,0.7818132319533229,0.0,False,False,0.857915536436382,0.857915536436382,True,True,商贸零售 | 食品饮料 | 有色金属 | 社会服务 | 钢铁,商贸零售 | 食品饮料 | 有色金属 | 社会服务 | 钢铁,True,0.0,交通运输,0.0,0.0,,,,TYPE_D_MINOR
2006-08-11,0.95,0.95,0.0,0.7630215682840631,0.7630215682840631,0.0,False,False,0.8521725449046816,0.8521725449046816,True,True,商贸零售 | 食品饮料 | 有色金属 | 社会服务 | 房地产,商贸零售 | 食品饮料 | 有色金属 | 社会服务 | 房地产,True,0.0,交通运输,0.0,0.0,,,,TYPE_D_MINOR
2006-08-18,0.95,0.95,0.0,0.7673739251178157,0.7673739251178157,0.0,False,False,0.8592952307059781,0.8592952307059781,True,True,商贸零售 | 食品饮料 | 有色金属 | 房地产 | 钢铁,商贸零售 | 食品饮料 | 有色金属 | 房地产 | 钢铁,True,0.0,交通运输,0.0,0.0,,,,TYPE_D_MINOR
2006-08-25,0.95,0.95,0.0,0.7666473846966118,0.7666473846966118,0.0,False,False,0.862322522198828,0.862322522198828,True,True,商贸零售 | 食品饮料 | 有色金属 | 房地产 | 钢铁,商贸零售 | 食品饮料 | 有色金属 | 房地产 | 钢铁,True,0.0,交通运输,0.0,0.0,,,,TYPE_D_MINOR
2006-09-01,0.95,0.95,0.0,0.7640455760007756,0.7640455760007756,0.0,False,False,0.8482800205584219,0.8482800205584219,True,True,商贸零售 | 食品饮料 | 有色金属 | 房地产 | 钢铁,商贸零售 | 食品饮料 | 有色金属 | 房地产 | 钢铁,True,0.0,交通运输,0.0,0.0,,,,TYPE_D_MINOR
2006-09-08,0.95,0.95,0.0,0.7652849838935137,0.7652849838935137,0.0,False,False,0.8506184055045611,0.8506184055045611,True,True,商贸零售 | 食品饮料 | 有色金属 | 房地产 | 钢铁,商贸零售 | 食品饮料 | 有色金属 | 房地产 | 钢铁,True,0.0,交通运输,0.0,0.0,,,,TYPE_D_MINOR
2006-09-15,0.95,0.95,0.0,0.7704522064530193,0.7704522064530193,0.0,False,False,0.8472827301193402,0.8472827301193402,True,True,商贸零售 | 食品饮料 | 有色金属 | 房地产 | 钢铁,商贸零售 | 食品饮料 | 有色金属 | 房地产 | 钢铁,True,0.0,交通运输,0.0,0.0,,,,TYPE_D_MINOR
2006-09-22,0.95,0.95,0.0,0.7601751046810873,0.7601751046810873,0.0,False,False,0.853227433186661,0.853227433186661,True,True,商贸零售 | 食品饮料 | 有色金属 | 房地产 | 钢铁,商贸零售 | 食品饮料 | 有色金属 | 房地产 | 钢铁,True,0.0,交通运输,0.0,0.0,,,,TYPE_D_MINOR
2006-09-29,0.95,0.95,0.0,0.7654637102606381,0.7654637102606381,0.0,False,False,0.8489415076143662,0.8489415076143662,True,True,商贸零售 | 食品饮料 | 有色金属 | 房地产 | 电子,商贸零售 | 食品饮料 | 有色金属 | 房地产 | 电子,True,0.0,交通运输,0.0,0.0,,,,TYPE_D_MINOR
2006-10-13,0.95,0.95,0.0,0.7800675796709706,0.7800675796709706,0.0,False,False,0.8553905382828114,0.8553905382828114,True,True,商贸零售 | 食品饮料 | 有色金属 | 房地产 | 电子,商贸零售 | 食品饮料 | 有色金属 | 房地产 | 电子,True,0.0,交通运输,0.0,0.0,,,,TYPE_D_MINOR
2006-10-20,0.95,0.95,0.0,0.799382332241678,0.799382332241678,0.0,False,False,0.8505006760102515,0.8505006760102515,True,True,食品饮料 | 商贸零售 | 有色金属 | 房地产 | 医药生物,食品饮料 | 商贸零售 | 有色金属 | 房地产 | 医药生物,True,0.0,交通运输,0.0,0.0,,,,TYPE_D_MINOR
2006-10-27,0.95,0.95,0.0,0.8139152180271362,0.8139152180271362,0.0,False,False,0.8558779848185133,0.8558779848185133,True,True,食品饮料 | 商贸零售 | 有色金属 | 房地产 | 社会服务,食品饮料 | 商贸零售 | 有色金属 | 房地产 | 社会服务,True,0.0,交通运输,0.0,0.0,,,,TYPE_D_MINOR
2006-11-03,0.95,0.95,0.0,0.8125164511993169,0.8125164511993169,0.0,False,False,0.8461378247444133,0.8461378247444133,True,True,商贸零售 | 食品饮料 | 房地产 | 有色金属 | 社会服务,商贸零售 | 食品饮料 | 房地产 | 有色金属 | 社会服务,True,0.0,交通运输,0.0,0.0,,,,TYPE_D_MINOR
2006-11-10,0.95,0.95,0.0,0.8111814604619481,0.8111814604619481,0.0,False,False,0.8388250425399602,0.8388250425399602,True,True,商贸零售 | 食品饮料 | 房地产 | 有色金属 | 家用电器,商贸零售 | 食品饮料 | 房地产 | 有色金属 | 家用电器,True,0.0,交通运输,0.0,0.0,,,,TYPE_D_MINOR
2006-11-17,0.95,0.95,0.0,0.8405104951330611,0.8405104951330611,0.0,False,False,0.8468220876747132,0.8468220876747132,True,True,商贸零售 | 食品饮料 | 房地产 | 有色金属 | 家用电器,商贸零售 | 食品饮料 | 房地产 | 有色金属 | 家用电器,True,0.0,交通运输,0.0,0.0,,,,TYPE_D_MINOR
2006-11-24,0.95,0.95,0.0,0.8418735543075051,0.8418735543075051,0.0,False,False,0.8307428216668357,0.8307428216668357,True,True,食品饮料 | 商贸零售 | 房地产 | 家用电器 | 有色金属,食品饮料 | 商贸零售 | 房地产 | 家用电器 | 有色金属,True,0.0,交通运输,0.0,0.0,,,,TYPE_D_MINOR
2006-12-01,0.95,0.95,0.0,0.8544100093256917,0.8544100093256917,0.0,False,False,0.8390524512964448,0.8390524512964448,True,True,食品饮料 | 商贸零售 | 房地产 | 家用电器 | 基础化工,食品饮料 | 商贸零售 | 房地产 | 家用电器 | 基础化工,True,0.0,交通运输,0.0,0.0,,,,TYPE_D_MINOR
2006-12-08,0.95,0.95,0.0,0.8348683252036013,0.8348683252036013,0.0,False,False,0.8565229500473567,0.8565229500473567,True,True,食品饮料 | 商贸零售 | 房地产 | 家用电器 | 有色金属,食品饮料 | 商贸零售 | 房地产 | 家用电器 | 有色金属,True,0.0,交通运输,0.0,0.0,,,,TYPE_D_MINOR
2006-12-15,0.95,0.95,0.0,0.8059246080419529,0.8059246080419529,0.0,False,False,0.8395693204027612,0.8395693204027612,True,True,食品饮料 | 商贸零售 | 房地产 | 有色金属 | 基础化工,食品饮料 | 商贸零售 | 房地产 | 有色金属 | 基础化工,True,0.0,交通运输,0.0,0.0,,,,TYPE_D_MINOR
2006-12-22,0.95,0.95,0.0,0.7920911230630125,0.7920911230630125,0.0,False,False,0.8462541567330072,0.8462541567330072,True,True,食品饮料 | 房地产 | 商贸零售 | 有色金属 | 基础化工,食品饮料 | 房地产 | 商贸零售 | 有色金属 | 基础化工,True,0.0,交通运输,0.0,0.0,,,,TYPE_D_MINOR
2006-12-29,0.95,0.95,0.0,0.7596795254732029,0.7596795254732029,0.0,False,False,0.836096971358857,0.836096971358857,True,True,食品饮料 | 房地产 | 商贸零售 | 有色金属 | 钢铁,食品饮料 | 房地产 | 商贸零售 | 有色金属 | 钢铁,True,0.0,交通运输,0.0,0.0,,,,TYPE_D_MINOR
2007-01-05,0.95,0.95,0.0,0.7553179808871968,0.7553179808871968,0.0,False,False,0.8288775404766624,0.8288775404766624,True,True,食品饮料 | 房地产 | 商贸零售 | 有色金属 | 社会服务,食品饮料 | 房地产 | 商贸零售 | 有色金属 | 社会服务,True,0.0,交通运输,0.0,0.0,,,,TYPE_D_MINOR
2007-01-12,0.95,0.95,0.0,0.6935611636698262,0.6935611636698262,0.0,False,False,0.7686017503161788,0.7686017503161788,True,True,食品饮料 | 社会服务 | 房地产 | 商贸零售 | 有色金属,食品饮料 | 社会服务 | 房地产 | 商贸零售 | 有色金属,True,0.0,交通运输,0.0,0.0,,,,TYPE_D_MINOR
2007-01-19,0.95,0.95,0.0,0.5889466264273243,0.5889466264273243,0.0,False,False,0.7279295170466004,0.7279295170466004,True,True,食品饮料 | 社会服务 | 有色金属 | 房地产 | 家用电器,食品饮料 | 社会服务 | 有色金属 | 房地产 | 家用电器,True,0.0,交通运输,0.0,0.0,,,,TYPE_D_MINOR
2007-01-26,0.95,0.95,0.0,0.5829571619606057,0.5829571619606057,0.0,False,False,0.7474939124935291,0.7474939124935291,True,True,食品饮料 | 社会服务 | 有色金属 | 房地产 | 家用电器,食品饮料 | 社会服务 | 有色金属 | 房地产 | 家用电器,True,0.0,交通运输,0.0,0.0,,,,TYPE_D_MINOR
2007-02-02,0.95,0.95,0.0,0.6344214726957107,0.6344214726957107,0.0,False,False,0.8145928359671694,0.8145928359671694,True,True,食品饮料 | 房地产 | 有色金属 | 社会服务 | 家用电器,食品饮料 | 房地产 | 有色金属 | 社会服务 | 家用电器,True,0.0,交通运输,0.0,0.0,,,,TYPE_D_MINOR
2007-02-09,0.95,0.95,0.0,0.6386535568525169,0.6386535568525169,0.0,False,False,0.8004959319893692,0.8004959319893692,True,True,食品饮料 | 房地产 | 有色金属 | 社会服务 | 钢铁,食品饮料 | 房地产 | 有色金属 | 社会服务 | 钢铁,True,0.0,交通运输,0.0,0.0,,,,TYPE_D_MINOR
2007-02-16,0.95,0.95,0.0,0.6660973659034479,0.6660973659034479,0.0,False,False,0.7937012154658817,0.7937012154658817,True,True,食品饮料 | 房地产 | 基础化工 | 有色金属 | 钢铁,食品饮料 | 房地产 | 基础化工 | 有色金属 | 钢铁,True,0.0,交通运输,0.0,0.0,,,,TYPE_D_MINOR
2007-03-02,0.95,0.95,0.0,0.8017046281156188,0.8017046281156188,0.0,False,False,0.833911676061453,0.833911676061453,True,True,食品饮料 | 房地产 | 交通运输 | 基础化工 | 家用电器,食品饮料 | 房地产 | 交通运输 | 基础化工 | 家用电器,True,0.0,交通运输,0.0618894070054049,0.0618894070054049,,,,TYPE_D_MINOR
2007-03-09,0.95,0.95,0.0,0.8296393021896882,0.8296393021896882,0.0,False,False,0.8250551328629891,0.8250551328629891,True,True,食品饮料 | 房地产 | 交通运输 | 基础化工 | 家用电器,食品饮料 | 房地产 | 交通运输 | 基础化工 | 家用电器,True,0.0,交通运输,0.0848306599995526,0.0848306599995526,,,,TYPE_D_MINOR
2007-03-16,0.95,0.95,0.0,0.8234513436512666,0.8234513436512666,0.0,False,False,0.8232591906874398,0.8232591906874398,True,True,食品饮料 | 房地产 | 交通运输 | 家用电器 | 商贸零售,食品饮料 | 房地产 | 交通运输 | 家用电器 | 商贸零售,True,0.0,交通运输,0.110422276909981,0.110422276909981,,,,TYPE_D_MINOR
2007-03-23,0.95,0.95,0.0,0.8182097228350534,0.8182097228350534,0.0,False,False,0.8037044934732301,0.8037044934732301,True,True,食品饮料 | 房地产 | 商贸零售 | 交通运输 | 家用电器,食品饮料 | 房地产 | 商贸零售 | 交通运输 | 家用电器,True,0.0,交通运输,0.0769777360699444,0.0769777360699444,,,,TYPE_D_MINOR
2007-03-30,0.95,0.95,0.0,0.7991834433950478,0.7991834433950478,0.0,False,False,0.7849947231231473,0.7849947231231473,True,True,食品饮料 | 房地产 | 商贸零售 | 家用电器 | 交通运输,食品饮料 | 房地产 | 商贸零售 | 家用电器 | 交通运输,True,0.0,交通运输,0.035486357217965,0.035486357217965,,,,TYPE_D_MINOR
2007-04-06,0.95,0.95,0.0,0.8039098078005329,0.8039098078005329,0.0,False,False,0.7851801715504912,0.7851801715504912,True,True,食品饮料 | 房地产 | 商贸零售 | 交通运输 | 家用电器,食品饮料 | 房地产 | 商贸零售 | 交通运输 | 家用电器,True,0.0,交通运输,0.0601121606204966,0.0601121606204966,,,,TYPE_D_MINOR
2007-04-13,0.95,0.95,0.0,0.776449672752036,0.776449672752036,0.0,False,False,0.7655136131904028,0.7655136131904028,True,True,食品饮料 | 房地产 | 商贸零售 | 钢铁 | 交通运输,食品饮料 | 房地产 | 商贸零售 | 钢铁 | 交通运输,True,0.0,交通运输,0.0348130089729886,0.0348130089729886,,,,TYPE_D_MINOR
2007-04-20,0.95,0.95,0.0,0.7926545211662825,0.7926545211662825,0.0,False,False,0.7820637039425873,0.7820637039425873,True,True,食品饮料 | 房地产 | 商贸零售 | 钢铁 | 交通运输,食品饮料 | 房地产 | 商贸零售 | 钢铁 | 交通运输,True,0.0,交通运输,0.0521214929598044,0.0521214929598044,,,,TYPE_D_MINOR
2007-04-27,0.95,0.95,0.0,0.7903446080252259,0.7903446080252259,0.0,False,False,0.7864837723014294,0.7864837723014294,True,True,食品饮料 | 房地产 | 商贸零售 | 钢铁 | 家用电器,食品饮料 | 房地产 | 商贸零售 | 钢铁 | 家用电器,True,0.0,交通运输,0.0243419506531473,0.0243419506531473,,,,TYPE_D_MINOR
2007-05-04,0.95,0.95,0.0,0.8007586957794748,0.8007586957794748,0.0,False,False,0.7887679874717278,0.7887679874717278,True,True,食品饮料 | 房地产 | 商贸零售 | 家用电器 | 钢铁,食品饮料 | 房地产 | 商贸零售 | 家用电器 | 钢铁,True,0.0,交通运输,0.0036364512130783,0.0036364512130783,,,,TYPE_D_MINOR
2007-05-11,0.95,0.95,0.0,0.7982960674408202,0.7982960674408202,0.0,False,False,0.789409893519175,0.789409893519175,True,True,食品饮料 | 商贸零售 | 房地产 | 家用电器 | 钢铁,食品饮料 | 商贸零售 | 房地产 | 家用电器 | 钢铁,True,0.0,交通运输,0.0,0.0,,,,TYPE_D_MINOR
2007-05-18,0.95,0.95,0.0,0.8167692319590176,0.8167692319590176,0.0,False,False,0.8003510655003201,0.8003510655003201,True,True,食品饮料 | 房地产 | 商贸零售 | 家用电器 | 钢铁,食品饮料 | 房地产 | 商贸零售 | 家用电器 | 钢铁,True,0.0,交通运输,0.0,0.0,,,,TYPE_D_MINOR
2007-05-25,0.95,0.95,0.0,0.8230692693638868,0.8230692693638868,0.0,False,False,0.8082755008888965,0.8082755008888965,True,True,食品饮料 | 房地产 | 商贸零售 | 家用电器 | 钢铁,食品饮料 | 房地产 | 商贸零售 | 家用电器 | 钢铁,True,0.0,交通运输,0.0,0.0,,,,TYPE_D_MINOR
2007-06-01,0.95,0.95,0.0,0.8238288873781611,0.8238288873781611,0.0,False,False,0.7979541644438306,0.7979541644438306,True,True,食品饮料 | 房地产 | 有色金属 | 交通运输 | 传媒,食品饮料 | 房地产 | 有色金属 | 交通运输 | 传媒,True,0.0,交通运输,0.0,0.0,,,,TYPE_D_MINOR
2007-06-08,0.95,0.95,0.0,0.7921302940988277,0.7921302940988277,0.0,False,False,0.8190044944582117,0.8190044944582117,True,True,食品饮料 | 房地产 | 有色金属 | 家用电器 | 钢铁,食品饮料 | 房地产 | 有色金属 | 家用电器 | 钢铁,True,0.0,交通运输,0.0,0.0,,,,TYPE_D_MINOR
2007-06-15,0.95,0.95,0.0,0.8023177630021179,0.8023177630021179,0.0,False,False,0.8243875754612366,0.8243875754612366,True,True,食品饮料 | 房地产 | 有色金属 | 家用电器 | 交通运输,食品饮料 | 房地产 | 有色金属 | 家用电器 | 交通运输,True,0.0,交通运输,0.0,0.0,,,,TYPE_D_MINOR
2007-06-22,0.95,0.95,0.0,0.7898370373224668,0.7898370373224668,0.0,False,False,0.8198868827597185,0.8198868827597185,True,True,食品饮料 | 房地产 | 有色金属 | 家用电器 | 交通运输,食品饮料 | 房地产 | 有色金属 | 家用电器 | 交通运输,True,0.0,交通运输,0.0,0.0,,,,TYPE_D_MINOR
2007-06-29,0.95,0.95,0.0,0.7526389359522767,0.7526389359522767,0.0,False,False,0.8243453958916008,0.8243453958916008,True,True,食品饮料 | 房地产 | 有色金属 | 钢铁 | 交通运输,食品饮料 | 房地产 | 有色金属 | 钢铁 | 交通运输,True,0.0,交通运输,0.0,0.0,,,,TYPE_D_MINOR
2007-07-06,0.95,0.95,0.0,0.7544672314641843,0.7544672314641843,0.0,False,False,0.8339449529874989,0.8339449529874989,True,True,食品饮料 | 房地产 | 有色金属 | 家用电器 | 交通运输,食品饮料 | 房地产 | 有色金属 | 家用电器 | 交通运输,True,0.0,交通运输,0.0,0.0,,,,TYPE_D_MINOR
2007-07-13,0.95,0.95,0.0,0.7606110358937989,0.7606110358937989,0.0,False,False,0.8378731256323659,0.8378731256323659,True,True,食品饮料 | 房地产 | 有色金属 | 家用电器 | 交通运输,食品饮料 | 房地产 | 有色金属 | 家用电器 | 交通运输,True,0.0,交通运输,0.0,0.0,,,,TYPE_D_MINOR
2007-07-20,0.95,0.95,0.0,0.7692144272986102,0.7692144272986102,0.0,False,False,0.8468255675030065,0.8468255675030065,True,True,食品饮料 | 房地产 | 有色金属 | 家用电器 | 交通运输,食品饮料 | 房地产 | 有色金属 | 家用电器 | 交通运输,True,0.0,交通运输,0.0,0.0,,,,TYPE_D_MINOR
2007-07-27,0.95,0.95,0.0,0.7724520490875264,0.7724520490875264,0.0,False,False,0.8438555679524058,0.8438555679524058,True,True,食品饮料 | 房地产 | 有色金属 | 社会服务 | 交通运输,食品饮料 | 房地产 | 有色金属 | 社会服务 | 交通运输,True,0.0,交通运输,0.0,0.0,,,,TYPE_D_MINOR
2007-08-03,0.95,0.95,0.0,0.7723126346450839,0.7723126346450839,0.0,False,False,0.8443163397727464,0.8443163397727464,True,True,食品饮料 | 房地产 | 社会服务 | 有色金属 | 商贸零售,食品饮料 | 房地产 | 社会服务 | 有色金属 | 商贸零售,True,0.0,交通运输,0.0,0.0,,,,TYPE_D_MINOR
2007-08-10,0.95,0.95,0.0,0.7615101274806448,0.7615101274806448,0.0,False,False,0.8386163989959389,0.8386163989959389,True,True,食品饮料 | 房地产 | 有色金属 | 商贸零售 | 社会服务,食品饮料 | 房地产 | 有色金属 | 商贸零售 | 社会服务,True,0.0,交通运输,0.0,0.0,,,,TYPE_D_MINOR
2007-08-17,0.95,0.95,0.0,0.7663807674533942,0.7663807674533942,0.0,False,False,0.8397108187002993,0.8397108187002993,True,True,食品饮料 | 房地产 | 有色金属 | 商贸零售 | 社会服务,食品饮料 | 房地产 | 有色金属 | 商贸零售 | 社会服务,True,0.0,交通运输,0.0,0.0,,,,TYPE_D_MINOR
2007-08-24,0.95,0.95,0.0,0.7698080696607095,0.7698080696607095,0.0,False,False,0.8409319862018714,0.8409319862018714,True,True,食品饮料 | 房地产 | 有色金属 | 钢铁 | 交通运输,食品饮料 | 房地产 | 有色金属 | 钢铁 | 交通运输,True,0.0,交通运输,0.0,0.0,,,,TYPE_D_MINOR
2007-08-31,0.95,0.95,0.0,0.7654716119046809,0.7654716119046809,0.0,False,False,0.832944632445978,0.832944632445978,True,True,食品饮料 | 房地产 | 钢铁 | 有色金属 | 商贸零售,食品饮料 | 房地产 | 钢铁 | 有色金属 | 商贸零售,True,0.0,交通运输,0.0,0.0,,,,TYPE_D_MINOR
2007-09-07,0.95,0.95,0.0,0.7616454312286072,0.7616454312286072,0.0,False,False,0.8384339439960641,0.8384339439960641,True,True,食品饮料 | 房地产 | 钢铁 | 商贸零售 | 有色金属,食品饮料 | 房地产 | 钢铁 | 商贸零售 | 有色金属,True,0.0,交通运输,0.0,0.0,,,,TYPE_D_MINOR
2007-09-14,0.95,0.95,0.0,0.7479549758595242,0.7479549758595242,0.0,False,False,0.8496858251698121,0.8496858251698121,True,True,食品饮料 | 房地产 | 商贸零售 | 有色金属 | 钢铁,食品饮料 | 房地产 | 商贸零售 | 有色金属 | 钢铁,True,0.0,交通运输,0.0,0.0,,,,TYPE_D_MINOR
2007-09-21,0.95,0.95,0.0,0.7500863504861708,0.7500863504861708,0.0,False,False,0.8499805496137642,0.8499805496137642,True,True,食品饮料 | 房地产 | 商贸零售 | 有色金属 | 钢铁,食品饮料 | 房地产 | 商贸零售 | 有色金属 | 钢铁,True,0.0,交通运输,0.0,0.0,,,,TYPE_D_MINOR
2007-09-28,0.95,0.95,0.0,0.7575325471976531,0.7575325471976531,0.0,False,False,0.8419114633416077,0.8419114633416077,True,True,食品饮料 | 房地产 | 商贸零售 | 有色金属 | 钢铁,食品饮料 | 房地产 | 商贸零售 | 有色金属 | 钢铁,True,0.0,交通运输,0.0,0.0,,,,TYPE_D_MINOR
2007-10-12,0.95,0.95,0.0,0.7441439002755637,0.7441439002755637,0.0,False,False,0.8217170245640208,0.8217170245640208,True,True,食品饮料 | 房地产 | 有色金属 | 商贸零售 | 交通运输,食品饮料 | 房地产 | 有色金属 | 商贸零售 | 交通运输,True,0.0,交通运输,0.0486425781859729,0.0486425781859729,,,,TYPE_D_MINOR
2007-10-19,0.95,0.95,0.0,0.7525286602863086,0.7525286602863086,0.0,False,False,0.827864117470642,0.827864117470642,True,True,食品饮料 | 房地产 | 有色金属 | 商贸零售 | 交通运输,食品饮料 | 房地产 | 有色金属 | 商贸零售 | 交通运输,True,0.0,交通运输,0.0656558531639264,0.0656558531639264,,,,TYPE_D_MINOR
2007-10-26,0.95,0.95,0.0,0.756238730758533,0.756238730758533,0.0,False,False,0.845326921608378,0.845326921608378,True,True,食品饮料 | 房地产 | 商贸零售 | 交通运输 | 有色金属,食品饮料 | 房地产 | 商贸零售 | 交通运输 | 有色金属,True,0.0,交通运输,0.0742394205236101,0.0742394205236101,,,,TYPE_D_MINOR
2007-11-02,0.95,0.95,0.0,0.756025616172001,0.756025616172001,0.0,False,False,0.8506971826364272,0.8506971826364272,True,True,食品饮料 | 房地产 | 有色金属 | 交通运输 | 商贸零售,食品饮料 | 房地产 | 有色金属 | 交通运输 | 商贸零售,True,0.0,交通运输,0.0771248069955259,0.0771248069955259,,,,TYPE_D_MINOR
2007-11-09,0.95,0.95,0.0,0.7458550013000272,0.7458550013000272,0.0,False,False,0.8604715051711932,0.8604715051711932,True,True,食品饮料 | 房地产 | 交通运输 | 有色金属 | 商贸零售,食品饮料 | 房地产 | 交通运输 | 有色金属 | 商贸零售,True,0.0,交通运输,0.0945543604007511,0.0945543604007511,,,,TYPE_D_MINOR
2007-11-16,0.95,0.95,0.0,0.7555039452655801,0.7555039452655801,0.0,False,False,0.8676419126639192,0.8676419126639192,True,True,食品饮料 | 房地产 | 交通运输 | 有色金属 | 钢铁,食品饮料 | 房地产 | 交通运输 | 有色金属 | 钢铁,True,0.0,交通运输,0.110000291542731,0.110000291542731,,,,TYPE_D_MINOR
2007-11-23,0.95,0.95,0.0,0.7435941179705678,0.7435941179705678,0.0,False,False,0.8859607557021636,0.8859607557021636,True,True,房地产 | 食品饮料 | 交通运输 | 有色金属 | 商贸零售,房地产 | 食品饮料 | 交通运输 | 有色金属 | 商贸零售,True,0.0,交通运输,0.1169534236485198,0.1169534236485198,,,,TYPE_D_MINOR
2007-11-30,0.95,0.95,0.0,0.751421658379325,0.751421658379325,0.0,False,False,0.8857445821415607,0.8857445821415607,True,True,房地产 | 食品饮料 | 交通运输 | 商贸零售 | 有色金属,房地产 | 食品饮料 | 交通运输 | 商贸零售 | 有色金属,True,0.0,交通运输,0.0944938876133034,0.0944938876133034,,,,TYPE_D_MINOR
2007-12-07,0.95,0.95,0.0,0.7445376535039928,0.7445376535039928,0.0,False,False,0.8883106554969389,0.8883106554969389,True,True,房地产 | 食品饮料 | 交通运输 | 有色金属 | 商贸零售,房地产 | 食品饮料 | 交通运输 | 有色金属 | 商贸零售,True,0.0,交通运输,0.0928437510756056,0.0928437510756056,,,,TYPE_D_MINOR
2007-12-14,0.95,0.95,0.0,0.7751524944468404,0.7751524944468404,0.0,False,False,0.9031460358686004,0.9031460358686004,True,True,房地产 | 食品饮料 | 商贸零售 | 交通运输 | 有色金属,房地产 | 食品饮料 | 商贸零售 | 交通运输 | 有色金属,True,0.0,交通运输,0.0903489354036053,0.0903489354036053,,,,TYPE_D_MINOR
2007-12-21,0.95,0.95,0.0,0.7854143099790835,0.7854143099790835,0.0,False,False,0.905742290399944,0.905742290399944,True,True,房地产 | 食品饮料 | 商贸零售 | 交通运输 | 有色金属,房地产 | 食品饮料 | 商贸零售 | 交通运输 | 有色金属,True,0.0,交通运输,0.0958662053989703,0.0958662053989703,,,,TYPE_D_MINOR
2007-12-28,0.95,0.95,0.0,0.7954539448877653,0.7954539448877653,0.0,False,False,0.9052738922557308,0.9052738922557308,True,True,食品饮料 | 房地产 | 商贸零售 | 交通运输 | 有色金属,食品饮料 | 房地产 | 商贸零售 | 交通运输 | 有色金属,True,0.0,交通运输,0.0958987838358611,0.0958987838358611,,,,TYPE_D_MINOR
2008-01-04,0.95,0.95,0.0,0.7925495135053194,0.7925495135053194,0.0,False,False,0.8993216081279181,0.8993216081279181,True,True,食品饮料 | 房地产 | 商贸零售 | 交通运输 | 有色金属,食品饮料 | 房地产 | 商贸零售 | 交通运输 | 有色金属,True,0.0,交通运输,0.1029373981762867,0.1029373981762867,,,,TYPE_D_MINOR
2008-01-11,0.95,0.95,0.0,0.7835189460840843,0.7835189460840843,0.0,False,False,0.8886733651277541,0.8886733651277541,True,True,食品饮料 | 房地产 | 商贸零售 | 交通运输 | 有色金属,食品饮料 | 房地产 | 商贸零售 | 交通运输 | 有色金属,True,0.0,交通运输,0.0997634124227949,0.0997634124227949,,,,TYPE_D_MINOR
2008-01-18,0.95,0.95,0.0,0.7515913683331862,0.7515913683331862,0.0,False,False,0.8834670732194148,0.8834670732194148,True,True,食品饮料 | 房地产 | 商贸零售 | 交通运输 | 有色金属,食品饮料 | 房地产 | 商贸零售 | 交通运输 | 有色金属,True,0.0,交通运输,0.0897405233060972,0.0897405233060972,,,,TYPE_D_MINOR
2008-01-25,0.95,0.95,0.0,0.8025011032813403,0.8025011032813403,0.0,False,False,0.9226152198546248,0.9226152198546248,True,True,食品饮料 | 房地产 | 商贸零售 | 交通运输 | 基础化工,食品饮料 | 房地产 | 商贸零售 | 交通运输 | 基础化工,True,0.0,交通运输,0.0891885844968095,0.0891885844968095,,,,TYPE_D_MINOR
2008-02-01,0.95,0.95,0.0,0.7847858942375296,0.7847858942375296,0.0,False,False,0.9073401687408186,0.9073401687408186,True,True,食品饮料 | 房地产 | 交通运输 | 商贸零售 | 家用电器,食品饮料 | 房地产 | 交通运输 | 商贸零售 | 家用电器,True,0.0,交通运输,0.1256619774500509,0.1256619774500509,,,,TYPE_D_MINOR
2008-02-08,0.95,0.95,0.0,0.8019520410371168,0.8019520410371168,0.0,False,False,0.9215169214863352,0.9215169214863352,True,True,食品饮料 | 房地产 | 交通运输 | 商贸零售 | 家用电器,食品饮料 | 房地产 | 交通运输 | 商贸零售 | 家用电器,True,0.0,交通运输,0.1247578891001174,0.1247578891001174,,,,TYPE_D_MINOR
2008-02-15,0.95,0.95,0.0,0.8028786802626886,0.8028786802626886,0.0,False,False,0.9193062043994382,0.9193062043994382,True,True,食品饮料 | 房地产 | 商贸零售 | 交通运输 | 家用电器,食品饮料 | 房地产 | 商贸零售 | 交通运输 | 家用电器,True,0.0,交通运输,0.0899947578477381,0.0899947578477381,,,,TYPE_D_MINOR
2008-02-22,0.95,0.95,0.0,0.8089335267457305,0.8089335267457305,0.0,False,False,0.9205814601805244,0.9205814601805244,True,True,食品饮料 | 房地产 | 商贸零售 | 交通运输 | 家用电器,食品饮料 | 房地产 | 商贸零售 | 交通运输 | 家用电器,True,0.0,交通运输,0.1102539902188168,0.1102539902188168,,,,TYPE_D_MINOR
2008-02-29,0.95,0.95,0.0,0.8158680187981187,0.8158680187981187,0.0,False,False,0.9208423477787714,0.9208423477787714,True,True,食品饮料 | 房地产 | 商贸零售 | 交通运输 | 家用电器,食品饮料 | 房地产 | 商贸零售 | 交通运输 | 家用电器,True,0.0,交通运输,0.0681069905136714,0.0681069905136714,,,,TYPE_D_MINOR
2008-03-07,0.95,0.95,0.0,0.819710739122336,0.819710739122336,0.0,False,False,0.9208044088243024,0.9208044088243024,True,True,食品饮料 | 房地产 | 家用电器 | 商贸零售 | 基础化工,食品饮料 | 房地产 | 家用电器 | 商贸零售 | 基础化工,True,0.0,交通运输,0.0658521355649743,0.0658521355649743,,,,TYPE_D_MINOR
2008-03-14,0.95,0.95,0.0,0.8344334829596552,0.8344334829596552,0.0,False,False,0.9198508459374692,0.9198508459374692,True,True,食品饮料 | 房地产 | 家用电器 | 基础化工 | 钢铁,食品饮料 | 房地产 | 家用电器 | 基础化工 | 钢铁,True,0.0,交通运输,0.0579812585695864,0.0579812585695864,,,,TYPE_D_MINOR
2008-03-21,0.95,0.95,0.0,0.8059069620812424,0.8059069620812424,0.0,False,False,0.9329898987338636,0.9329898987338636,True,True,食品饮料 | 房地产 | 商贸零售 | 家用电器 | 钢铁,食品饮料 | 房地产 | 商贸零售 | 家用电器 | 钢铁,True,0.0,交通运输,0.0739117744404633,0.0739117744404633,,,,TYPE_D_MINOR
2008-03-28,0.95,0.95,0.0,0.8008929744978367,0.8008929744978367,0.0,False,False,0.92818129120021,0.92818129120021,True,True,房地产 | 食品饮料 | 商贸零售 | 钢铁 | 基础化工,房地产 | 食品饮料 | 商贸零售 | 钢铁 | 基础化工,True,0.0,交通运输,0.0210165563250451,0.0210165563250451,,,,TYPE_D_MINOR
2008-04-04,0.95,0.95,0.0,0.7725736477349481,0.7725736477349481,0.0,False,False,0.9301352663625656,0.9301352663625656,True,True,食品饮料 | 房地产 | 交通运输 | 商贸零售 | 钢铁,食品饮料 | 房地产 | 交通运输 | 商贸零售 | 钢铁,True,0.0,交通运输,0.1046595619914509,0.1046595619914509,,,,TYPE_D_MINOR
2008-04-11,0.95,0.95,0.0,0.7713564352803075,0.7713564352803075,0.0,False,False,0.9399343035228438,0.9399343035228438,True,True,房地产 | 食品饮料 | 商贸零售 | 钢铁 | 基础化工,房地产 | 食品饮料 | 商贸零售 | 钢铁 | 基础化工,True,0.0,交通运输,0.0783161293955337,0.0783161293955337,,,,TYPE_D_MINOR
2008-04-18,0.95,0.95,0.0,0.7528050910426946,0.7528050910426946,0.0,False,False,0.9314127340204832,0.9314127340204832,True,True,食品饮料 | 房地产 | 商贸零售 | 钢铁 | 基础化工,食品饮料 | 房地产 | 商贸零售 | 钢铁 | 基础化工,True,0.0,交通运输,0.0129025941877638,0.0129025941877638,,,,TYPE_D_MINOR
2008-04-25,0.95,0.95,0.0,0.7689907845209758,0.7689907845209758,0.0,False,False,0.9393724258780574,0.9393724258780574,True,True,食品饮料 | 商贸零售 | 房地产 | 钢铁 | 交通运输,食品饮料 | 商贸零售 | 房地产 | 钢铁 | 交通运输,True,0.0,交通运输,0.0548871836220366,0.0548871836220366,,,,TYPE_D_MINOR
2008-05-02,0.95,0.95,0.0,0.7780018041410123,0.7780018041410123,0.0,False,False,0.9389625223133308,0.9389625223133308,True,True,食品饮料 | 房地产 | 商贸零售 | 钢铁 | 交通运输,食品饮料 | 房地产 | 商贸零售 | 钢铁 | 交通运输,True,0.0,交通运输,0.0566337316667323,0.0566337316667323,,,,TYPE_D_MINOR
2008-05-09,0.95,0.95,0.0,0.7839546926150196,0.7839546926150196,0.0,False,False,0.9417348702611972,0.9417348702611972,True,True,食品饮料 | 商贸零售 | 房地产 | 钢铁 | 交通运输,食品饮料 | 商贸零售 | 房地产 | 钢铁 | 交通运输,True,0.0,交通运输,0.0591986075675019,0.0591986075675019,,,,TYPE_D_MINOR
2008-05-16,0.95,0.95,0.0,0.7772059766727619,0.7772059766727619,0.0,False,False,0.9353788457355176,0.9353788457355176,True,True,食品饮料 | 商贸零售 | 房地产 | 交通运输 | 钢铁,食品饮料 | 商贸零售 | 房地产 | 交通运输 | 钢铁,True,0.0,交通运输,0.065325314527398,0.065325314527398,,,,TYPE_D_MINOR
2008-05-23,0.95,0.95,0.0,0.7777517058404527,0.7777517058404527,0.0,False,False,0.9366025853041916,0.9366025853041916,True,True,食品饮料 | 商贸零售 | 房地产 | 交通运输 | 基础化工,食品饮料 | 商贸零售 | 房地产 | 交通运输 | 基础化工,True,0.0,交通运输,0.053655832113855,0.053655832113855,,,,TYPE_D_MINOR
2008-05-30,0.95,0.95,0.0,0.7751274725056606,0.7751274725056606,0.0,False,False,0.9370669769491532,0.9370669769491532,True,True,商贸零售 | 食品饮料 | 房地产 | 交通运输 | 基础化工,商贸零售 | 食品饮料 | 房地产 | 交通运输 | 基础化工,True,0.0,交通运输,0.0620109548079497,0.0620109548079497,,,,TYPE_D_MINOR
2008-06-06,0.95,0.95,0.0,0.7745863300740803,0.7745863300740803,0.0,False,False,0.9343990036441944,0.9343990036441944,True,True,食品饮料 | 商贸零售 | 房地产 | 交通运输 | 钢铁,食品饮料 | 商贸零售 | 房地产 | 交通运输 | 钢铁,True,0.0,交通运输,0.0764566275062945,0.0764566275062945,,,,TYPE_D_MINOR
2008-06-13,0.95,0.95,0.0,0.7737358302751114,0.7737358302751114,0.0,False,False,0.9385400532595856,0.9385400532595856,True,True,食品饮料 | 商贸零售 | 交通运输 | 钢铁 | 房地产,食品饮料 | 商贸零售 | 交通运输 | 钢铁 | 房地产,True,0.0,交通运输,0.1117816277874729,0.1117816277874729,,,,TYPE_D_MINOR
2008-06-20,0.95,0.95,0.0,0.7737480196603681,0.7737480196603681,0.0,False,False,0.9410258536860624,0.9410258536860624,True,True,食品饮料 | 商贸零售 | 基础化工 | 交通运输 | 钢铁,食品饮料 | 商贸零售 | 基础化工 | 交通运输 | 钢铁,True,0.0,交通运输,0.0738274996489141,0.0738274996489141,,,,TYPE_D_MINOR
2008-06-27,0.95,0.95,0.0,0.7668796378021707,0.7668796378021707,0.0,False,False,0.9458203787592948,0.9458203787592948,True,True,食品饮料 | 商贸零售 | 交通运输 | 基础化工 | 钢铁,食品饮料 | 商贸零售 | 交通运输 | 基础化工 | 钢铁,True,0.0,交通运输,0.08184648066906,0.08184648066906,,,,TYPE_D_MINOR
2008-07-04,0.95,0.95,0.0,0.7619134655059011,0.7619134655059011,0.0,False,False,0.944165999409538,0.944165999409538,True,True,食品饮料 | 商贸零售 | 钢铁 | 交通运输 | 基础化工,食品饮料 | 商贸零售 | 钢铁 | 交通运输 | 基础化工,True,0.0,交通运输,0.0775511862224478,0.0775511862224478,,,,TYPE_D_MINOR
2008-07-11,0.95,0.95,0.0,0.7584291527336684,0.7584291527336684,0.0,False,False,0.9456525153813252,0.9456525153813252,True,True,食品饮料 | 商贸零售 | 交通运输 | 钢铁 | 基础化工,食品饮料 | 商贸零售 | 交通运输 | 钢铁 | 基础化工,True,0.0,交通运输,0.094582537923976,0.094582537923976,,,,TYPE_D_MINOR
2008-07-18,0.95,0.95,0.0,0.7598625259668368,0.7598625259668368,0.0,False,False,0.9454753413844172,0.9454753413844172,True,True,商贸零售 | 食品饮料 | 交通运输 | 房地产 | 基础化工,商贸零售 | 食品饮料 | 交通运输 | 房地产 | 基础化工,True,0.0,交通运输,0.0810845394095109,0.0810845394095109,,,,TYPE_D_MINOR
2008-07-25,0.95,0.95,0.0,0.7603066847586695,0.7603066847586695,0.0,False,False,0.9463618385036744,0.9463618385036744,True,True,商贸零售 | 食品饮料 | 交通运输 | 房地产 | 基础化工,商贸零售 | 食品饮料 | 交通运输 | 房地产 | 基础化工,True,0.0,交通运输,0.0834500010463681,0.0834500010463681,,,,TYPE_D_MINOR
2008-08-01,0.95,0.95,0.0,0.7565993711882635,0.7565993711882635,0.0,False,False,0.9460859423436396,0.9460859423436396,True,True,商贸零售 | 食品饮料 | 房地产 | 交通运输 | 基础化工,商贸零售 | 食品饮料 | 房地产 | 交通运输 | 基础化工,True,0.0,交通运输,0.0800138967556938,0.0800138967556938,,,,TYPE_D_MINOR
2008-08-08,0.95,0.95,0.0,0.7441350586566835,0.7441350586566835,0.0,False,False,0.9391299698461112,0.9391299698461112,True,True,食品饮料 | 商贸零售 | 房地产 | 交通运输 | 基础化工,食品饮料 | 商贸零售 | 房地产 | 交通运输 | 基础化工,True,0.0,交通运输,0.0721839347078017,0.0721839347078017,,,,TYPE_D_MINOR
2008-08-15,0.95,0.95,0.0,0.721900580815972,0.721900580815972,0.0,False,False,0.9365912230649776,0.9365912230649776,True,True,食品饮料 | 商贸零售 | 交通运输 | 钢铁 | 房地产,食品饮料 | 商贸零售 | 交通运输 | 钢铁 | 房地产,True,0.0,交通运输,0.0900903355507554,0.0900903355507554,,,,TYPE_D_MINOR
2008-08-22,0.95,0.95,0.0,0.7285982346218932,0.7285982346218932,0.0,False,False,0.948698831788834,0.948698831788834,True,True,食品饮料 | 商贸零售 | 交通运输 | 钢铁 | 房地产,食品饮料 | 商贸零售 | 交通运输 | 钢铁 | 房地产,True,0.0,交通运输,0.0929329984007229,0.0929329984007229,,,,TYPE_D_MINOR
2008-08-29,0.95,0.95,0.0,0.7239039344638423,0.7239039344638423,0.0,False,False,0.9461328477405294,0.9461328477405294,True,True,食品饮料 | 交通运输 | 商贸零售 | 钢铁 | 房地产,食品饮料 | 交通运输 | 商贸零售 | 钢铁 | 房地产,True,0.0,交通运输,0.1336210960571968,0.1336210960571968,,,,TYPE_D_MINOR
2008-09-05,0.95,0.95,0.0,0.7448189439600268,0.7448189439600268,0.0,False,False,0.939786545137866,0.939786545137866,True,True,食品饮料 | 商贸零售 | 交通运输 | 钢铁 | 房地产,食品饮料 | 商贸零售 | 交通运输 | 钢铁 | 房地产,True,0.0,交通运输,0.0887897261655742,0.0887897261655742,,,,TYPE_D_MINOR
2008-09-12,0.95,0.95,0.0,0.7374756630013128,0.7374756630013128,0.0,False,False,0.9359168703561156,0.9359168703561156,True,True,食品饮料 | 商贸零售 | 房地产 | 交通运输 | 钢铁,食品饮料 | 商贸零售 | 房地产 | 交通运输 | 钢铁,True,0.0,交通运输,0.0697361619054469,0.0697361619054469,,,,TYPE_D_MINOR
2008-09-19,0.95,0.95,0.0,0.771688703915917,0.771688703915917,0.0,False,False,0.9421371931818474,0.9421371931818474,True,True,食品饮料 | 商贸零售 | 交通运输 | 房地产 | 钢铁,食品饮料 | 商贸零售 | 交通运输 | 房地产 | 钢铁,True,0.0,交通运输,0.1091823999527635,0.1091823999527635,,,,TYPE_D_MINOR
2008-09-26,0.95,0.95,0.0,0.7596541892672037,0.7596541892672037,0.0,False,False,0.9420000975996212,0.9420000975996212,True,True,商贸零售 | 食品饮料 | 交通运输 | 房地产 | 钢铁,商贸零售 | 食品饮料 | 交通运输 | 房地产 | 钢铁,True,0.0,交通运输,0.0833460019603802,0.0833460019603802,,,,TYPE_D_MINOR
2008-10-10,0.95,0.95,0.0,0.7546886870551919,0.7546886870551919,0.0,False,False,0.9418745030207626,0.9418745030207626,True,True,商贸零售 | 食品饮料 | 交通运输 | 房地产 | 钢铁,商贸零售 | 食品饮料 | 交通运输 | 房地产 | 钢铁,True,0.0,交通运输,0.1227346957577645,0.1227346957577645,,,,TYPE_D_MINOR
2008-10-17,0.95,0.95,0.0,0.7508922806085147,0.7508922806085147,0.0,False,False,0.9445320633347564,0.9445320633347564,True,True,商贸零售 | 食品饮料 | 交通运输 | 房地产 | 钢铁,商贸零售 | 食品饮料 | 交通运输 | 房地产 | 钢铁,True,0.0,交通运输,0.1371359564508895,0.1371359564508895,,,,TYPE_D_MINOR
2008-10-24,0.95,0.95,0.0,0.7438029027197041,0.7438029027197041,0.0,False,False,0.941057025495124,0.941057025495124,True,True,商贸零售 | 食品饮料 | 交通运输 | 房地产 | 钢铁,商贸零售 | 食品饮料 | 交通运输 | 房地产 | 钢铁,True,0.0,交通运输,0.1010013696006154,0.1010013696006154,,,,TYPE_D_MINOR
2008-10-31,0.95,0.95,0.0,0.729369667987182,0.729369667987182,0.0,False,False,0.9418585385811448,0.9418585385811448,True,True,商贸零售 | 食品饮料 | 房地产 | 钢铁 | 交通运输,商贸零售 | 食品饮料 | 房地产 | 钢铁 | 交通运输,True,0.0,交通运输,0.0373544337215989,0.0373544337215989,,,,TYPE_D_MINOR
2008-11-07,0.95,0.95,0.0,0.7347034914203253,0.7347034914203253,0.0,False,False,0.942365444472126,0.942365444472126,True,True,商贸零售 | 食品饮料 | 房地产 | 钢铁 | 家用电器,商贸零售 | 食品饮料 | 房地产 | 钢铁 | 家用电器,True,0.0,交通运输,0.0266958573000689,0.0266958573000689,,,,TYPE_D_MINOR
2008-11-14,0.95,0.95,0.0,0.7377663560174971,0.7377663560174971,0.0,False,False,0.9550192949237648,0.9550192949237648,True,True,商贸零售 | 食品饮料 | 房地产 | 钢铁 | 家用电器,商贸零售 | 食品饮料 | 房地产 | 钢铁 | 家用电器,True,0.0,交通运输,0.0191244247704554,0.0191244247704554,,,,TYPE_D_MINOR
2008-11-21,0.95,0.95,0.0,0.7626249438648953,0.7626249438648953,0.0,False,False,0.9595917692872752,0.9595917692872752,True,True,商贸零售 | 食品饮料 | 房地产 | 钢铁 | 基础化工,商贸零售 | 食品饮料 | 房地产 | 钢铁 | 基础化工,True,0.0,交通运输,0.0091597666387335,0.0091597666387335,,,,TYPE_D_MINOR
2008-11-28,0.95,0.95,0.0,0.7726850061106887,0.7726850061106887,0.0,False,False,0.9572708199246442,0.9572708199246442,True,True,商贸零售 | 食品饮料 | 房地产 | 基础化工 | 家用电器,商贸零售 | 食品饮料 | 房地产 | 基础化工 | 家用电器,True,0.0,交通运输,0.0342550564789248,0.0342550564789248,,,,TYPE_D_MINOR
2008-12-05,0.95,0.95,0.0,0.7795420346232079,0.7795420346232079,0.0,False,False,0.9567771650287376,0.9567771650287376,True,True,食品饮料 | 商贸零售 | 房地产 | 基础化工 | 钢铁,食品饮料 | 商贸零售 | 房地产 | 基础化工 | 钢铁,True,0.0,交通运输,0.0460326852335338,0.0460326852335338,,,,TYPE_D_MINOR
2008-12-12,0.95,0.95,0.0,0.7724907556084746,0.7724907556084746,0.0,False,False,0.956207664882442,0.956207664882442,True,True,商贸零售 | 食品饮料 | 交通运输 | 房地产 | 公用事业,商贸零售 | 食品饮料 | 交通运输 | 房地产 | 公用事业,True,0.0,交通运输,0.0830981701929592,0.0830981701929592,,,,TYPE_D_MINOR
2008-12-19,0.95,0.95,0.0,0.7794080466564931,0.7794080466564931,0.0,False,False,0.9556370875778836,0.9556370875778836,True,True,商贸零售 | 食品饮料 | 交通运输 | 公用事业 | 房地产,商贸零售 | 食品饮料 | 交通运输 | 公用事业 | 房地产,True,0.0,交通运输,0.0876787894284637,0.0876787894284637,,,,TYPE_D_MINOR
2008-12-26,0.95,0.95,0.0,0.7898957224863977,0.7898957224863977,0.0,False,False,0.9581113275048928,0.9581113275048928,True,True,食品饮料 | 商贸零售 | 交通运输 | 公用事业 | 房地产,食品饮料 | 商贸零售 | 交通运输 | 公用事业 | 房地产,True,0.0,交通运输,0.0925297650310424,0.0925297650310424,,,,TYPE_D_MINOR
2009-01-02,0.95,0.95,0.0,0.7965473661692546,0.7965473661692546,0.0,False,False,0.9532770363183504,0.9532770363183504,True,True,食品饮料 | 商贸零售 | 交通运输 | 公用事业 | 家用电器,食品饮料 | 商贸零售 | 交通运输 | 公用事业 | 家用电器,True,0.0,交通运输,0.1022158622581996,0.1022158622581996,,,,TYPE_D_MINOR
2009-01-09,0.95,0.95,0.0,0.782655903092456,0.782655903092456,0.0,False,False,0.9521000566085182,0.9521000566085182,True,True,食品饮料 | 商贸零售 | 家用电器 | 公用事业 | 交通运输,食品饮料 | 商贸零售 | 家用电器 | 公用事业 | 交通运输,True,0.0,交通运输,0.0835772991100952,0.0835772991100952,,,,TYPE_D_MINOR
2009-01-16,0.95,0.95,0.0,0.778843532451801,0.778843532451801,0.0,False,False,0.9474219545211994,0.9474219545211994,True,True,食品饮料 | 商贸零售 | 家用电器 | 公用事业 | 交通运输,食品饮料 | 商贸零售 | 家用电器 | 公用事业 | 交通运输,True,0.0,交通运输,0.0659036193306195,0.0659036193306195,,,,TYPE_D_MINOR
2009-01-23,0.95,0.95,0.0,0.7762188861411393,0.7762188861411393,0.0,False,False,0.946580503255787,0.946580503255787,True,True,食品饮料 | 商贸零售 | 家用电器 | 公用事业 | 房地产,食品饮料 | 商贸零售 | 家用电器 | 公用事业 | 房地产,True,0.0,交通运输,0.0493633110416688,0.0493633110416688,,,,TYPE_D_MINOR
2009-02-06,0.95,0.95,0.0,0.7667833800318858,0.7667833800318858,0.0,False,False,0.9473137477312772,0.9473137477312772,True,True,食品饮料 | 商贸零售 | 医药生物 | 家用电器 | 钢铁,食品饮料 | 商贸零售 | 医药生物 | 家用电器 | 钢铁,True,0.0,交通运输,0.0434536179804337,0.0434536179804337,,,,TYPE_D_MINOR
2009-02-13,0.95,0.95,0.0,0.7824699770880501,0.7824699770880501,0.0,False,False,0.9466875112873102,0.9466875112873102,True,True,食品饮料 | 商贸零售 | 公用事业 | 医药生物 | 钢铁,食品饮料 | 商贸零售 | 公用事业 | 医药生物 | 钢铁,True,0.0,交通运输,0.0141281864746264,0.0141281864746264,,,,TYPE_D_MINOR
2009-02-20,0.95,0.95,0.0,0.7676818256917003,0.7676818256917003,0.0,False,False,0.950315940799003,0.950315940799003,True,True,食品饮料 | 商贸零售 | 公用事业 | 医药生物 | 房地产,食品饮料 | 商贸零售 | 公用事业 | 医药生物 | 房地产,True,0.0,交通运输,0.0452839244338635,0.0452839244338635,,,,TYPE_D_MINOR
2009-02-27,0.95,0.95,0.0,0.7483116565057273,0.7483116565057273,0.0,False,False,0.9483279655075032,0.9483279655075032,True,True,食品饮料 | 商贸零售 | 房地产 | 公用事业 | 医药生物,食品饮料 | 商贸零售 | 房地产 | 公用事业 | 医药生物,True,0.0,交通运输,0.0,0.0,,,,TYPE_D_MINOR
2009-03-06,0.95,0.95,0.0,0.7606515073324615,0.7606515073324615,0.0,False,False,0.9477463825218578,0.9477463825218578,True,True,食品饮料 | 商贸零售 | 基础化工 | 房地产 | 家用电器,食品饮料 | 商贸零售 | 基础化工 | 房地产 | 家用电器,True,0.0,交通运输,0.0008247951271712,0.0008247951271712,,,,TYPE_D_MINOR
2009-03-13,0.95,0.95,0.0,0.7646362709385088,0.7646362709385088,0.0,False,False,0.9507364659683804,0.9507364659683804,True,True,食品饮料 | 商贸零售 | 基础化工 | 房地产 | 公用事业,食品饮料 | 商贸零售 | 基础化工 | 房地产 | 公用事业,True,0.0,交通运输,0.0178662720527446,0.0178662720527446,,,,TYPE_D_MINOR
2009-03-20,0.95,0.95,0.0,0.76789643204249,0.76789643204249,0.0,False,False,0.9523245173786457,0.9523245173786457,True,True,食品饮料 | 商贸零售 | 房地产 | 公用事业 | 家用电器,食品饮料 | 商贸零售 | 房地产 | 公用事业 | 家用电器,True,0.0,交通运输,0.0562742406975735,0.0562742406975735,,,,TYPE_D_MINOR
2009-03-27,0.95,0.95,0.0,0.7570977913211457,0.7570977913211457,0.0,False,False,0.9528838310897144,0.9528838310897144,True,True,食品饮料 | 商贸零售 | 房地产 | 家用电器 | 基础化工,食品饮料 | 商贸零售 | 房地产 | 家用电器 | 基础化工,True,0.0,交通运输,0.023420723404295,0.023420723404295,,,,TYPE_D_MINOR
2009-04-03,0.95,0.95,0.0,0.7453669354225263,0.7453669354225263,0.0,False,False,0.9486508181650009,0.9486508181650009,True,True,食品饮料 | 商贸零售 | 房地产 | 家用电器 | 基础化工,食品饮料 | 商贸零售 | 房地产 | 家用电器 | 基础化工,True,0.0,交通运输,0.0274353305934215,0.0274353305934215,,,,TYPE_D_MINOR
2009-04-10,0.95,0.95,0.0,0.7503003554441117,0.7503003554441117,0.0,False,False,0.950625190477796,0.950625190477796,True,True,食品饮料 | 商贸零售 | 房地产 | 家用电器 | 基础化工,食品饮料 | 商贸零售 | 房地产 | 家用电器 | 基础化工,True,0.0,交通运输,0.0102913002162629,0.0102913002162629,,,,TYPE_D_MINOR
2009-04-17,0.95,0.95,0.0,0.7542954276610803,0.7542954276610803,0.0,False,False,0.9479804379490618,0.9479804379490618,True,True,食品饮料 | 房地产 | 基础化工 | 家用电器 | 商贸零售,食品饮料 | 房地产 | 基础化工 | 家用电器 | 商贸零售,True,0.0,交通运输,0.0285224671412008,0.0285224671412008,,,,TYPE_D_MINOR
2009-04-24,0.95,0.95,0.0,0.7446474102659029,0.7446474102659029,0.0,False,False,0.947217527832068,0.947217527832068,True,True,食品饮料 | 房地产 | 商贸零售 | 医药生物 | 基础化工,食品饮料 | 房地产 | 商贸零售 | 医药生物 | 基础化工,True,0.0,交通运输,0.0631696726722423,0.0631696726722423,,,,TYPE_D_MINOR
2009-05-01,0.95,0.95,0.0,0.7224902186590236,0.7224902186590236,0.0,False,False,0.936124189993985,0.936124189993985,True,True,食品饮料 | 房地产 | 商贸零售 | 基础化工 | 医药生物,食品饮料 | 房地产 | 商贸零售 | 基础化工 | 医药生物,True,0.0,交通运输,0.0601020958551073,0.0601020958551073,,,,TYPE_D_MINOR
2009-05-08,0.95,0.95,0.0,0.7168038965182281,0.7168038965182281,0.0,False,False,0.932866047844436,0.932866047844436,True,True,食品饮料 | 商贸零售 | 房地产 | 医药生物 | 基础化工,食品饮料 | 商贸零售 | 房地产 | 医药生物 | 基础化工,True,0.0,交通运输,0.0585514151508395,0.0585514151508395,,,,TYPE_D_MINOR
2009-05-15,0.95,0.95,0.0,0.7095106982743444,0.7095106982743444,0.0,False,False,0.9350688661190636,0.9350688661190636,True,True,食品饮料 | 商贸零售 | 房地产 | 基础化工 | 医药生物,食品饮料 | 商贸零售 | 房地产 | 基础化工 | 医药生物,True,0.0,交通运输,0.0637015525494637,0.0637015525494637,,,,TYPE_D_MINOR
2009-05-22,0.95,0.95,0.0,0.7088939606559741,0.7088939606559741,0.0,False,False,0.9339805198408236,0.9339805198408236,True,True,食品饮料 | 商贸零售 | 房地产 | 医药生物 | 基础化工,食品饮料 | 商贸零售 | 房地产 | 医药生物 | 基础化工,True,0.0,交通运输,0.067361972509426,0.067361972509426,,,,TYPE_D_MINOR
2009-05-29,0.95,0.95,0.0,0.7069319467319802,0.7069319467319802,0.0,False,False,0.9341088666622692,0.9341088666622692,True,True,食品饮料 | 商贸零售 | 房地产 | 基础化工 | 医药生物,食品饮料 | 商贸零售 | 房地产 | 基础化工 | 医药生物,True,0.0,交通运输,0.0743760459951164,0.0743760459951164,,,,TYPE_D_MINOR
2009-06-05,0.95,0.95,0.0,0.7167893685184166,0.7167893685184166,0.0,False,False,0.932102761356565,0.932102761356565,True,True,食品饮料 | 房地产 | 商贸零售 | 医药生物 | 交通运输,食品饮料 | 房地产 | 商贸零售 | 医药生物 | 交通运输,True,0.0,交通运输,0.0642641995943829,0.0642641995943829,,,,TYPE_D_MINOR
2009-06-12,0.95,0.95,0.0,0.710009331472554,0.710009331472554,0.0,False,False,0.9278774090898376,0.9278774090898376,True,True,食品饮料 | 房地产 | 医药生物 | 商贸零售 | 交通运输,食品饮料 | 房地产 | 医药生物 | 商贸零售 | 交通运输,True,0.0,交通运输,0.0909273713212394,0.0909273713212394,,,,TYPE_D_MINOR
2009-06-19,0.95,0.95,0.0,0.7368254341521653,0.7368254341521653,0.0,False,False,0.921459770589756,0.921459770589756,True,True,食品饮料 | 房地产 | 医药生物 | 商贸零售 | 基础化工,食品饮料 | 房地产 | 医药生物 | 商贸零售 | 基础化工,True,0.0,交通运输,0.0486669939044304,0.0486669939044304,,,,TYPE_D_MINOR
2009-06-26,0.95,0.95,0.0,0.7213949839004086,0.7213949839004086,0.0,False,False,0.912383356538714,0.912383356538714,True,True,食品饮料 | 房地产 | 商贸零售 | 医药生物 | 交通运输,食品饮料 | 房地产 | 商贸零售 | 医药生物 | 交通运输,True,0.0,交通运输,0.058862732904125,0.058862732904125,,,,TYPE_D_MINOR
2009-07-03,0.95,0.95,0.0,0.7266345586544396,0.7266345586544396,0.0,False,False,0.9174042661911896,0.9174042661911896,True,True,食品饮料 | 房地产 | 商贸零售 | 医药生物 | 基础化工,食品饮料 | 房地产 | 商贸零售 | 医药生物 | 基础化工,True,0.0,交通运输,0.0494508022675113,0.0494508022675113,,,,TYPE_D_MINOR
2009-07-10,0.95,0.95,0.0,0.7314545303641803,0.7314545303641803,0.0,False,False,0.9111965056019546,0.9111965056019546,True,True,食品饮料 | 房地产 | 商贸零售 | 医药生物 | 基础化工,食品饮料 | 房地产 | 商贸零售 | 医药生物 | 基础化工,True,0.0,交通运输,0.0614636141515945,0.0614636141515945,,,,TYPE_D_MINOR
2009-07-17,0.95,0.95,0.0,0.7373099746452144,0.7373099746452144,0.0,False,False,0.8983136500959256,0.8983136500959256,True,True,食品饮料 | 商贸零售 | 房地产 | 医药生物 | 钢铁,食品饮料 | 商贸零售 | 房地产 | 医药生物 | 钢铁,True,0.0,交通运输,0.0412696685825871,0.0412696685825871,,,,TYPE_D_MINOR
2009-07-24,0.95,0.95,0.0,0.7526614364911921,0.7526614364911921,0.0,False,False,0.8989592041142402,0.8989592041142402,True,True,食品饮料 | 商贸零售 | 房地产 | 医药生物 | 基础化工,食品饮料 | 商贸零售 | 房地产 | 医药生物 | 基础化工,True,0.0,交通运输,0.0560192013616737,0.0560192013616737,,,,TYPE_D_MINOR
2009-07-31,0.95,0.95,0.0,0.753612507052055,0.753612507052055,0.0,False,False,0.906161948277172,0.906161948277172,True,True,食品饮料 | 商贸零售 | 房地产 | 交通运输 | 医药生物,食品饮料 | 商贸零售 | 房地产 | 交通运输 | 医药生物,True,0.0,交通运输,0.0979593398453522,0.0979593398453522,,,,TYPE_D_MINOR
2009-08-07,0.95,0.95,0.0,0.7443835069370464,0.7443835069370464,0.0,False,False,0.8976027634611433,0.8976027634611433,True,True,食品饮料 | 房地产 | 商贸零售 | 基础化工 | 医药生物,食品饮料 | 房地产 | 商贸零售 | 基础化工 | 医药生物,True,0.0,交通运输,0.031755449818579,0.031755449818579,,,,TYPE_D_MINOR
2009-08-14,0.95,0.95,0.0,0.7567336996088654,0.7567336996088654,0.0,False,False,0.9137814377479964,0.9137814377479964,True,True,商贸零售 | 食品饮料 | 房地产 | 医药生物 | 基础化工,商贸零售 | 食品饮料 | 房地产 | 医药生物 | 基础化工,True,0.0,交通运输,0.0299592942322627,0.0299592942322627,,,,TYPE_D_MINOR
2009-08-21,0.95,0.95,0.0,0.7924585328413163,0.7924585328413163,0.0,False,False,0.9331386922969676,0.9331386922969676,True,True,食品饮料 | 医药生物 | 房地产 | 商贸零售 | 基础化工,食品饮料 | 医药生物 | 房地产 | 商贸零售 | 基础化工,True,0.0,交通运输,0.0,0.0,,,,TYPE_D_MINOR
2009-08-28,0.95,0.95,0.0,0.7952828713837998,0.7952828713837998,0.0,False,False,0.9390108252113344,0.9390108252113344,True,True,食品饮料 | 医药生物 | 房地产 | 基础化工 | 商贸零售,食品饮料 | 医药生物 | 房地产 | 基础化工 | 商贸零售,True,0.0,交通运输,0.0,0.0,,,,TYPE_D_MINOR
2009-09-04,0.95,0.95,0.0,0.7924996709168889,0.7924996709168889,0.0,False,False,0.9492283192406672,0.9492283192406672,True,True,房地产 | 食品饮料 | 医药生物 | 基础化工 | 电子,房地产 | 食品饮料 | 医药生物 | 基础化工 | 电子,True,0.0,交通运输,0.0144502106853629,0.0144502106853629,,,,TYPE_D_MINOR
2009-09-11,0.95,0.95,0.0,0.8119312281463573,0.8119312281463573,0.0,False,False,0.9458241192099736,0.9458241192099736,True,True,食品饮料 | 房地产 | 医药生物 | 商贸零售 | 基础化工,食品饮料 | 房地产 | 医药生物 | 商贸零售 | 基础化工,True,0.0,交通运输,0.0,0.0,,,,TYPE_D_MINOR
2009-09-18,0.95,0.95,0.0,0.8204793026806312,0.8204793026806312,0.0,False,False,0.9482011145211448,0.9482011145211448,True,True,食品饮料 | 房地产 | 商贸零售 | 医药生物 | 基础化工,食品饮料 | 房地产 | 商贸零售 | 医药生物 | 基础化工,True,0.0,交通运输,0.0128591701173766,0.0128591701173766,,,,TYPE_D_MINOR
2009-09-25,0.95,0.95,0.0,0.8271600454223814,0.8271600454223814,0.0,False,False,0.950884303157066,0.950884303157066,True,True,商贸零售 | 房地产 | 食品饮料 | 医药生物 | 基础化工,商贸零售 | 房地产 | 食品饮料 | 医药生物 | 基础化工,True,0.0,交通运输,0.0075833613769487,0.0075833613769487,,,,TYPE_D_MINOR
2009-10-02,0.95,0.95,0.0,0.8161731097343551,0.8161731097343551,0.0,False,False,0.9470239965341016,0.9470239965341016,True,True,商贸零售 | 房地产 | 食品饮料 | 医药生物 | 基础化工,商贸零售 | 房地产 | 食品饮料 | 医药生物 | 基础化工,True,0.0,交通运输,0.0257665526231821,0.0257665526231821,,,,TYPE_D_MINOR
2009-10-09,0.95,0.95,0.0,0.8105154312537115,0.8105154312537115,0.0,False,False,0.949381056856696,0.949381056856696,True,True,商贸零售 | 房地产 | 食品饮料 | 医药生物 | 基础化工,商贸零售 | 房地产 | 食品饮料 | 医药生物 | 基础化工,True,0.0,交通运输,0.0269504223872264,0.0269504223872264,,,,TYPE_D_MINOR
2009-10-16,0.95,0.95,0.0,0.8095758235013607,0.8095758235013607,0.0,False,False,0.9461624389038512,0.9461624389038512,True,True,商贸零售 | 食品饮料 | 房地产 | 医药生物 | 基础化工,商贸零售 | 食品饮料 | 房地产 | 医药生物 | 基础化工,True,0.0,交通运输,0.0178198997430193,0.0178198997430193,,,,TYPE_D_MINOR
2009-10-23,0.95,0.95,0.0,0.8213605498744057,0.8213605498744057,0.0,False,False,0.9480913846760468,0.9480913846760468,True,True,食品饮料 | 商贸零售 | 房地产 | 基础化工 | 医药生物,食品饮料 | 商贸零售 | 房地产 | 基础化工 | 医药生物,True,0.0,交通运输,0.025548915952343,0.025548915952343,,,,TYPE_D_MINOR
2009-10-30,0.95,0.95,0.0,0.8249152855566418,0.8249152855566418,0.0,False,False,0.9502093571527328,0.9502093571527328,True,True,食品饮料 | 商贸零售 | 房地产 | 医药生物 | 基础化工,食品饮料 | 商贸零售 | 房地产 | 医药生物 | 基础化工,True,0.0,交通运输,0.0284642617008846,0.0284642617008846,,,,TYPE_D_MINOR
2009-11-06,0.95,0.95,0.0,0.8427155969379475,0.8427155969379475,0.0,False,False,0.9472504320102254,0.9472504320102254,True,True,食品饮料 | 医药生物 | 商贸零售 | 房地产 | 基础化工,食品饮料 | 医药生物 | 商贸零售 | 房地产 | 基础化工,True,0.0,交通运输,0.0,0.0,,,,TYPE_D_MINOR
2009-11-13,0.95,0.95,0.0,0.8341277752302106,0.8341277752302106,0.0,False,False,0.94411672251544,0.94411672251544,True,True,医药生物 | 商贸零售 | 食品饮料 | 房地产 | 基础化工,医药生物 | 商贸零售 | 食品饮料 | 房地产 | 基础化工,True,0.0,交通运输,0.0,0.0,,,,TYPE_D_MINOR
2009-11-20,0.95,0.95,0.0,0.8383605919596888,0.8383605919596888,0.0,False,False,0.9397382861280588,0.9397382861280588,True,True,食品饮料 | 医药生物 | 房地产 | 商贸零售 | 基础化工,食品饮料 | 医药生物 | 房地产 | 商贸零售 | 基础化工,True,0.0,交通运输,0.0,0.0,,,,TYPE_D_MINOR
2009-11-27,0.95,0.95,0.0,0.8559548862764715,0.8559548862764715,0.0,False,False,0.9519893141358284,0.9519893141358284,True,True,医药生物 | 食品饮料 | 房地产 | 商贸零售 | 基础化工,医药生物 | 食品饮料 | 房地产 | 商贸零售 | 基础化工,True,0.0,交通运输,0.0,0.0,,,,TYPE_D_MINOR
2009-12-04,0.95,0.95,0.0,0.858566221626356,0.858566221626356,0.0,False,False,0.945809476881708,0.945809476881708,True,True,基础化工 | 食品饮料 | 房地产 | 商贸零售 | 医药生物,基础化工 | 食品饮料 | 房地产 | 商贸零售 | 医药生物,True,0.0,交通运输,0.018167536858272,0.018167536858272,,,,TYPE_D_MINOR
2009-12-11,0.95,0.95,0.0,0.8632136940848373,0.8632136940848373,0.0,False,False,0.9437865732987122,0.9437865732987122,True,True,食品饮料 | 基础化工 | 房地产 | 医药生物 | 商贸零售,食品饮料 | 基础化工 | 房地产 | 医药生物 | 商贸零售,True,0.0,交通运输,0.0891254850384503,0.0891254850384503,,,,TYPE_D_MINOR
2009-12-18,0.95,0.95,0.0,0.8585905406909342,0.8585905406909342,0.0,False,False,0.9484879072228104,0.9484879072228104,True,True,食品饮料 | 基础化工 | 房地产 | 医药生物 | 商贸零售,食品饮料 | 基础化工 | 房地产 | 医药生物 | 商贸零售,True,0.0,交通运输,0.0903907262947246,0.0903907262947246,,,,TYPE_D_MINOR
2009-12-25,0.95,0.95,0.0,0.8570816418117357,0.8570816418117357,0.0,False,False,0.9414438950627094,0.9414438950627094,True,True,基础化工 | 食品饮料 | 医药生物 | 房地产 | 商贸零售,基础化工 | 食品饮料 | 医药生物 | 房地产 | 商贸零售,True,0.0,交通运输,0.0644980826404496,0.0644980826404496,,,,TYPE_D_MINOR
2010-01-01,0.95,0.95,0.0,0.8584824251166007,0.8584824251166007,0.0,False,False,0.9420703712693383,0.9420703712693383,True,True,基础化工 | 医药生物 | 食品饮料 | 房地产 | 商贸零售,基础化工 | 医药生物 | 食品饮料 | 房地产 | 商贸零售,True,0.0,交通运输,0.0677566317507684,0.0677566317507684,,,,TYPE_D_MINOR
2010-01-08,0.95,0.95,0.0,0.8521359769987389,0.8521359769987389,0.0,False,False,0.942032429552742,0.942032429552742,True,True,医药生物 | 基础化工 | 食品饮料 | 商贸零售 | 交通运输,医药生物 | 基础化工 | 食品饮料 | 商贸零售 | 交通运输,True,0.0,交通运输,0.0999080713899769,0.0999080713899769,,,,TYPE_D_MINOR
2010-01-15,0.95,0.95,0.0,0.8434137999037302,0.8434137999037302,0.0,False,False,0.93974801084969,0.93974801084969,True,True,基础化工 | 食品饮料 | 医药生物 | 商贸零售 | 房地产,基础化工 | 食品饮料 | 医药生物 | 商贸零售 | 房地产,True,0.0,交通运输,0.0526332775830419,0.0526332775830419,,,,TYPE_D_MINOR
2010-01-22,0.95,0.95,0.0,0.8487904331529678,0.8487904331529678,0.0,False,False,0.9433371524279192,0.9433371524279192,True,True,基础化工 | 食品饮料 | 医药生物 | 房地产 | 商贸零售,基础化工 | 食品饮料 | 医药生物 | 房地产 | 商贸零售,True,0.0,交通运输,0.0118613348954614,0.0118613348954614,,,,TYPE_D_MINOR
2010-01-29,0.95,0.95,0.0,0.8551313842787257,0.8551313842787257,0.0,False,False,0.9502382674952732,0.9502382674952732,True,True,基础化工 | 食品饮料 | 医药生物 | 房地产 | 钢铁,基础化工 | 食品饮料 | 医药生物 | 房地产 | 钢铁,True,0.0,交通运输,0.0153751042161936,0.0153751042161936,,,,TYPE_D_MINOR
2010-02-05,0.95,0.95,0.0,0.8606619442447727,0.8606619442447727,0.0,False,False,0.9485891725681872,0.9485891725681872,True,True,基础化工 | 食品饮料 | 医药生物 | 房地产 | 钢铁,基础化工 | 食品饮料 | 医药生物 | 房地产 | 钢铁,True,0.0,交通运输,0.0368701552003696,0.0368701552003696,,,,TYPE_D_MINOR
2010-02-12,0.95,0.95,0.0,0.8732383754814832,0.8732383754814832,0.0,False,False,0.947087691637086,0.947087691637086,True,True,基础化工 | 食品饮料 | 医药生物 | 房地产 | 商贸零售,基础化工 | 食品饮料 | 医药生物 | 房地产 | 商贸零售,True,0.0,交通运输,0.029270891374633,0.029270891374633,,,,TYPE_D_MINOR
2010-02-26,0.95,0.95,0.0,0.8637178826802714,0.8637178826802714,0.0,False,False,0.9428411017288896,0.9428411017288896,True,True,基础化工 | 食品饮料 | 房地产 | 商贸零售 | 医药生物,基础化工 | 食品饮料 | 房地产 | 商贸零售 | 医药生物,True,0.0,交通运输,0.0260455141073482,0.0260455141073482,,,,TYPE_D_MINOR
2010-03-05,0.95,0.95,0.0,0.8745901616737644,0.8745901616737644,0.0,False,False,0.9449727303907298,0.9449727303907298,True,True,基础化工 | 食品饮料 | 房地产 | 商贸零售 | 医药生物,基础化工 | 食品饮料 | 房地产 | 商贸零售 | 医药生物,True,0.0,交通运输,0.0040963329489339,0.0040963329489339,,,,TYPE_D_MINOR
2010-03-12,0.95,0.95,0.0,0.877750475003183,0.877750475003183,0.0,False,False,0.9446844432198926,0.9446844432198926,True,True,基础化工 | 食品饮料 | 房地产 | 医药生物 | 商贸零售,基础化工 | 食品饮料 | 房地产 | 医药生物 | 商贸零售,True,0.0,交通运输,0.013615758740618,0.013615758740618,,,,TYPE_D_MINOR
2010-03-19,0.95,0.95,0.0,0.8809052899638059,0.8809052899638059,0.0,False,False,0.9429910065697228,0.9429910065697228,True,True,基础化工 | 食品饮料 | 房地产 | 商贸零售 | 医药生物,基础化工 | 食品饮料 | 房地产 | 商贸零售 | 医药生物,True,0.0,交通运输,0.0,0.0,,,,TYPE_D_MINOR
2010-03-26,0.95,0.95,0.0,0.8813703802037409,0.8813703802037409,0.0,False,False,0.9417776895506818,0.9417776895506818,True,True,基础化工 | 食品饮料 | 房地产 | 医药生物 | 商贸零售,基础化工 | 食品饮料 | 房地产 | 医药生物 | 商贸零售,True,0.0,交通运输,0.0097362604422083,0.0097362604422083,,,,TYPE_D_MINOR
2010-04-02,0.95,0.95,0.0,0.8921711350325112,0.8921711350325112,0.0,False,False,0.9439711812013902,0.9439711812013902,True,True,基础化工 | 食品饮料 | 房地产 | 医药生物 | 有色金属,基础化工 | 食品饮料 | 房地产 | 医药生物 | 有色金属,True,0.0,交通运输,0.0,0.0,,,,TYPE_D_MINOR
2010-04-09,0.95,0.95,0.0,0.8986198767197616,0.8986198767197616,0.0,False,False,0.9455732001046676,0.9455732001046676,True,True,基础化工 | 食品饮料 | 房地产 | 医药生物 | 有色金属,基础化工 | 食品饮料 | 房地产 | 医药生物 | 有色金属,True,0.0,交通运输,0.0,0.0,,,,TYPE_D_MINOR
2010-04-16,0.95,0.95,0.0,0.904271905992251,0.904271905992251,0.0,False,False,0.9405160991123944,0.9405160991123944,True,True,基础化工 | 食品饮料 | 房地产 | 医药生物 | 公用事业,基础化工 | 食品饮料 | 房地产 | 医药生物 | 公用事业,True,0.0,交通运输,0.0002344407332294,0.0002344407332294,,,,TYPE_D_MINOR
2010-04-23,0.95,0.95,0.0,0.9037983480809632,0.9037983480809632,0.0,False,False,0.9477606295002404,0.9477606295002404,True,True,基础化工 | 食品饮料 | 房地产 | 公用事业 | 有色金属,基础化工 | 食品饮料 | 房地产 | 公用事业 | 有色金属,True,0.0,交通运输,0.0,0.0,,,,TYPE_D_MINOR
2010-04-30,0.95,0.95,0.0,0.9030952116488836,0.9030952116488836,0.0,False,False,0.9436189136573172,0.9436189136573172,True,True,基础化工 | 公用事业 | 医药生物 | 食品饮料 | 房地产,基础化工 | 公用事业 | 医药生物 | 食品饮料 | 房地产,True,0.0,交通运输,0.0,0.0,,,,TYPE_D_MINOR
2010-05-07,0.95,0.95,0.0,0.9123306204951628,0.9123306204951628,0.0,False,False,0.9508772714116128,0.9508772714116128,True,True,基础化工 | 食品饮料 | 房地产 | 医药生物 | 公用事业,基础化工 | 食品饮料 | 房地产 | 医药生物 | 公用事业,True,0.0,交通运输,0.0,0.0,,,,TYPE_D_MINOR
2010-05-14,0.95,0.95,0.0,0.904508534467782,0.904508534467782,0.0,False,False,0.9529809695407848,0.9529809695407848,True,True,基础化工 | 房地产 | 食品饮料 | 医药生物 | 公用事业,基础化工 | 房地产 | 食品饮料 | 医药生物 | 公用事业,True,0.0,交通运输,0.0,0.0,,,,TYPE_D_MINOR
2010-05-21,0.95,0.95,0.0,0.8797193501483914,0.8797193501483914,0.0,False,False,0.9579715430700116,0.9579715430700116,True,True,基础化工 | 房地产 | 食品饮料 | 商贸零售 | 钢铁,基础化工 | 房地产 | 食品饮料 | 商贸零售 | 钢铁,True,0.0,交通运输,0.0,0.0,,,,TYPE_D_MINOR
2010-05-28,0.95,0.95,0.0,0.8740426159101147,0.8740426159101147,0.0,False,False,0.9597526893015188,0.9597526893015188,True,True,食品饮料 | 基础化工 | 商贸零售 | 房地产 | 钢铁,食品饮料 | 基础化工 | 商贸零售 | 房地产 | 钢铁,True,0.0,交通运输,0.0,0.0,,,,TYPE_D_MINOR
2010-06-04,0.95,0.95,0.0,0.8685904449793685,0.8685904449793685,0.0,False,False,0.9606539274651676,0.9606539274651676,True,True,食品饮料 | 商贸零售 | 房地产 | 钢铁 | 基础化工,食品饮料 | 商贸零售 | 房地产 | 钢铁 | 基础化工,True,0.0,交通运输,0.0,0.0,,,,TYPE_D_MINOR
2010-06-11,0.95,0.95,0.0,0.8644213011780415,0.8644213011780415,0.0,False,False,0.9614698593448088,0.9614698593448088,True,True,商贸零售 | 食品饮料 | 房地产 | 钢铁 | 基础化工,商贸零售 | 食品饮料 | 房地产 | 钢铁 | 基础化工,True,0.0,交通运输,0.0,0.0,,,,TYPE_D_MINOR
2010-06-18,0.95,0.95,0.0,0.8858845747301722,0.8858845747301722,0.0,False,False,0.9606748790052184,0.9606748790052184,True,True,食品饮料 | 商贸零售 | 钢铁 | 房地产 | 医药生物,食品饮料 | 商贸零售 | 钢铁 | 房地产 | 医药生物,True,0.0,交通运输,0.0,0.0,,,,TYPE_D_MINOR
2010-06-25,0.95,0.95,0.0,0.8841766610264383,0.8841766610264383,0.0,False,False,0.9633237430650262,0.9633237430650262,True,True,食品饮料 | 商贸零售 | 钢铁 | 房地产 | 医药生物,食品饮料 | 商贸零售 | 钢铁 | 房地产 | 医药生物,True,0.0,交通运输,0.0,0.0,,,,TYPE_D_MINOR
2010-07-02,0.95,0.95,0.0,0.8977983950923853,0.8977983950923853,0.0,False,False,0.9624824789377556,0.9624824789377556,True,True,商贸零售 | 食品饮料 | 钢铁 | 医药生物 | 房地产,商贸零售 | 食品饮料 | 钢铁 | 医药生物 | 房地产,True,0.0,交通运输,0.0,0.0,,,,TYPE_D_MINOR
2010-07-09,0.95,0.95,0.0,0.88268533102229,0.88268533102229,0.0,False,False,0.961418047837819,0.961418047837819,True,True,商贸零售 | 食品饮料 | 钢铁 | 医药生物 | 房地产,商贸零售 | 食品饮料 | 钢铁 | 医药生物 | 房地产,True,0.0,交通运输,0.0,0.0,,,,TYPE_D_MINOR
2010-07-16,0.95,0.95,0.0,0.8760780758610416,0.8760780758610416,0.0,False,False,0.9593754946996818,0.9593754946996818,True,True,商贸零售 | 食品饮料 | 钢铁 | 医药生物 | 房地产,商贸零售 | 食品饮料 | 钢铁 | 医药生物 | 房地产,True,0.0,交通运输,0.0,0.0,,,,TYPE_D_MINOR
2010-07-23,0.95,0.95,0.0,0.8785484529982787,0.8785484529982787,0.0,False,False,0.9619765272542958,0.9619765272542958,True,True,商贸零售 | 食品饮料 | 钢铁 | 医药生物 | 房地产,商贸零售 | 食品饮料 | 钢铁 | 医药生物 | 房地产,True,0.0,交通运输,0.0,0.0,,,,TYPE_D_MINOR
2010-07-30,0.95,0.95,0.0,0.8746331769623075,0.8746331769623075,0.0,False,False,0.9615360322848088,0.9615360322848088,True,True,商贸零售 | 食品饮料 | 钢铁 | 医药生物 | 房地产,商贸零售 | 食品饮料 | 钢铁 | 医药生物 | 房地产,True,0.0,交通运输,0.0,0.0,,,,TYPE_D_MINOR
2010-08-06,0.95,0.95,0.0,0.8584714254866228,0.8584714254866228,0.0,False,False,0.9611908661920228,0.9611908661920228,True,True,食品饮料 | 商贸零售 | 房地产 | 医药生物 | 钢铁,食品饮料 | 商贸零售 | 房地产 | 医药生物 | 钢铁,True,0.0,交通运输,0.003491435955872,0.003491435955872,,,,TYPE_D_MINOR
2010-08-13,0.95,0.95,0.0,0.8738575613637767,0.8738575613637767,0.0,False,False,0.9633579026427735,0.9633579026427735,True,True,食品饮料 | 商贸零售 | 房地产 | 医药生物 | 钢铁,食品饮料 | 商贸零售 | 房地产 | 医药生物 | 钢铁,True,0.0,交通运输,0.0208740639318935,0.0208740639318935,,,,TYPE_D_MINOR
2010-08-20,0.95,0.95,0.0,0.8730746882010214,0.8730746882010214,0.0,False,False,0.964654874830892,0.964654874830892,True,True,商贸零售 | 食品饮料 | 房地产 | 医药生物 | 钢铁,商贸零售 | 食品饮料 | 房地产 | 医药生物 | 钢铁,True,0.0,交通运输,0.0391915771572152,0.0391915771572152,,,,TYPE_D_MINOR
2010-08-27,0.95,0.95,0.0,0.8737103743743689,0.8737103743743689,0.0,False,False,0.958417258588991,0.958417258588991,True,True,商贸零售 | 食品饮料 | 房地产 | 医药生物 | 钢铁,商贸零售 | 食品饮料 | 房地产 | 医药生物 | 钢铁,True,0.0,交通运输,0.0719440092583073,0.0719440092583073,,,,TYPE_D_MINOR
2010-09-03,0.95,0.95,0.0,0.8824213487292563,0.8824213487292563,0.0,False,False,0.9595316856278088,0.9595316856278088,True,True,商贸零售 | 食品饮料 | 房地产 | 医药生物 | 钢铁,商贸零售 | 食品饮料 | 房地产 | 医药生物 | 钢铁,True,0.0,交通运输,0.0693565149344243,0.0693565149344243,,,,TYPE_D_MINOR
2010-09-10,0.95,0.95,0.0,0.858842032265724,0.858842032265724,0.0,False,False,0.9509500775979572,0.9509500775979572,True,True,商贸零售 | 食品饮料 | 房地产 | 医药生物 | 家用电器,商贸零售 | 食品饮料 | 房地产 | 医药生物 | 家用电器,True,0.0,交通运输,0.0529428059175714,0.0529428059175714,,,,TYPE_D_MINOR
2010-09-17,0.95,0.95,0.0,0.8769873116300125,0.8769873116300125,0.0,False,False,0.9533945395381264,0.9533945395381264,True,True,食品饮料 | 商贸零售 | 房地产 | 医药生物 | 家用电器,食品饮料 | 商贸零售 | 房地产 | 医药生物 | 家用电器,True,0.0,交通运输,0.0304452845558802,0.0304452845558802,,,,TYPE_D_MINOR
2010-09-24,0.95,0.95,0.0,0.8752805530136664,0.8752805530136664,0.0,False,False,0.9532318154439308,0.9532318154439308,True,True,食品饮料 | 商贸零售 | 房地产 | 医药生物 | 家用电器,食品饮料 | 商贸零售 | 房地产 | 医药生物 | 家用电器,True,0.0,交通运输,0.0379815853627116,0.0379815853627116,,,,TYPE_D_MINOR
2010-10-01,0.95,0.95,0.0,0.8698208618101315,0.8698208618101315,0.0,False,False,0.9537421094399056,0.9537421094399056,True,True,食品饮料 | 商贸零售 | 房地产 | 医药生物 | 交通运输,食品饮料 | 商贸零售 | 房地产 | 医药生物 | 交通运输,True,0.0,交通运输,0.0686033601766027,0.0686033601766027,,,,TYPE_D_MINOR
2010-10-08,0.95,0.95,0.0,0.8854263829591251,0.8854263829591251,0.0,False,False,0.9539223812831747,0.9539223812831747,True,True,食品饮料 | 商贸零售 | 房地产 | 医药生物 | 交通运输,食品饮料 | 商贸零售 | 房地产 | 医药生物 | 交通运输,True,0.0,交通运输,0.0984963839150121,0.0984963839150121,,,,TYPE_D_MINOR
2010-10-15,0.95,0.95,0.0,0.8752067673323054,0.8752067673323054,0.0,False,False,0.9551276235990098,0.9551276235990098,True,True,食品饮料 | 交通运输 | 房地产 | 医药生物 | 商贸零售,食品饮料 | 交通运输 | 房地产 | 医药生物 | 商贸零售,True,0.0,交通运输,0.1508535654501656,0.1508535654501656,,,,TYPE_D_MINOR
2010-10-22,0.95,0.95,0.0,0.8751333713740862,0.8751333713740862,0.0,False,False,0.9273767155008348,0.9273767155008348,True,True,食品饮料 | 家用电器 | 交通运输 | 商贸零售 | 轻工制造,食品饮料 | 家用电器 | 交通运输 | 商贸零售 | 轻工制造,True,0.0,交通运输,0.1223757110228343,0.1223757110228343,,,,TYPE_D_MINOR
2010-10-29,0.95,0.95,0.0,0.8720210683742179,0.8720210683742179,0.0,False,False,0.9239743956655592,0.9239743956655592,True,True,食品饮料 | 轻工制造 | 家用电器 | 交通运输 | 商贸零售,食品饮料 | 轻工制造 | 家用电器 | 交通运输 | 商贸零售,True,0.0,交通运输,0.0886384264308849,0.0886384264308849,,,,TYPE_D_MINOR
2010-11-05,0.95,0.95,0.0,0.8782208763366126,0.8782208763366126,0.0,False,False,0.912175245636455,0.912175245636455,True,True,食品饮料 | 轻工制造 | 家用电器 | 商贸零售 | 交通运输,食品饮料 | 轻工制造 | 家用电器 | 商贸零售 | 交通运输,True,0.0,交通运输,0.0792410749847303,0.0792410749847303,,,,TYPE_D_MINOR
2010-11-12,0.95,0.95,0.0,0.8345127044764262,0.8345127044764262,0.0,False,False,0.9190128219712316,0.9190128219712316,True,True,食品饮料 | 家用电器 | 轻工制造 | 社会服务 | 商贸零售,食品饮料 | 家用电器 | 轻工制造 | 社会服务 | 商贸零售,True,0.0,交通运输,0.0523791175312666,0.0523791175312666,,,,TYPE_D_MINOR
2010-11-19,0.95,0.95,0.0,0.8386392358362793,0.8386392358362793,0.0,False,False,0.928586644956707,0.928586644956707,True,True,食品饮料 | 轻工制造 | 家用电器 | 电子 | 医药生物,食品饮料 | 轻工制造 | 家用电器 | 电子 | 医药生物,True,0.0,交通运输,0.0144087579347172,0.0144087579347172,,,,TYPE_D_MINOR
2010-11-26,0.95,0.95,0.0,0.8235314342549145,0.8235314342549145,0.0,False,False,0.925024497541991,0.925024497541991,True,True,食品饮料 | 轻工制造 | 家用电器 | 医药生物 | 电子,食品饮料 | 轻工制造 | 家用电器 | 医药生物 | 电子,True,0.0,交通运输,0.0110137882992743,0.0110137882992743,,,,TYPE_D_MINOR
2010-12-03,0.95,0.95,0.0,0.8106029610084171,0.8106029610084171,0.0,False,False,0.920383178686226,0.920383178686226,True,True,食品饮料 | 家用电器 | 轻工制造 | 医药生物 | 有色金属,食品饮料 | 家用电器 | 轻工制造 | 医药生物 | 有色金属,True,0.0,交通运输,0.012526914289519,0.012526914289519,,,,TYPE_D_MINOR
2010-12-10,0.95,0.95,0.0,0.8160082560931047,0.8160082560931047,0.0,False,False,0.9048949762110406,0.9048949762110406,True,True,食品饮料 | 家用电器 | 商贸零售 | 医药生物 | 电子,食品饮料 | 家用电器 | 商贸零售 | 医药生物 | 电子,True,0.0,交通运输,0.0468491762436862,0.0468491762436862,,,,TYPE_D_MINOR
2010-12-17,0.95,0.95,0.0,0.8307889760442237,0.8307889760442237,0.0,False,False,0.898657396003537,0.898657396003537,True,True,食品饮料 | 家用电器 | 商贸零售 | 医药生物 | 有色金属,食品饮料 | 家用电器 | 商贸零售 | 医药生物 | 有色金属,True,0.0,交通运输,0.0514709751713129,0.0514709751713129,,,,TYPE_D_MINOR
2010-12-24,0.95,0.95,0.0,0.8277435158385189,0.8277435158385189,0.0,False,False,0.8992722972787232,0.8992722972787232,True,True,食品饮料 | 商贸零售 | 家用电器 | 医药生物 | 电子,食品饮料 | 商贸零售 | 家用电器 | 医药生物 | 电子,True,0.0,交通运输,0.022026153883606,0.022026153883606,,,,TYPE_D_MINOR
2010-12-31,0.95,0.95,0.0,0.8290129901285441,0.8290129901285441,0.0,False,False,0.8998326572756182,0.8998326572756182,True,True,食品饮料 | 商贸零售 | 家用电器 | 医药生物 | 有色金属,食品饮料 | 商贸零售 | 家用电器 | 医药生物 | 有色金属,True,0.0,交通运输,0.0201469105146909,0.0201469105146909,,,,TYPE_D_MINOR
2011-01-07,0.95,0.95,0.0,0.8318558873486044,0.8318558873486044,0.0,False,False,0.8908957535040748,0.8908957535040748,True,True,食品饮料 | 医药生物 | 家用电器 | 商贸零售 | 电子,食品饮料 | 医药生物 | 家用电器 | 商贸零售 | 电子,True,0.0,交通运输,0.0636082830813432,0.0636082830813432,,,,TYPE_D_MINOR
2011-01-14,0.95,0.95,0.0,0.8255979577079772,0.8255979577079772,0.0,False,False,0.894225749139937,0.894225749139937,True,True,食品饮料 | 医药生物 | 电子 | 商贸零售 | 有色金属,食品饮料 | 医药生物 | 电子 | 商贸零售 | 有色金属,True,0.0,交通运输,0.0450650122933317,0.0450650122933317,,,,TYPE_D_MINOR
2011-01-21,0.95,0.95,0.0,0.8389293192268626,0.8389293192268626,0.0,False,False,0.91615233424036,0.91615233424036,True,True,医药生物 | 食品饮料 | 电子 | 有色金属 | 家用电器,医药生物 | 食品饮料 | 电子 | 有色金属 | 家用电器,True,0.0,交通运输,0.0440573357245082,0.0440573357245082,,,,TYPE_D_MINOR
2011-01-28,0.95,0.95,0.0,0.8436611775942224,0.8436611775942224,0.0,False,False,0.9190641348308812,0.9190641348308812,True,True,医药生物 | 电子 | 商贸零售 | 食品饮料 | 有色金属,医药生物 | 电子 | 商贸零售 | 食品饮料 | 有色金属,True,0.0,交通运输,0.0224068956325305,0.0224068956325305,,,,TYPE_D_MINOR
2011-02-04,0.95,0.95,0.0,0.8451961085315846,0.8451961085315846,0.0,False,False,0.9190584406605266,0.9190584406605266,True,True,医药生物 | 电子 | 商贸零售 | 食品饮料 | 有色金属,医药生物 | 电子 | 商贸零售 | 食品饮料 | 有色金属,True,0.0,交通运输,0.0361552349099554,0.0361552349099554,,,,TYPE_D_MINOR
2011-02-11,0.95,0.95,0.0,0.8409785347931287,0.8409785347931287,0.0,False,False,0.9209059875289344,0.9209059875289344,True,True,商贸零售 | 医药生物 | 电子 | 食品饮料 | 有色金属,商贸零售 | 医药生物 | 电子 | 食品饮料 | 有色金属,True,0.0,交通运输,0.0482451690705265,0.0482451690705265,,,,TYPE_D_MINOR
2011-02-18,0.95,0.95,0.0,0.8555721719604241,0.8555721719604241,0.0,False,False,0.9133012629492776,0.9133012629492776,True,True,商贸零售 | 电子 | 医药生物 | 食品饮料 | 有色金属,商贸零售 | 电子 | 医药生物 | 食品饮料 | 有色金属,True,0.0,交通运输,0.0767138887998203,0.0767138887998203,,,,TYPE_D_MINOR
2011-02-25,0.95,0.95,0.0,0.8543098708497271,0.8543098708497271,0.0,False,False,0.908500056573572,0.908500056573572,True,True,商贸零售 | 医药生物 | 食品饮料 | 电子 | 交通运输,商贸零售 | 医药生物 | 食品饮料 | 电子 | 交通运输,True,0.0,交通运输,0.0987710776712653,0.0987710776712653,,,,TYPE_D_MINOR
2011-03-04,0.95,0.95,0.0,0.8517960621045355,0.8517960621045355,0.0,False,False,0.904645436694874,0.904645436694874,True,True,商贸零售 | 食品饮料 | 电子 | 交通运输 | 医药生物,商贸零售 | 食品饮料 | 电子 | 交通运输 | 医药生物,True,0.0,交通运输,0.1119063680939853,0.1119063680939853,,,,TYPE_D_MINOR
2011-03-11,0.95,0.95,0.0,0.8581757002168973,0.8581757002168973,0.0,False,False,0.8957123914286462,0.8957123914286462,True,True,商贸零售 | 交通运输 | 食品饮料 | 电子 | 医药生物,商贸零售 | 交通运输 | 食品饮料 | 电子 | 医药生物,True,0.0,交通运输,0.1516922190548745,0.1516922190548745,,,,TYPE_D_MINOR
2011-03-18,0.95,0.95,0.0,0.8562940703369953,0.8562940703369953,0.0,False,False,0.901535323849438,0.901535323849438,True,True,商贸零售 | 交通运输 | 医药生物 | 食品饮料 | 电子,商贸零售 | 交通运输 | 医药生物 | 食品饮料 | 电子,True,0.0,交通运输,0.1535499577758469,0.1535499577758469,,,,TYPE_D_MINOR
2011-03-25,0.95,0.95,0.0,0.8586774558220327,0.8586774558220327,0.0,False,False,0.9015392424524414,0.9015392424524414,True,True,商贸零售 | 交通运输 | 医药生物 | 食品饮料 | 电子,商贸零售 | 交通运输 | 医药生物 | 食品饮料 | 电子,True,0.0,交通运输,0.1590416253962639,0.1590416253962639,,,,TYPE_D_MINOR
2011-04-01,0.95,0.95,0.0,0.8671276576411528,0.8671276576411528,0.0,False,False,0.8988692721893632,0.8988692721893632,True,True,商贸零售 | 交通运输 | 电子 | 食品饮料 | 医药生物,商贸零售 | 交通运输 | 电子 | 食品饮料 | 医药生物,True,0.0,交通运输,0.1534552229644357,0.1534552229644357,,,,TYPE_D_MINOR
2011-04-08,0.95,0.95,0.0,0.86518471062033,0.86518471062033,0.0,False,False,0.8952151362212633,0.8952151362212633,True,True,商贸零售 | 交通运输 | 电子 | 食品饮料 | 医药生物,商贸零售 | 交通运输 | 电子 | 食品饮料 | 医药生物,True,0.0,交通运输,0.1504532686035306,0.1504532686035306,,,,TYPE_D_MINOR
2011-04-15,0.95,0.95,0.0,0.8671081031900287,0.8671081031900287,0.0,False,False,0.8909870854380115,0.8909870854380115,True,True,商贸零售 | 电子 | 交通运输 | 食品饮料 | 医药生物,商贸零售 | 电子 | 交通运输 | 食品饮料 | 医药生物,True,0.0,交通运输,0.1268226982904476,0.1268226982904476,,,,TYPE_D_MINOR
2011-04-22,0.95,0.95,0.0,0.8587808436238815,0.8587808436238815,0.0,False,False,0.8911341917668254,0.8911341917668254,True,True,商贸零售 | 电子 | 基础化工 | 食品饮料 | 医药生物,商贸零售 | 电子 | 基础化工 | 食品饮料 | 医药生物,True,0.0,交通运输,0.0645253937997688,0.0645253937997688,,,,TYPE_D_MINOR
2011-04-29,0.95,0.95,0.0,0.8488378482009017,0.8488378482009017,0.0,False,False,0.8739617999232254,0.8739617999232254,True,True,商贸零售 | 食品饮料 | 电子 | 交通运输 | 基础化工,商贸零售 | 食品饮料 | 电子 | 交通运输 | 基础化工,True,0.0,交通运输,0.059803684076548,0.059803684076548,,,,TYPE_D_MINOR
2011-05-06,0.95,0.95,0.0,0.8431449840547591,0.8431449840547591,0.0,False,False,0.88008571041765,0.88008571041765,True,True,商贸零售 | 食品饮料 | 电子 | 交通运输 | 基础化工,商贸零售 | 食品饮料 | 电子 | 交通运输 | 基础化工,True,0.0,交通运输,0.0783006475133866,0.0783006475133866,,,,TYPE_D_MINOR
2011-05-13,0.95,0.95,0.0,0.8560659376286571,0.8560659376286571,0.0,False,False,0.8759498054345296,0.8759498054345296,True,True,商贸零售 | 食品饮料 | 电子 | 交通运输 | 农林牧渔,商贸零售 | 食品饮料 | 电子 | 交通运输 | 农林牧渔,True,0.0,交通运输,0.0798581263908458,0.0798581263908458,,,,TYPE_D_MINOR
2011-05-20,0.95,0.95,0.0,0.8583460653096375,0.8583460653096375,0.0,False,False,0.8746436762448385,0.8746436762448385,True,True,商贸零售 | 食品饮料 | 交通运输 | 电子 | 基础化工,商贸零售 | 食品饮料 | 交通运输 | 电子 | 基础化工,True,0.0,交通运输,0.1005732112553306,0.1005732112553306,,,,TYPE_D_MINOR
2011-05-27,0.95,0.95,0.0,0.7775753836643979,0.7775753836643979,0.0,False,False,0.8579041967430368,0.8579041967430368,True,True,商贸零售 | 交通运输 | 食品饮料 | 电子 | 医药生物,商贸零售 | 交通运输 | 食品饮料 | 电子 | 医药生物,True,0.0,交通运输,0.1342228906668539,0.1342228906668539,,,,TYPE_D_MINOR
2011-06-03,0.95,0.95,0.0,0.7905140089413187,0.7905140089413187,0.0,False,False,0.8640707398468284,0.8640707398468284,True,True,商贸零售 | 食品饮料 | 交通运输 | 电子 | 房地产,商贸零售 | 食品饮料 | 交通运输 | 电子 | 房地产,True,0.0,交通运输,0.1262787751909719,0.1262787751909719,,,,TYPE_D_MINOR
2011-06-10,0.95,0.95,0.0,0.8001639822219301,0.8001639822219301,0.0,False,False,0.870939882004307,0.870939882004307,True,True,商贸零售 | 食品饮料 | 交通运输 | 电子 | 房地产,商贸零售 | 食品饮料 | 交通运输 | 电子 | 房地产,True,0.0,交通运输,0.1293824598550317,0.1293824598550317,,,,TYPE_D_MINOR
2011-06-17,0.95,0.95,0.0,0.790877908825747,0.790877908825747,0.0,False,False,0.8793131237700925,0.8793131237700925,True,True,商贸零售 | 食品饮料 | 交通运输 | 电子 | 房地产,商贸零售 | 食品饮料 | 交通运输 | 电子 | 房地产,True,0.0,交通运输,0.1161764558151172,0.1161764558151172,,,,TYPE_D_MINOR
2011-06-24,0.95,0.95,0.0,0.7995794921604562,0.7995794921604562,0.0,False,False,0.8897004411551077,0.8897004411551077,True,True,商贸零售 | 食品饮料 | 交通运输 | 电子 | 房地产,商贸零售 | 食品饮料 | 交通运输 | 电子 | 房地产,True,0.0,交通运输,0.1399305757062633,0.1399305757062633,,,,TYPE_D_MINOR
2011-07-01,0.95,0.95,0.0,0.7942485723752342,0.7942485723752342,0.0,False,False,0.8971247362207981,0.8971247362207981,True,True,商贸零售 | 食品饮料 | 交通运输 | 电子 | 房地产,商贸零售 | 食品饮料 | 交通运输 | 电子 | 房地产,True,0.0,交通运输,0.1283548384486609,0.1283548384486609,,,,TYPE_D_MINOR
2011-07-08,0.95,0.95,0.0,0.8012310589541116,0.8012310589541116,0.0,False,False,0.8980104358198054,0.8980104358198054,True,True,商贸零售 | 食品饮料 | 交通运输 | 农林牧渔 | 房地产,商贸零售 | 食品饮料 | 交通运输 | 农林牧渔 | 房地产,True,0.0,交通运输,0.1119891244934245,0.1119891244934245,,,,TYPE_D_MINOR
2011-07-15,0.95,0.95,0.0,0.8043633870922253,0.8043633870922253,0.0,False,False,0.90077480253196,0.90077480253196,True,True,商贸零售 | 食品饮料 | 交通运输 | 医药生物 | 房地产,商贸零售 | 食品饮料 | 交通运输 | 医药生物 | 房地产,True,0.0,交通运输,0.1256567035181946,0.1256567035181946,,,,TYPE_D_MINOR
2011-07-22,0.95,0.95,0.0,0.7877636988445937,0.7877636988445937,0.0,False,False,0.8938746635955374,0.8938746635955374,True,True,交通运输 | 商贸零售 | 医药生物 | 食品饮料 | 房地产,交通运输 | 商贸零售 | 医药生物 | 食品饮料 | 房地产,True,0.0,交通运输,0.1866616050354872,0.1866616050354872,,,,TYPE_D_MINOR
2011-07-29,0.95,0.95,0.0,0.7605719731077385,0.7605719731077385,0.0,False,False,0.8997114412498806,0.8997114412498806,True,True,商贸零售 | 食品饮料 | 医药生物 | 房地产 | 基础化工,商贸零售 | 食品饮料 | 医药生物 | 房地产 | 基础化工,True,0.0,交通运输,0.0472314310812239,0.0472314310812239,,,,TYPE_D_MINOR
2011-08-05,0.95,0.95,0.0,0.7474834057178914,0.7474834057178914,0.0,False,False,0.8941080097453092,0.8941080097453092,True,True,医药生物 | 商贸零售 | 食品饮料 | 农林牧渔 | 房地产,医药生物 | 商贸零售 | 食品饮料 | 农林牧渔 | 房地产,True,0.0,交通运输,0.0,0.0,,,,TYPE_D_MINOR
2011-08-12,0.95,0.95,0.0,0.7365753093076615,0.7365753093076615,0.0,False,False,0.8919762966201403,0.8919762966201403,True,True,医药生物 | 食品饮料 | 房地产 | 商贸零售 | 农林牧渔,医药生物 | 食品饮料 | 房地产 | 商贸零售 | 农林牧渔,True,0.0,交通运输,0.0,0.0,,,,TYPE_D_MINOR
2011-08-19,0.95,0.95,0.0,0.7475285517829131,0.7475285517829131,0.0,False,False,0.896893299100244,0.896893299100244,True,True,医药生物 | 食品饮料 | 房地产 | 农林牧渔 | 商贸零售,医药生物 | 食品饮料 | 房地产 | 农林牧渔 | 商贸零售,True,0.0,交通运输,0.0,0.0,,,,TYPE_D_MINOR
2011-08-26,0.95,0.95,0.0,0.7637651135681081,0.7637651135681081,0.0,False,False,0.9029254567193032,0.9029254567193032,True,True,医药生物 | 食品饮料 | 房地产 | 农林牧渔 | 商贸零售,医药生物 | 食品饮料 | 房地产 | 农林牧渔 | 商贸零售,True,0.0,交通运输,0.0,0.0,,,,TYPE_D_MINOR
2011-09-02,0.95,0.95,0.0,0.7696838940287575,0.7696838940287575,0.0,False,False,0.9052335743811754,0.9052335743811754,True,True,医药生物 | 食品饮料 | 房地产 | 农林牧渔 | 商贸零售,医药生物 | 食品饮料 | 房地产 | 农林牧渔 | 商贸零售,True,0.0,交通运输,0.0,0.0,,,,TYPE_D_MINOR
2011-09-09,0.95,0.95,0.0,0.7882789407201114,0.7882789407201114,0.0,False,False,0.9131384833776184,0.9131384833776184,True,True,医药生物 | 食品饮料 | 房地产 | 商贸零售 | 农林牧渔,医药生物 | 食品饮料 | 房地产 | 商贸零售 | 农林牧渔,True,0.0,交通运输,0.0,0.0,,,,TYPE_D_MINOR
2011-09-16,0.95,0.95,0.0,0.7880616780686645,0.7880616780686645,0.0,False,False,0.9147986061009266,0.9147986061009266,True,True,医药生物 | 食品饮料 | 房地产 | 商贸零售 | 农林牧渔,医药生物 | 食品饮料 | 房地产 | 商贸零售 | 农林牧渔,True,0.0,交通运输,0.0,0.0,,,,TYPE_D_MINOR
2011-09-23,0.95,0.95,0.0,0.8113670088298643,0.8113670088298643,0.0,False,False,0.930348527800928,0.930348527800928,True,True,医药生物 | 房地产 | 食品饮料 | 农林牧渔 | 商贸零售,医药生物 | 房地产 | 食品饮料 | 农林牧渔 | 商贸零售,True,0.0,交通运输,0.0,0.0,,,,TYPE_D_MINOR
2011-09-30,0.95,0.95,0.0,0.8164380892625074,0.8164380892625074,0.0,False,False,0.9289684385648788,0.9289684385648788,True,True,房地产 | 商贸零售 | 食品饮料 | 医药生物 | 农林牧渔,房地产 | 商贸零售 | 食品饮料 | 医药生物 | 农林牧渔,True,0.0,交通运输,0.0,0.0,,,,TYPE_D_MINOR
2011-10-14,0.95,0.95,0.0,0.8363862658003102,0.8363862658003102,0.0,False,False,0.9305964303427248,0.9305964303427248,True,True,商贸零售 | 食品饮料 | 房地产 | 医药生物 | 农林牧渔,商贸零售 | 食品饮料 | 房地产 | 医药生物 | 农林牧渔,True,0.0,交通运输,0.0,0.0,,,,TYPE_D_MINOR
2011-10-21,0.95,0.95,0.0,0.8653162667433743,0.8653162667433743,0.0,False,False,0.9371438473698532,0.9371438473698532,True,True,商贸零售 | 食品饮料 | 房地产 | 农林牧渔 | 家用电器,商贸零售 | 食品饮料 | 房地产 | 农林牧渔 | 家用电器,True,0.0,交通运输,0.0,0.0,,,,TYPE_D_MINOR
2011-10-28,0.95,0.95,0.0,0.8763794212382817,0.8763794212382817,0.0,False,False,0.9475247019738764,0.9475247019738764,True,True,商贸零售 | 食品饮料 | 房地产 | 农林牧渔 | 家用电器,商贸零售 | 食品饮料 | 房地产 | 农林牧渔 | 家用电器,True,0.0,交通运输,0.0,0.0,,,,TYPE_D_MINOR
2011-11-04,0.95,0.95,0.0,0.8875818323189766,0.8875818323189766,0.0,False,False,0.9398458187382892,0.9398458187382892,True,True,食品饮料 | 房地产 | 商贸零售 | 医药生物 | 农林牧渔,食品饮料 | 房地产 | 商贸零售 | 医药生物 | 农林牧渔,True,0.0,交通运输,0.0,0.0,,,,TYPE_D_MINOR
2011-11-11,0.95,0.95,0.0,0.8884117162597818,0.8884117162597818,0.0,False,False,0.9407322487226129,0.9407322487226129,True,True,食品饮料 | 房地产 | 商贸零售 | 医药生物 | 农林牧渔,食品饮料 | 房地产 | 商贸零售 | 医药生物 | 农林牧渔,True,0.0,交通运输,0.0,0.0,,,,TYPE_D_MINOR
2011-11-18,0.95,0.95,0.0,0.8860809188640184,0.8860809188640184,0.0,False,False,0.9477431338943522,0.9477431338943522,True,True,食品饮料 | 房地产 | 商贸零售 | 医药生物 | 农林牧渔,食品饮料 | 房地产 | 商贸零售 | 医药生物 | 农林牧渔,True,0.0,交通运输,0.0,0.0,,,,TYPE_D_MINOR
2011-11-25,0.95,0.95,0.0,0.8897158283429166,0.8897158283429166,0.0,False,False,0.9474394473311712,0.9474394473311712,True,True,房地产 | 食品饮料 | 医药生物 | 商贸零售 | 农林牧渔,房地产 | 食品饮料 | 医药生物 | 商贸零售 | 农林牧渔,True,0.0,交通运输,0.0,0.0,,,,TYPE_D_MINOR
2011-12-02,0.95,0.95,0.0,0.8841758601181438,0.8841758601181438,0.0,False,False,0.9525426736578833,0.9525426736578833,True,True,食品饮料 | 房地产 | 商贸零售 | 医药生物 | 农林牧渔,食品饮料 | 房地产 | 商贸零售 | 医药生物 | 农林牧渔,True,0.0,交通运输,0.0,0.0,,,,TYPE_D_MINOR
2011-12-09,0.95,0.95,0.0,0.9025615604265363,0.9025615604265363,0.0,False,False,0.9311347347667784,0.9311347347667784,True,True,食品饮料 | 医药生物 | 房地产 | 商贸零售 | 家用电器,食品饮料 | 医药生物 | 房地产 | 商贸零售 | 家用电器,True,0.0,交通运输,0.0,0.0,,,,TYPE_D_MINOR
2011-12-16,0.95,0.95,0.0,0.9036693509065592,0.9036693509065592,0.0,False,False,0.9309103274350526,0.9309103274350526,True,True,食品饮料 | 医药生物 | 房地产 | 商贸零售 | 家用电器,食品饮料 | 医药生物 | 房地产 | 商贸零售 | 家用电器,True,0.0,交通运输,0.0,0.0,,,,TYPE_D_MINOR
2011-12-23,0.95,0.95,0.0,0.9041128421751,0.9041128421751,0.0,False,False,0.9249817806876788,0.9249817806876788,True,True,食品饮料 | 医药生物 | 商贸零售 | 房地产 | 家用电器,食品饮料 | 医药生物 | 商贸零售 | 房地产 | 家用电器,True,0.0,交通运输,0.0,0.0,,,,TYPE_D_MINOR
2011-12-30,0.95,0.95,0.0,0.9025382101887875,0.9025382101887875,0.0,False,False,0.9301311611214544,0.9301311611214544,True,True,食品饮料 | 医药生物 | 房地产 | 商贸零售 | 家用电器,食品饮料 | 医药生物 | 房地产 | 商贸零售 | 家用电器,True,0.0,交通运输,0.0,0.0,,,,TYPE_D_MINOR
2012-01-06,0.95,0.95,0.0,0.8981063224571484,0.8981063224571484,0.0,False,False,0.9352043160069218,0.9352043160069218,True,True,医药生物 | 食品饮料 | 房地产 | 商贸零售 | 农林牧渔,医药生物 | 食品饮料 | 房地产 | 商贸零售 | 农林牧渔,True,0.0,交通运输,0.0,0.0,,,,TYPE_D_MINOR
2012-01-13,0.95,0.95,0.0,0.8971481985100676,0.8971481985100676,0.0,False,False,0.9463500548966864,0.9463500548966864,True,True,医药生物 | 商贸零售 | 食品饮料 | 房地产 | 农林牧渔,医药生物 | 商贸零售 | 食品饮料 | 房地产 | 农林牧渔,True,0.0,交通运输,0.0,0.0,,,,TYPE_D_MINOR
2012-01-20,0.95,0.95,0.0,0.9164204327455808,0.9164204327455808,0.0,False,False,0.9598402800238564,0.9598402800238564,True,True,医药生物 | 食品饮料 | 商贸零售 | 房地产 | 农林牧渔,医药生物 | 食品饮料 | 商贸零售 | 房地产 | 农林牧渔,True,0.0,交通运输,0.0,0.0,,,,TYPE_D_MINOR
2012-02-03,0.95,0.95,0.0,0.9158387270488458,0.9158387270488458,0.0,False,False,0.9578058244495656,0.9578058244495656,True,True,医药生物 | 商贸零售 | 食品饮料 | 房地产 | 农林牧渔,医药生物 | 商贸零售 | 食品饮料 | 房地产 | 农林牧渔,True,0.0,交通运输,0.0,0.0,,,,TYPE_D_MINOR
2012-02-10,0.95,0.95,0.0,0.9154588976681204,0.9154588976681204,0.0,False,False,0.9597064929007382,0.9597064929007382,True,True,医药生物 | 食品饮料 | 商贸零售 | 房地产 | 农林牧渔,医药生物 | 食品饮料 | 商贸零售 | 房地产 | 农林牧渔,True,0.0,交通运输,0.0,0.0,,,,TYPE_D_MINOR
2012-02-17,0.95,0.95,0.0,0.9150199418965216,0.9150199418965216,0.0,False,False,0.960022873469476,0.960022873469476,True,True,医药生物 | 食品饮料 | 商贸零售 | 房地产 | 农林牧渔,医药生物 | 食品饮料 | 商贸零售 | 房地产 | 农林牧渔,True,0.0,交通运输,0.0,0.0,,,,TYPE_D_MINOR
2012-02-24,0.95,0.95,0.0,0.9262710564980864,0.9262710564980864,0.0,False,False,0.958738626005071,0.958738626005071,True,True,医药生物 | 食品饮料 | 房地产 | 商贸零售 | 农林牧渔,医药生物 | 食品饮料 | 房地产 | 商贸零售 | 农林牧渔,True,0.0,交通运输,0.0,0.0,,,,TYPE_D_MINOR
2012-03-02,0.95,0.95,0.0,0.923835403006041,0.923835403006041,0.0,False,False,0.959043054140636,0.959043054140636,True,True,医药生物 | 食品饮料 | 房地产 | 农林牧渔 | 商贸零售,医药生物 | 食品饮料 | 房地产 | 农林牧渔 | 商贸零售,True,0.0,交通运输,0.0,0.0,,,,TYPE_D_MINOR
2012-03-09,0.95,0.95,0.0,0.934659593726546,0.934659593726546,0.0,False,False,0.957520288030996,0.957520288030996,True,True,医药生物 | 食品饮料 | 房地产 | 农林牧渔 | 家用电器,医药生物 | 食品饮料 | 房地产 | 农林牧渔 | 家用电器,True,0.0,交通运输,0.0,0.0,,,,TYPE_D_MINOR
2012-03-16,0.95,0.95,0.0,0.8959935734812581,0.8959935734812581,0.0,False,False,0.9509281190742588,0.9509281190742588,True,True,医药生物 | 房地产 | 食品饮料 | 农林牧渔 | 家用电器,医药生物 | 房地产 | 食品饮料 | 农林牧渔 | 家用电器,True,0.0,交通运输,0.0,0.0,,,,TYPE_D_MINOR
2012-03-23,0.95,0.95,0.0,0.8972011808424538,0.8972011808424538,0.0,False,False,0.9458751846385544,0.9458751846385544,True,True,医药生物 | 食品饮料 | 房地产 | 农林牧渔 | 家用电器,医药生物 | 食品饮料 | 房地产 | 农林牧渔 | 家用电器,True,0.0,交通运输,0.0,0.0,,,,TYPE_D_MINOR
2012-03-30,0.95,0.95,0.0,0.8438950716873244,0.8438950716873244,0.0,False,False,0.9299962507652576,0.9299962507652576,True,True,医药生物 | 房地产 | 食品饮料 | 农林牧渔 | 电子,医药生物 | 房地产 | 食品饮料 | 农林牧渔 | 电子,True,0.0,交通运输,0.0,0.0,,,,TYPE_D_MINOR
2012-04-06,0.95,0.95,0.0,0.8566110914810947,0.8566110914810947,0.0,False,False,0.9341103863794374,0.9341103863794374,True,True,医药生物 | 房地产 | 食品饮料 | 农林牧渔 | 电子,医药生物 | 房地产 | 食品饮料 | 农林牧渔 | 电子,True,0.0,交通运输,0.0,0.0,,,,TYPE_D_MINOR
2012-04-13,0.95,0.95,0.0,0.8508685755496982,0.8508685755496982,0.0,False,False,0.9358801266640524,0.9358801266640524,True,True,医药生物 | 房地产 | 食品饮料 | 农林牧渔 | 电子,医药生物 | 房地产 | 食品饮料 | 农林牧渔 | 电子,True,0.0,交通运输,0.0,0.0,,,,TYPE_D_MINOR
2012-04-20,0.95,0.95,0.0,0.8631316328133309,0.8631316328133309,0.0,False,False,0.9336080655367498,0.9336080655367498,True,True,医药生物 | 房地产 | 食品饮料 | 农林牧渔 | 商贸零售,医药生物 | 房地产 | 食品饮料 | 农林牧渔 | 商贸零售,True,0.0,交通运输,0.0,0.0,,,,TYPE_D_MINOR
2012-04-27,0.95,0.95,0.0,0.8629658411021814,0.8629658411021814,0.0,False,False,0.9277330982030236,0.9277330982030236,True,True,房地产 | 医药生物 | 食品饮料 | 农林牧渔 | 商贸零售,房地产 | 医药生物 | 食品饮料 | 农林牧渔 | 商贸零售,True,0.0,交通运输,0.0,0.0,,,,TYPE_D_MINOR
2012-05-04,0.95,0.95,0.0,0.853841858634144,0.853841858634144,0.0,False,False,0.9246851455181192,0.9246851455181192,True,True,房地产 | 食品饮料 | 农林牧渔 | 医药生物 | 商贸零售,房地产 | 食品饮料 | 农林牧渔 | 医药生物 | 商贸零售,True,0.0,交通运输,0.0,0.0,,,,TYPE_D_MINOR
2012-05-11,0.95,0.95,0.0,0.8515359203094681,0.8515359203094681,0.0,False,False,0.9236981912376712,0.9236981912376712,True,True,房地产 | 食品饮料 | 农林牧渔 | 医药生物 | 商贸零售,房地产 | 食品饮料 | 农林牧渔 | 医药生物 | 商贸零售,True,0.0,交通运输,0.0,0.0,,,,TYPE_D_MINOR
2012-05-18,0.95,0.95,0.0,0.8559072249550574,0.8559072249550574,0.0,False,False,0.927275589843733,0.927275589843733,True,True,房地产 | 食品饮料 | 农林牧渔 | 医药生物 | 商贸零售,房地产 | 食品饮料 | 农林牧渔 | 医药生物 | 商贸零售,True,0.0,交通运输,0.0,0.0,,,,TYPE_D_MINOR
2012-05-25,0.95,0.95,0.0,0.847184779039234,0.847184779039234,0.0,False,False,0.9281361499956028,0.9281361499956028,True,True,房地产 | 食品饮料 | 农林牧渔 | 医药生物 | 商贸零售,房地产 | 食品饮料 | 农林牧渔 | 医药生物 | 商贸零售,True,0.0,交通运输,0.0,0.0,,,,TYPE_D_MINOR
2012-06-01,0.95,0.95,0.0,0.8568857191277971,0.8568857191277971,0.0,False,False,0.9228004496354586,0.9228004496354586,True,True,房地产 | 食品饮料 | 农林牧渔 | 医药生物 | 电子,房地产 | 食品饮料 | 农林牧渔 | 医药生物 | 电子,True,0.0,交通运输,0.0,0.0,,,,TYPE_D_MINOR
2012-06-08,0.95,0.95,0.0,0.8532223048300973,0.8532223048300973,0.0,False,False,0.925046489261988,0.925046489261988,True,True,房地产 | 食品饮料 | 农林牧渔 | 医药生物 | 电子,房地产 | 食品饮料 | 农林牧渔 | 医药生物 | 电子,True,0.0,交通运输,0.0,0.0,,,,TYPE_D_MINOR
2012-06-15,0.95,0.95,0.0,0.8705555988493117,0.8705555988493117,0.0,False,False,0.9293533694595008,0.9293533694595008,True,True,房地产 | 食品饮料 | 农林牧渔 | 医药生物 | 电子,房地产 | 食品饮料 | 农林牧渔 | 医药生物 | 电子,True,0.0,交通运输,0.0,0.0,,,,TYPE_D_MINOR
2012-06-22,0.95,0.95,0.0,0.8760577840427453,0.8760577840427453,0.0,False,False,0.9301235916722712,0.9301235916722712,True,True,房地产 | 食品饮料 | 医药生物 | 农林牧渔 | 电子,房地产 | 食品饮料 | 医药生物 | 农林牧渔 | 电子,True,0.0,交通运输,0.0,0.0,,,,TYPE_D_MINOR
2012-06-29,0.95,0.95,0.0,0.8839616155093655,0.8839616155093655,0.0,False,False,0.9332813136556236,0.9332813136556236,True,True,房地产 | 食品饮料 | 农林牧渔 | 医药生物 | 社会服务,房地产 | 食品饮料 | 农林牧渔 | 医药生物 | 社会服务,True,0.0,交通运输,0.0,0.0,,,,TYPE_D_MINOR
2012-07-06,0.95,0.95,0.0,0.8467700680044861,0.8467700680044861,0.0,False,False,0.9258554707736356,0.9258554707736356,True,True,房地产 | 食品饮料 | 农林牧渔 | 纺织服饰 | 电子,房地产 | 食品饮料 | 农林牧渔 | 纺织服饰 | 电子,True,0.0,交通运输,0.0,0.0,,,,TYPE_D_MINOR
2012-07-13,0.95,0.95,0.0,0.8663678386777407,0.8663678386777407,0.0,False,False,0.9291507549126456,0.9291507549126456,True,True,房地产 | 食品饮料 | 电子 | 纺织服饰 | 农林牧渔,房地产 | 食品饮料 | 电子 | 纺织服饰 | 农林牧渔,True,0.0,交通运输,0.0,0.0,,,,TYPE_D_MINOR
2012-07-20,0.95,0.95,0.0,0.863895218380368,0.863895218380368,0.0,False,False,0.9346039633271672,0.9346039633271672,True,True,食品饮料 | 房地产 | 电子 | 纺织服饰 | 农林牧渔,食品饮料 | 房地产 | 电子 | 纺织服饰 | 农林牧渔,True,0.0,交通运输,0.0,0.0,,,,TYPE_D_MINOR
2012-07-27,0.95,0.95,0.0,0.8395455080680666,0.8395455080680666,0.0,False,False,0.9285459972394352,0.9285459972394352,True,True,食品饮料 | 房地产 | 电子 | 商贸零售 | 家用电器,食品饮料 | 房地产 | 电子 | 商贸零售 | 家用电器,True,0.0,交通运输,0.0,0.0,,,,TYPE_D_MINOR
2012-08-03,0.95,0.95,0.0,0.8265295638581504,0.8265295638581504,0.0,False,False,0.9218161521026956,0.9218161521026956,True,True,房地产 | 食品饮料 | 商贸零售 | 家用电器 | 电子,房地产 | 食品饮料 | 商贸零售 | 家用电器 | 电子,True,0.0,交通运输,0.0,0.0,,,,TYPE_D_MINOR
2012-08-10,0.95,0.95,0.0,0.8038299269265479,0.8038299269265479,0.0,False,False,0.9217102207892308,0.9217102207892308,True,True,房地产 | 食品饮料 | 商贸零售 | 家用电器 | 电子,房地产 | 食品饮料 | 商贸零售 | 家用电器 | 电子,True,0.0,交通运输,0.0,0.0,,,,TYPE_D_MINOR
2012-08-17,0.95,0.95,0.0,0.7959328940960635,0.7959328940960635,0.0,False,False,0.9235062457169336,0.9235062457169336,True,True,房地产 | 食品饮料 | 商贸零售 | 家用电器 | 电子,房地产 | 食品饮料 | 商贸零售 | 家用电器 | 电子,True,0.0,交通运输,0.0,0.0,,,,TYPE_D_MINOR
2012-08-24,0.95,0.95,0.0,0.8016828619030055,0.8016828619030055,0.0,False,False,0.919079123515593,0.919079123515593,True,True,房地产 | 食品饮料 | 商贸零售 | 家用电器 | 电子,房地产 | 食品饮料 | 商贸零售 | 家用电器 | 电子,True,0.0,交通运输,0.0,0.0,,,,TYPE_D_MINOR
2012-08-31,0.95,0.95,0.0,0.7799485217570666,0.7799485217570666,0.0,False,False,0.9137167672865344,0.9137167672865344,True,True,房地产 | 食品饮料 | 商贸零售 | 电子 | 家用电器,房地产 | 食品饮料 | 商贸零售 | 电子 | 家用电器,True,0.0,交通运输,0.0,0.0,,,,TYPE_D_MINOR
2012-09-07,0.95,0.95,0.0,0.8218509255424389,0.8218509255424389,0.0,False,False,0.9245296133144324,0.9245296133144324,True,True,房地产 | 食品饮料 | 商贸零售 | 交通运输 | 电子,房地产 | 食品饮料 | 商贸零售 | 交通运输 | 电子,True,0.0,交通运输,0.0740728502317706,0.0740728502317706,,,,TYPE_D_MINOR
2012-09-14,0.95,0.95,0.0,0.8185216683298324,0.8185216683298324,0.0,False,False,0.9268792834186113,0.9268792834186113,True,True,房地产 | 食品饮料 | 商贸零售 | 家用电器 | 电子,房地产 | 食品饮料 | 商贸零售 | 家用电器 | 电子,True,0.0,交通运输,0.0390389164122514,0.0390389164122514,,,,TYPE_D_MINOR
2012-09-21,0.95,0.95,0.0,0.840608590625151,0.840608590625151,0.0,False,False,0.931860989332766,0.931860989332766,True,True,房地产 | 食品饮料 | 商贸零售 | 交通运输 | 家用电器,房地产 | 食品饮料 | 商贸零售 | 交通运输 | 家用电器,True,0.0,交通运输,0.066051100919168,0.066051100919168,,,,TYPE_D_MINOR
2012-09-28,0.95,0.95,0.0,0.8234696050197581,0.8234696050197581,0.0,False,False,0.9387664526755052,0.9387664526755052,True,True,房地产 | 食品饮料 | 商贸零售 | 有色金属 | 家用电器,房地产 | 食品饮料 | 商贸零售 | 有色金属 | 家用电器,True,0.0,交通运输,0.0255862776710417,0.0255862776710417,,,,TYPE_D_MINOR
2012-10-12,0.95,0.95,0.0,0.8566973169062726,0.8566973169062726,0.0,False,False,0.9379877260383286,0.9379877260383286,True,True,房地产 | 食品饮料 | 商贸零售 | 家用电器 | 有色金属,房地产 | 食品饮料 | 商贸零售 | 家用电器 | 有色金属,True,0.0,交通运输,0.0327075358004245,0.0327075358004245,,,,TYPE_D_MINOR
2012-10-19,0.95,0.95,0.0,0.855786368611208,0.855786368611208,0.0,False,False,0.9360410911045572,0.9360410911045572,True,True,房地产 | 食品饮料 | 商贸零售 | 家用电器 | 有色金属,房地产 | 食品饮料 | 商贸零售 | 家用电器 | 有色金属,True,0.0,交通运输,0.0224429414468317,0.0224429414468317,,,,TYPE_D_MINOR
2012-10-26,0.95,0.95,0.0,0.8657088223262018,0.8657088223262018,0.0,False,False,0.9207434838259364,0.9207434838259364,True,True,房地产 | 商贸零售 | 食品饮料 | 医药生物 | 家用电器,房地产 | 商贸零售 | 食品饮料 | 医药生物 | 家用电器,True,0.0,交通运输,0.0,0.0,,,,TYPE_D_MINOR
2012-11-02,0.95,0.95,0.0,0.8688462290303872,0.8688462290303872,0.0,False,False,0.92180378747327,0.92180378747327,True,True,商贸零售 | 房地产 | 食品饮料 | 家用电器 | 医药生物,商贸零售 | 房地产 | 食品饮料 | 家用电器 | 医药生物,True,0.0,交通运输,0.0,0.0,,,,TYPE_D_MINOR
2012-11-09,0.95,0.95,0.0,0.8654279316288884,0.8654279316288884,0.0,False,False,0.9232214176927308,0.9232214176927308,True,True,商贸零售 | 食品饮料 | 房地产 | 家用电器 | 有色金属,商贸零售 | 食品饮料 | 房地产 | 家用电器 | 有色金属,True,0.0,交通运输,0.0,0.0,,,,TYPE_D_MINOR
2012-11-16,0.95,0.95,0.0,0.8771924443496985,0.8771924443496985,0.0,False,False,0.9171196353433932,0.9171196353433932,True,True,商贸零售 | 食品饮料 | 房地产 | 家用电器 | 有色金属,商贸零售 | 食品饮料 | 房地产 | 家用电器 | 有色金属,True,0.0,交通运输,0.0,0.0,,,,TYPE_D_MINOR
2012-11-23,0.95,0.95,0.0,0.8729926616442616,0.8729926616442616,0.0,False,False,0.914256560559706,0.914256560559706,True,True,商贸零售 | 食品饮料 | 房地产 | 家用电器 | 医药生物,商贸零售 | 食品饮料 | 房地产 | 家用电器 | 医药生物,True,0.0,交通运输,0.0,0.0,,,,TYPE_D_MINOR
2012-11-30,0.95,0.95,0.0,0.8584170997018448,0.8584170997018448,0.0,False,False,0.9187842976026565,0.9187842976026565,True,True,商贸零售 | 食品饮料 | 房地产 | 家用电器 | 有色金属,商贸零售 | 食品饮料 | 房地产 | 家用电器 | 有色金属,True,0.0,交通运输,0.0,0.0,,,,TYPE_D_MINOR
2012-12-07,0.95,0.95,0.0,0.8587892759921656,0.8587892759921656,0.0,False,False,0.9287634627362208,0.9287634627362208,True,True,商贸零售 | 食品饮料 | 房地产 | 医药生物 | 家用电器,商贸零售 | 食品饮料 | 房地产 | 医药生物 | 家用电器,True,0.0,交通运输,0.0,0.0,,,,TYPE_D_MINOR
2012-12-14,0.95,0.95,0.0,0.8707362157171171,0.8707362157171171,0.0,False,False,0.9392727554261108,0.9392727554261108,True,True,商贸零售 | 食品饮料 | 房地产 | 家用电器 | 医药生物,商贸零售 | 食品饮料 | 房地产 | 家用电器 | 医药生物,True,0.0,交通运输,0.0,0.0,,,,TYPE_D_MINOR
2012-12-21,0.95,0.95,0.0,0.8873165113229986,0.8873165113229986,0.0,False,False,0.9289869880372889,0.9289869880372889,True,True,商贸零售 | 房地产 | 食品饮料 | 医药生物 | 家用电器,商贸零售 | 房地产 | 食品饮料 | 医药生物 | 家用电器,True,0.0,交通运输,0.0,0.0,,,,TYPE_D_MINOR
2012-12-28,0.95,0.95,0.0,0.8899424836756128,0.8899424836756128,0.0,False,False,0.9338249223039726,0.9338249223039726,True,True,商贸零售 | 房地产 | 食品饮料 | 医药生物 | 家用电器,商贸零售 | 房地产 | 食品饮料 | 医药生物 | 家用电器,True,0.0,交通运输,0.0,0.0,,,,TYPE_D_MINOR
2013-01-04,0.95,0.95,0.0,0.9118092514308124,0.9118092514308124,0.0,False,False,0.9197429259340836,0.9197429259340836,True,True,商贸零售 | 房地产 | 医药生物 | 食品饮料 | 纺织服饰,商贸零售 | 房地产 | 医药生物 | 食品饮料 | 纺织服饰,True,0.0,交通运输,0.0,0.0,,,,TYPE_D_MINOR
2013-01-11,0.95,0.95,0.0,0.9026858345846808,0.9026858345846808,0.0,False,False,0.918527656755016,0.918527656755016,True,True,商贸零售 | 房地产 | 食品饮料 | 医药生物 | 家用电器,商贸零售 | 房地产 | 食品饮料 | 医药生物 | 家用电器,True,0.0,交通运输,0.0,0.0,,,,TYPE_D_MINOR
2013-01-18,0.95,0.95,0.0,0.9263866440851498,0.9263866440851498,0.0,False,False,0.9266358036066604,0.9266358036066604,True,True,房地产 | 食品饮料 | 商贸零售 | 医药生物 | 家用电器,房地产 | 食品饮料 | 商贸零售 | 医药生物 | 家用电器,True,0.0,交通运输,0.0,0.0,,,,TYPE_D_MINOR
2013-01-25,0.95,0.95,0.0,0.9372192860949724,0.9372192860949724,0.0,False,False,0.9255884841328376,0.9255884841328376,True,True,医药生物 | 房地产 | 商贸零售 | 食品饮料 | 家用电器,医药生物 | 房地产 | 商贸零售 | 食品饮料 | 家用电器,True,0.0,交通运输,0.0,0.0,,,,TYPE_D_MINOR
2013-02-01,0.95,0.95,0.0,0.9499999999999998,0.9499999999999998,0.0,True,True,0.9239309774549996,0.9239309774549996,True,True,商贸零售 | 医药生物 | 食品饮料 | 房地产 | 家用电器,商贸零售 | 医药生物 | 食品饮料 | 房地产 | 家用电器,True,0.0,交通运输,0.0,0.0,,,,TYPE_D_MINOR
2013-02-08,0.95,0.95,0.0,0.9499999999999996,0.9499999999999996,0.0,True,True,0.9251711497801688,0.9251711497801688,True,True,商贸零售 | 医药生物 | 食品饮料 | 房地产 | 家用电器,商贸零售 | 医药生物 | 食品饮料 | 房地产 | 家用电器,True,0.0,交通运输,0.0,0.0,,,,TYPE_D_MINOR
2013-02-22,0.95,0.95,0.0,0.9499999999999998,0.9499999999999998,0.0,True,True,0.9242213839586572,0.9242213839586572,True,True,商贸零售 | 医药生物 | 家用电器 | 房地产 | 食品饮料,商贸零售 | 医药生物 | 家用电器 | 房地产 | 食品饮料,True,0.0,交通运输,0.0,0.0,,,,TYPE_D_MINOR
2013-03-01,0.95,0.95,0.0,0.95,0.95,0.0,True,True,0.9287234951913024,0.9287234951913024,True,True,商贸零售 | 医药生物 | 家用电器 | 房地产 | 食品饮料,商贸零售 | 医药生物 | 家用电器 | 房地产 | 食品饮料,True,0.0,交通运输,0.0,0.0,,,,TYPE_D_MINOR
2013-03-08,0.95,0.95,0.0,0.95,0.95,0.0,True,True,0.9371876801690332,0.9371876801690332,True,True,医药生物 | 商贸零售 | 房地产 | 家用电器 | 食品饮料,医药生物 | 商贸零售 | 房地产 | 家用电器 | 食品饮料,True,0.0,交通运输,0.0,0.0,,,,TYPE_D_MINOR
2013-03-15,0.95,0.95,0.0,0.942085366919166,0.942085366919166,0.0,False,False,0.9316301313793356,0.9316301313793356,True,True,医药生物 | 商贸零售 | 房地产 | 家用电器 | 食品饮料,医药生物 | 商贸零售 | 房地产 | 家用电器 | 食品饮料,True,0.0,交通运输,0.0,0.0,,,,TYPE_D_MINOR
2013-03-22,0.95,0.95,0.0,0.9466147291903207,0.9466147291903207,0.0,False,False,0.931360958865898,0.931360958865898,True,True,医药生物 | 房地产 | 商贸零售 | 家用电器 | 公用事业,医药生物 | 房地产 | 商贸零售 | 家用电器 | 公用事业,True,0.0,交通运输,0.0,0.0,,,,TYPE_D_MINOR
2013-03-29,0.95,0.95,0.0,0.9421761326538568,0.9421761326538568,0.0,False,False,0.9237821452595856,0.9237821452595856,True,True,医药生物 | 房地产 | 家用电器 | 商贸零售 | 食品饮料,医药生物 | 房地产 | 家用电器 | 商贸零售 | 食品饮料,True,0.0,交通运输,0.0,0.0,,,,TYPE_D_MINOR
2013-04-05,0.95,0.95,0.0,0.9419569949659374,0.9419569949659374,0.0,False,False,0.92444543963213,0.92444543963213,True,True,医药生物 | 房地产 | 家用电器 | 商贸零售 | 食品饮料,医药生物 | 房地产 | 家用电器 | 商贸零售 | 食品饮料,True,0.0,交通运输,0.0,0.0,,,,TYPE_D_MINOR
2013-04-12,0.95,0.95,0.0,0.9231005068731256,0.9231005068731256,0.0,False,False,0.908397034872247,0.908397034872247,True,True,房地产 | 医药生物 | 社会服务 | 基础化工 | 商贸零售,房地产 | 医药生物 | 社会服务 | 基础化工 | 商贸零售,True,0.0,交通运输,0.0,0.0,,,,TYPE_D_MINOR
2013-04-19,0.95,0.95,0.0,0.9377109340291002,0.9377109340291002,0.0,False,False,0.910684030225942,0.910684030225942,True,True,医药生物 | 房地产 | 社会服务 | 家用电器 | 食品饮料,医药生物 | 房地产 | 社会服务 | 家用电器 | 食品饮料,True,0.0,交通运输,0.0,0.0,,,,TYPE_D_MINOR
2013-04-26,0.95,0.95,0.0,0.9341150145392484,0.9341150145392484,0.0,False,False,0.9140622344178104,0.9140622344178104,True,True,医药生物 | 房地产 | 基础化工 | 社会服务 | 商贸零售,医药生物 | 房地产 | 基础化工 | 社会服务 | 商贸零售,True,0.0,交通运输,0.0,0.0,,,,TYPE_D_MINOR
2013-05-03,0.95,0.95,0.0,0.9367604008495588,0.9367604008495588,0.0,False,False,0.9144661004783052,0.9144661004783052,True,True,医药生物 | 房地产 | 社会服务 | 基础化工 | 家用电器,医药生物 | 房地产 | 社会服务 | 基础化工 | 家用电器,True,0.0,交通运输,0.0159720492964879,0.0159720492964879,,,,TYPE_D_MINOR
2013-05-10,0.95,0.95,0.0,0.949556113442912,0.949556113442912,0.0,False,False,0.910092370235026,0.910092370235026,True,True,医药生物 | 商贸零售 | 房地产 | 社会服务 | 家用电器,医药生物 | 商贸零售 | 房地产 | 社会服务 | 家用电器,True,0.0,交通运输,0.0,0.0,,,,TYPE_D_MINOR
2013-05-17,0.95,0.95,0.0,0.9500000000000002,0.9500000000000002,0.0,True,True,0.913560488841298,0.913560488841298,True,True,医药生物 | 房地产 | 商贸零售 | 社会服务 | 家用电器,医药生物 | 房地产 | 商贸零售 | 社会服务 | 家用电器,True,0.0,交通运输,0.0,0.0,,,,TYPE_D_MINOR
2013-05-24,0.95,0.95,0.0,0.9472159623465048,0.9472159623465048,0.0,False,False,0.9104581733407636,0.9104581733407636,True,True,房地产 | 家用电器 | 社会服务 | 基础化工 | 医药生物,房地产 | 家用电器 | 社会服务 | 基础化工 | 医药生物,True,0.0,交通运输,0.0,0.0,,,,TYPE_D_MINOR
2013-05-31,0.95,0.95,0.0,0.95,0.95,0.0,True,True,0.9033136195472972,0.9033136195472972,True,True,家用电器 | 房地产 | 食品饮料 | 医药生物 | 社会服务,家用电器 | 房地产 | 食品饮料 | 医药生物 | 社会服务,True,0.0,交通运输,0.0,0.0,,,,TYPE_D_MINOR
2013-06-07,0.95,0.95,0.0,0.9148449981029424,0.9148449981029424,0.0,False,False,0.9060766998848588,0.9060766998848588,True,True,房地产 | 基础化工 | 家用电器 | 食品饮料 | 医药生物,房地产 | 基础化工 | 家用电器 | 食品饮料 | 医药生物,True,0.0,交通运输,0.0,0.0,,,,TYPE_D_MINOR
2013-06-14,0.95,0.95,0.0,0.9164619308363716,0.9164619308363716,0.0,False,False,0.9038133331089916,0.9038133331089916,True,True,房地产 | 电子 | 家用电器 | 社会服务 | 医药生物,房地产 | 电子 | 家用电器 | 社会服务 | 医药生物,True,0.0,交通运输,0.0,0.0,,,,TYPE_D_MINOR
2013-06-21,0.95,0.95,0.0,0.9208639918693438,0.9208639918693438,0.0,False,False,0.9082685911653818,0.9082685911653818,True,True,商贸零售 | 房地产 | 电子 | 社会服务 | 医药生物,商贸零售 | 房地产 | 电子 | 社会服务 | 医药生物,True,0.0,交通运输,0.0,0.0,,,,TYPE_D_MINOR
2013-06-28,0.95,0.95,0.0,0.9042328175182096,0.9042328175182096,0.0,False,False,0.9197135559617204,0.9197135559617204,True,True,房地产 | 电子 | 社会服务 | 家用电器 | 医药生物,房地产 | 电子 | 社会服务 | 家用电器 | 医药生物,True,0.0,交通运输,0.0,0.0,,,,TYPE_D_MINOR
2013-07-05,0.95,0.95,0.0,0.915760484133068,0.915760484133068,0.0,False,False,0.9222810748405325,0.9222810748405325,True,True,房地产 | 电子 | 社会服务 | 家用电器 | 医药生物,房地产 | 电子 | 社会服务 | 家用电器 | 医药生物,True,0.0,交通运输,0.0,0.0,,,,TYPE_D_MINOR
2013-07-12,0.95,0.95,0.0,0.8938943379335271,0.8938943379335271,0.0,False,False,0.927083730713793,0.927083730713793,True,True,房地产 | 电子 | 社会服务 | 医药生物 | 家用电器,房地产 | 电子 | 社会服务 | 医药生物 | 家用电器,True,0.0,交通运输,0.0,0.0,,,,TYPE_D_MINOR
2013-07-19,0.95,0.95,0.0,0.9084779235760228,0.9084779235760228,0.0,False,False,0.9150323317690088,0.9150323317690088,True,True,商贸零售 | 房地产 | 电子 | 医药生物 | 社会服务,商贸零售 | 房地产 | 电子 | 医药生物 | 社会服务,True,0.0,交通运输,0.0,0.0,,,,TYPE_D_MINOR
2013-07-26,0.95,0.95,0.0,0.9080283876679264,0.9080283876679264,0.0,False,False,0.9205763279585462,0.9205763279585462,True,True,商贸零售 | 房地产 | 电子 | 医药生物 | 社会服务,商贸零售 | 房地产 | 电子 | 医药生物 | 社会服务,True,0.0,交通运输,0.0,0.0,,,,TYPE_D_MINOR
2013-08-02,0.95,0.95,0.0,0.9157443485236398,0.9157443485236398,0.0,False,False,0.9109128953285924,0.9109128953285924,True,True,商贸零售 | 电子 | 房地产 | 医药生物 | 社会服务,商贸零售 | 电子 | 房地产 | 医药生物 | 社会服务,True,0.0,交通运输,0.0,0.0,,,,TYPE_D_MINOR
2013-08-09,0.95,0.95,0.0,0.8968221404264736,0.8968221404264736,0.0,False,False,0.8868401189389891,0.8868401189389891,True,True,房地产 | 电子 | 医药生物 | 食品饮料 | 社会服务,房地产 | 电子 | 医药生物 | 食品饮料 | 社会服务,True,0.0,交通运输,0.0,0.0,,,,TYPE_D_MINOR
2013-08-16,0.95,0.95,0.0,0.8925004873695023,0.8925004873695023,0.0,False,False,0.8916162091510791,0.8916162091510791,True,True,房地产 | 电子 | 医药生物 | 社会服务 | 食品饮料,房地产 | 电子 | 医药生物 | 社会服务 | 食品饮料,True,0.0,交通运输,0.0,0.0,,,,TYPE_D_MINOR
2013-08-23,0.95,0.95,0.0,0.9151722312064248,0.9151722312064248,0.0,False,False,0.8894315011501837,0.8894315011501837,True,True,房地产 | 电子 | 医药生物 | 食品饮料 | 社会服务,房地产 | 电子 | 医药生物 | 食品饮料 | 社会服务,True,0.0,交通运输,0.0,0.0,,,,TYPE_D_MINOR
2013-08-30,0.95,0.95,0.0,0.9092771040317884,0.9092771040317884,0.0,False,False,0.8868854902081942,0.8868854902081942,True,True,房地产 | 电子 | 医药生物 | 食品饮料 | 公用事业,房地产 | 电子 | 医药生物 | 食品饮料 | 公用事业,True,0.0,交通运输,0.0,0.0,,,,TYPE_D_MINOR
2013-09-06,0.95,0.95,0.0,0.9132210414694796,0.9132210414694796,0.0,False,False,0.8833342674449207,0.8833342674449207,True,True,电子 | 房地产 | 医药生物 | 食品饮料 | 公用事业,电子 | 房地产 | 医药生物 | 食品饮料 | 公用事业,True,0.0,交通运输,0.0,0.0,,,,TYPE_D_MINOR
2013-09-13,0.95,0.95,0.0,0.9302033337720004,0.9302033337720004,0.0,False,False,0.8612808396820648,0.8612808396820648,True,True,医药生物 | 房地产 | 电子 | 食品饮料 | 家用电器,医药生物 | 房地产 | 电子 | 食品饮料 | 家用电器,True,0.0,交通运输,0.0,0.0,,,,TYPE_D_MINOR
2013-09-20,0.95,0.95,0.0,0.9400322329259644,0.9400322329259644,0.0,False,False,0.8640339856285992,0.8640339856285992,True,True,房地产 | 医药生物 | 电子 | 食品饮料 | 农林牧渔,房地产 | 医药生物 | 电子 | 食品饮料 | 农林牧渔,True,0.0,交通运输,0.0,0.0,,,,TYPE_D_MINOR
2013-09-27,0.95,0.95,0.0,0.95,0.95,0.0,True,True,0.8531562063946858,0.8531562063946858,True,True,家用电器 | 电子 | 房地产 | 食品饮料 | 农林牧渔,家用电器 | 电子 | 房地产 | 食品饮料 | 农林牧渔,True,0.0,交通运输,0.0,0.0,,,,TYPE_D_MINOR
2013-10-04,0.95,0.95,0.0,0.95,0.95,0.0,True,True,0.8550029140104528,0.8550029140104528,True,True,家用电器 | 电子 | 房地产 | 食品饮料 | 农林牧渔,家用电器 | 电子 | 房地产 | 食品饮料 | 农林牧渔,True,0.0,交通运输,0.0,0.0,,,,TYPE_D_MINOR
2013-10-11,0.95,0.95,0.0,0.9499999999999998,0.9499999999999998,0.0,True,True,0.8493515902825999,0.8493515902825999,True,True,电子 | 家用电器 | 房地产 | 纺织服饰 | 医药生物,电子 | 家用电器 | 房地产 | 纺织服饰 | 医药生物,True,0.0,交通运输,0.0,0.0,,,,TYPE_D_MINOR
2013-10-18,0.95,0.95,0.0,0.95,0.95,0.0,True,True,0.8608243964567026,0.8608243964567026,True,True,电子 | 家用电器 | 房地产 | 农林牧渔 | 医药生物,电子 | 家用电器 | 房地产 | 农林牧渔 | 医药生物,True,0.0,交通运输,0.0,0.0,,,,TYPE_D_MINOR
2013-10-25,0.95,0.95,0.0,0.95,0.95,0.0,True,True,0.8633175793276098,0.8633175793276098,True,True,电子 | 家用电器 | 房地产 | 商贸零售 | 食品饮料,电子 | 家用电器 | 房地产 | 商贸零售 | 食品饮料,True,0.0,交通运输,0.0,0.0,,,,TYPE_D_MINOR
2013-11-01,0.95,0.95,0.0,0.9500000000000004,0.9500000000000004,0.0,True,True,0.8592772962175369,0.8592772962175369,True,True,电子 | 房地产 | 家用电器 | 食品饮料 | 商贸零售,电子 | 房地产 | 家用电器 | 食品饮料 | 商贸零售,True,0.0,交通运输,0.0,0.0,,,,TYPE_D_MINOR
2013-11-08,0.95,0.95,0.0,0.95,0.95,0.0,True,True,0.8639226773543063,0.8639226773543063,True,True,房地产 | 电子 | 家用电器 | 医药生物 | 商贸零售,房地产 | 电子 | 家用电器 | 医药生物 | 商贸零售,True,0.0,交通运输,0.0,0.0,,,,TYPE_D_MINOR
2013-11-15,0.95,0.95,0.0,0.95,0.95,0.0,True,True,0.8725752510122081,0.8725752510122081,True,True,房地产 | 电子 | 家用电器 | 商贸零售 | 医药生物,房地产 | 电子 | 家用电器 | 商贸零售 | 医药生物,True,0.0,交通运输,0.0,0.0,,,,TYPE_D_MINOR
2013-11-22,0.95,0.95,0.0,0.9499999999999998,0.9499999999999998,0.0,True,True,0.8761834722196974,0.8761834722196974,True,True,房地产 | 电子 | 商贸零售 | 家用电器 | 医药生物,房地产 | 电子 | 商贸零售 | 家用电器 | 医药生物,True,0.0,交通运输,0.0,0.0,,,,TYPE_D_MINOR
2013-11-29,0.95,0.95,0.0,0.95,0.95,0.0,True,True,0.8710257420848999,0.8710257420848999,True,True,房地产 | 电子 | 商贸零售 | 医药生物 | 食品饮料,房地产 | 电子 | 商贸零售 | 医药生物 | 食品饮料,True,0.0,交通运输,0.0,0.0,,,,TYPE_D_MINOR
2013-12-06,0.95,0.95,0.0,0.95,0.95,0.0,True,True,0.8892537185723094,0.8892537185723094,True,True,房地产 | 电子 | 商贸零售 | 食品饮料 | 医药生物,房地产 | 电子 | 商贸零售 | 食品饮料 | 医药生物,True,0.0,交通运输,0.0,0.0,,,,TYPE_D_MINOR
2013-12-13,0.95,0.95,0.0,0.95,0.95,0.0,True,True,0.889729036096662,0.889729036096662,True,True,房地产 | 电子 | 商贸零售 | 食品饮料 | 家用电器,房地产 | 电子 | 商贸零售 | 食品饮料 | 家用电器,True,0.0,交通运输,0.0,0.0,,,,TYPE_D_MINOR
2013-12-20,0.95,0.95,0.0,0.95,0.95,0.0,True,True,0.8922514715386645,0.8922514715386645,True,True,房地产 | 电子 | 商贸零售 | 食品饮料 | 家用电器,房地产 | 电子 | 商贸零售 | 食品饮料 | 家用电器,True,0.0,交通运输,0.0,0.0,,,,TYPE_D_MINOR
2013-12-27,0.95,0.95,0.0,0.95,0.95,0.0,True,True,0.8886071231159349,0.8886071231159349,True,True,房地产 | 电子 | 医药生物 | 商贸零售 | 家用电器,房地产 | 电子 | 医药生物 | 商贸零售 | 家用电器,True,0.0,交通运输,0.0,0.0,,,,TYPE_D_MINOR
2014-01-03,0.95,0.95,0.0,0.9499999999999998,0.9499999999999998,0.0,True,True,0.8797676822707695,0.8797676822707695,True,True,电子 | 房地产 | 商贸零售 | 医药生物 | 食品饮料,电子 | 房地产 | 商贸零售 | 医药生物 | 食品饮料,True,0.0,交通运输,0.0,0.0,,,,TYPE_D_MINOR
2014-01-10,0.95,0.95,0.0,0.9500000000000002,0.9500000000000002,0.0,True,True,0.8915846226278278,0.8915846226278278,True,True,电子 | 房地产 | 商贸零售 | 医药生物 | 食品饮料,电子 | 房地产 | 商贸零售 | 医药生物 | 食品饮料,True,0.0,交通运输,0.0,0.0,,,,TYPE_D_MINOR
2014-01-17,0.95,0.95,0.0,0.95,0.95,0.0,True,True,0.8916213935791197,0.8916213935791197,True,True,电子 | 房地产 | 商贸零售 | 医药生物 | 食品饮料,电子 | 房地产 | 商贸零售 | 医药生物 | 食品饮料,True,0.0,交通运输,0.0,0.0,,,,TYPE_D_MINOR
2014-01-24,0.95,0.95,0.0,0.95,0.95,0.0,True,True,0.8969210285901262,0.8969210285901262,True,True,电子 | 房地产 | 食品饮料 | 医药生物 | 商贸零售,电子 | 房地产 | 食品饮料 | 医药生物 | 商贸零售,True,0.0,交通运输,0.0,0.0,,,,TYPE_D_MINOR
2014-01-31,0.95,0.95,0.0,0.95,0.95,0.0,True,True,0.8829711822016423,0.8829711822016423,True,True,医药生物 | 房地产 | 电子 | 商贸零售 | 公用事业,医药生物 | 房地产 | 电子 | 商贸零售 | 公用事业,True,0.0,交通运输,0.0,0.0,,,,TYPE_D_MINOR
2014-02-07,0.95,0.95,0.0,0.95,0.95,0.0,True,True,0.881849763448992,0.881849763448992,True,True,医药生物 | 房地产 | 商贸零售 | 公用事业 | 电子,医药生物 | 房地产 | 商贸零售 | 公用事业 | 电子,True,0.0,交通运输,0.0,0.0,,,,TYPE_D_MINOR
2014-02-14,0.95,0.95,0.0,0.95,0.95,0.0,True,True,0.8970109641097106,0.8970109641097106,True,True,医药生物 | 房地产 | 商贸零售 | 电子 | 公用事业,医药生物 | 房地产 | 商贸零售 | 电子 | 公用事业,True,0.0,交通运输,0.0,0.0,,,,TYPE_D_MINOR
2014-02-21,0.95,0.95,0.0,0.95,0.95,0.0,True,True,0.885225789932353,0.885225789932353,True,True,医药生物 | 房地产 | 商贸零售 | 公用事业 | 电子,医药生物 | 房地产 | 商贸零售 | 公用事业 | 电子,True,0.0,交通运输,0.0,0.0,,,,TYPE_D_MINOR
2014-02-28,0.95,0.95,0.0,0.95,0.95,0.0,True,True,0.9026103425216666,0.9026103425216666,True,True,房地产 | 医药生物 | 商贸零售 | 电子 | 食品饮料,房地产 | 医药生物 | 商贸零售 | 电子 | 食品饮料,True,0.0,交通运输,0.0,0.0,,,,TYPE_D_MINOR
2014-03-07,0.95,0.95,0.0,0.95,0.95,0.0,True,True,0.8978469315666029,0.8978469315666029,True,True,房地产 | 医药生物 | 商贸零售 | 电子 | 有色金属,房地产 | 医药生物 | 商贸零售 | 电子 | 有色金属,True,0.0,交通运输,0.0,0.0,,,,TYPE_D_MINOR
2014-03-14,0.95,0.95,0.0,0.95,0.95,0.0,True,True,0.9014938945368084,0.9014938945368084,True,True,房地产 | 医药生物 | 商贸零售 | 电子 | 有色金属,房地产 | 医药生物 | 商贸零售 | 电子 | 有色金属,True,0.0,交通运输,0.0,0.0,,,,TYPE_D_MINOR
2014-03-21,0.95,0.95,0.0,0.9479047213558496,0.9479047213558496,0.0,False,False,0.9073285057117538,0.9073285057117538,True,True,房地产 | 医药生物 | 商贸零售 | 公用事业 | 食品饮料,房地产 | 医药生物 | 商贸零售 | 公用事业 | 食品饮料,True,0.0,交通运输,0.0,0.0,,,,TYPE_D_MINOR
2014-03-28,0.95,0.95,0.0,0.95,0.95,0.0,True,True,0.901556302356346,0.901556302356346,True,True,医药生物 | 房地产 | 食品饮料 | 有色金属 | 电子,医药生物 | 房地产 | 食品饮料 | 有色金属 | 电子,True,0.0,交通运输,0.0,0.0,,,,TYPE_D_MINOR
2014-04-04,0.95,0.95,0.0,0.95,0.95,0.0,True,True,0.902000242351048,0.902000242351048,True,True,医药生物 | 房地产 | 食品饮料 | 家用电器 | 有色金属,医药生物 | 房地产 | 食品饮料 | 家用电器 | 有色金属,True,0.0,交通运输,0.0,0.0,,,,TYPE_D_MINOR
2014-04-11,0.95,0.95,0.0,0.9448039730165648,0.9448039730165648,0.0,False,False,0.8991710270810677,0.8991710270810677,True,True,医药生物 | 房地产 | 有色金属 | 食品饮料 | 电子,医药生物 | 房地产 | 有色金属 | 食品饮料 | 电子,True,0.0,交通运输,0.0,0.0,,,,TYPE_D_MINOR
2014-04-18,0.95,0.95,0.0,0.9497473007812058,0.9497473007812058,0.0,False,False,0.8981608944673656,0.8981608944673656,True,True,医药生物 | 房地产 | 有色金属 | 食品饮料 | 电子,医药生物 | 房地产 | 有色金属 | 食品饮料 | 电子,True,0.0,交通运输,0.0,0.0,,,,TYPE_D_MINOR
2014-04-25,0.95,0.95,0.0,0.9384638703451506,0.9384638703451506,0.0,False,False,0.9025373231383412,0.9025373231383412,True,True,医药生物 | 房地产 | 有色金属 | 电子 | 食品饮料,医药生物 | 房地产 | 有色金属 | 电子 | 食品饮料,True,0.0,交通运输,0.0,0.0,,,,TYPE_D_MINOR
2014-05-02,0.95,0.95,0.0,0.9176079116704466,0.9176079116704466,0.0,False,False,0.9045650565982556,0.9045650565982556,True,True,医药生物 | 房地产 | 有色金属 | 电子 | 食品饮料,医药生物 | 房地产 | 有色金属 | 电子 | 食品饮料,True,0.0,交通运输,0.0,0.0,,,,TYPE_D_MINOR
2014-05-09,0.95,0.95,0.0,0.9105677418724344,0.9105677418724344,0.0,False,False,0.9019976778080196,0.9019976778080196,True,True,房地产 | 医药生物 | 电子 | 食品饮料 | 家用电器,房地产 | 医药生物 | 电子 | 食品饮料 | 家用电器,True,0.0,交通运输,0.0,0.0,,,,TYPE_D_MINOR
2014-05-16,0.95,0.95,0.0,0.8912976509583443,0.8912976509583443,0.0,False,False,0.8988674626416424,0.8988674626416424,True,True,医药生物 | 房地产 | 电子 | 家用电器 | 食品饮料,医药生物 | 房地产 | 电子 | 家用电器 | 食品饮料,True,0.0,交通运输,0.0,0.0,,,,TYPE_D_MINOR
2014-05-23,0.95,0.95,0.0,0.9021933869645056,0.9021933869645056,0.0,False,False,0.9017446801901388,0.9017446801901388,True,True,医药生物 | 房地产 | 电子 | 家用电器 | 食品饮料,医药生物 | 房地产 | 电子 | 家用电器 | 食品饮料,True,0.0,交通运输,0.0,0.0,,,,TYPE_D_MINOR
2014-05-30,0.95,0.95,0.0,0.8894808107700419,0.8894808107700419,0.0,False,False,0.8966398064018201,0.8966398064018201,True,True,房地产 | 医药生物 | 电子 | 家用电器 | 公用事业,房地产 | 医药生物 | 电子 | 家用电器 | 公用事业,True,0.0,交通运输,0.0,0.0,,,,TYPE_D_MINOR
2014-06-06,0.95,0.95,0.0,0.8905720544063557,0.8905720544063557,0.0,False,False,0.8991041311633349,0.8991041311633349,True,True,医药生物 | 房地产 | 电子 | 家用电器 | 公用事业,医药生物 | 房地产 | 电子 | 家用电器 | 公用事业,True,0.0,交通运输,0.0,0.0,,,,TYPE_D_MINOR
2014-06-13,0.95,0.95,0.0,0.9031684170607214,0.9031684170607214,0.0,False,False,0.9024063573557742,0.9024063573557742,True,True,医药生物 | 房地产 | 电子 | 家用电器 | 食品饮料,医药生物 | 房地产 | 电子 | 家用电器 | 食品饮料,True,0.0,交通运输,0.0,0.0,,,,TYPE_D_MINOR
2014-06-20,0.95,0.95,0.0,0.8893041510768266,0.8893041510768266,0.0,False,False,0.9010597696979504,0.9010597696979504,True,True,医药生物 | 房地产 | 家用电器 | 电子 | 食品饮料,医药生物 | 房地产 | 家用电器 | 电子 | 食品饮料,True,0.0,交通运输,0.0,0.0,,,,TYPE_D_MINOR
2014-06-27,0.95,0.95,0.0,0.895571526521589,0.895571526521589,0.0,False,False,0.8972838755775111,0.8972838755775111,True,True,医药生物 | 房地产 | 家用电器 | 电子 | 食品饮料,医药生物 | 房地产 | 家用电器 | 电子 | 食品饮料,True,0.0,交通运输,0.0,0.0,,,,TYPE_D_MINOR
2014-07-04,0.95,0.95,0.0,0.9007190684074464,0.9007190684074464,0.0,False,False,0.899733943323328,0.899733943323328,True,True,医药生物 | 房地产 | 家用电器 | 食品饮料 | 电子,医药生物 | 房地产 | 家用电器 | 食品饮料 | 电子,True,0.0,交通运输,0.0,0.0,,,,TYPE_D_MINOR
2014-07-11,0.95,0.95,0.0,0.8965191619398664,0.8965191619398664,0.0,False,False,0.902124549728548,0.902124549728548,True,True,医药生物 | 房地产 | 家用电器 | 食品饮料 | 电子,医药生物 | 房地产 | 家用电器 | 食品饮料 | 电子,True,0.0,交通运输,0.0,0.0,,,,TYPE_D_MINOR
2014-07-18,0.95,0.95,0.0,0.8922097439661395,0.8922097439661395,0.0,False,False,0.9034919248370596,0.9034919248370596,True,True,医药生物 | 房地产 | 家用电器 | 电子 | 公用事业,医药生物 | 房地产 | 家用电器 | 电子 | 公用事业,True,0.0,交通运输,0.0,0.0,,,,TYPE_D_MINOR
2014-07-25,0.95,0.95,0.0,0.9221230753976783,0.9221230753976783,0.0,False,False,0.8887868341241384,0.8887868341241384,True,True,医药生物 | 房地产 | 家用电器 | 非银金融 | 农林牧渔,医药生物 | 房地产 | 家用电器 | 非银金融 | 农林牧渔,True,0.0,交通运输,0.0,0.0,,,,TYPE_D_MINOR
2014-08-01,0.95,0.95,0.0,0.8690998455730745,0.8690998455730745,0.0,False,False,0.8836924090011985,0.8836924090011985,True,True,房地产 | 医药生物 | 家用电器 | 非银金融 | 计算机,房地产 | 医药生物 | 家用电器 | 非银金融 | 计算机,True,0.0,交通运输,0.0,0.0,,,,TYPE_D_MINOR
2014-08-08,0.95,0.95,0.0,0.8534322230419702,0.8534322230419702,0.0,False,False,0.8806871331468201,0.8806871331468201,True,True,房地产 | 医药生物 | 家用电器 | 非银金融 | 计算机,房地产 | 医药生物 | 家用电器 | 非银金融 | 计算机,True,0.0,交通运输,0.0,0.0,,,,TYPE_D_MINOR
2014-08-15,0.95,0.95,0.0,0.8182173191765135,0.8182173191765135,0.0,False,False,0.8712453282434272,0.8712453282434272,True,True,房地产 | 医药生物 | 家用电器 | 非银金融 | 电子,房地产 | 医药生物 | 家用电器 | 非银金融 | 电子,True,0.0,交通运输,0.0,0.0,,,,TYPE_D_MINOR
2014-08-22,0.95,0.95,0.0,0.7974605798497377,0.7974605798497377,0.0,False,False,0.8572532420587765,0.8572532420587765,True,True,房地产 | 家用电器 | 非银金融 | 食品饮料 | 汽车,房地产 | 家用电器 | 非银金融 | 食品饮料 | 汽车,True,0.0,交通运输,0.0,0.0,,,,TYPE_D_MINOR
2014-08-29,0.95,0.95,0.0,0.7957575717749104,0.7957575717749104,0.0,False,False,0.8652655499032738,0.8652655499032738,True,True,房地产 | 家用电器 | 计算机 | 食品饮料 | 非银金融,房地产 | 家用电器 | 计算机 | 食品饮料 | 非银金融,True,0.0,交通运输,0.0,0.0,,,,TYPE_D_MINOR
2014-09-05,0.95,0.95,0.0,0.7628563169992062,0.7628563169992062,0.0,False,False,0.8602863705415632,0.8602863705415632,True,True,房地产 | 家用电器 | 汽车 | 非银金融 | 食品饮料,房地产 | 家用电器 | 汽车 | 非银金融 | 食品饮料,True,0.0,交通运输,0.0,0.0,,,,TYPE_D_MINOR
2014-09-12,0.95,0.95,0.0,0.7819522845876224,0.7819522845876224,0.0,False,False,0.8427357074995183,0.8427357074995183,True,True,房地产 | 纺织服饰 | 家用电器 | 汽车 | 非银金融,房地产 | 纺织服饰 | 家用电器 | 汽车 | 非银金融,True,0.0,交通运输,0.0,0.0,,,,TYPE_D_MINOR
2014-09-19,0.95,0.95,0.0,0.828076212882784,0.828076212882784,0.0,False,False,0.8672677379010445,0.8672677379010445,True,True,房地产 | 纺织服饰 | 汽车 | 非银金融 | 电子,房地产 | 纺织服饰 | 汽车 | 非银金融 | 电子,True,0.0,交通运输,0.0,0.0,,,,TYPE_D_MINOR
2014-09-26,0.95,0.95,0.0,0.8114586778045045,0.8114586778045045,0.0,False,False,0.87407245795951,0.87407245795951,True,True,房地产 | 汽车 | 纺织服饰 | 基础化工 | 非银金融,房地产 | 汽车 | 纺织服饰 | 基础化工 | 非银金融,True,0.0,交通运输,0.0,0.0,,,,TYPE_D_MINOR
2014-10-03,0.95,0.95,0.0,0.8205597147538276,0.8205597147538276,0.0,False,False,0.8634447502062694,0.8634447502062694,True,True,房地产 | 纺织服饰 | 汽车 | 非银金融 | 基础化工,房地产 | 纺织服饰 | 汽车 | 非银金融 | 基础化工,True,0.0,交通运输,0.0,0.0,,,,TYPE_D_MINOR
2014-10-10,0.95,0.95,0.0,0.810591630638903,0.810591630638903,0.0,False,False,0.8690314821447197,0.8690314821447197,True,True,房地产 | 纺织服饰 | 汽车 | 非银金融 | 基础化工,房地产 | 纺织服饰 | 汽车 | 非银金融 | 基础化工,True,0.0,交通运输,0.0,0.0,,,,TYPE_D_MINOR
2014-10-17,0.95,0.95,0.0,0.8192535677191024,0.8192535677191024,0.0,False,False,0.875816547027297,0.875816547027297,True,True,纺织服饰 | 房地产 | 汽车 | 非银金融 | 计算机,纺织服饰 | 房地产 | 汽车 | 非银金融 | 计算机,True,0.0,交通运输,0.0,0.0,,,,TYPE_D_MINOR
2014-10-24,0.95,0.95,0.0,0.8685762948957412,0.8685762948957412,0.0,False,False,0.8660145251068516,0.8660145251068516,True,True,房地产 | 纺织服饰 | 医药生物 | 电子 | 非银金融,房地产 | 纺织服饰 | 医药生物 | 电子 | 非银金融,True,0.0,交通运输,0.0,0.0,,,,TYPE_D_MINOR
2014-10-31,0.95,0.95,0.0,0.8708952403432513,0.8708952403432513,0.0,False,False,0.8663095367060002,0.8663095367060002,True,True,医药生物 | 电子 | 房地产 | 纺织服饰 | 建筑装饰,医药生物 | 电子 | 房地产 | 纺织服饰 | 建筑装饰,True,0.0,交通运输,0.0,0.0,,,,TYPE_D_MINOR
2014-11-07,0.95,0.95,0.0,0.8687083182767763,0.8687083182767763,0.0,False,False,0.8474721093006997,0.8474721093006997,True,True,医药生物 | 房地产 | 纺织服饰 | 电子 | 社会服务,医药生物 | 房地产 | 纺织服饰 | 电子 | 社会服务,True,0.0,交通运输,0.0,0.0,,,,TYPE_D_MINOR
2014-11-14,0.95,0.95,0.0,0.8525831495529399,0.8525831495529399,0.0,False,False,0.8661760974879438,0.8661760974879438,True,True,医药生物 | 房地产 | 电子 | 纺织服饰 | 计算机,医药生物 | 房地产 | 电子 | 纺织服饰 | 计算机,True,0.0,交通运输,0.0,0.0,,,,TYPE_D_MINOR
2014-11-21,0.95,0.95,0.0,0.8552810298363426,0.8552810298363426,0.0,False,False,0.8693259702555307,0.8693259702555307,True,True,医药生物 | 电子 | 房地产 | 纺织服饰 | 计算机,医药生物 | 电子 | 房地产 | 纺织服饰 | 计算机,True,0.0,交通运输,0.0,0.0,,,,TYPE_D_MINOR
2014-11-28,0.95,0.95,0.0,0.8812809013887698,0.8812809013887698,0.0,False,False,0.8662669078278991,0.8662669078278991,True,True,医药生物 | 房地产 | 电子 | 纺织服饰 | 计算机,医药生物 | 房地产 | 电子 | 纺织服饰 | 计算机,True,0.0,交通运输,0.0,0.0,,,,TYPE_D_MINOR
2014-12-05,0.95,0.95,0.0,0.9106916961976884,0.9106916961976884,0.0,False,False,0.8740007009162556,0.8740007009162556,True,True,医药生物 | 房地产 | 计算机 | 综合 | 商贸零售,医药生物 | 房地产 | 计算机 | 综合 | 商贸零售,True,0.0,交通运输,0.0,0.0,,,,TYPE_D_MINOR
2014-12-12,0.95,0.95,0.0,0.8523917814080779,0.8523917814080779,0.0,False,False,0.90727934230388,0.90727934230388,True,True,计算机 | 医药生物 | 房地产 | 综合 | 商贸零售,计算机 | 医药生物 | 房地产 | 综合 | 商贸零售,True,0.0,交通运输,0.0,0.0,,,,TYPE_D_MINOR
2014-12-19,0.95,0.95,0.0,0.8958223965818684,0.8958223965818684,0.0,False,False,0.8959512535346243,0.8959512535346243,True,True,综合 | 计算机 | 医药生物 | 房地产 | 传媒,综合 | 计算机 | 医药生物 | 房地产 | 传媒,True,0.0,交通运输,0.0,0.0,,,,TYPE_D_MINOR
2014-12-26,0.95,0.95,0.0,0.9450712608295988,0.9450712608295988,0.0,False,False,0.9048293696949048,0.9048293696949048,True,True,计算机 | 综合 | 医药生物 | 房地产 | 传媒,计算机 | 综合 | 医药生物 | 房地产 | 传媒,True,0.0,交通运输,0.0,0.0,,,,TYPE_D_MINOR
2015-01-02,0.95,0.95,0.0,0.9499999999999996,0.9499999999999996,0.0,True,True,0.906535901656745,0.906535901656745,True,True,医药生物 | 计算机 | 房地产 | 综合 | 传媒,医药生物 | 计算机 | 房地产 | 综合 | 传媒,True,0.0,交通运输,0.0,0.0,,,,TYPE_D_MINOR
2015-01-09,0.95,0.95,0.0,0.9311573974965208,0.9311573974965208,0.0,False,False,0.8918326370592926,0.8918326370592926,True,True,计算机 | 医药生物 | 房地产 | 综合 | 传媒,计算机 | 医药生物 | 房地产 | 综合 | 传媒,True,0.0,交通运输,0.0,0.0,,,,TYPE_D_MINOR
2015-01-16,0.95,0.95,0.0,0.9038925013016164,0.9038925013016164,0.0,False,False,0.8831366611512794,0.8831366611512794,True,True,计算机 | 医药生物 | 房地产 | 传媒 | 非银金融,计算机 | 医药生物 | 房地产 | 传媒 | 非银金融,True,0.0,交通运输,0.0,0.0,,,,TYPE_D_MINOR
2015-01-23,0.95,0.95,0.0,0.9495168673465992,0.9495168673465992,0.0,False,False,0.9127918858920498,0.9127918858920498,True,True,计算机 | 医药生物 | 房地产 | 传媒 | 综合,计算机 | 医药生物 | 房地产 | 传媒 | 综合,True,0.0,交通运输,0.0,0.0,,,,TYPE_D_MINOR
2015-01-30,0.95,0.95,0.0,0.95,0.95,0.0,True,True,0.9145154217516408,0.9145154217516408,True,True,计算机 | 医药生物 | 房地产 | 传媒 | 非银金融,计算机 | 医药生物 | 房地产 | 传媒 | 非银金融,True,0.0,交通运输,0.0,0.0,,,,TYPE_D_MINOR
2015-02-06,0.95,0.95,0.0,0.95,0.95,0.0,True,True,0.909625418005142,0.909625418005142,True,True,计算机 | 医药生物 | 房地产 | 传媒 | 非银金融,计算机 | 医药生物 | 房地产 | 传媒 | 非银金融,True,0.0,交通运输,0.0,0.0,,,,TYPE_D_MINOR
2015-02-13,0.95,0.95,0.0,0.95,0.95,0.0,True,True,0.9118465653282208,0.9118465653282208,True,True,计算机 | 医药生物 | 房地产 | 商贸零售 | 传媒,计算机 | 医药生物 | 房地产 | 商贸零售 | 传媒,True,0.0,交通运输,0.0,0.0,,,,TYPE_D_MINOR
2015-02-20,0.95,0.95,0.0,0.9499999999999998,0.9499999999999998,0.0,True,True,0.9066854345756248,0.9066854345756248,True,True,计算机 | 医药生物 | 房地产 | 非银金融 | 商贸零售,计算机 | 医药生物 | 房地产 | 非银金融 | 商贸零售,True,0.0,交通运输,0.0,0.0,,,,TYPE_D_MINOR
2015-02-27,0.95,0.95,0.0,0.95,0.95,0.0,True,True,0.90573903699829,0.90573903699829,True,True,计算机 | 医药生物 | 房地产 | 商贸零售 | 传媒,计算机 | 医药生物 | 房地产 | 商贸零售 | 传媒,True,0.0,交通运输,0.0,0.0,,,,TYPE_D_MINOR
2015-03-06,0.95,0.95,0.0,0.9274221008598098,0.9274221008598098,0.0,False,False,0.9078079124542384,0.9078079124542384,True,True,计算机 | 医药生物 | 房地产 | 商贸零售 | 非银金融,计算机 | 医药生物 | 房地产 | 商贸零售 | 非银金融,True,0.0,交通运输,0.0,0.0,,,,TYPE_D_MINOR
2015-03-13,0.95,0.95,0.0,0.937860989657206,0.937860989657206,0.0,False,False,0.8964225224347563,0.8964225224347563,True,True,计算机 | 医药生物 | 房地产 | 商贸零售 | 传媒,计算机 | 医药生物 | 房地产 | 商贸零售 | 传媒,True,0.0,交通运输,0.0,0.0,,,,TYPE_D_MINOR
2015-03-20,0.95,0.95,0.0,0.9363421938315996,0.9363421938315996,0.0,False,False,0.9080819815083814,0.9080819815083814,True,True,计算机 | 医药生物 | 房地产 | 商贸零售 | 传媒,计算机 | 医药生物 | 房地产 | 商贸零售 | 传媒,True,0.0,交通运输,0.0,0.0,,,,TYPE_D_MINOR
2015-03-27,0.95,0.95,0.0,0.938059494131197,0.938059494131197,0.0,False,False,0.9015727733932116,0.9015727733932116,True,True,计算机 | 房地产 | 医药生物 | 电力设备 | 传媒,计算机 | 房地产 | 医药生物 | 电力设备 | 传媒,True,0.0,交通运输,0.0,0.0,,,,TYPE_D_MINOR
2015-04-03,0.95,0.95,0.0,0.9416609003521356,0.9416609003521356,0.0,False,False,0.9034491266188244,0.9034491266188244,True,True,计算机 | 医药生物 | 房地产 | 电力设备 | 传媒,计算机 | 医药生物 | 房地产 | 电力设备 | 传媒,True,0.0,交通运输,0.0,0.0,,,,TYPE_D_MINOR
2015-04-10,0.95,0.95,0.0,0.9361029291131155,0.9361029291131155,0.0,False,False,0.9032766642037812,0.9032766642037812,True,True,计算机 | 医药生物 | 房地产 | 综合 | 非银金融,计算机 | 医药生物 | 房地产 | 综合 | 非银金融,True,0.0,交通运输,0.0,0.0,,,,TYPE_D_MINOR
2015-04-17,0.95,0.95,0.0,0.9499999999999998,0.9499999999999998,0.0,True,True,0.9174204340279726,0.9174204340279726,True,True,计算机 | 医药生物 | 房地产 | 非银金融 | 食品饮料,计算机 | 医药生物 | 房地产 | 非银金融 | 食品饮料,True,0.0,交通运输,0.0,0.0,,,,TYPE_D_MINOR
2015-04-24,0.95,0.95,0.0,0.9479951230272488,0.9479951230272488,0.0,False,False,0.9217872569799144,0.9217872569799144,True,True,计算机 | 医药生物 | 房地产 | 非银金融 | 食品饮料,计算机 | 医药生物 | 房地产 | 非银金融 | 食品饮料,True,0.0,交通运输,0.0,0.0,,,,TYPE_D_MINOR
2015-05-01,0.95,0.95,0.0,0.935507766755122,0.935507766755122,0.0,False,False,0.9253951644319404,0.9253951644319404,True,True,计算机 | 医药生物 | 房地产 | 非银金融 | 食品饮料,计算机 | 医药生物 | 房地产 | 非银金融 | 食品饮料,True,0.0,交通运输,0.0,0.0,,,,TYPE_D_MINOR
2015-05-08,0.95,0.95,0.0,0.9406756418070004,0.9406756418070004,0.0,False,False,0.9269711792414068,0.9269711792414068,True,True,计算机 | 房地产 | 医药生物 | 非银金融 | 家用电器,计算机 | 房地产 | 医药生物 | 非银金融 | 家用电器,True,0.0,交通运输,0.0,0.0,,,,TYPE_D_MINOR
2015-05-15,0.95,0.95,0.0,0.9256822197661776,0.9256822197661776,0.0,False,False,0.9220239027653432,0.9220239027653432,True,True,计算机 | 医药生物 | 房地产 | 非银金融 | 家用电器,计算机 | 医药生物 | 房地产 | 非银金融 | 家用电器,True,0.0,交通运输,0.0,0.0,,,,TYPE_D_MINOR
2015-05-22,0.95,0.95,0.0,0.923618518003172,0.923618518003172,0.0,False,False,0.9215380904211308,0.9215380904211308,True,True,计算机 | 房地产 | 医药生物 | 家用电器 | 非银金融,计算机 | 房地产 | 医药生物 | 家用电器 | 非银金融,True,0.0,交通运输,0.0,0.0,,,,TYPE_D_MINOR
2015-05-29,0.95,0.95,0.0,0.9314345994640564,0.9314345994640564,0.0,False,False,0.9371566519622864,0.9371566519622864,True,True,计算机 | 房地产 | 医药生物 | 食品饮料 | 家用电器,计算机 | 房地产 | 医药生物 | 食品饮料 | 家用电器,True,0.0,交通运输,0.0,0.0,,,,TYPE_D_MINOR
2015-06-05,0.95,0.95,0.0,0.9153268763374904,0.9153268763374904,0.0,False,False,0.9331574000574956,0.9331574000574956,True,True,计算机 | 医药生物 | 房地产 | 综合 | 非银金融,计算机 | 医药生物 | 房地产 | 综合 | 非银金融,True,0.0,交通运输,0.0,0.0,,,,TYPE_D_MINOR
2015-06-12,0.95,0.95,0.0,0.9267512006591452,0.9267512006591452,0.0,False,False,0.91919141207318,0.91919141207318,True,True,计算机 | 房地产 | 医药生物 | 食品饮料 | 综合,计算机 | 房地产 | 医药生物 | 食品饮料 | 综合,True,0.0,交通运输,0.0,0.0,,,,TYPE_D_MINOR
2015-06-19,0.95,0.95,0.0,0.9099960390954122,0.9099960390954122,0.0,False,False,0.9410971168684892,0.9410971168684892,True,True,计算机 | 房地产 | 医药生物 | 银行 | 食品饮料,计算机 | 房地产 | 医药生物 | 银行 | 食品饮料,True,0.0,交通运输,0.0,0.0,,,,TYPE_D_MINOR
2015-06-26,0.95,0.95,0.0,0.9102405204363042,0.9102405204363042,0.0,False,False,0.9523702909589932,0.9523702909589932,True,True,计算机 | 房地产 | 医药生物 | 家用电器 | 食品饮料,计算机 | 房地产 | 医药生物 | 家用电器 | 食品饮料,True,0.0,交通运输,0.0,0.0,,,,TYPE_D_MINOR
2015-07-03,0.95,0.95,0.0,0.9072299441673676,0.9072299441673676,0.0,False,False,0.960296275055778,0.960296275055778,True,True,计算机 | 医药生物 | 房地产 | 食品饮料 | 电力设备,计算机 | 医药生物 | 房地产 | 食品饮料 | 电力设备,True,0.0,交通运输,0.0,0.0,,,,TYPE_D_MINOR
2015-07-10,0.95,0.95,0.0,0.9108895571442854,0.9108895571442854,0.0,False,False,0.9667543296313692,0.9667543296313692,True,True,计算机 | 医药生物 | 房地产 | 食品饮料 | 家用电器,计算机 | 医药生物 | 房地产 | 食品饮料 | 家用电器,True,0.0,交通运输,0.0,0.0,,,,TYPE_D_MINOR
2015-07-17,0.95,0.95,0.0,0.9037611896351356,0.9037611896351356,0.0,False,False,0.9504819499370342,0.9504819499370342,True,True,医药生物 | 计算机 | 房地产 | 通信 | 食品饮料,医药生物 | 计算机 | 房地产 | 通信 | 食品饮料,True,0.0,交通运输,0.0,0.0,,,,TYPE_D_MINOR
2015-07-24,0.95,0.95,0.0,0.903850881839904,0.903850881839904,0.0,False,False,0.9477718821553422,0.9477718821553422,True,True,医药生物 | 通信 | 计算机 | 房地产 | 食品饮料,医药生物 | 通信 | 计算机 | 房地产 | 食品饮料,True,0.0,交通运输,0.0,0.0,,,,TYPE_D_MINOR
2015-07-31,0.95,0.95,0.0,0.9409717886507004,0.9409717886507004,0.0,False,False,0.952496815883636,0.952496815883636,True,True,医药生物 | 通信 | 计算机 | 房地产 | 食品饮料,医药生物 | 通信 | 计算机 | 房地产 | 食品饮料,True,0.0,交通运输,0.0,0.0,,,,TYPE_D_MINOR
2015-08-07,0.95,0.95,0.0,0.9379975276927204,0.9379975276927204,0.0,False,False,0.9551285790262224,0.9551285790262224,True,True,医药生物 | 通信 | 计算机 | 房地产 | 食品饮料,医药生物 | 通信 | 计算机 | 房地产 | 食品饮料,True,0.0,交通运输,0.0,0.0,,,,TYPE_D_MINOR
2015-08-14,0.95,0.95,0.0,0.9424123751412796,0.9424123751412796,0.0,False,False,0.9506523754594962,0.9506523754594962,True,True,医药生物 | 通信 | 计算机 | 纺织服饰 | 有色金属,医药生物 | 通信 | 计算机 | 纺织服饰 | 有色金属,True,0.0,交通运输,0.0,0.0,,,,TYPE_D_MINOR
2015-08-21,0.95,0.95,0.0,0.95,0.95,0.0,True,True,0.956389990882776,0.956389990882776,True,True,医药生物 | 通信 | 纺织服饰 | 计算机 | 非银金融,医药生物 | 通信 | 纺织服饰 | 计算机 | 非银金融,True,0.0,交通运输,0.0,0.0,,,,TYPE_D_MINOR
2015-08-28,0.95,0.95,0.0,0.9499999999999998,0.9499999999999998,0.0,True,True,0.9644383163033974,0.9644383163033974,True,True,医药生物 | 通信 | 纺织服饰 | 计算机 | 社会服务,医药生物 | 通信 | 纺织服饰 | 计算机 | 社会服务,True,0.0,交通运输,0.0,0.0,,,,TYPE_D_MINOR
2015-09-04,0.95,0.95,0.0,0.95,0.95,0.0,True,True,0.9625983106591384,0.9625983106591384,True,True,医药生物 | 纺织服饰 | 通信 | 计算机 | 社会服务,医药生物 | 纺织服饰 | 通信 | 计算机 | 社会服务,True,0.0,交通运输,0.0,0.0,,,,TYPE_D_MINOR
2015-09-11,0.95,0.95,0.0,0.95,0.95,0.0,True,True,0.9558350394582702,0.9558350394582702,True,True,医药生物 | 纺织服饰 | 通信 | 计算机 | 社会服务,医药生物 | 纺织服饰 | 通信 | 计算机 | 社会服务,True,0.0,交通运输,0.0,0.0,,,,TYPE_D_MINOR
2015-09-18,0.95,0.95,0.0,0.9499999999999996,0.9499999999999996,0.0,True,True,0.9587278943281548,0.9587278943281548,True,True,医药生物 | 计算机 | 纺织服饰 | 通信 | 基础化工,医药生物 | 计算机 | 纺织服饰 | 通信 | 基础化工,True,0.0,交通运输,0.0,0.0,,,,TYPE_D_MINOR
2015-09-25,0.95,0.95,0.0,0.95,0.95,0.0,True,True,0.9595272627269232,0.9595272627269232,True,True,医药生物 | 计算机 | 通信 | 社会服务 | 纺织服饰,医药生物 | 计算机 | 通信 | 社会服务 | 纺织服饰,True,0.0,交通运输,0.0,0.0,,,,TYPE_D_MINOR
2015-10-02,0.95,0.95,0.0,0.95,0.95,0.0,True,True,0.9598496941878324,0.9598496941878324,True,True,医药生物 | 计算机 | 社会服务 | 通信 | 汽车,医药生物 | 计算机 | 社会服务 | 通信 | 汽车,True,0.0,交通运输,0.0,0.0,,,,TYPE_D_MINOR
2015-10-09,0.95,0.95,0.0,0.95,0.95,0.0,True,True,0.9602801693689172,0.9602801693689172,True,True,医药生物 | 计算机 | 通信 | 社会服务 | 基础化工,医药生物 | 计算机 | 通信 | 社会服务 | 基础化工,True,0.0,交通运输,0.0,0.0,,,,TYPE_D_MINOR
2015-10-16,0.95,0.95,0.0,0.9499999999999998,0.9499999999999998,0.0,True,True,0.960775779499644,0.960775779499644,True,True,医药生物 | 计算机 | 基础化工 | 社会服务 | 通信,医药生物 | 计算机 | 基础化工 | 社会服务 | 通信,True,0.0,交通运输,0.0,0.0,,,,TYPE_D_MINOR
2015-10-23,0.95,0.95,0.0,0.9499999999999996,0.9499999999999996,0.0,True,True,0.9581619046491904,0.9581619046491904,True,True,基础化工 | 计算机 | 医药生物 | 通信 | 社会服务,基础化工 | 计算机 | 医药生物 | 通信 | 社会服务,True,0.0,交通运输,0.0,0.0,,,,TYPE_D_MINOR
2015-10-30,0.95,0.95,0.0,0.95,0.95,0.0,True,True,0.9575117510540276,0.9575117510540276,True,True,基础化工 | 计算机 | 医药生物 | 通信 | 社会服务,基础化工 | 计算机 | 医药生物 | 通信 | 社会服务,True,0.0,交通运输,0.0,0.0,,,,TYPE_D_MINOR
2015-11-06,0.95,0.95,0.0,0.95,0.95,0.0,True,True,0.9601959209726352,0.9601959209726352,True,True,基础化工 | 计算机 | 医药生物 | 通信 | 社会服务,基础化工 | 计算机 | 医药生物 | 通信 | 社会服务,True,0.0,交通运输,0.0,0.0,,,,TYPE_D_MINOR
2015-11-13,0.95,0.95,0.0,0.9499999999999998,0.9499999999999998,0.0,True,True,0.9605165938240864,0.9605165938240864,True,True,计算机 | 基础化工 | 医药生物 | 商贸零售 | 通信,计算机 | 基础化工 | 医药生物 | 商贸零售 | 通信,True,0.0,交通运输,0.0,0.0,,,,TYPE_D_MINOR
2015-11-20,0.95,0.95,0.0,0.95,0.95,0.0,True,True,0.9589343994301304,0.9589343994301304,True,True,基础化工 | 计算机 | 医药生物 | 社会服务 | 商贸零售,基础化工 | 计算机 | 医药生物 | 社会服务 | 商贸零售,True,0.0,交通运输,0.0,0.0,,,,TYPE_D_MINOR
2015-11-27,0.95,0.95,0.0,0.9499999999999998,0.9499999999999998,0.0,True,True,0.9602291494452369,0.9602291494452369,True,True,计算机 | 基础化工 | 医药生物 | 社会服务 | 通信,计算机 | 基础化工 | 医药生物 | 社会服务 | 通信,True,0.0,交通运输,0.0,0.0,,,,TYPE_D_MINOR
2015-12-04,0.95,0.95,0.0,0.9500000000000002,0.9500000000000002,0.0,True,True,0.956676027975,0.956676027975,True,True,计算机 | 社会服务 | 医药生物 | 基础化工 | 建筑材料,计算机 | 社会服务 | 医药生物 | 基础化工 | 建筑材料,True,0.0,交通运输,0.0,0.0,,,,TYPE_D_MINOR
2015-12-11,0.95,0.95,0.0,0.95,0.95,0.0,True,True,0.9543625934454384,0.9543625934454384,True,True,计算机 | 基础化工 | 医药生物 | 社会服务 | 商贸零售,计算机 | 基础化工 | 医药生物 | 社会服务 | 商贸零售,True,0.0,交通运输,0.0,0.0,,,,TYPE_D_MINOR
2015-12-18,0.95,0.95,0.0,0.95,0.95,0.0,True,True,0.9531080736814171,0.9531080736814171,True,True,基础化工 | 计算机 | 医药生物 | 社会服务 | 商贸零售,基础化工 | 计算机 | 医药生物 | 社会服务 | 商贸零售,True,0.0,交通运输,0.0,0.0,,,,TYPE_D_MINOR
2015-12-25,0.95,0.95,0.0,0.95,0.95,0.0,True,True,0.9509611302374484,0.9509611302374484,True,True,计算机 | 基础化工 | 医药生物 | 商贸零售 | 社会服务,计算机 | 基础化工 | 医药生物 | 商贸零售 | 社会服务,True,0.0,交通运输,0.0,0.0,,,,TYPE_D_MINOR
2016-01-01,0.95,0.95,0.0,0.95,0.95,0.0,True,True,0.9494151264931776,0.9494151264931776,True,True,计算机 | 医药生物 | 基础化工 | 商贸零售 | 社会服务,计算机 | 医药生物 | 基础化工 | 商贸零售 | 社会服务,True,0.0,交通运输,0.0,0.0,,,,TYPE_D_MINOR
2016-01-08,0.95,0.95,0.0,0.9499999999999996,0.9499999999999996,0.0,True,True,0.9621290783520854,0.9621290783520854,True,True,医药生物 | 计算机 | 基础化工 | 商贸零售 | 社会服务,医药生物 | 计算机 | 基础化工 | 商贸零售 | 社会服务,True,0.0,交通运输,0.0,0.0,,,,TYPE_D_MINOR
2016-01-15,0.95,0.95,0.0,0.9499999999999996,0.9499999999999996,0.0,True,True,0.9708237211835898,0.9708237211835898,True,True,计算机 | 医药生物 | 商贸零售 | 机械设备 | 社会服务,计算机 | 医药生物 | 商贸零售 | 机械设备 | 社会服务,True,0.0,交通运输,0.0,0.0,,,,TYPE_D_MINOR
2016-01-22,0.95,0.95,0.0,0.95,0.95,0.0,True,True,0.971890601201302,0.971890601201302,True,True,计算机 | 医药生物 | 商贸零售 | 机械设备 | 社会服务,计算机 | 医药生物 | 商贸零售 | 机械设备 | 社会服务,True,0.0,交通运输,0.0,0.0,,,,TYPE_D_MINOR
2016-01-29,0.95,0.95,0.0,0.95,0.95,0.0,True,True,0.9759358761636856,0.9759358761636856,True,True,计算机 | 医药生物 | 社会服务 | 商贸零售 | 机械设备,计算机 | 医药生物 | 社会服务 | 商贸零售 | 机械设备,True,0.0,交通运输,0.0,0.0,,,,TYPE_D_MINOR
2016-02-05,0.95,0.95,0.0,0.95,0.95,0.0,True,True,0.9760381388356372,0.9760381388356372,True,True,计算机 | 医药生物 | 社会服务 | 商贸零售 | 机械设备,计算机 | 医药生物 | 社会服务 | 商贸零售 | 机械设备,True,0.0,交通运输,0.0,0.0,,,,TYPE_D_MINOR
2016-02-19,0.95,0.95,0.0,0.95,0.95,0.0,True,True,0.974597909848773,0.974597909848773,True,True,计算机 | 医药生物 | 社会服务 | 商贸零售 | 机械设备,计算机 | 医药生物 | 社会服务 | 商贸零售 | 机械设备,True,0.0,交通运输,0.0,0.0,,,,TYPE_D_MINOR
2016-02-26,0.95,0.95,0.0,0.95,0.95,0.0,True,True,0.9742712604729908,0.9742712604729908,True,True,医药生物 | 计算机 | 社会服务 | 机械设备 | 房地产,医药生物 | 计算机 | 社会服务 | 机械设备 | 房地产,True,0.0,交通运输,0.0,0.0,,,,TYPE_D_MINOR
2016-03-04,0.95,0.95,0.0,0.95,0.95,0.0,True,True,0.9771452917034544,0.9771452917034544,True,True,医药生物 | 计算机 | 社会服务 | 机械设备 | 房地产,医药生物 | 计算机 | 社会服务 | 机械设备 | 房地产,True,0.0,交通运输,0.0,0.0,,,,TYPE_D_MINOR
2016-03-11,0.95,0.95,0.0,0.95,0.95,0.0,True,True,0.9800251036433236,0.9800251036433236,True,True,医药生物 | 计算机 | 社会服务 | 房地产 | 机械设备,医药生物 | 计算机 | 社会服务 | 房地产 | 机械设备,True,0.0,交通运输,0.0,0.0,,,,TYPE_D_MINOR
2016-03-18,0.95,0.95,0.0,0.9499999999999996,0.9499999999999996,0.0,True,True,0.9799047883797336,0.9799047883797336,True,True,计算机 | 医药生物 | 房地产 | 社会服务 | 电子,计算机 | 医药生物 | 房地产 | 社会服务 | 电子,True,0.0,交通运输,0.0,0.0,,,,TYPE_D_MINOR
2016-03-25,0.95,0.95,0.0,0.95,0.95,0.0,True,True,0.9771572490818716,0.9771572490818716,True,True,医药生物 | 计算机 | 社会服务 | 房地产 | 家用电器,医药生物 | 计算机 | 社会服务 | 房地产 | 家用电器,True,0.0,交通运输,0.0,0.0,,,,TYPE_D_MINOR
2016-04-01,0.95,0.95,0.0,0.95,0.95,0.0,True,True,0.9781163492412528,0.9781163492412528,True,True,医药生物 | 计算机 | 社会服务 | 房地产 | 机械设备,医药生物 | 计算机 | 社会服务 | 房地产 | 机械设备,True,0.0,交通运输,0.0,0.0,,,,TYPE_D_MINOR
2016-04-08,0.95,0.95,0.0,0.95,0.95,0.0,True,True,0.978353534705268,0.978353534705268,True,True,医药生物 | 计算机 | 机械设备 | 社会服务 | 传媒,医药生物 | 计算机 | 机械设备 | 社会服务 | 传媒,True,0.0,交通运输,0.0,0.0,,,,TYPE_D_MINOR
2016-04-15,0.95,0.95,0.0,0.95,0.95,0.0,True,True,0.9753727712391126,0.9753727712391126,True,True,医药生物 | 汽车 | 计算机 | 电子 | 社会服务,医药生物 | 汽车 | 计算机 | 电子 | 社会服务,True,0.0,交通运输,0.0,0.0,,,,TYPE_D_MINOR
2016-04-22,0.95,0.95,0.0,0.95,0.95,0.0,True,True,0.9667009958323844,0.9667009958323844,True,True,汽车 | 电子 | 家用电器 | 社会服务 | 计算机,汽车 | 电子 | 家用电器 | 社会服务 | 计算机,True,0.0,交通运输,0.0,0.0,,,,TYPE_D_MINOR
2016-04-29,0.95,0.95,0.0,0.95,0.95,0.0,True,True,0.9669604770182996,0.9669604770182996,True,True,汽车 | 电子 | 家用电器 | 社会服务 | 计算机,汽车 | 电子 | 家用电器 | 社会服务 | 计算机,True,0.0,交通运输,0.0,0.0,,,,TYPE_D_MINOR
2016-05-06,0.95,0.95,0.0,0.95,0.95,0.0,True,True,0.966501665386703,0.966501665386703,True,True,汽车 | 电子 | 家用电器 | 计算机 | 医药生物,汽车 | 电子 | 家用电器 | 计算机 | 医药生物,True,0.0,交通运输,0.0,0.0,,,,TYPE_D_MINOR
2016-05-13,0.95,0.95,0.0,0.9499999999999998,0.9499999999999998,0.0,True,True,0.9637862560279888,0.9637862560279888,True,True,汽车 | 电子 | 家用电器 | 医药生物 | 计算机,汽车 | 电子 | 家用电器 | 医药生物 | 计算机,True,0.0,交通运输,0.0,0.0,,,,TYPE_D_MINOR
2016-05-20,0.95,0.95,0.0,0.95,0.95,0.0,True,True,0.9608516170457404,0.9608516170457404,True,True,电子 | 家用电器 | 汽车 | 电力设备 | 有色金属,电子 | 家用电器 | 汽车 | 电力设备 | 有色金属,True,0.0,交通运输,0.0,0.0,,,,TYPE_D_MINOR
2016-05-27,0.95,0.95,0.0,0.9499999999999998,0.9499999999999998,0.0,True,True,0.956696879176216,0.956696879176216,True,True,电子 | 电力设备 | 家用电器 | 汽车 | 有色金属,电子 | 电力设备 | 家用电器 | 汽车 | 有色金属,True,0.0,交通运输,0.0,0.0,,,,TYPE_D_MINOR
2016-06-03,0.95,0.95,0.0,0.9500000000000002,0.9500000000000002,0.0,True,True,0.9580516305436668,0.9580516305436668,True,True,电力设备 | 汽车 | 食品饮料 | 计算机 | 电子,电力设备 | 汽车 | 食品饮料 | 计算机 | 电子,True,0.0,交通运输,0.0,0.0,,,,TYPE_D_MINOR
2016-06-10,0.95,0.95,0.0,0.95,0.95,0.0,True,True,0.9547947338136452,0.9547947338136452,True,True,电力设备 | 汽车 | 计算机 | 食品饮料 | 有色金属,电力设备 | 汽车 | 计算机 | 食品饮料 | 有色金属,True,0.0,交通运输,0.0,0.0,,,,TYPE_D_MINOR
2016-06-17,0.95,0.95,0.0,0.9499999999999996,0.9499999999999996,0.0,True,True,0.9563461411894688,0.9563461411894688,True,True,电力设备 | 汽车 | 计算机 | 食品饮料 | 电子,电力设备 | 汽车 | 计算机 | 食品饮料 | 电子,True,0.0,交通运输,0.0,0.0,,,,TYPE_D_MINOR
2016-06-24,0.95,0.95,0.0,0.95,0.95,0.0,True,True,0.954170321000548,0.954170321000548,True,True,电子 | 汽车 | 食品饮料 | 计算机 | 电力设备,电子 | 汽车 | 食品饮料 | 计算机 | 电力设备,True,0.0,交通运输,0.0,0.0,,,,TYPE_D_MINOR
2016-07-01,0.95,0.95,0.0,0.95,0.95,0.0,True,True,0.9553142097000769,0.9553142097000769,True,True,电子 | 食品饮料 | 电力设备 | 汽车 | 计算机,电子 | 食品饮料 | 电力设备 | 汽车 | 计算机,True,0.0,交通运输,0.0,0.0,,,,TYPE_D_MINOR
2016-07-08,0.95,0.95,0.0,0.95,0.95,0.0,True,True,0.9417836283626012,0.9417836283626012,True,True,电子 | 电力设备 | 房地产 | 食品饮料 | 计算机,电子 | 电力设备 | 房地产 | 食品饮料 | 计算机,True,0.0,交通运输,0.0,0.0,,,,TYPE_D_MINOR
2016-07-15,0.95,0.95,0.0,0.9499999999999998,0.9499999999999998,0.0,True,True,0.9333870562018762,0.9333870562018762,True,True,电子 | 食品饮料 | 电力设备 | 房地产 | 计算机,电子 | 食品饮料 | 电力设备 | 房地产 | 计算机,True,0.0,交通运输,0.0,0.0,,,,TYPE_D_MINOR
2016-07-22,0.95,0.95,0.0,0.95,0.95,0.0,True,True,0.9300808257516798,0.9300808257516798,True,True,电子 | 食品饮料 | 电力设备 | 房地产 | 计算机,电子 | 食品饮料 | 电力设备 | 房地产 | 计算机,True,0.0,交通运输,0.0,0.0,,,,TYPE_D_MINOR
2016-07-29,0.95,0.95,0.0,0.95,0.95,0.0,True,True,0.9292552131724892,0.9292552131724892,True,True,食品饮料 | 电力设备 | 电子 | 房地产 | 家用电器,食品饮料 | 电力设备 | 电子 | 房地产 | 家用电器,True,0.0,交通运输,0.0,0.0,,,,TYPE_D_MINOR
2016-08-05,0.95,0.95,0.0,0.9500000000000002,0.9500000000000002,0.0,True,True,0.9282539271186108,0.9282539271186108,True,True,电力设备 | 食品饮料 | 电子 | 家用电器 | 汽车,电力设备 | 食品饮料 | 电子 | 家用电器 | 汽车,True,0.0,交通运输,0.0,0.0,,,,TYPE_D_MINOR
2016-08-12,0.95,0.95,0.0,0.9403893575819776,0.9403893575819776,0.0,False,False,0.927258066678358,0.927258066678358,True,True,电力设备 | 食品饮料 | 电子 | 家用电器 | 汽车,电力设备 | 食品饮料 | 电子 | 家用电器 | 汽车,True,0.0,交通运输,0.0,0.0,,,,TYPE_D_MINOR
2016-08-19,0.95,0.95,0.0,0.9320285214463392,0.9320285214463392,0.0,False,False,0.9283222244709404,0.9283222244709404,True,True,食品饮料 | 电子 | 电力设备 | 家用电器 | 汽车,食品饮料 | 电子 | 电力设备 | 家用电器 | 汽车,True,0.0,交通运输,0.0,0.0,,,,TYPE_D_MINOR
2016-08-26,0.95,0.95,0.0,0.9200079721600064,0.9200079721600064,0.0,False,False,0.9157179382281218,0.9157179382281218,True,True,食品饮料 | 电力设备 | 电子 | 家用电器 | 汽车,食品饮料 | 电力设备 | 电子 | 家用电器 | 汽车,True,0.0,交通运输,0.0,0.0,,,,TYPE_D_MINOR
2016-09-02,0.95,0.95,0.0,0.923577757796629,0.923577757796629,0.0,False,False,0.9151765613488224,0.9151765613488224,True,True,食品饮料 | 电子 | 电力设备 | 汽车 | 家用电器,食品饮料 | 电子 | 电力设备 | 汽车 | 家用电器,True,0.0,交通运输,0.0,0.0,,,,TYPE_D_MINOR
2016-09-09,0.95,0.95,0.0,0.909366445964452,0.909366445964452,0.0,False,False,0.9139180774114736,0.9139180774114736,True,True,食品饮料 | 电力设备 | 汽车 | 电子 | 综合,食品饮料 | 电力设备 | 汽车 | 电子 | 综合,True,0.0,交通运输,0.0,0.0,,,,TYPE_D_MINOR
2016-09-16,0.95,0.95,0.0,0.8952919552394468,0.8952919552394468,0.0,False,False,0.9170689864409446,0.9170689864409446,True,True,食品饮料 | 电力设备 | 汽车 | 电子 | 家用电器,食品饮料 | 电力设备 | 汽车 | 电子 | 家用电器,True,0.0,交通运输,0.0,0.0,,,,TYPE_D_MINOR
2016-09-23,0.95,0.95,0.0,0.8882545092815266,0.8882545092815266,0.0,False,False,0.9158401363787352,0.9158401363787352,True,True,食品饮料 | 电力设备 | 汽车 | 电子 | 家用电器,食品饮料 | 电力设备 | 汽车 | 电子 | 家用电器,True,0.0,交通运输,0.0,0.0,,,,TYPE_D_MINOR
2016-09-30,0.95,0.95,0.0,0.8545842998505402,0.8545842998505402,0.0,False,False,0.9046656596263174,0.9046656596263174,True,True,食品饮料 | 电力设备 | 汽车 | 电子 | 家用电器,食品饮料 | 电力设备 | 汽车 | 电子 | 家用电器,True,0.0,交通运输,0.0,0.0,,,,TYPE_D_MINOR
2016-10-14,0.95,0.95,0.0,0.8495808317503202,0.8495808317503202,0.0,False,False,0.901721225947821,0.901721225947821,True,True,电力设备 | 食品饮料 | 汽车 | 家用电器 | 电子,电力设备 | 食品饮料 | 汽车 | 家用电器 | 电子,True,0.0,交通运输,0.0,0.0,,,,TYPE_D_MINOR
2016-10-21,0.95,0.95,0.0,0.8641613863292501,0.8641613863292501,0.0,False,False,0.9029511362112944,0.9029511362112944,True,True,电力设备 | 食品饮料 | 家用电器 | 电子 | 医药生物,电力设备 | 食品饮料 | 家用电器 | 电子 | 医药生物,True,0.0,交通运输,0.0,0.0,,,,TYPE_D_MINOR
2016-10-28,0.95,0.95,0.0,0.85399426320987,0.85399426320987,0.0,False,False,0.8997712789363692,0.8997712789363692,True,True,电力设备 | 食品饮料 | 家用电器 | 电子 | 医药生物,电力设备 | 食品饮料 | 家用电器 | 电子 | 医药生物,True,0.0,交通运输,0.0,0.0,,,,TYPE_D_MINOR
2016-11-04,0.95,0.95,0.0,0.8440439760093686,0.8440439760093686,0.0,False,False,0.8921549365109496,0.8921549365109496,True,True,电力设备 | 食品饮料 | 家用电器 | 电子 | 医药生物,电力设备 | 食品饮料 | 家用电器 | 电子 | 医药生物,True,0.0,交通运输,0.0,0.0,,,,TYPE_D_MINOR
2016-11-11,0.95,0.95,0.0,0.8420714384448372,0.8420714384448372,0.0,False,False,0.8878140868572807,0.8878140868572807,True,True,食品饮料 | 电子 | 电力设备 | 家用电器 | 医药生物,食品饮料 | 电子 | 电力设备 | 家用电器 | 医药生物,True,0.0,交通运输,0.0,0.0,,,,TYPE_D_MINOR
2016-11-18,0.95,0.95,0.0,0.8397698542019711,0.8397698542019711,0.0,False,False,0.8868263892842442,0.8868263892842442,True,True,医药生物 | 电力设备 | 食品饮料 | 家用电器 | 电子,医药生物 | 电力设备 | 食品饮料 | 家用电器 | 电子,True,0.0,交通运输,0.0,0.0,,,,TYPE_D_MINOR
2016-11-25,0.95,0.95,0.0,0.8303241535446064,0.8303241535446064,0.0,False,False,0.8835274506827533,0.8835274506827533,True,True,食品饮料 | 医药生物 | 家用电器 | 电力设备 | 电子,食品饮料 | 医药生物 | 家用电器 | 电力设备 | 电子,True,0.0,交通运输,0.0,0.0,,,,TYPE_D_MINOR
2016-12-02,0.95,0.95,0.0,0.7750279544801939,0.7750279544801939,0.0,False,False,0.8752800945231171,0.8752800945231171,True,True,食品饮料 | 电子 | 家用电器 | 汽车 | 计算机,食品饮料 | 电子 | 家用电器 | 汽车 | 计算机,True,0.0,交通运输,0.0,0.0,,,,TYPE_D_MINOR
2016-12-09,0.95,0.95,0.0,0.7307526848276183,0.7307526848276183,0.0,False,False,0.8524536715978162,0.8524536715978162,True,True,食品饮料 | 电子 | 汽车 | 计算机 | 医药生物,食品饮料 | 电子 | 汽车 | 计算机 | 医药生物,True,0.0,交通运输,0.0,0.0,,,,TYPE_D_MINOR
2016-12-16,0.95,0.95,0.0,0.7438579142824173,0.7438579142824173,0.0,False,False,0.907366672423726,0.907366672423726,True,True,食品饮料 | 电子 | 医药生物 | 计算机 | 汽车,食品饮料 | 电子 | 医药生物 | 计算机 | 汽车,True,0.0,交通运输,0.0,0.0,,,,TYPE_D_MINOR
2016-12-23,0.95,0.95,0.0,0.7444341666201316,0.7444341666201316,0.0,False,False,0.9070068591192793,0.9070068591192793,True,True,食品饮料 | 医药生物 | 电子 | 计算机 | 汽车,食品饮料 | 医药生物 | 电子 | 计算机 | 汽车,True,0.0,交通运输,0.0,0.0,,,,TYPE_D_MINOR
2016-12-30,0.95,0.95,0.0,0.7670892327473249,0.7670892327473249,0.0,False,False,0.9140303895173456,0.9140303895173456,True,True,食品饮料 | 医药生物 | 国防军工 | 电子 | 汽车,食品饮料 | 医药生物 | 国防军工 | 电子 | 汽车,True,0.0,交通运输,0.0,0.0,,,,TYPE_D_MINOR
2017-01-06,0.95,0.95,0.0,0.7889720485463529,0.7889720485463529,0.0,False,False,0.9181659741145844,0.9181659741145844,True,True,食品饮料 | 医药生物 | 电子 | 传媒 | 汽车,食品饮料 | 医药生物 | 电子 | 传媒 | 汽车,True,0.0,交通运输,0.0,0.0,,,,TYPE_D_MINOR
2017-01-13,0.95,0.95,0.0,0.7901948780859629,0.7901948780859629,0.0,False,False,0.9183143012165544,0.9183143012165544,True,True,食品饮料 | 医药生物 | 基础化工 | 计算机 | 汽车,食品饮料 | 医药生物 | 基础化工 | 计算机 | 汽车,True,0.0,交通运输,0.0,0.0,,,,TYPE_D_MINOR
2017-01-20,0.95,0.95,0.0,0.785935000320706,0.785935000320706,0.0,False,False,0.9273291784247992,0.9273291784247992,True,True,食品饮料 | 汽车 | 医药生物 | 计算机 | 基础化工,食品饮料 | 汽车 | 医药生物 | 计算机 | 基础化工,True,0.0,交通运输,0.0,0.0,,,,TYPE_D_MINOR
2017-01-27,0.95,0.95,0.0,0.7770630734285012,0.7770630734285012,0.0,False,False,0.923384242058458,0.923384242058458,True,True,食品饮料 | 医药生物 | 计算机 | 汽车 | 基础化工,食品饮料 | 医药生物 | 计算机 | 汽车 | 基础化工,True,0.0,交通运输,0.0105809289015641,0.0105809289015641,,,,TYPE_D_MINOR
2017-02-03,0.95,0.95,0.0,0.7801894269168611,0.7801894269168611,0.0,False,False,0.9234844711688752,0.9234844711688752,True,True,食品饮料 | 医药生物 | 汽车 | 计算机 | 电子,食品饮料 | 医药生物 | 汽车 | 计算机 | 电子,True,0.0,交通运输,0.0105248359077895,0.0105248359077895,,,,TYPE_D_MINOR
2017-02-10,0.95,0.95,0.0,0.7694056912484522,0.7694056912484522,0.0,False,False,0.9167294916756604,0.9167294916756604,True,True,食品饮料 | 医药生物 | 计算机 | 家用电器 | 国防军工,食品饮料 | 医药生物 | 计算机 | 家用电器 | 国防军工,True,0.0,交通运输,0.0297591461402964,0.0297591461402964,,,,TYPE_D_MINOR
2017-02-17,0.95,0.95,0.0,0.7727892116763136,0.7727892116763136,0.0,False,False,0.9169492187505592,0.9169492187505592,True,True,食品饮料 | 医药生物 | 计算机 | 家用电器 | 基础化工,食品饮料 | 医药生物 | 计算机 | 家用电器 | 基础化工,True,0.0,交通运输,0.0485815551431021,0.0485815551431021,,,,TYPE_D_MINOR
2017-02-24,0.95,0.95,0.0,0.8149461589848914,0.8149461589848914,0.0,False,False,0.9137005247771948,0.9137005247771948,True,True,食品饮料 | 计算机 | 医药生物 | 家用电器 | 交通运输,食品饮料 | 计算机 | 医药生物 | 家用电器 | 交通运输,True,0.0,交通运输,0.0755076522578118,0.0755076522578118,,,,TYPE_D_MINOR
2017-03-03,0.95,0.95,0.0,0.7963074316656178,0.7963074316656178,0.0,False,False,0.9105125546977606,0.9105125546977606,True,True,食品饮料 | 计算机 | 家用电器 | 电子 | 轻工制造,食品饮料 | 计算机 | 家用电器 | 电子 | 轻工制造,True,0.0,交通运输,0.0358432066222051,0.0358432066222051,,,,TYPE_D_MINOR
2017-03-10,0.95,0.95,0.0,0.8140206731294534,0.8140206731294534,0.0,False,False,0.903584361405538,0.903584361405538,True,True,食品饮料 | 家用电器 | 计算机 | 轻工制造 | 电子,食品饮料 | 家用电器 | 计算机 | 轻工制造 | 电子,True,0.0,交通运输,0.0118695842609545,0.0118695842609545,,,,TYPE_D_MINOR
2017-03-17,0.95,0.95,0.0,0.8375954301562729,0.8375954301562729,0.0,False,False,0.8884542361829632,0.8884542361829632,True,True,食品饮料 | 电子 | 社会服务 | 家用电器 | 计算机,食品饮料 | 电子 | 社会服务 | 家用电器 | 计算机,True,0.0,交通运输,0.0085163688526146,0.0085163688526146,,,,TYPE_D_MINOR
2017-03-24,0.95,0.95,0.0,0.8612984206673077,0.8612984206673077,0.0,False,False,0.8819992791715636,0.8819992791715636,True,True,食品饮料 | 电子 | 社会服务 | 家用电器 | 国防军工,食品饮料 | 电子 | 社会服务 | 家用电器 | 国防军工,True,0.0,交通运输,0.0,0.0,,,,TYPE_D_MINOR
2017-03-31,0.95,0.95,0.0,0.8464595768934035,0.8464595768934035,0.0,False,False,0.853963520702571,0.853963520702571,True,True,食品饮料 | 电子 | 家用电器 | 社会服务 | 国防军工,食品饮料 | 电子 | 家用电器 | 社会服务 | 国防军工,True,0.0,交通运输,0.0,0.0,,,,TYPE_D_MINOR
2017-04-07,0.95,0.95,0.0,0.8071934912168914,0.8071934912168914,0.0,False,False,0.8145835675428476,0.8145835675428476,True,True,食品饮料 | 家用电器 | 电子 | 社会服务 | 国防军工,食品饮料 | 家用电器 | 电子 | 社会服务 | 国防军工,True,0.0,交通运输,0.0,0.0,,,,TYPE_D_MINOR
2017-04-14,0.95,0.95,0.0,0.7972297333725819,0.7972297333725819,0.0,False,False,0.8243538644932046,0.8243538644932046,True,True,食品饮料 | 家用电器 | 电子 | 社会服务 | 国防军工,食品饮料 | 家用电器 | 电子 | 社会服务 | 国防军工,True,0.0,交通运输,0.0,0.0,,,,TYPE_D_MINOR
2017-04-21,0.95,0.95,0.0,0.8116613978598602,0.8116613978598602,0.0,False,False,0.8283786802216297,0.8283786802216297,True,True,食品饮料 | 家用电器 | 电子 | 社会服务 | 医药生物,食品饮料 | 家用电器 | 电子 | 社会服务 | 医药生物,True,0.0,交通运输,0.0,0.0,,,,TYPE_D_MINOR
2017-04-28,0.95,0.95,0.0,0.8313260319542835,0.8313260319542835,0.0,False,False,0.8424901860882704,0.8424901860882704,True,True,食品饮料 | 家用电器 | 医药生物 | 社会服务 | 电子,食品饮料 | 家用电器 | 医药生物 | 社会服务 | 电子,True,0.0,交通运输,0.0,0.0,,,,TYPE_D_MINOR
2017-05-05,0.95,0.95,0.0,0.8521216497503361,0.8521216497503361,0.0,False,False,0.832702002669424,0.832702002669424,True,True,食品饮料 | 家用电器 | 医药生物 | 社会服务 | 电子,食品饮料 | 家用电器 | 医药生物 | 社会服务 | 电子,True,0.0,交通运输,0.0,0.0,,,,TYPE_D_MINOR
2017-05-12,0.95,0.95,0.0,0.8461490546444607,0.8461490546444607,0.0,False,False,0.8353831210872562,0.8353831210872562,True,True,食品饮料 | 家用电器 | 医药生物 | 社会服务 | 电子,食品饮料 | 家用电器 | 医药生物 | 社会服务 | 电子,True,0.0,交通运输,0.0,0.0,,,,TYPE_D_MINOR
2017-05-19,0.95,0.95,0.0,0.8592198785715665,0.8592198785715665,0.0,False,False,0.8412643012390633,0.8412643012390633,True,True,食品饮料 | 电子 | 家用电器 | 医药生物 | 社会服务,食品饮料 | 电子 | 家用电器 | 医药生物 | 社会服务,True,0.0,交通运输,0.0,0.0,,,,TYPE_D_MINOR
2017-05-26,0.95,0.95,0.0,0.8607416944534741,0.8607416944534741,0.0,False,False,0.8380583471656236,0.8380583471656236,True,True,食品饮料 | 电子 | 家用电器 | 医药生物 | 社会服务,食品饮料 | 电子 | 家用电器 | 医药生物 | 社会服务,True,0.0,交通运输,0.0,0.0,,,,TYPE_D_MINOR
2017-06-02,0.95,0.95,0.0,0.8605419084782993,0.8605419084782993,0.0,False,False,0.8391267964499654,0.8391267964499654,True,True,食品饮料 | 电子 | 家用电器 | 医药生物 | 社会服务,食品饮料 | 电子 | 家用电器 | 医药生物 | 社会服务,True,0.0,交通运输,0.0,0.0,,,,TYPE_D_MINOR
2017-06-09,0.95,0.95,0.0,0.8824115777163153,0.8824115777163153,0.0,False,False,0.8643946066290515,0.8643946066290515,True,True,食品饮料 | 电子 | 家用电器 | 医药生物 | 社会服务,食品饮料 | 电子 | 家用电器 | 医药生物 | 社会服务,True,0.0,交通运输,0.0,0.0,,,,TYPE_D_MINOR
2017-06-16,0.95,0.95,0.0,0.8583912768520467,0.8583912768520467,0.0,False,False,0.8373494051464585,0.8373494051464585,True,True,食品饮料 | 电子 | 家用电器 | 医药生物 | 通信,食品饮料 | 电子 | 家用电器 | 医药生物 | 通信,True,0.0,交通运输,0.0,0.0,,,,TYPE_D_MINOR
2017-06-23,0.95,0.95,0.0,0.8520971591167662,0.8520971591167662,0.0,False,False,0.8500162089181277,0.8500162089181277,True,True,食品饮料 | 电子 | 家用电器 | 医药生物 | 通信,食品饮料 | 电子 | 家用电器 | 医药生物 | 通信,True,0.0,交通运输,0.0,0.0,,,,TYPE_D_MINOR
2017-06-30,0.95,0.95,0.0,0.8711563570640932,0.8711563570640932,0.0,False,False,0.8603252084310506,0.8603252084310506,True,True,食品饮料 | 电子 | 医药生物 | 家用电器 | 社会服务,食品饮料 | 电子 | 医药生物 | 家用电器 | 社会服务,True,0.0,交通运输,0.0,0.0,,,,TYPE_D_MINOR
2017-07-07,0.95,0.95,0.0,0.8535155169818125,0.8535155169818125,0.0,False,False,0.844590233019213,0.844590233019213,True,True,食品饮料 | 电子 | 医药生物 | 家用电器 | 社会服务,食品饮料 | 电子 | 医药生物 | 家用电器 | 社会服务,True,0.0,交通运输,0.0,0.0,,,,TYPE_D_MINOR
2017-07-14,0.95,0.95,0.0,0.8942100754546058,0.8942100754546058,0.0,False,False,0.8174991476070481,0.8174991476070481,True,True,医药生物 | 食品饮料 | 电子 | 家用电器 | 有色金属,医药生物 | 食品饮料 | 电子 | 家用电器 | 有色金属,True,0.0,交通运输,0.0,0.0,,,,TYPE_D_MINOR
2017-07-21,0.95,0.95,0.0,0.8213921772225237,0.8213921772225237,0.0,False,False,0.8286638862194629,0.8286638862194629,True,True,医药生物 | 食品饮料 | 电子 | 家用电器 | 有色金属,医药生物 | 食品饮料 | 电子 | 家用电器 | 有色金属,True,0.0,交通运输,0.0,0.0,,,,TYPE_D_MINOR
2017-07-28,0.95,0.95,0.0,0.8261901994666248,0.8261901994666248,0.0,False,False,0.83285880916647,0.83285880916647,True,True,医药生物 | 电子 | 食品饮料 | 家用电器 | 有色金属,医药生物 | 电子 | 食品饮料 | 家用电器 | 有色金属,True,0.0,交通运输,0.0,0.0,,,,TYPE_D_MINOR
2017-08-04,0.95,0.95,0.0,0.8007308295177147,0.8007308295177147,0.0,False,False,0.8237023739509605,0.8237023739509605,True,True,医药生物 | 电子 | 食品饮料 | 家用电器 | 国防军工,医药生物 | 电子 | 食品饮料 | 家用电器 | 国防军工,True,0.0,交通运输,0.0,0.0,,,,TYPE_D_MINOR
2017-08-11,0.95,0.95,0.0,0.7826213203640145,0.7826213203640145,0.0,False,False,0.8295104596318437,0.8295104596318437,True,True,医药生物 | 电子 | 食品饮料 | 家用电器 | 社会服务,医药生物 | 电子 | 食品饮料 | 家用电器 | 社会服务,True,0.0,交通运输,0.0,0.0,,,,TYPE_D_MINOR
2017-08-18,0.95,0.95,0.0,0.8006099691513561,0.8006099691513561,0.0,False,False,0.8365828916633367,0.8365828916633367,True,True,电子 | 医药生物 | 食品饮料 | 家用电器 | 计算机,电子 | 医药生物 | 食品饮料 | 家用电器 | 计算机,True,0.0,交通运输,0.0,0.0,,,,TYPE_D_MINOR
2017-08-25,0.95,0.95,0.0,0.8157554808315375,0.8157554808315375,0.0,False,False,0.8280594277335764,0.8280594277335764,True,True,医药生物 | 电子 | 家用电器 | 食品饮料 | 通信,医药生物 | 电子 | 家用电器 | 食品饮料 | 通信,True,0.0,交通运输,0.0032473918925391,0.0032473918925391,,,,TYPE_D_MINOR
2017-09-01,0.95,0.95,0.0,0.7889115768624557,0.7889115768624557,0.0,False,False,0.8087425432276284,0.8087425432276284,True,True,电子 | 医药生物 | 食品饮料 | 家用电器 | 计算机,电子 | 医药生物 | 食品饮料 | 家用电器 | 计算机,True,0.0,交通运输,0.0,0.0,,,,TYPE_D_MINOR
2017-09-08,0.95,0.95,0.0,0.8155545685803909,0.8155545685803909,0.0,False,False,0.8045333193059893,0.8045333193059893,True,True,医药生物 | 电子 | 食品饮料 | 家用电器 | 社会服务,医药生物 | 电子 | 食品饮料 | 家用电器 | 社会服务,True,0.0,交通运输,0.0,0.0,,,,TYPE_D_MINOR
2017-09-15,0.95,0.95,0.0,0.8320665122130083,0.8320665122130083,0.0,False,False,0.7830928424428923,0.7830928424428923,True,True,电子 | 医药生物 | 家用电器 | 食品饮料 | 轻工制造,电子 | 医药生物 | 家用电器 | 食品饮料 | 轻工制造,True,0.0,交通运输,0.0,0.0,,,,TYPE_D_MINOR
2017-09-22,0.95,0.95,0.0,0.8372510078189017,0.8372510078189017,0.0,False,False,0.7992671811349709,0.7992671811349709,True,True,医药生物 | 电子 | 家用电器 | 食品饮料 | 有色金属,医药生物 | 电子 | 家用电器 | 食品饮料 | 有色金属,True,0.0,交通运输,0.0,0.0,,,,TYPE_D_MINOR
2017-09-29,0.95,0.95,0.0,0.8737185518438715,0.8737185518438715,0.0,False,False,0.8029166665329791,0.8029166665329791,True,True,医药生物 | 电子 | 食品饮料 | 家用电器 | 轻工制造,医药生物 | 电子 | 食品饮料 | 家用电器 | 轻工制造,True,0.0,交通运输,0.0,0.0,,,,TYPE_D_MINOR
2017-10-13,0.95,0.95,0.0,0.8372639544134475,0.8372639544134475,0.0,False,False,0.7860627148821651,0.7860627148821651,True,True,食品饮料 | 电子 | 医药生物 | 家用电器 | 轻工制造,食品饮料 | 电子 | 医药生物 | 家用电器 | 轻工制造,True,0.0,交通运输,0.0,0.0,,,,TYPE_D_MINOR
2017-10-20,0.95,0.95,0.0,0.7647838531983147,0.7647838531983147,0.0,False,False,0.7270800942818553,0.7270800942818553,True,True,电子 | 食品饮料 | 轻工制造 | 家用电器 | 医药生物,电子 | 食品饮料 | 轻工制造 | 家用电器 | 医药生物,True,0.0,交通运输,0.0,0.0,,,,TYPE_D_MINOR
2017-10-27,0.95,0.95,0.0,0.7859440805944027,0.7859440805944027,0.0,False,False,0.7291505866621955,0.7291505866621955,True,True,电子 | 食品饮料 | 医药生物 | 轻工制造 | 家用电器,电子 | 食品饮料 | 医药生物 | 轻工制造 | 家用电器,True,0.0,交通运输,0.0,0.0,,,,TYPE_D_MINOR
2017-11-03,0.95,0.95,0.0,0.8277091071534877,0.8277091071534877,0.0,False,False,0.7487100954049244,0.7487100954049244,True,True,轻工制造 | 食品饮料 | 电子 | 医药生物 | 家用电器,轻工制造 | 食品饮料 | 电子 | 医药生物 | 家用电器,True,0.0,交通运输,0.0,0.0,,,,TYPE_D_MINOR
2017-11-10,0.95,0.95,0.0,0.8307880739778765,0.8307880739778765,0.0,False,False,0.7861188033630173,0.7861188033630173,True,True,电子 | 食品饮料 | 轻工制造 | 家用电器 | 医药生物,电子 | 食品饮料 | 轻工制造 | 家用电器 | 医药生物,True,0.0,交通运输,0.0,0.0,,,,TYPE_D_MINOR
2017-11-17,0.95,0.95,0.0,0.8644450932513877,0.8644450932513877,0.0,False,False,0.8317865632395182,0.8317865632395182,True,True,电子 | 食品饮料 | 医药生物 | 家用电器 | 农林牧渔,电子 | 食品饮料 | 医药生物 | 家用电器 | 农林牧渔,True,0.0,交通运输,0.0,0.0,,,,TYPE_D_MINOR
2017-11-24,0.95,0.95,0.0,0.9058747330297312,0.9058747330297312,0.0,False,False,0.8830446548337091,0.8830446548337091,True,True,电子 | 食品饮料 | 农林牧渔 | 家用电器 | 医药生物,电子 | 食品饮料 | 农林牧渔 | 家用电器 | 医药生物,True,0.0,交通运输,0.0,0.0,,,,TYPE_D_MINOR
2017-12-01,0.95,0.95,0.0,0.9177819658219408,0.9177819658219408,0.0,False,False,0.8870303281702705,0.8870303281702705,True,True,电子 | 食品饮料 | 农林牧渔 | 医药生物 | 家用电器,电子 | 食品饮料 | 农林牧渔 | 医药生物 | 家用电器,True,0.0,交通运输,0.0,0.0,,,,TYPE_D_MINOR
2017-12-08,0.95,0.95,0.0,0.9423515523645336,0.9423515523645336,0.0,False,False,0.887608922110199,0.887608922110199,True,True,电子 | 食品饮料 | 农林牧渔 | 医药生物 | 电力设备,电子 | 食品饮料 | 农林牧渔 | 医药生物 | 电力设备,True,0.0,交通运输,0.0,0.0,,,,TYPE_D_MINOR
2017-12-15,0.95,0.95,0.0,0.9250099227232198,0.9250099227232198,0.0,False,False,0.887977243816898,0.887977243816898,True,True,电子 | 食品饮料 | 医药生物 | 家用电器 | 农林牧渔,电子 | 食品饮料 | 医药生物 | 家用电器 | 农林牧渔,True,0.0,交通运输,0.0,0.0,,,,TYPE_D_MINOR
2017-12-22,0.95,0.95,0.0,0.95,0.95,0.0,True,True,0.8827553067125462,0.8827553067125462,True,True,电子 | 食品饮料 | 医药生物 | 农林牧渔 | 电力设备,电子 | 食品饮料 | 医药生物 | 农林牧渔 | 电力设备,True,0.0,交通运输,0.0,0.0,,,,TYPE_D_MINOR
2017-12-29,0.95,0.95,0.0,0.9499999999999996,0.9499999999999996,0.0,True,True,0.8840578391276009,0.8840578391276009,True,True,电子 | 医药生物 | 食品饮料 | 家用电器 | 农林牧渔,电子 | 医药生物 | 食品饮料 | 家用电器 | 农林牧渔,True,0.0,交通运输,0.0,0.0,,,,TYPE_D_MINOR
2018-01-05,0.95,0.95,0.0,0.95,0.95,0.0,True,True,0.8833148363978501,0.8833148363978501,True,True,电子 | 医药生物 | 食品饮料 | 家用电器 | 农林牧渔,电子 | 医药生物 | 食品饮料 | 家用电器 | 农林牧渔,True,0.0,交通运输,0.0,0.0,,,,TYPE_D_MINOR
2018-01-12,0.95,0.95,0.0,0.9499999999999998,0.9499999999999998,0.0,True,True,0.8757697336091654,0.8757697336091654,True,True,电子 | 医药生物 | 电力设备 | 食品饮料 | 家用电器,电子 | 医药生物 | 电力设备 | 食品饮料 | 家用电器,True,0.0,交通运输,0.0,0.0,,,,TYPE_D_MINOR
2018-01-19,0.95,0.95,0.0,0.95,0.95,0.0,True,True,0.8800030435541981,0.8800030435541981,True,True,电子 | 医药生物 | 食品饮料 | 家用电器 | 电力设备,电子 | 医药生物 | 食品饮料 | 家用电器 | 电力设备,True,0.0,交通运输,0.0,0.0,,,,TYPE_D_MINOR
2018-01-26,0.95,0.95,0.0,0.95,0.95,0.0,True,True,0.8784038898406923,0.8784038898406923,True,True,电子 | 家用电器 | 电力设备 | 食品饮料 | 农林牧渔,电子 | 家用电器 | 电力设备 | 食品饮料 | 农林牧渔,True,0.0,交通运输,0.0,0.0,,,,TYPE_D_MINOR
2018-02-02,0.95,0.95,0.0,0.936312841011162,0.936312841011162,0.0,False,False,0.8750496566173652,0.8750496566173652,True,True,电子 | 家用电器 | 食品饮料 | 社会服务 | 医药生物,电子 | 家用电器 | 食品饮料 | 社会服务 | 医药生物,True,0.0,交通运输,0.0,0.0,,,,TYPE_D_MINOR
2018-02-09,0.95,0.95,0.0,0.9440005420363892,0.9440005420363892,0.0,False,False,0.9159343720577654,0.9159343720577654,True,True,电子 | 家用电器 | 食品饮料 | 社会服务 | 电力设备,电子 | 家用电器 | 食品饮料 | 社会服务 | 电力设备,True,0.0,交通运输,0.0,0.0,,,,TYPE_D_MINOR
2018-02-16,0.95,0.95,0.0,0.9499999999999996,0.9499999999999996,0.0,True,True,0.9247048883567098,0.9247048883567098,True,True,电子 | 家用电器 | 食品饮料 | 社会服务 | 医药生物,电子 | 家用电器 | 食品饮料 | 社会服务 | 医药生物,True,0.0,交通运输,0.0,0.0,,,,TYPE_D_MINOR
2018-02-23,0.95,0.95,0.0,0.9499999999999998,0.9499999999999998,0.0,True,True,0.9290511564133532,0.9290511564133532,True,True,电子 | 家用电器 | 食品饮料 | 社会服务 | 电力设备,电子 | 家用电器 | 食品饮料 | 社会服务 | 电力设备,True,0.0,交通运输,0.0,0.0,,,,TYPE_D_MINOR
2018-03-02,0.95,0.95,0.0,0.95,0.95,0.0,True,True,0.9315335822146296,0.9315335822146296,True,True,电子 | 家用电器 | 食品饮料 | 社会服务 | 传媒,电子 | 家用电器 | 食品饮料 | 社会服务 | 传媒,True,0.0,交通运输,0.0,0.0,,,,TYPE_D_MINOR
2018-03-09,0.95,0.95,0.0,0.9499999999999996,0.9499999999999996,0.0,True,True,0.9346935483491337,0.9346935483491337,True,True,电子 | 食品饮料 | 家用电器 | 社会服务 | 电力设备,电子 | 食品饮料 | 家用电器 | 社会服务 | 电力设备,True,0.0,交通运输,0.0,0.0,,,,TYPE_D_MINOR
2018-03-16,0.95,0.95,0.0,0.95,0.95,0.0,True,True,0.9366363009634616,0.9366363009634616,True,True,电子 | 家用电器 | 食品饮料 | 社会服务 | 传媒,电子 | 家用电器 | 食品饮料 | 社会服务 | 传媒,True,0.0,交通运输,0.0,0.0,,,,TYPE_D_MINOR
2018-03-23,0.95,0.95,0.0,0.95,0.95,0.0,True,True,0.9408392708852232,0.9408392708852232,True,True,电子 | 医药生物 | 家用电器 | 食品饮料 | 传媒,电子 | 医药生物 | 家用电器 | 食品饮料 | 传媒,True,0.0,交通运输,0.0,0.0,,,,TYPE_D_MINOR
2018-03-30,0.95,0.95,0.0,0.95,0.95,0.0,True,True,0.9420440475296832,0.9420440475296832,True,True,电子 | 医药生物 | 家用电器 | 食品饮料 | 社会服务,电子 | 医药生物 | 家用电器 | 食品饮料 | 社会服务,True,0.0,交通运输,0.0,0.0,,,,TYPE_D_MINOR
2018-04-06,0.95,0.95,0.0,0.9499999999999998,0.9499999999999998,0.0,True,True,0.939104525378243,0.939104525378243,True,True,电子 | 医药生物 | 家用电器 | 社会服务 | 传媒,电子 | 医药生物 | 家用电器 | 社会服务 | 传媒,True,0.0,交通运输,0.0,0.0,,,,TYPE_D_MINOR
2018-04-13,0.95,0.95,0.0,0.95,0.95,0.0,True,True,0.9368358939825427,0.9368358939825427,True,True,电子 | 医药生物 | 家用电器 | 食品饮料 | 传媒,电子 | 医药生物 | 家用电器 | 食品饮料 | 传媒,True,0.0,交通运输,0.0,0.0,,,,TYPE_D_MINOR
2018-04-20,0.95,0.95,0.0,0.95,0.95,0.0,True,True,0.9352990221559778,0.9352990221559778,True,True,电子 | 医药生物 | 家用电器 | 食品饮料 | 传媒,电子 | 医药生物 | 家用电器 | 食品饮料 | 传媒,True,0.0,交通运输,0.0,0.0,,,,TYPE_D_MINOR
2018-04-27,0.95,0.95,0.0,0.9499999999999998,0.9499999999999998,0.0,True,True,0.9306263049850672,0.9306263049850672,True,True,医药生物 | 电子 | 家用电器 | 食品饮料 | 传媒,医药生物 | 电子 | 家用电器 | 食品饮料 | 传媒,True,0.0,交通运输,0.0,0.0,,,,TYPE_D_MINOR
2018-05-04,0.95,0.95,0.0,0.95,0.95,0.0,True,True,0.9304334315995176,0.9304334315995176,True,True,医药生物 | 电子 | 家用电器 | 食品饮料 | 传媒,医药生物 | 电子 | 家用电器 | 食品饮料 | 传媒,True,0.0,交通运输,0.0,0.0,,,,TYPE_D_MINOR
2018-05-11,0.95,0.95,0.0,0.95,0.95,0.0,True,True,0.9330253471959264,0.9330253471959264,True,True,医药生物 | 电子 | 家用电器 | 传媒 | 食品饮料,医药生物 | 电子 | 家用电器 | 传媒 | 食品饮料,True,0.0,交通运输,0.0,0.0,,,,TYPE_D_MINOR
2018-05-18,0.95,0.95,0.0,0.9500000000000004,0.9500000000000004,0.0,True,True,0.9273263515669972,0.9273263515669972,True,True,医药生物 | 电子 | 家用电器 | 传媒 | 计算机,医药生物 | 电子 | 家用电器 | 传媒 | 计算机,True,0.0,交通运输,0.0,0.0,,,,TYPE_D_MINOR
2018-05-25,0.95,0.95,0.0,0.95,0.95,0.0,True,True,0.927856633639368,0.927856633639368,True,True,医药生物 | 电子 | 家用电器 | 传媒 | 建筑材料,医药生物 | 电子 | 家用电器 | 传媒 | 建筑材料,True,0.0,交通运输,0.0,0.0,,,,TYPE_D_MINOR
2018-06-01,0.95,0.95,0.0,0.9500000000000002,0.9500000000000002,0.0,True,True,0.9102399622929442,0.9102399622929442,True,True,医药生物 | 电子 | 家用电器 | 计算机 | 建筑材料,医药生物 | 电子 | 家用电器 | 计算机 | 建筑材料,True,0.0,交通运输,0.0,0.0,,,,TYPE_D_MINOR
2018-06-08,0.95,0.95,0.0,0.9499999999999998,0.9499999999999998,0.0,True,True,0.913914116881004,0.913914116881004,True,True,医药生物 | 电子 | 家用电器 | 建筑材料 | 计算机,医药生物 | 电子 | 家用电器 | 建筑材料 | 计算机,True,0.0,交通运输,0.0,0.0,,,,TYPE_D_MINOR
2018-06-15,0.95,0.95,0.0,0.95,0.95,0.0,True,True,0.9166069678559614,0.9166069678559614,True,True,医药生物 | 电子 | 建筑材料 | 食品饮料 | 家用电器,医药生物 | 电子 | 建筑材料 | 食品饮料 | 家用电器,True,0.0,交通运输,0.0,0.0,,,,TYPE_D_MINOR
2018-06-22,0.95,0.95,0.0,0.9499999999999998,0.9499999999999998,0.0,True,True,0.932487727638954,0.932487727638954,True,True,医药生物 | 电子 | 家用电器 | 建筑材料 | 食品饮料,医药生物 | 电子 | 家用电器 | 建筑材料 | 食品饮料,True,0.0,交通运输,0.0,0.0,,,,TYPE_D_MINOR
2018-06-29,0.95,0.95,0.0,0.9499999999999998,0.9499999999999998,0.0,True,True,0.9340361390328468,0.9340361390328468,True,True,医药生物 | 电子 | 家用电器 | 建筑材料 | 食品饮料,医药生物 | 电子 | 家用电器 | 建筑材料 | 食品饮料,True,0.0,交通运输,0.0,0.0,,,,TYPE_D_MINOR
2018-07-06,0.95,0.95,0.0,0.95,0.95,0.0,True,True,0.9298207562964336,0.9298207562964336,True,True,医药生物 | 电子 | 食品饮料 | 建筑材料 | 家用电器,医药生物 | 电子 | 食品饮料 | 建筑材料 | 家用电器,True,0.0,交通运输,0.0,0.0,,,,TYPE_D_MINOR
2018-07-13,0.95,0.95,0.0,0.9500000000000002,0.9500000000000002,0.0,True,True,0.931455299979086,0.931455299979086,True,True,医药生物 | 电子 | 食品饮料 | 传媒 | 社会服务,医药生物 | 电子 | 食品饮料 | 传媒 | 社会服务,True,0.0,交通运输,0.0,0.0,,,,TYPE_D_MINOR
2018-07-20,0.95,0.95,0.0,0.9499999999999998,0.9499999999999998,0.0,True,True,0.9305513289827928,0.9305513289827928,True,True,医药生物 | 电子 | 食品饮料 | 传媒 | 建筑材料,医药生物 | 电子 | 食品饮料 | 传媒 | 建筑材料,True,0.0,交通运输,0.0,0.0,,,,TYPE_D_MINOR
2018-07-27,0.95,0.95,0.0,0.95,0.95,0.0,True,True,0.9258017423386774,0.9258017423386774,True,True,医药生物 | 电子 | 食品饮料 | 社会服务 | 钢铁,医药生物 | 电子 | 食品饮料 | 社会服务 | 钢铁,True,0.0,交通运输,0.0,0.0,,,,TYPE_D_MINOR
2018-08-03,0.95,0.95,0.0,0.9457410471616804,0.9457410471616804,0.0,False,False,0.9244251010663764,0.9244251010663764,True,True,医药生物 | 电子 | 食品饮料 | 建筑材料 | 社会服务,医药生物 | 电子 | 食品饮料 | 建筑材料 | 社会服务,True,0.0,交通运输,0.0,0.0,,,,TYPE_D_MINOR
2018-08-10,0.95,0.95,0.0,0.9499999999999998,0.9499999999999998,0.0,True,True,0.934269764667072,0.934269764667072,True,True,医药生物 | 电子 | 食品饮料 | 建筑材料 | 社会服务,医药生物 | 电子 | 食品饮料 | 建筑材料 | 社会服务,True,0.0,交通运输,0.0,0.0,,,,TYPE_D_MINOR
2018-08-17,0.95,0.95,0.0,0.95,0.95,0.0,True,True,0.936485242977464,0.936485242977464,True,True,医药生物 | 电子 | 食品饮料 | 建筑材料 | 计算机,医药生物 | 电子 | 食品饮料 | 建筑材料 | 计算机,True,0.0,交通运输,0.0,0.0,,,,TYPE_D_MINOR
2018-08-24,0.95,0.95,0.0,0.9499999999999998,0.9499999999999998,0.0,True,True,0.9386029981785736,0.9386029981785736,True,True,医药生物 | 食品饮料 | 电子 | 建筑材料 | 计算机,医药生物 | 食品饮料 | 电子 | 建筑材料 | 计算机,True,0.0,交通运输,0.0,0.0,,,,TYPE_D_MINOR
2018-08-31,0.95,0.95,0.0,0.95,0.95,0.0,True,True,0.9380781978410264,0.9380781978410264,True,True,医药生物 | 电子 | 食品饮料 | 建筑材料 | 计算机,医药生物 | 电子 | 食品饮料 | 建筑材料 | 计算机,True,0.0,交通运输,0.0,0.0,,,,TYPE_D_MINOR
2018-09-07,0.95,0.95,0.0,0.9499999999999998,0.9499999999999998,0.0,True,True,0.9334425553200796,0.9334425553200796,True,True,医药生物 | 计算机 | 食品饮料 | 电子 | 建筑材料,医药生物 | 计算机 | 食品饮料 | 电子 | 建筑材料,True,0.0,交通运输,0.0,0.0,,,,TYPE_D_MINOR
2018-09-14,0.95,0.95,0.0,0.95,0.95,0.0,True,True,0.9320637922690512,0.9320637922690512,True,True,医药生物 | 食品饮料 | 计算机 | 电子 | 建筑材料,医药生物 | 食品饮料 | 计算机 | 电子 | 建筑材料,True,0.0,交通运输,0.0,0.0,,,,TYPE_D_MINOR
2018-09-21,0.95,0.95,0.0,0.9499999999999998,0.9499999999999998,0.0,True,True,0.9380450748757376,0.9380450748757376,True,True,医药生物 | 食品饮料 | 建筑材料 | 计算机 | 电子,医药生物 | 食品饮料 | 建筑材料 | 计算机 | 电子,True,0.0,交通运输,0.0,0.0,,,,TYPE_D_MINOR
2018-09-28,0.95,0.95,0.0,0.95,0.95,0.0,True,True,0.9395710192622572,0.9395710192622572,True,True,医药生物 | 食品饮料 | 建筑材料 | 计算机 | 电子,医药生物 | 食品饮料 | 建筑材料 | 计算机 | 电子,True,0.0,交通运输,0.0,0.0,,,,TYPE_D_MINOR
2018-10-12,0.95,0.95,0.0,0.95,0.95,0.0,True,True,0.9557397624346576,0.9557397624346576,True,True,医药生物 | 食品饮料 | 建筑材料 | 电子 | 计算机,医药生物 | 食品饮料 | 建筑材料 | 电子 | 计算机,True,0.0,交通运输,0.0,0.0,,,,TYPE_D_MINOR
2018-10-19,0.95,0.95,0.0,0.9499999999999998,0.9499999999999998,0.0,True,True,0.9582958338974524,0.9582958338974524,True,True,医药生物 | 食品饮料 | 计算机 | 建筑材料 | 社会服务,医药生物 | 食品饮料 | 计算机 | 建筑材料 | 社会服务,True,0.0,交通运输,0.0,0.0,,,,TYPE_D_MINOR
2018-10-26,0.95,0.95,0.0,0.95,0.95,0.0,True,True,0.9637907497717616,0.9637907497717616,True,True,医药生物 | 食品饮料 | 计算机 | 建筑材料 | 社会服务,医药生物 | 食品饮料 | 计算机 | 建筑材料 | 社会服务,True,0.0,交通运输,0.0,0.0,,,,TYPE_D_MINOR
2018-11-02,0.95,0.95,0.0,0.95,0.95,0.0,True,True,0.96898100087604,0.96898100087604,True,True,医药生物 | 食品饮料 | 计算机 | 建筑材料 | 社会服务,医药生物 | 食品饮料 | 计算机 | 建筑材料 | 社会服务,True,0.0,交通运输,0.0,0.0,,,,TYPE_D_MINOR
2018-11-09,0.95,0.95,0.0,0.9500000000000002,0.9500000000000002,0.0,True,True,0.9669248426300384,0.9669248426300384,True,True,医药生物 | 食品饮料 | 计算机 | 建筑材料 | 非银金融,医药生物 | 食品饮料 | 计算机 | 建筑材料 | 非银金融,True,0.0,交通运输,0.0,0.0,,,,TYPE_D_MINOR
2018-11-16,0.95,0.95,0.0,0.95,0.95,0.0,True,True,0.9675213723221074,0.9675213723221074,True,True,医药生物 | 食品饮料 | 计算机 | 建筑材料 | 非银金融,医药生物 | 食品饮料 | 计算机 | 建筑材料 | 非银金融,True,0.0,交通运输,0.0,0.0,,,,TYPE_D_MINOR
2018-11-23,0.95,0.95,0.0,0.9499999999999998,0.9499999999999998,0.0,True,True,0.9659533625868914,0.9659533625868914,True,True,医药生物 | 食品饮料 | 计算机 | 电子 | 社会服务,医药生物 | 食品饮料 | 计算机 | 电子 | 社会服务,True,0.0,交通运输,0.0,0.0,,,,TYPE_D_MINOR
2018-11-30,0.95,0.95,0.0,0.95,0.95,0.0,True,True,0.964573404450242,0.964573404450242,True,True,医药生物 | 食品饮料 | 计算机 | 社会服务 | 电子,医药生物 | 食品饮料 | 计算机 | 社会服务 | 电子,True,0.0,交通运输,0.0,0.0,,,,TYPE_D_MINOR
2018-12-07,0.95,0.95,0.0,0.9445940052399404,0.9445940052399404,0.0,False,False,0.966680126807392,0.966680126807392,True,True,食品饮料 | 医药生物 | 计算机 | 社会服务 | 电子,食品饮料 | 医药生物 | 计算机 | 社会服务 | 电子,True,0.0,交通运输,0.0,0.0,,,,TYPE_D_MINOR
2018-12-14,0.95,0.95,0.0,0.9397961919464374,0.9397961919464374,0.0,False,False,0.9639144172965436,0.9639144172965436,True,True,食品饮料 | 医药生物 | 计算机 | 电子 | 社会服务,食品饮料 | 医药生物 | 计算机 | 电子 | 社会服务,True,0.0,交通运输,0.0,0.0,,,,TYPE_D_MINOR
2018-12-21,0.95,0.95,0.0,0.9465694112009112,0.9465694112009112,0.0,False,False,0.9605958820848882,0.9605958820848882,True,True,医药生物 | 食品饮料 | 计算机 | 电子 | 社会服务,医药生物 | 食品饮料 | 计算机 | 电子 | 社会服务,True,0.0,交通运输,0.0,0.0,,,,TYPE_D_MINOR
2018-12-28,0.95,0.95,0.0,0.9413719421822596,0.9413719421822596,0.0,False,False,0.9603054118412948,0.9603054118412948,True,True,医药生物 | 食品饮料 | 计算机 | 电子 | 社会服务,医药生物 | 食品饮料 | 计算机 | 电子 | 社会服务,True,0.0,交通运输,0.0,0.0,,,,TYPE_D_MINOR
2019-01-04,0.95,0.95,0.0,0.9499999999999998,0.9499999999999998,0.0,True,True,0.9610942752476974,0.9610942752476974,True,True,医药生物 | 食品饮料 | 计算机 | 电子 | 社会服务,医药生物 | 食品饮料 | 计算机 | 电子 | 社会服务,True,0.0,交通运输,0.0,0.0,,,,TYPE_D_MINOR
2019-01-11,0.95,0.95,0.0,0.9500000000000002,0.9500000000000002,0.0,True,True,0.9620840932899866,0.9620840932899866,True,True,医药生物 | 食品饮料 | 计算机 | 电子 | 社会服务,医药生物 | 食品饮料 | 计算机 | 电子 | 社会服务,True,0.0,交通运输,0.0,0.0,,,,TYPE_D_MINOR
2019-01-18,0.95,0.95,0.0,0.9499999999999998,0.9499999999999998,0.0,True,True,0.9633409879901336,0.9633409879901336,True,True,医药生物 | 计算机 | 食品饮料 | 社会服务 | 银行,医药生物 | 计算机 | 食品饮料 | 社会服务 | 银行,True,0.0,交通运输,0.0,0.0,,,,TYPE_D_MINOR
2019-01-25,0.95,0.95,0.0,0.9500000000000002,0.9500000000000002,0.0,True,True,0.95665126540016,0.95665126540016,True,True,医药生物 | 电子 | 食品饮料 | 银行 | 计算机,医药生物 | 电子 | 食品饮料 | 银行 | 计算机,True,0.0,交通运输,0.0,0.0,,,,TYPE_D_MINOR
2019-02-01,0.95,0.95,0.0,0.95,0.95,0.0,True,True,0.9543939527155524,0.9543939527155524,True,True,医药生物 | 银行 | 电子 | 食品饮料 | 计算机,医药生物 | 银行 | 电子 | 食品饮料 | 计算机,True,0.0,交通运输,0.0,0.0,,,,TYPE_D_MINOR
2019-02-15,0.95,0.95,0.0,0.95,0.95,0.0,True,True,0.9553775757649428,0.9553775757649428,True,True,医药生物 | 银行 | 食品饮料 | 电子 | 家用电器,医药生物 | 银行 | 食品饮料 | 电子 | 家用电器,True,0.0,交通运输,0.0,0.0,,,,TYPE_D_MINOR
2019-02-22,0.95,0.95,0.0,0.9499999999999998,0.9499999999999998,0.0,True,True,0.958888591901326,0.958888591901326,True,True,医药生物 | 银行 | 电子 | 食品饮料 | 家用电器,医药生物 | 银行 | 电子 | 食品饮料 | 家用电器,True,0.0,交通运输,0.0,0.0,,,,TYPE_D_MINOR
2019-03-01,0.95,0.95,0.0,0.95,0.95,0.0,True,True,0.9534338326127768,0.9534338326127768,True,True,医药生物 | 电子 | 建筑材料 | 银行 | 食品饮料,医药生物 | 电子 | 建筑材料 | 银行 | 食品饮料,True,0.0,交通运输,0.0,0.0,,,,TYPE_D_MINOR
2019-03-08,0.95,0.95,0.0,0.9454337838369096,0.9454337838369096,0.0,False,False,0.9491803700682224,0.9491803700682224,True,True,医药生物 | 电子 | 食品饮料 | 银行 | 建筑材料,医药生物 | 电子 | 食品饮料 | 银行 | 建筑材料,True,0.0,交通运输,0.0,0.0,,,,TYPE_D_MINOR
2019-03-15,0.95,0.95,0.0,0.9499999999999996,0.9499999999999996,0.0,True,True,0.938350010796178,0.938350010796178,True,True,医药生物 | 食品饮料 | 电子 | 家用电器 | 建筑材料,医药生物 | 食品饮料 | 电子 | 家用电器 | 建筑材料,True,0.0,交通运输,0.0,0.0,,,,TYPE_D_MINOR
2019-03-22,0.95,0.95,0.0,0.9500000000000002,0.9500000000000002,0.0,True,True,0.9387728870389468,0.9387728870389468,True,True,医药生物 | 电子 | 食品饮料 | 家用电器 | 银行,医药生物 | 电子 | 食品饮料 | 家用电器 | 银行,True,0.0,交通运输,0.0,0.0,,,,TYPE_D_MINOR
2019-03-29,0.95,0.95,0.0,0.95,0.95,0.0,True,True,0.943762836013537,0.943762836013537,True,True,医药生物 | 电子 | 食品饮料 | 家用电器 | 银行,医药生物 | 电子 | 食品饮料 | 家用电器 | 银行,True,0.0,交通运输,0.0,0.0,,,,TYPE_D_MINOR
2019-04-05,0.95,0.95,0.0,0.95,0.95,0.0,True,True,0.9435627371783456,0.9435627371783456,True,True,医药生物 | 电子 | 食品饮料 | 家用电器 | 银行,医药生物 | 电子 | 食品饮料 | 家用电器 | 银行,True,0.0,交通运输,0.0,0.0,,,,TYPE_D_MINOR
2019-04-12,0.95,0.95,0.0,0.95,0.95,0.0,True,True,0.94067962130323,0.94067962130323,True,True,医药生物 | 电子 | 基础化工 | 食品饮料 | 建筑材料,医药生物 | 电子 | 基础化工 | 食品饮料 | 建筑材料,True,0.0,交通运输,0.0,0.0,,,,TYPE_D_MINOR
2019-04-19,0.95,0.95,0.0,0.95,0.95,0.0,True,True,0.936188871018972,0.936188871018972,True,True,医药生物 | 基础化工 | 电子 | 食品饮料 | 家用电器,医药生物 | 基础化工 | 电子 | 食品饮料 | 家用电器,True,0.0,交通运输,0.0,0.0,,,,TYPE_D_MINOR
2019-04-26,0.95,0.95,0.0,0.9272706519547572,0.9272706519547572,0.0,False,False,0.929259381553776,0.929259381553776,True,True,医药生物 | 电子 | 食品饮料 | 建筑材料 | 银行,医药生物 | 电子 | 食品饮料 | 建筑材料 | 银行,True,0.0,交通运输,0.0,0.0,,,,TYPE_D_MINOR
2019-05-03,0.95,0.95,0.0,0.9403273718260634,0.9403273718260634,0.0,False,False,0.910477594030055,0.910477594030055,True,True,医药生物 | 银行 | 食品饮料 | 家用电器 | 建筑材料,医药生物 | 银行 | 食品饮料 | 家用电器 | 建筑材料,True,0.0,交通运输,0.0,0.0,,,,TYPE_D_MINOR
2019-05-10,0.95,0.95,0.0,0.9499999999999998,0.9499999999999998,0.0,True,True,0.9345715145346836,0.9345715145346836,True,True,医药生物 | 食品饮料 | 银行 | 建筑材料 | 家用电器,医药生物 | 食品饮料 | 银行 | 建筑材料 | 家用电器,True,0.0,交通运输,0.0,0.0,,,,TYPE_D_MINOR
2019-05-17,0.95,0.95,0.0,0.9500000000000004,0.9500000000000004,0.0,True,True,0.9385528246611852,0.9385528246611852,True,True,医药生物 | 银行 | 食品饮料 | 建筑材料 | 家用电器,医药生物 | 银行 | 食品饮料 | 建筑材料 | 家用电器,True,0.0,交通运输,0.0,0.0,,,,TYPE_D_MINOR
2019-05-24,0.95,0.95,0.0,0.9499999999999996,0.9499999999999996,0.0,True,True,0.9403954874994828,0.9403954874994828,True,True,医药生物 | 食品饮料 | 银行 | 建筑材料 | 家用电器,医药生物 | 食品饮料 | 银行 | 建筑材料 | 家用电器,True,0.0,交通运输,0.0,0.0,,,,TYPE_D_MINOR
2019-05-31,0.95,0.95,0.0,0.95,0.95,0.0,True,True,0.9392630471023564,0.9392630471023564,True,True,医药生物 | 食品饮料 | 银行 | 建筑材料 | 家用电器,医药生物 | 食品饮料 | 银行 | 建筑材料 | 家用电器,True,0.0,交通运输,0.0,0.0,,,,TYPE_D_MINOR
2019-06-07,0.95,0.95,0.0,0.9500000000000002,0.9500000000000002,0.0,True,True,0.9378592921895016,0.9378592921895016,True,True,医药生物 | 食品饮料 | 银行 | 建筑材料 | 家用电器,医药生物 | 食品饮料 | 银行 | 建筑材料 | 家用电器,True,0.0,交通运输,0.0,0.0,,,,TYPE_D_MINOR
2019-06-14,0.95,0.95,0.0,0.95,0.95,0.0,True,True,0.942453040488078,0.942453040488078,True,True,医药生物 | 食品饮料 | 银行 | 家用电器 | 建筑材料,医药生物 | 食品饮料 | 银行 | 家用电器 | 建筑材料,True,0.0,交通运输,0.0,0.0,,,,TYPE_D_MINOR
2019-06-21,0.95,0.95,0.0,0.95,0.95,0.0,True,True,0.9438586273275036,0.9438586273275036,True,True,医药生物 | 食品饮料 | 银行 | 家用电器 | 建筑材料,医药生物 | 食品饮料 | 银行 | 家用电器 | 建筑材料,True,0.0,交通运输,0.0,0.0,,,,TYPE_D_MINOR
2019-06-28,0.95,0.95,0.0,0.95,0.95,0.0,True,True,0.9420059007393128,0.9420059007393128,True,True,医药生物 | 食品饮料 | 银行 | 电子 | 家用电器,医药生物 | 食品饮料 | 银行 | 电子 | 家用电器,True,0.0,交通运输,0.0,0.0,,,,TYPE_D_MINOR
2019-07-05,0.95,0.95,0.0,0.9499999999999996,0.9499999999999996,0.0,True,True,0.9450389994428396,0.9450389994428396,True,True,医药生物 | 食品饮料 | 银行 | 家用电器 | 电子,医药生物 | 食品饮料 | 银行 | 家用电器 | 电子,True,0.0,交通运输,0.0,0.0,,,,TYPE_D_MINOR
2019-07-12,0.95,0.95,0.0,0.95,0.95,0.0,True,True,0.9446222342215717,0.9446222342215717,True,True,医药生物 | 食品饮料 | 银行 | 家用电器 | 建筑材料,医药生物 | 食品饮料 | 银行 | 家用电器 | 建筑材料,True,0.0,交通运输,0.0,0.0,,,,TYPE_D_MINOR
2019-07-19,0.95,0.95,0.0,0.95,0.95,0.0,True,True,0.9383617487230808,0.9383617487230808,True,True,医药生物 | 食品饮料 | 银行 | 建筑材料 | 家用电器,医药生物 | 食品饮料 | 银行 | 建筑材料 | 家用电器,True,0.0,交通运输,0.0,0.0,,,,TYPE_D_MINOR
2019-07-26,0.95,0.95,0.0,0.95,0.95,0.0,True,True,0.9345368614343688,0.9345368614343688,True,True,医药生物 | 食品饮料 | 银行 | 电子 | 家用电器,医药生物 | 食品饮料 | 银行 | 电子 | 家用电器,True,0.0,交通运输,0.0,0.0,,,,TYPE_D_MINOR
2019-08-02,0.95,0.95,0.0,0.95,0.95,0.0,True,True,0.9343033759031498,0.9343033759031498,True,True,医药生物 | 食品饮料 | 银行 | 家用电器 | 电子,医药生物 | 食品饮料 | 银行 | 家用电器 | 电子,True,0.0,交通运输,0.0,0.0,,,,TYPE_D_MINOR
2019-08-09,0.95,0.95,0.0,0.95,0.95,0.0,True,True,0.932476068419656,0.932476068419656,True,True,医药生物 | 食品饮料 | 电子 | 银行 | 社会服务,医药生物 | 食品饮料 | 电子 | 银行 | 社会服务,True,0.0,交通运输,0.0,0.0,,,,TYPE_D_MINOR
2019-08-16,0.95,0.95,0.0,0.95,0.95,0.0,True,True,0.93206333242487,0.93206333242487,True,True,医药生物 | 食品饮料 | 银行 | 电子 | 建筑材料,医药生物 | 食品饮料 | 银行 | 电子 | 建筑材料,True,0.0,交通运输,0.0,0.0,,,,TYPE_D_MINOR
2019-08-23,0.95,0.95,0.0,0.9499999999999998,0.9499999999999998,0.0,True,True,0.931687958248319,0.931687958248319,True,True,医药生物 | 食品饮料 | 电子 | 银行 | 家用电器,医药生物 | 食品饮料 | 电子 | 银行 | 家用电器,True,0.0,交通运输,0.0,0.0,,,,TYPE_D_MINOR
2019-08-30,0.95,0.95,0.0,0.95,0.95,0.0,True,True,0.934058574507144,0.934058574507144,True,True,医药生物 | 食品饮料 | 银行 | 家用电器 | 非银金融,医药生物 | 食品饮料 | 银行 | 家用电器 | 非银金融,True,0.0,交通运输,0.0,0.0,,,,TYPE_D_MINOR
2019-09-06,0.95,0.95,0.0,0.9463109877514092,0.9463109877514092,0.0,False,False,0.9366529993103604,0.9366529993103604,True,True,食品饮料 | 医药生物 | 银行 | 电子 | 家用电器,食品饮料 | 医药生物 | 银行 | 电子 | 家用电器,True,0.0,交通运输,0.0,0.0,,,,TYPE_D_MINOR
2019-09-13,0.95,0.95,0.0,0.9421916751892256,0.9421916751892256,0.0,False,False,0.9330108506032836,0.9330108506032836,True,True,食品饮料 | 医药生物 | 银行 | 电子 | 计算机,食品饮料 | 医药生物 | 银行 | 电子 | 计算机,True,0.0,交通运输,0.0,0.0,,,,TYPE_D_MINOR
2019-09-20,0.95,0.95,0.0,0.9247690479893872,0.9247690479893872,0.0,False,False,0.9310769165052516,0.9310769165052516,True,True,食品饮料 | 医药生物 | 银行 | 计算机 | 电子,食品饮料 | 医药生物 | 银行 | 计算机 | 电子,True,0.0,交通运输,0.0,0.0,,,,TYPE_D_MINOR
2019-09-27,0.95,0.95,0.0,0.9344625637949164,0.9344625637949164,0.0,False,False,0.929286652443282,0.929286652443282,True,True,食品饮料 | 医药生物 | 银行 | 计算机 | 电子,食品饮料 | 医药生物 | 银行 | 计算机 | 电子,True,0.0,交通运输,0.0,0.0,,,,TYPE_D_MINOR
2019-10-04,0.95,0.95,0.0,0.9336758555087048,0.9336758555087048,0.0,False,False,0.9313710554933023,0.9313710554933023,True,True,食品饮料 | 医药生物 | 计算机 | 银行 | 电子,食品饮料 | 医药生物 | 计算机 | 银行 | 电子,True,0.0,交通运输,0.0135184210371815,0.0135184210371815,,,,TYPE_D_MINOR
2019-10-11,0.95,0.95,0.0,0.9233001333146852,0.9233001333146852,0.0,False,False,0.931135977140588,0.931135977140588,True,True,食品饮料 | 医药生物 | 交通运输 | 电子 | 计算机,食品饮料 | 医药生物 | 交通运输 | 电子 | 计算机,True,0.0,交通运输,0.1151676294470487,0.1151676294470487,,,,TYPE_D_MINOR
2019-10-18,0.95,0.95,0.0,0.9013598700735216,0.9013598700735216,0.0,False,False,0.9274231404364348,0.9274231404364348,True,True,食品饮料 | 医药生物 | 交通运输 | 非银金融 | 电子,食品饮料 | 医药生物 | 交通运输 | 非银金融 | 电子,True,0.0,交通运输,0.1121989339072572,0.1121989339072572,,,,TYPE_D_MINOR
2019-10-25,0.95,0.95,0.0,0.8972646830748,0.8972646830748,0.0,False,False,0.9270281885161088,0.9270281885161088,True,True,食品饮料 | 医药生物 | 非银金融 | 交通运输 | 电子,食品饮料 | 医药生物 | 非银金融 | 交通运输 | 电子,True,0.0,交通运输,0.1072260693988992,0.1072260693988992,,,,TYPE_D_MINOR
2019-11-01,0.95,0.95,0.0,0.9131828156654548,0.9131828156654548,0.0,False,False,0.9281595118709448,0.9281595118709448,True,True,医药生物 | 食品饮料 | 非银金融 | 电子 | 家用电器,医药生物 | 食品饮料 | 非银金融 | 电子 | 家用电器,True,0.0,交通运输,0.0994867149510038,0.0994867149510038,,,,TYPE_D_MINOR
2019-11-08,0.95,0.95,0.0,0.915450082892562,0.915450082892562,0.0,False,False,0.922562713889579,0.922562713889579,True,True,医药生物 | 食品饮料 | 非银金融 | 电子 | 家用电器,医药生物 | 食品饮料 | 非银金融 | 电子 | 家用电器,True,0.0,交通运输,0.07865518299488,0.07865518299488,,,,TYPE_D_MINOR
2019-11-15,0.95,0.95,0.0,0.9048828578063411,0.9048828578063411,0.0,False,False,0.9230266218219444,0.9230266218219444,True,True,医药生物 | 食品饮料 | 非银金融 | 电子 | 家用电器,医药生物 | 食品饮料 | 非银金融 | 电子 | 家用电器,True,0.0,交通运输,0.0477429298367795,0.0477429298367795,,,,TYPE_D_MINOR
2019-11-22,0.95,0.95,0.0,0.8950520930092879,0.8950520930092879,0.0,False,False,0.9286012386963504,0.9286012386963504,True,True,医药生物 | 食品饮料 | 电子 | 非银金融 | 家用电器,医药生物 | 食品饮料 | 电子 | 非银金融 | 家用电器,True,0.0,交通运输,0.0289224019596182,0.0289224019596182,,,,TYPE_D_MINOR
2019-11-29,0.95,0.95,0.0,0.92316471113474,0.92316471113474,0.0,False,False,0.9242076648429752,0.9242076648429752,True,True,医药生物 | 食品饮料 | 非银金融 | 电子 | 家用电器,医药生物 | 食品饮料 | 非银金融 | 电子 | 家用电器,True,0.0,交通运输,0.0755385654246163,0.0755385654246163,,,,TYPE_D_MINOR
2019-12-06,0.95,0.95,0.0,0.9371961752016876,0.9371961752016876,0.0,False,False,0.9226305478089922,0.9226305478089922,True,True,食品饮料 | 医药生物 | 电子 | 非银金融 | 家用电器,食品饮料 | 医药生物 | 电子 | 非银金融 | 家用电器,True,0.0,交通运输,0.089799648456749,0.089799648456749,,,,TYPE_D_MINOR
2019-12-13,0.95,0.95,0.0,0.9136511872465284,0.9136511872465284,0.0,False,False,0.9085818830830424,0.9085818830830424,True,True,食品饮料 | 医药生物 | 电子 | 家用电器 | 交通运输,食品饮料 | 医药生物 | 电子 | 家用电器 | 交通运输,True,0.0,交通运输,0.0905075066037587,0.0905075066037587,,,,TYPE_D_MINOR
2019-12-20,0.95,0.95,0.0,0.8865704875967444,0.8865704875967444,0.0,False,False,0.9052725262113788,0.9052725262113788,True,True,食品饮料 | 医药生物 | 电子 | 家用电器 | 交通运输,食品饮料 | 医药生物 | 电子 | 家用电器 | 交通运输,True,0.0,交通运输,0.0784068706713201,0.0784068706713201,,,,TYPE_D_MINOR
2019-12-27,0.95,0.95,0.0,0.8651381104307558,0.8651381104307558,0.0,False,False,0.8939823794805605,0.8939823794805605,True,True,食品饮料 | 医药生物 | 电子 | 家用电器 | 交通运输,食品饮料 | 医药生物 | 电子 | 家用电器 | 交通运输,True,0.0,交通运输,0.0746461505163503,0.0746461505163503,,,,TYPE_D_MINOR
2020-01-03,0.95,0.95,0.0,0.8775705703005187,0.8775705703005187,0.0,False,False,0.8936385910566946,0.8936385910566946,True,True,食品饮料 | 医药生物 | 电子 | 家用电器 | 汽车,食品饮料 | 医药生物 | 电子 | 家用电器 | 汽车,True,0.0,交通运输,0.0268492881470694,0.0268492881470694,,,,TYPE_D_MINOR
2020-01-10,0.95,0.95,0.0,0.8879654407188734,0.8879654407188734,0.0,False,False,0.8981567571257772,0.8981567571257772,True,True,食品饮料 | 医药生物 | 家用电器 | 电子 | 传媒,食品饮料 | 医药生物 | 家用电器 | 电子 | 传媒,True,0.0,交通运输,0.0,0.0,,,,TYPE_D_MINOR
2020-01-17,0.95,0.95,0.0,0.9091549671534772,0.9091549671534772,0.0,False,False,0.8944508869484799,0.8944508869484799,True,True,食品饮料 | 医药生物 | 家用电器 | 电子 | 汽车,食品饮料 | 医药生物 | 家用电器 | 电子 | 汽车,True,0.0,交通运输,0.0,0.0,,,,TYPE_D_MINOR
2020-01-24,0.95,0.95,0.0,0.9500000000000002,0.9500000000000002,0.0,True,True,0.917361323615467,0.917361323615467,True,True,食品饮料 | 医药生物 | 电子 | 家用电器 | 汽车,食品饮料 | 医药生物 | 电子 | 家用电器 | 汽车,True,0.0,交通运输,0.0,0.0,,,,TYPE_D_MINOR
2020-02-07,0.95,0.95,0.0,0.9500000000000002,0.9500000000000002,0.0,True,True,0.9469065785923976,0.9469065785923976,True,True,家用电器 | 电子 | 食品饮料 | 医药生物 | 银行,家用电器 | 电子 | 食品饮料 | 医药生物 | 银行,True,0.0,交通运输,0.0,0.0,,,,TYPE_D_MINOR
2020-02-14,0.95,0.95,0.0,0.95,0.95,0.0,True,True,0.9461626969461427,0.9461626969461427,True,True,电子 | 家用电器 | 食品饮料 | 医药生物 | 银行,电子 | 家用电器 | 食品饮料 | 医药生物 | 银行,True,0.0,交通运输,0.0,0.0,,,,TYPE_D_MINOR
2020-02-21,0.95,0.95,0.0,0.95,0.95,0.0,True,True,0.947038646755131,0.947038646755131,True,True,电子 | 家用电器 | 食品饮料 | 医药生物 | 银行,电子 | 家用电器 | 食品饮料 | 医药生物 | 银行,True,0.0,交通运输,0.0,0.0,,,,TYPE_D_MINOR
2020-02-28,0.95,0.95,0.0,0.95,0.95,0.0,True,True,0.9484792144188624,0.9484792144188624,True,True,电子 | 食品饮料 | 家用电器 | 医药生物 | 银行,电子 | 食品饮料 | 家用电器 | 医药生物 | 银行,True,0.0,交通运输,0.0,0.0,,,,TYPE_D_MINOR
2020-03-06,0.95,0.95,0.0,0.9468455385906732,0.9468455385906732,0.0,False,False,0.947220139267309,0.947220139267309,True,True,电子 | 食品饮料 | 医药生物 | 家用电器 | 建筑材料,电子 | 食品饮料 | 医药生物 | 家用电器 | 建筑材料,True,0.0,交通运输,0.0,0.0,,,,TYPE_D_MINOR
2020-03-13,0.95,0.95,0.0,0.9499999999999998,0.9499999999999998,0.0,True,True,0.9557891968652358,0.9557891968652358,True,True,电子 | 医药生物 | 食品饮料 | 家用电器 | 建筑材料,电子 | 医药生物 | 食品饮料 | 家用电器 | 建筑材料,True,0.0,交通运输,0.0,0.0,,,,TYPE_D_MINOR
2020-03-20,0.95,0.95,0.0,0.95,0.95,0.0,True,True,0.9556964420074928,0.9556964420074928,True,True,电子 | 医药生物 | 食品饮料 | 建筑材料 | 家用电器,电子 | 医药生物 | 食品饮料 | 建筑材料 | 家用电器,True,0.0,交通运输,0.0,0.0,,,,TYPE_D_MINOR
2020-03-27,0.95,0.95,0.0,0.9499999999999996,0.9499999999999996,0.0,True,True,0.9618081482128978,0.9618081482128978,True,True,电子 | 医药生物 | 食品饮料 | 建筑材料 | 家用电器,电子 | 医药生物 | 食品饮料 | 建筑材料 | 家用电器,True,0.0,交通运输,0.0,0.0,,,,TYPE_D_MINOR
2020-04-03,0.95,0.95,0.0,0.95,0.95,0.0,True,True,0.9617393425453464,0.9617393425453464,True,True,电子 | 医药生物 | 食品饮料 | 建筑材料 | 家用电器,电子 | 医药生物 | 食品饮料 | 建筑材料 | 家用电器,True,0.0,交通运输,0.0,0.0,,,,TYPE_D_MINOR
2020-04-10,0.95,0.95,0.0,0.9499999999999998,0.9499999999999998,0.0,True,True,0.9622078264149332,0.9622078264149332,True,True,电子 | 医药生物 | 食品饮料 | 建筑材料 | 家用电器,电子 | 医药生物 | 食品饮料 | 建筑材料 | 家用电器,True,0.0,交通运输,0.0,0.0,,,,TYPE_D_MINOR
2020-04-17,0.95,0.95,0.0,0.95,0.95,0.0,True,True,0.9587580374433337,0.9587580374433337,True,True,电子 | 医药生物 | 食品饮料 | 家用电器 | 建筑材料,电子 | 医药生物 | 食品饮料 | 家用电器 | 建筑材料,True,0.0,交通运输,0.0,0.0,,,,TYPE_D_MINOR
2020-04-24,0.95,0.95,0.0,0.9499999999999998,0.9499999999999998,0.0,True,True,0.9567498895648452,0.9567498895648452,True,True,食品饮料 | 电子 | 医药生物 | 家用电器 | 建筑材料,食品饮料 | 电子 | 医药生物 | 家用电器 | 建筑材料,True,0.0,交通运输,0.0,0.0,,,,TYPE_D_MINOR
2020-05-01,0.95,0.95,0.0,0.9499999999999998,0.9499999999999998,0.0,True,True,0.954138722326384,0.954138722326384,True,True,食品饮料 | 电子 | 医药生物 | 建筑材料 | 家用电器,食品饮料 | 电子 | 医药生物 | 建筑材料 | 家用电器,True,0.0,交通运输,0.0,0.0,,,,TYPE_D_MINOR
2020-05-08,0.95,0.95,0.0,0.95,0.95,0.0,True,True,0.952853515351626,0.952853515351626,True,True,食品饮料 | 电子 | 医药生物 | 建筑材料 | 家用电器,食品饮料 | 电子 | 医药生物 | 建筑材料 | 家用电器,True,0.0,交通运输,0.0,0.0,,,,TYPE_D_MINOR
2020-05-15,0.95,0.95,0.0,0.9499999999999998,0.9499999999999998,0.0,True,True,0.9531072290213732,0.9531072290213732,True,True,食品饮料 | 电子 | 医药生物 | 建筑材料 | 家用电器,食品饮料 | 电子 | 医药生物 | 建筑材料 | 家用电器,True,0.0,交通运输,0.0,0.0,,,,TYPE_D_MINOR
2020-05-22,0.95,0.95,0.0,0.9500000000000002,0.9500000000000002,0.0,True,True,0.9500906206667882,0.9500906206667882,True,True,食品饮料 | 医药生物 | 电子 | 建筑材料 | 家用电器,食品饮料 | 医药生物 | 电子 | 建筑材料 | 家用电器,True,0.0,交通运输,0.0,0.0,,,,TYPE_D_MINOR
2020-05-29,0.95,0.95,0.0,0.95,0.95,0.0,True,True,0.9521274863877192,0.9521274863877192,True,True,食品饮料 | 医药生物 | 电子 | 建筑材料 | 家用电器,食品饮料 | 医药生物 | 电子 | 建筑材料 | 家用电器,True,0.0,交通运输,0.0,0.0,,,,TYPE_D_MINOR
2020-06-05,0.95,0.95,0.0,0.95,0.95,0.0,True,True,0.9495614456498808,0.9495614456498808,True,True,食品饮料 | 电子 | 医药生物 | 建筑材料 | 家用电器,食品饮料 | 电子 | 医药生物 | 建筑材料 | 家用电器,True,0.0,交通运输,0.0,0.0,,,,TYPE_D_MINOR
2020-06-12,0.95,0.95,0.0,0.95,0.95,0.0,True,True,0.9499831842633564,0.9499831842633564,True,True,食品饮料 | 电子 | 医药生物 | 建筑材料 | 家用电器,食品饮料 | 电子 | 医药生物 | 建筑材料 | 家用电器,True,0.0,交通运输,0.0,0.0,,,,TYPE_D_MINOR
2020-06-19,0.95,0.95,0.0,0.95,0.95,0.0,True,True,0.9494354425698474,0.9494354425698474,True,True,食品饮料 | 电子 | 医药生物 | 建筑材料 | 家用电器,食品饮料 | 电子 | 医药生物 | 建筑材料 | 家用电器,True,0.0,交通运输,0.0,0.0,,,,TYPE_D_MINOR
2020-06-26,0.95,0.95,0.0,0.95,0.95,0.0,True,True,0.9426945758324514,0.9426945758324514,True,True,食品饮料 | 电子 | 医药生物 | 建筑材料 | 家用电器,食品饮料 | 电子 | 医药生物 | 建筑材料 | 家用电器,True,0.0,交通运输,0.0,0.0,,,,TYPE_D_MINOR
2020-07-03,0.95,0.95,0.0,0.9499999999999996,0.9499999999999996,0.0,True,True,0.9407457447047392,0.9407457447047392,True,True,食品饮料 | 电子 | 医药生物 | 家用电器 | 建筑材料,食品饮料 | 电子 | 医药生物 | 家用电器 | 建筑材料,True,0.0,交通运输,0.0,0.0,,,,TYPE_D_MINOR
2020-07-10,0.95,0.95,0.0,0.9499999999999998,0.9499999999999998,0.0,True,True,0.9460486328862928,0.9460486328862928,True,True,食品饮料 | 电子 | 医药生物 | 建筑材料 | 家用电器,食品饮料 | 电子 | 医药生物 | 建筑材料 | 家用电器,True,0.0,交通运输,0.0,0.0,,,,TYPE_D_MINOR
2020-07-17,0.95,0.95,0.0,0.9095823500304752,0.9095823500304752,0.0,False,False,0.954608832649754,0.954608832649754,True,True,食品饮料 | 医药生物 | 电子 | 家用电器 | 建筑材料,食品饮料 | 医药生物 | 电子 | 家用电器 | 建筑材料,True,0.0,交通运输,0.0,0.0,,,,TYPE_D_MINOR
2020-07-24,0.95,0.95,0.0,0.9167218297215308,0.9167218297215308,0.0,False,False,0.9573631472281144,0.9573631472281144,True,True,食品饮料 | 医药生物 | 电子 | 家用电器 | 建筑材料,食品饮料 | 医药生物 | 电子 | 家用电器 | 建筑材料,True,0.0,交通运输,0.0,0.0,,,,TYPE_D_MINOR
2020-07-31,0.95,0.95,0.0,0.9289905401373976,0.9289905401373976,0.0,False,False,0.9563855749451688,0.9563855749451688,True,True,食品饮料 | 医药生物 | 家用电器 | 电子 | 计算机,食品饮料 | 医药生物 | 家用电器 | 电子 | 计算机,True,0.0,交通运输,0.0,0.0,,,,TYPE_D_MINOR
2020-08-07,0.95,0.95,0.0,0.9123477233023646,0.9123477233023646,0.0,False,False,0.9477756072514324,0.9477756072514324,True,True,食品饮料 | 医药生物 | 家用电器 | 电子 | 计算机,食品饮料 | 医药生物 | 家用电器 | 电子 | 计算机,True,0.0,交通运输,0.0,0.0,,,,TYPE_D_MINOR
2020-08-14,0.95,0.95,0.0,0.919655243797484,0.919655243797484,0.0,False,False,0.9438085487928416,0.9438085487928416,True,True,医药生物 | 食品饮料 | 家用电器 | 电子 | 建筑材料,医药生物 | 食品饮料 | 家用电器 | 电子 | 建筑材料,True,0.0,交通运输,0.0,0.0,,,,TYPE_D_MINOR
2020-08-21,0.95,0.95,0.0,0.9343009011020332,0.9343009011020332,0.0,False,False,0.9378089153800644,0.9378089153800644,True,True,食品饮料 | 医药生物 | 家用电器 | 电子 | 建筑材料,食品饮料 | 医药生物 | 家用电器 | 电子 | 建筑材料,True,0.0,交通运输,0.0,0.0,,,,TYPE_D_MINOR
2020-08-28,0.95,0.95,0.0,0.9476291971481638,0.9476291971481638,0.0,False,False,0.9352632694688392,0.9352632694688392,True,True,食品饮料 | 医药生物 | 家用电器 | 电子 | 建筑材料,食品饮料 | 医药生物 | 家用电器 | 电子 | 建筑材料,True,0.0,交通运输,0.0,0.0,,,,TYPE_D_MINOR
2020-09-04,0.95,0.95,0.0,0.94712507685669,0.94712507685669,0.0,False,False,0.9311048020815272,0.9311048020815272,True,True,医药生物 | 食品饮料 | 家用电器 | 电子 | 建筑材料,医药生物 | 食品饮料 | 家用电器 | 电子 | 建筑材料,True,0.0,交通运输,0.0,0.0,,,,TYPE_D_MINOR
2020-09-11,0.95,0.95,0.0,0.9428838583147412,0.9428838583147412,0.0,False,False,0.9374583326836968,0.9374583326836968,True,True,医药生物 | 食品饮料 | 家用电器 | 电子 | 有色金属,医药生物 | 食品饮料 | 家用电器 | 电子 | 有色金属,True,0.0,交通运输,0.0,0.0,,,,TYPE_D_MINOR
2020-09-18,0.95,0.95,0.0,0.95,0.95,0.0,True,True,0.9352572091927216,0.9352572091927216,True,True,医药生物 | 食品饮料 | 家用电器 | 电子 | 建筑材料,医药生物 | 食品饮料 | 家用电器 | 电子 | 建筑材料,True,0.0,交通运输,0.0,0.0,,,,TYPE_D_MINOR
2020-09-25,0.95,0.95,0.0,0.95,0.95,0.0,True,True,0.9389192592356036,0.9389192592356036,True,True,医药生物 | 食品饮料 | 家用电器 | 电子 | 有色金属,医药生物 | 食品饮料 | 家用电器 | 电子 | 有色金属,True,0.0,交通运输,0.0,0.0,,,,TYPE_D_MINOR
2020-10-02,0.95,0.95,0.0,0.95,0.95,0.0,True,True,0.9368492704902794,0.9368492704902794,True,True,医药生物 | 食品饮料 | 家用电器 | 电子 | 有色金属,医药生物 | 食品饮料 | 家用电器 | 电子 | 有色金属,True,0.0,交通运输,0.0,0.0,,,,TYPE_D_MINOR
2020-10-09,0.95,0.95,0.0,0.95,0.95,0.0,True,True,0.9362871015795844,0.9362871015795844,True,True,医药生物 | 食品饮料 | 家用电器 | 电子 | 建筑材料,医药生物 | 食品饮料 | 家用电器 | 电子 | 建筑材料,True,0.0,交通运输,0.0,0.0,,,,TYPE_D_MINOR
2020-10-16,0.95,0.95,0.0,0.95,0.95,0.0,True,True,0.9382832037517068,0.9382832037517068,True,True,医药生物 | 食品饮料 | 家用电器 | 电子 | 建筑材料,医药生物 | 食品饮料 | 家用电器 | 电子 | 建筑材料,True,0.0,交通运输,0.0097070162068283,0.0097070162068283,,,,TYPE_D_MINOR
2020-10-23,0.95,0.95,0.0,0.9499999999999998,0.9499999999999998,0.0,True,True,0.93187473910185,0.93187473910185,True,True,医药生物 | 食品饮料 | 家用电器 | 建筑材料 | 电子,医药生物 | 食品饮料 | 家用电器 | 建筑材料 | 电子,True,0.0,交通运输,0.0376461806028747,0.0376461806028747,,,,TYPE_D_MINOR
2020-10-30,0.95,0.95,0.0,0.95,0.95,0.0,True,True,0.935603836994065,0.935603836994065,True,True,医药生物 | 食品饮料 | 家用电器 | 建筑材料 | 电子,医药生物 | 食品饮料 | 家用电器 | 建筑材料 | 电子,True,0.0,交通运输,0.0553649279293145,0.0553649279293145,,,,TYPE_D_MINOR
2020-11-06,0.95,0.95,0.0,0.95,0.95,0.0,True,True,0.9256233576449244,0.9256233576449244,True,True,医药生物 | 食品饮料 | 建筑材料 | 电力设备 | 家用电器,医药生物 | 食品饮料 | 建筑材料 | 电力设备 | 家用电器,True,0.0,交通运输,0.0,0.0,,,,TYPE_D_MINOR
2020-11-13,0.95,0.95,0.0,0.95,0.95,0.0,True,True,0.9251417428237036,0.9251417428237036,True,True,医药生物 | 食品饮料 | 家用电器 | 电力设备 | 农林牧渔,医药生物 | 食品饮料 | 家用电器 | 电力设备 | 农林牧渔,True,0.0,交通运输,0.0,0.0,,,,TYPE_D_MINOR
2020-11-20,0.95,0.95,0.0,0.95,0.95,0.0,True,True,0.9259805859747244,0.9259805859747244,True,True,医药生物 | 食品饮料 | 电力设备 | 家用电器 | 农林牧渔,医药生物 | 食品饮料 | 电力设备 | 家用电器 | 农林牧渔,True,0.0,交通运输,0.0,0.0,,,,TYPE_D_MINOR
2020-11-27,0.95,0.95,0.0,0.9499999999999996,0.9499999999999996,0.0,True,True,0.928589535420685,0.928589535420685,True,True,医药生物 | 食品饮料 | 电力设备 | 家用电器 | 有色金属,医药生物 | 食品饮料 | 电力设备 | 家用电器 | 有色金属,True,0.0,交通运输,0.0,0.0,,,,TYPE_D_MINOR
2020-12-04,0.95,0.95,0.0,0.95,0.95,0.0,True,True,0.9264749754578112,0.9264749754578112,True,True,医药生物 | 食品饮料 | 家用电器 | 电力设备 | 有色金属,医药生物 | 食品饮料 | 家用电器 | 电力设备 | 有色金属,True,0.0,交通运输,0.0,0.0,,,,TYPE_D_MINOR
2020-12-11,0.95,0.95,0.0,0.9499999999999996,0.9499999999999996,0.0,True,True,0.9269676947353014,0.9269676947353014,True,True,医药生物 | 食品饮料 | 电力设备 | 家用电器 | 有色金属,医药生物 | 食品饮料 | 电力设备 | 家用电器 | 有色金属,True,0.0,交通运输,0.0,0.0,,,,TYPE_D_MINOR
2020-12-18,0.95,0.95,0.0,0.95,0.95,0.0,True,True,0.9279697225312764,0.9279697225312764,True,True,医药生物 | 食品饮料 | 电力设备 | 家用电器 | 建筑材料,医药生物 | 食品饮料 | 电力设备 | 家用电器 | 建筑材料,True,0.0,交通运输,0.0,0.0,,,,TYPE_D_MINOR
2020-12-25,0.95,0.95,0.0,0.95,0.95,0.0,True,True,0.9277705164323528,0.9277705164323528,True,True,医药生物 | 食品饮料 | 电力设备 | 家用电器 | 建筑材料,医药生物 | 食品饮料 | 电力设备 | 家用电器 | 建筑材料,True,0.0,交通运输,0.0,0.0,,,,TYPE_D_MINOR
2021-01-01,0.95,0.95,0.0,0.9500000000000002,0.9500000000000002,0.0,True,True,0.927028938873837,0.927028938873837,True,True,医药生物 | 食品饮料 | 建筑材料 | 电力设备 | 农林牧渔,医药生物 | 食品饮料 | 建筑材料 | 电力设备 | 农林牧渔,True,0.0,交通运输,0.0,0.0,,,,TYPE_D_MINOR
2021-01-08,0.95,0.95,0.0,0.95,0.95,0.0,True,True,0.9171953943889228,0.9171953943889228,True,True,医药生物 | 食品饮料 | 银行 | 电力设备 | 家用电器,医药生物 | 食品饮料 | 银行 | 电力设备 | 家用电器,True,0.0,交通运输,0.0,0.0,,,,TYPE_D_MINOR
2021-01-15,0.95,0.95,0.0,0.95,0.95,0.0,True,True,0.9173762914199516,0.9173762914199516,True,True,医药生物 | 食品饮料 | 银行 | 建筑材料 | 电力设备,医药生物 | 食品饮料 | 银行 | 建筑材料 | 电力设备,True,0.0,交通运输,0.0,0.0,,,,TYPE_D_MINOR
2021-01-22,0.95,0.95,0.0,0.95,0.95,0.0,True,True,0.9135684102805596,0.9135684102805596,True,True,医药生物 | 食品饮料 | 银行 | 电子 | 电力设备,医药生物 | 食品饮料 | 银行 | 电子 | 电力设备,True,0.0,交通运输,0.0,0.0,,,,TYPE_D_MINOR
2021-01-29,0.95,0.95,0.0,0.95,0.95,0.0,True,True,0.927564361886234,0.927564361886234,True,True,医药生物 | 食品饮料 | 银行 | 基础化工 | 电子,医药生物 | 食品饮料 | 银行 | 基础化工 | 电子,True,0.0,交通运输,0.0,0.0,,,,TYPE_D_MINOR
2021-02-05,0.95,0.95,0.0,0.95,0.95,0.0,True,True,0.9224104769582286,0.9224104769582286,True,True,医药生物 | 基础化工 | 食品饮料 | 银行 | 家用电器,医药生物 | 基础化工 | 食品饮料 | 银行 | 家用电器,True,0.0,交通运输,0.0,0.0,,,,TYPE_D_MINOR
2021-02-12,0.95,0.95,0.0,0.9499999999999998,0.9499999999999998,0.0,True,True,0.926040392141056,0.926040392141056,True,True,医药生物 | 基础化工 | 食品饮料 | 银行 | 社会服务,医药生物 | 基础化工 | 食品饮料 | 银行 | 社会服务,True,0.0,交通运输,0.0,0.0,,,,TYPE_D_MINOR
2021-02-19,0.95,0.95,0.0,0.95,0.95,0.0,True,True,0.9175299864404476,0.9175299864404476,True,True,医药生物 | 基础化工 | 银行 | 食品饮料 | 社会服务,医药生物 | 基础化工 | 银行 | 食品饮料 | 社会服务,True,0.0,交通运输,0.0,0.0,,,,TYPE_D_MINOR
2021-02-26,0.95,0.95,0.0,0.9500000000000002,0.9500000000000002,0.0,True,True,0.9314874188394264,0.9314874188394264,True,True,医药生物 | 基础化工 | 银行 | 食品饮料 | 社会服务,医药生物 | 基础化工 | 银行 | 食品饮料 | 社会服务,True,0.0,交通运输,0.0,0.0,,,,TYPE_D_MINOR
2021-03-05,0.95,0.95,0.0,0.9499999999999998,0.9499999999999998,0.0,True,True,0.9418688739544524,0.9418688739544524,True,True,医药生物 | 基础化工 | 食品饮料 | 银行 | 社会服务,医药生物 | 基础化工 | 食品饮料 | 银行 | 社会服务,True,0.0,交通运输,0.0,0.0,,,,TYPE_D_MINOR
2021-03-12,0.95,0.95,0.0,0.9500000000000002,0.9500000000000002,0.0,True,True,0.9455109972585176,0.9455109972585176,True,True,医药生物 | 基础化工 | 银行 | 食品饮料 | 社会服务,医药生物 | 基础化工 | 银行 | 食品饮料 | 社会服务,True,0.0,交通运输,0.0,0.0,,,,TYPE_D_MINOR
2021-03-19,0.95,0.95,0.0,0.95,0.95,0.0,True,True,0.9515468015932834,0.9515468015932834,True,True,医药生物 | 基础化工 | 食品饮料 | 银行 | 电力设备,医药生物 | 基础化工 | 食品饮料 | 银行 | 电力设备,True,0.0,交通运输,0.0,0.0,,,,TYPE_D_MINOR
2021-03-26,0.95,0.95,0.0,0.95,0.95,0.0,True,True,0.9480427385431364,0.9480427385431364,True,True,医药生物 | 基础化工 | 食品饮料 | 银行 | 电子,医药生物 | 基础化工 | 食品饮料 | 银行 | 电子,True,0.0,交通运输,0.0,0.0,,,,TYPE_D_MINOR
2021-04-02,0.95,0.95,0.0,0.9499999999999996,0.9499999999999996,0.0,True,True,0.9489308383531954,0.9489308383531954,True,True,医药生物 | 基础化工 | 食品饮料 | 银行 | 电子,医药生物 | 基础化工 | 食品饮料 | 银行 | 电子,True,0.0,交通运输,0.0,0.0,,,,TYPE_D_MINOR
2021-04-09,0.95,0.95,0.0,0.9499999999999998,0.9499999999999998,0.0,True,True,0.9489615909929862,0.9489615909929862,True,True,医药生物 | 基础化工 | 食品饮料 | 银行 | 电子,医药生物 | 基础化工 | 食品饮料 | 银行 | 电子,True,0.0,交通运输,0.0,0.0,,,,TYPE_D_MINOR
2021-04-16,0.95,0.95,0.0,0.9500000000000002,0.9500000000000002,0.0,True,True,0.9496880388794876,0.9496880388794876,True,True,医药生物 | 基础化工 | 食品饮料 | 银行 | 电子,医药生物 | 基础化工 | 食品饮料 | 银行 | 电子,True,0.0,交通运输,0.0,0.0,,,,TYPE_D_MINOR
2021-04-23,0.95,0.95,0.0,0.95,0.95,0.0,True,True,0.9513202005913524,0.9513202005913524,True,True,医药生物 | 基础化工 | 食品饮料 | 银行 | 电子,医药生物 | 基础化工 | 食品饮料 | 银行 | 电子,True,0.0,交通运输,0.0,0.0,,,,TYPE_D_MINOR
2021-04-30,0.95,0.95,0.0,0.95,0.95,0.0,True,True,0.9525998171472004,0.9525998171472004,True,True,医药生物 | 基础化工 | 食品饮料 | 银行 | 电子,医药生物 | 基础化工 | 食品饮料 | 银行 | 电子,True,0.0,交通运输,0.0,0.0,,,,TYPE_D_MINOR
2021-05-07,0.95,0.95,0.0,0.95,0.95,0.0,True,True,0.9539084433015882,0.9539084433015882,True,True,医药生物 | 食品饮料 | 基础化工 | 电子 | 银行,医药生物 | 食品饮料 | 基础化工 | 电子 | 银行,True,0.0,交通运输,0.0,0.0,,,,TYPE_D_MINOR
2021-05-14,0.95,0.95,0.0,0.95,0.95,0.0,True,True,0.9499569315584384,0.9499569315584384,True,True,医药生物 | 食品饮料 | 基础化工 | 电子 | 银行,医药生物 | 食品饮料 | 基础化工 | 电子 | 银行,True,0.0,交通运输,0.0,0.0,,,,TYPE_D_MINOR
2021-05-21,0.95,0.95,0.0,0.95,0.95,0.0,True,True,0.9468560092304056,0.9468560092304056,True,True,医药生物 | 食品饮料 | 电子 | 银行 | 基础化工,医药生物 | 食品饮料 | 电子 | 银行 | 基础化工,True,0.0,交通运输,0.0,0.0,,,,TYPE_D_MINOR
2021-05-28,0.95,0.95,0.0,0.9499999999999998,0.9499999999999998,0.0,True,True,0.947457071561952,0.947457071561952,True,True,医药生物 | 电子 | 食品饮料 | 银行 | 基础化工,医药生物 | 电子 | 食品饮料 | 银行 | 基础化工,True,0.0,交通运输,0.0,0.0,,,,TYPE_D_MINOR
2021-06-04,0.95,0.95,0.0,0.95,0.95,0.0,True,True,0.9467649342666328,0.9467649342666328,True,True,医药生物 | 食品饮料 | 电子 | 银行 | 基础化工,医药生物 | 食品饮料 | 电子 | 银行 | 基础化工,True,0.0,交通运输,0.0,0.0,,,,TYPE_D_MINOR
2021-06-11,0.95,0.95,0.0,0.9500000000000002,0.9500000000000002,0.0,True,True,0.9412353324779462,0.9412353324779462,True,True,医药生物 | 食品饮料 | 电子 | 基础化工 | 银行,医药生物 | 食品饮料 | 电子 | 基础化工 | 银行,True,0.0,交通运输,0.0,0.0,,,,TYPE_D_MINOR
2021-06-18,0.95,0.95,0.0,0.95,0.95,0.0,True,True,0.9391658539846895,0.9391658539846895,True,True,医药生物 | 食品饮料 | 电子 | 基础化工 | 银行,医药生物 | 食品饮料 | 电子 | 基础化工 | 银行,True,0.0,交通运输,0.0,0.0,,,,TYPE_D_MINOR
2021-06-25,0.95,0.95,0.0,0.9500000000000002,0.9500000000000002,0.0,True,True,0.9395854419073684,0.9395854419073684,True,True,医药生物 | 食品饮料 | 电子 | 基础化工 | 银行,医药生物 | 食品饮料 | 电子 | 基础化工 | 银行,True,0.0,交通运输,0.0,0.0,,,,TYPE_D_MINOR
2021-07-02,0.95,0.95,0.0,0.9499999999999998,0.9499999999999998,0.0,True,True,0.942911158467722,0.942911158467722,True,True,医药生物 | 基础化工 | 食品饮料 | 电子 | 银行,医药生物 | 基础化工 | 食品饮料 | 电子 | 银行,True,0.0,交通运输,0.0,0.0,,,,TYPE_D_MINOR
2021-07-09,0.95,0.95,0.0,0.95,0.95,0.0,True,True,0.9424126691373268,0.9424126691373268,True,True,医药生物 | 食品饮料 | 电子 | 基础化工 | 电力设备,医药生物 | 食品饮料 | 电子 | 基础化工 | 电力设备,True,0.0,交通运输,0.0,0.0,,,,TYPE_D_MINOR
2021-07-16,0.95,0.95,0.0,0.9500000000000004,0.9500000000000004,0.0,True,True,0.9448564601427516,0.9448564601427516,True,True,医药生物 | 食品饮料 | 电子 | 基础化工 | 电力设备,医药生物 | 食品饮料 | 电子 | 基础化工 | 电力设备,True,0.0,交通运输,0.0,0.0,,,,TYPE_D_MINOR
2021-07-23,0.95,0.95,0.0,0.9499999999999998,0.9499999999999998,0.0,True,True,0.9360005419986874,0.9360005419986874,True,True,医药生物 | 食品饮料 | 电子 | 基础化工 | 电力设备,医药生物 | 食品饮料 | 电子 | 基础化工 | 电力设备,True,0.0,交通运输,0.0,0.0,,,,TYPE_D_MINOR
2021-07-30,0.95,0.95,0.0,0.95,0.95,0.0,True,True,0.9527471771913696,0.9527471771913696,True,True,医药生物 | 食品饮料 | 电力设备 | 电子 | 基础化工,医药生物 | 食品饮料 | 电力设备 | 电子 | 基础化工,True,0.0,交通运输,0.0,0.0,,,,TYPE_D_MINOR
2021-08-06,0.95,0.95,0.0,0.9499999999999998,0.9499999999999998,0.0,True,True,0.9531952675564218,0.9531952675564218,True,True,医药生物 | 食品饮料 | 电子 | 电力设备 | 基础化工,医药生物 | 食品饮料 | 电子 | 电力设备 | 基础化工,True,0.0,交通运输,0.0,0.0,,,,TYPE_D_MINOR
2021-08-13,0.95,0.95,0.0,0.95,0.95,0.0,True,True,0.9486167667512532,0.9486167667512532,True,True,医药生物 | 食品饮料 | 电力设备 | 基础化工 | 电子,医药生物 | 食品饮料 | 电力设备 | 基础化工 | 电子,True,0.0,交通运输,0.0,0.0,,,,TYPE_D_MINOR
2021-08-20,0.95,0.95,0.0,0.9499999999999996,0.9499999999999996,0.0,True,True,0.9489098929258128,0.9489098929258128,True,True,医药生物 | 食品饮料 | 电力设备 | 电子 | 基础化工,医药生物 | 食品饮料 | 电力设备 | 电子 | 基础化工,True,0.0,交通运输,0.0,0.0,,,,TYPE_D_MINOR
2021-08-27,0.95,0.95,0.0,0.95,0.95,0.0,True,True,0.9401544491954228,0.9401544491954228,True,True,医药生物 | 食品饮料 | 银行 | 电力设备 | 机械设备,医药生物 | 食品饮料 | 银行 | 电力设备 | 机械设备,True,0.0,交通运输,0.0,0.0,,,,TYPE_D_MINOR
2021-09-03,0.95,0.95,0.0,0.95,0.95,0.0,True,True,0.9291066372105916,0.9291066372105916,True,True,医药生物 | 机械设备 | 食品饮料 | 银行 | 电力设备,医药生物 | 机械设备 | 食品饮料 | 银行 | 电力设备,True,0.0,交通运输,0.0,0.0,,,,TYPE_D_MINOR
2021-09-10,0.95,0.95,0.0,0.9499999999999998,0.9499999999999998,0.0,True,True,0.925840605308872,0.925840605308872,True,True,医药生物 | 机械设备 | 食品饮料 | 电力设备 | 电子,医药生物 | 机械设备 | 食品饮料 | 电力设备 | 电子,True,0.0,交通运输,0.0,0.0,,,,TYPE_D_MINOR
2021-09-17,0.95,0.95,0.0,0.95,0.95,0.0,True,True,0.9287825021162815,0.9287825021162815,True,True,医药生物 | 机械设备 | 食品饮料 | 电力设备 | 电子,医药生物 | 机械设备 | 食品饮料 | 电力设备 | 电子,True,0.0,交通运输,0.0,0.0,,,,TYPE_D_MINOR
2021-09-24,0.95,0.95,0.0,0.95,0.95,0.0,True,True,0.92684342245876,0.92684342245876,True,True,医药生物 | 机械设备 | 食品饮料 | 电力设备 | 电子,医药生物 | 机械设备 | 食品饮料 | 电力设备 | 电子,True,0.0,交通运输,0.0,0.0,,,,TYPE_D_MINOR
2021-10-01,0.95,0.95,0.0,0.95,0.95,0.0,True,True,0.9125504959605693,0.9125504959605693,True,True,医药生物 | 食品饮料 | 电力设备 | 机械设备 | 家用电器,医药生物 | 食品饮料 | 电力设备 | 机械设备 | 家用电器,True,0.0,交通运输,0.0,0.0,,,,TYPE_D_MINOR
2021-10-15,0.95,0.95,0.0,0.9452095685109791,0.9452095685109791,0.0,False,False,0.9113225428645296,0.9113225428645296,True,True,医药生物 | 食品饮料 | 电力设备 | 机械设备 | 家用电器,医药生物 | 食品饮料 | 电力设备 | 机械设备 | 家用电器,True,0.0,交通运输,0.0,0.0,,,,TYPE_D_MINOR
2021-10-22,0.95,0.95,0.0,0.9471554498139216,0.9471554498139216,0.0,False,False,0.9116058486236224,0.9116058486236224,True,True,医药生物 | 食品饮料 | 电力设备 | 机械设备 | 家用电器,医药生物 | 食品饮料 | 电力设备 | 机械设备 | 家用电器,True,0.0,交通运输,0.0,0.0,,,,TYPE_D_MINOR
2021-10-29,0.95,0.95,0.0,0.9322067697923216,0.9322067697923216,0.0,False,False,0.903680849948724,0.903680849948724,True,True,医药生物 | 食品饮料 | 机械设备 | 电子 | 电力设备,医药生物 | 食品饮料 | 机械设备 | 电子 | 电力设备,True,0.0,交通运输,0.0,0.0,,,,TYPE_D_MINOR
2021-11-05,0.95,0.95,0.0,0.8644320503366052,0.8644320503366052,0.0,False,False,0.8873719762153865,0.8873719762153865,True,True,医药生物 | 食品饮料 | 机械设备 | 电子 | 电力设备,医药生物 | 食品饮料 | 机械设备 | 电子 | 电力设备,True,0.0,交通运输,0.0,0.0,,,,TYPE_D_MINOR
2021-11-12,0.95,0.95,0.0,0.8592940510642519,0.8592940510642519,0.0,False,False,0.8822130602490527,0.8822130602490527,True,True,食品饮料 | 医药生物 | 机械设备 | 电子 | 电力设备,食品饮料 | 医药生物 | 机械设备 | 电子 | 电力设备,True,0.0,交通运输,0.0,0.0,,,,TYPE_D_MINOR
2021-11-19,0.95,0.95,0.0,0.8594689025824187,0.8594689025824187,0.0,False,False,0.8815839818826937,0.8815839818826937,True,True,食品饮料 | 医药生物 | 电子 | 机械设备 | 电力设备,食品饮料 | 医药生物 | 电子 | 机械设备 | 电力设备,True,0.0,交通运输,0.0,0.0,,,,TYPE_D_MINOR
2021-11-26,0.95,0.95,0.0,0.854436157332921,0.854436157332921,0.0,False,False,0.8801574400750871,0.8801574400750871,True,True,食品饮料 | 医药生物 | 机械设备 | 电子 | 电力设备,食品饮料 | 医药生物 | 机械设备 | 电子 | 电力设备,True,0.0,交通运输,0.0,0.0,,,,TYPE_D_MINOR
2021-12-03,0.95,0.95,0.0,0.8539266761794848,0.8539266761794848,0.0,False,False,0.8790215873102205,0.8790215873102205,True,True,食品饮料 | 医药生物 | 电子 | 机械设备 | 建筑材料,食品饮料 | 医药生物 | 电子 | 机械设备 | 建筑材料,True,0.0,交通运输,0.0,0.0,,,,TYPE_D_MINOR
2021-12-10,0.95,0.95,0.0,0.8701762652386156,0.8701762652386156,0.0,False,False,0.8933252421330248,0.8933252421330248,True,True,食品饮料 | 医药生物 | 电子 | 机械设备 | 电力设备,食品饮料 | 医药生物 | 电子 | 机械设备 | 电力设备,True,0.0,交通运输,0.0,0.0,,,,TYPE_D_MINOR
2021-12-17,0.95,0.95,0.0,0.8947776627833459,0.8947776627833459,0.0,False,False,0.8956644446372563,0.8956644446372563,True,True,食品饮料 | 医药生物 | 电子 | 机械设备 | 电力设备,食品饮料 | 医药生物 | 电子 | 机械设备 | 电力设备,True,0.0,交通运输,0.0,0.0,,,,TYPE_D_MINOR
2021-12-24,0.95,0.95,0.0,0.901212491120646,0.901212491120646,0.0,False,False,0.8998875330045385,0.8998875330045385,True,True,食品饮料 | 医药生物 | 电子 | 机械设备 | 建筑材料,食品饮料 | 医药生物 | 电子 | 机械设备 | 建筑材料,True,0.0,交通运输,0.0,0.0,,,,TYPE_D_MINOR
2021-12-31,0.95,0.95,0.0,0.8915088382782863,0.8915088382782863,0.0,False,False,0.899938460373005,0.899938460373005,True,True,食品饮料 | 医药生物 | 电子 | 机械设备 | 电力设备,食品饮料 | 医药生物 | 电子 | 机械设备 | 电力设备,True,0.0,交通运输,0.0,0.0,,,,TYPE_D_MINOR
2022-01-07,0.95,0.95,0.0,0.8924473466135384,0.8924473466135384,0.0,False,False,0.8935264803994516,0.8935264803994516,True,True,食品饮料 | 医药生物 | 电子 | 非银金融 | 电力设备,食品饮料 | 医药生物 | 电子 | 非银金融 | 电力设备,True,0.0,交通运输,0.0,0.0,,,,TYPE_D_MINOR
2022-01-14,0.95,0.95,0.0,0.914759823271577,0.914759823271577,0.0,False,False,0.8978899465352123,0.8978899465352123,True,True,食品饮料 | 医药生物 | 电子 | 电力设备 | 非银金融,食品饮料 | 医药生物 | 电子 | 电力设备 | 非银金融,True,0.0,交通运输,0.0,0.0,,,,TYPE_D_MINOR
2022-01-21,0.95,0.95,0.0,0.945747560165341,0.945747560165341,0.0,False,False,0.8911196635961982,0.8911196635961982,True,True,食品饮料 | 医药生物 | 电子 | 电力设备 | 家用电器,食品饮料 | 医药生物 | 电子 | 电力设备 | 家用电器,True,0.0,交通运输,0.0,0.0,,,,TYPE_D_MINOR
2022-01-28,0.95,0.95,0.0,0.9123263650693576,0.9123263650693576,0.0,False,False,0.9011705455931196,0.9011705455931196,True,True,食品饮料 | 电子 | 医药生物 | 电力设备 | 家用电器,食品饮料 | 电子 | 医药生物 | 电力设备 | 家用电器,True,0.0,交通运输,0.0,0.0,,,,TYPE_D_MINOR
2022-02-11,0.95,0.95,0.0,0.8804699721917919,0.8804699721917919,0.0,False,False,0.8947839536558396,0.8947839536558396,True,True,食品饮料 | 电子 | 电力设备 | 医药生物 | 房地产,食品饮料 | 电子 | 电力设备 | 医药生物 | 房地产,True,0.0,交通运输,0.0,0.0,,,,TYPE_D_MINOR
2022-02-18,0.95,0.95,0.0,0.8699031462000741,0.8699031462000741,0.0,False,False,0.9008081553121892,0.9008081553121892,True,True,食品饮料 | 电子 | 电力设备 | 医药生物 | 非银金融,食品饮料 | 电子 | 电力设备 | 医药生物 | 非银金融,True,0.0,交通运输,0.0,0.0,,,,TYPE_D_MINOR
2022-02-25,0.95,0.95,0.0,0.8884631150148227,0.8884631150148227,0.0,False,False,0.9158338488752552,0.9158338488752552,True,True,食品饮料 | 电子 | 电力设备 | 医药生物 | 非银金融,食品饮料 | 电子 | 电力设备 | 医药生物 | 非银金融,True,0.0,交通运输,0.0,0.0,,,,TYPE_D_MINOR
2022-03-04,0.95,0.95,0.0,0.8641618895476764,0.8641618895476764,0.0,False,False,0.9026485774030985,0.9026485774030985,True,True,食品饮料 | 电子 | 医药生物 | 电力设备 | 非银金融,食品饮料 | 电子 | 医药生物 | 电力设备 | 非银金融,True,0.0,交通运输,0.0183620125821686,0.0183620125821686,,,,TYPE_D_MINOR
2022-03-11,0.95,0.95,0.0,0.885120798322359,0.885120798322359,0.0,False,False,0.921966844640192,0.921966844640192,True,True,食品饮料 | 电子 | 电力设备 | 医药生物 | 交通运输,食品饮料 | 电子 | 电力设备 | 医药生物 | 交通运输,True,0.0,交通运输,0.0543558078116421,0.0543558078116421,,,,TYPE_D_MINOR
2022-03-18,0.95,0.95,0.0,0.95,0.95,0.0,True,True,0.9480409283937096,0.9480409283937096,True,True,食品饮料 | 电子 | 电力设备 | 医药生物 | 交通运输,食品饮料 | 电子 | 电力设备 | 医药生物 | 交通运输,True,0.0,交通运输,0.0624945392491574,0.0624945392491574,,,,TYPE_D_MINOR
2022-03-25,0.95,0.95,0.0,0.95,0.95,0.0,True,True,0.949358734956663,0.949358734956663,True,True,食品饮料 | 电子 | 电力设备 | 医药生物 | 交通运输,食品饮料 | 电子 | 电力设备 | 医药生物 | 交通运输,True,0.0,交通运输,0.0668550953715785,0.0668550953715785,,,,TYPE_D_MINOR
2022-04-01,0.95,0.95,0.0,0.9500000000000002,0.9500000000000002,0.0,True,True,0.9484148253032878,0.9484148253032878,True,True,食品饮料 | 电子 | 电力设备 | 交通运输 | 房地产,食品饮料 | 电子 | 电力设备 | 交通运输 | 房地产,True,0.0,交通运输,0.1074634270629383,0.1074634270629383,,,,TYPE_D_MINOR
2022-04-08,0.95,0.95,0.0,0.95,0.95,0.0,True,True,0.9496220114519048,0.9496220114519048,True,True,食品饮料 | 电子 | 电力设备 | 交通运输 | 房地产,食品饮料 | 电子 | 电力设备 | 交通运输 | 房地产,True,0.0,交通运输,0.1197464050078086,0.1197464050078086,,,,TYPE_D_MINOR
2022-04-15,0.95,0.95,0.0,0.9499999999999996,0.9499999999999996,0.0,True,True,0.951093079335241,0.951093079335241,True,True,食品饮料 | 电力设备 | 电子 | 交通运输 | 银行,食品饮料 | 电力设备 | 电子 | 交通运输 | 银行,True,0.0,交通运输,0.1430236857999892,0.1430236857999892,,,,TYPE_D_MINOR
2022-04-22,0.95,0.95,0.0,0.95,0.95,0.0,True,True,0.9483595689259527,0.9483595689259527,True,True,食品饮料 | 电力设备 | 电子 | 交通运输 | 银行,食品饮料 | 电力设备 | 电子 | 交通运输 | 银行,True,0.0,交通运输,0.1256271067611217,0.1256271067611217,,,,TYPE_D_MINOR
2022-04-29,0.95,0.95,0.0,0.8981481014583299,0.8981481014583299,0.0,False,False,0.9512572079187416,0.9512572079187416,True,True,食品饮料 | 电力设备 | 交通运输 | 建筑材料 | 电子,食品饮料 | 电力设备 | 交通运输 | 建筑材料 | 电子,True,0.0,交通运输,0.1049138080632027,0.1049138080632027,,,,TYPE_D_MINOR
2022-05-06,0.95,0.98,0.030000000000000027,0.8991133771885675,0.8991133771885675,0.0,False,False,0.9523281476379004,0.9523281476379004,True,True,食品饮料 | 电力设备 | 交通运输 | 建筑材料 | 电子,食品饮料 | 电力设备 | 交通运输 | 建筑材料 | 电子,True,0.0,交通运输,0.1069543034284024,0.1069543034284024,,2022-03-31,Q1,TYPE_D_MINOR
2022-05-13,0.95,0.98,0.030000000000000027,0.9040976776222563,0.9040976776222563,0.0,False,False,0.9540224450456034,0.9540224450456034,True,True,食品饮料 | 电力设备 | 建筑材料 | 交通运输 | 电子,食品饮料 | 电力设备 | 建筑材料 | 交通运输 | 电子,True,0.0,交通运输,0.0903911809506241,0.0903911809506241,,2022-03-31,Q1,TYPE_D_MINOR
2022-05-20,0.95,0.98,0.030000000000000027,0.922811332793436,0.922811332793436,0.0,False,False,0.952077911146034,0.952077911146034,True,True,食品饮料 | 电力设备 | 电子 | 建筑材料 | 交通运输,食品饮料 | 电力设备 | 电子 | 建筑材料 | 交通运输,True,0.0,交通运输,0.083725915353171,0.083725915353171,,2022-03-31,Q1,TYPE_D_MINOR
2022-05-27,0.95,0.98,0.030000000000000027,0.9255686032517776,0.9255686032517776,0.0,False,False,0.9522758251484004,0.9522758251484004,True,True,食品饮料 | 电力设备 | 交通运输 | 电子 | 建筑材料,食品饮料 | 电力设备 | 交通运输 | 电子 | 建筑材料,True,0.0,交通运输,0.0928845569763136,0.0928845569763136,,2022-03-31,Q1,TYPE_D_MINOR
2022-06-03,0.95,0.98,0.030000000000000027,0.9216383461591257,0.9216383461591257,0.0,False,False,0.9501792483191316,0.9501792483191316,True,True,食品饮料 | 电力设备 | 电子 | 建筑材料 | 交通运输,食品饮料 | 电力设备 | 电子 | 建筑材料 | 交通运输,True,0.0,交通运输,0.0878044143650006,0.0878044143650006,,2022-03-31,Q1,TYPE_D_MINOR
2022-06-10,0.95,0.98,0.030000000000000027,0.9278590510776268,0.9278590510776268,0.0,False,False,0.950795244225469,0.950795244225469,True,True,食品饮料 | 电力设备 | 建筑材料 | 电子 | 医药生物,食品饮料 | 电力设备 | 建筑材料 | 电子 | 医药生物,True,0.0,交通运输,0.0415616108167356,0.0415616108167356,,2022-03-31,Q1,TYPE_D_MINOR
2022-06-17,0.95,0.98,0.030000000000000027,0.9301630959657178,0.9301630959657178,0.0,False,False,0.950877636685856,0.950877636685856,True,True,食品饮料 | 电力设备 | 电子 | 建筑材料 | 银行,食品饮料 | 电力设备 | 电子 | 建筑材料 | 银行,True,0.0,交通运输,0.0541612414746102,0.0541612414746102,,2022-03-31,Q1,TYPE_D_MINOR
2022-06-24,0.95,0.98,0.030000000000000027,0.9401977261379536,0.9401977261379536,0.0,False,False,0.9478506398143006,0.9478506398143006,True,True,食品饮料 | 电力设备 | 电子 | 商贸零售 | 建筑材料,食品饮料 | 电力设备 | 电子 | 商贸零售 | 建筑材料,True,0.0,交通运输,0.0385508969276364,0.0385508969276364,,2022-03-31,Q1,TYPE_D_MINOR
2022-07-01,0.95,0.98,0.030000000000000027,0.9336190955996828,0.9336190955996828,0.0,False,False,0.9513692196992788,0.9513692196992788,True,True,食品饮料 | 电力设备 | 电子 | 商贸零售 | 建筑材料,食品饮料 | 电力设备 | 电子 | 商贸零售 | 建筑材料,True,0.0,交通运输,0.0409104676340559,0.0409104676340559,,2022-03-31,Q1,TYPE_D_MINOR
2022-07-08,0.7082250000000001,0.98,0.2717749999999999,0.7082250000000003,0.932648812771666,0.22442381277166568,True,False,0.9108709029633276,0.9497327549187436,True,True,食品饮料 | 电力设备 | 商贸零售 | 电子 | 建筑材料,食品饮料 | 电力设备 | 电子 | 建筑材料 | 商贸零售,True,0.0540390444203608,医药生物,0.0,0.0540390444203608,2022-03-31,2022-03-31,Q1,TYPE_A_CAP_RELEASED
2022-07-15,0.7082250000000001,0.98,0.2717749999999999,0.7082249999999999,0.9315975189441849,0.22337251894418497,True,False,0.9113387381617706,0.9497718536817872,True,True,食品饮料 | 电力设备 | 商贸零售 | 电子 | 建筑材料,食品饮料 | 电力设备 | 电子 | 建筑材料 | 商贸零售,True,0.0627393915268636,医药生物,0.0,0.0627393915268636,2022-03-31,2022-03-31,Q1,TYPE_A_CAP_RELEASED
2022-07-22,0.7082250000000001,0.98,0.2717749999999999,0.7082250000000001,0.931801383018246,0.2235763830182459,True,False,0.9096130307946856,0.949179433089776,True,True,食品饮料 | 电力设备 | 商贸零售 | 电子 | 建筑材料,食品饮料 | 电力设备 | 电子 | 建筑材料 | 医药生物,False,0.068364203159941,医药生物,0.0013781171651453,0.0697423203250863,2022-03-31,2022-03-31,Q1,TYPE_A_CAP_RELEASED
2022-07-29,0.7082250000000001,0.98,0.2717749999999999,0.708225,0.9273865263315546,0.2191615263315546,True,False,0.9111045940390508,0.9502570979990416,True,True,食品饮料 | 电力设备 | 电子 | 商贸零售 | 建筑材料,食品饮料 | 电力设备 | 电子 | 建筑材料 | 商贸零售,True,0.0669924924825859,食品饮料,0.2052763177679587,0.2722688102505446,2022-03-31,2022-03-31,Q1,TYPE_A_CAP_RELEASED
2022-08-05,0.7082250000000001,0.98,0.2717749999999999,0.7082250000000002,0.9058031116705048,0.19757811167050454,True,False,0.9115254119816204,0.9434131932529024,True,True,食品饮料 | 电子 | 电力设备 | 商贸零售 | 建筑材料,食品饮料 | 电子 | 电力设备 | 建筑材料 | 商贸零售,True,0.08012578917006538,食品饮料,0.2201764822714776,0.300302271441543,2022-03-31,2022-06-30,INTERIM,TYPE_A_CAP_RELEASED
2022-08-12,0.7082250000000001,0.98,0.2717749999999999,0.708225,0.9134043813929736,0.20517938139297365,True,False,0.9095359076776648,0.9459231453991466,True,True,食品饮料 | 电子 | 电力设备 | 商贸零售 | 建筑材料,食品饮料 | 电子 | 电力设备 | 建筑材料 | 交通运输,False,0.08299584854269862,食品饮料,0.2227144118257741,0.3057102603684727,2022-03-31,2022-06-30,INTERIM,TYPE_A_CAP_RELEASED
2022-08-19,0.7082250000000001,0.98,0.2717749999999999,0.708225,0.914861790079578,0.20663679007957803,True,False,0.9080034772230262,0.9452884080647972,True,True,食品饮料 | 电子 | 电力设备 | 商贸零售 | 建筑材料,食品饮料 | 电子 | 电力设备 | 建筑材料 | 医药生物,False,0.08147212565849901,食品饮料,0.2260150660274932,0.3074871916859922,2022-03-31,2022-06-30,INTERIM,TYPE_A_CAP_RELEASED
2022-08-26,0.7082250000000001,0.98,0.2717749999999999,0.708225,0.9189172195133,0.21069221951329997,True,False,0.9060824943481524,0.9439957072629728,True,True,食品饮料 | 电子 | 电力设备 | 商贸零售 | 建筑材料,食品饮料 | 电子 | 电力设备 | 建筑材料 | 商贸零售,True,0.08184991331306513,食品饮料,0.2066825749093062,0.2885324882223713,2022-03-31,2022-06-30,INTERIM,TYPE_A_CAP_RELEASED
2022-09-02,0.7082250000000001,0.98,0.2717749999999999,0.7082249999999999,0.9212551869646576,0.2130301869646577,True,False,0.9066924130306196,0.9447956877520566,True,True,食品饮料 | 电子 | 电力设备 | 商贸零售 | 建筑材料,食品饮料 | 电子 | 电力设备 | 建筑材料 | 交通运输,False,0.07427855401534178,食品饮料,0.2174613695552432,0.291739923570585,2022-03-31,2022-06-30,INTERIM,TYPE_A_CAP_RELEASED
2022-09-09,0.7082250000000001,0.98,0.2717749999999999,0.7082250000000001,0.9334305021459814,0.22520550214598134,True,False,0.8994589981541762,0.9404747032697296,True,True,食品饮料 | 电子 | 商贸零售 | 电力设备 | 建筑材料,食品饮料 | 电子 | 电力设备 | 建筑材料 | 商贸零售,True,0.0686888812864204,食品饮料,0.2080794701818133,0.2767683514682337,2022-03-31,2022-06-30,INTERIM,TYPE_A_CAP_RELEASED
2022-09-16,0.7082250000000001,0.98,0.2717749999999999,0.7082250000000001,0.922977689164142,0.21475268916414192,True,False,0.9035441630965384,0.9405716813346412,True,True,食品饮料 | 电子 | 电力设备 | 商贸零售 | 建筑材料,食品饮料 | 电子 | 电力设备 | 建筑材料 | 商贸零售,True,0.07520391367689053,食品饮料,0.1990374365887451,0.2742413502656356,2022-03-31,2022-06-30,INTERIM,TYPE_A_CAP_RELEASED
2022-09-23,0.7082250000000001,0.98,0.2717749999999999,0.7082250000000001,0.92752277981159,0.21929777981158993,True,False,0.9016514999325108,0.93803274405749,True,True,食品饮料 | 电子 | 电力设备 | 建筑材料 | 商贸零售,食品饮料 | 电子 | 电力设备 | 建筑材料 | 商贸零售,True,0.07284537570231939,食品饮料,0.1921219639649471,0.2649673396672665,2022-03-31,2022-06-30,INTERIM,TYPE_A_CAP_RELEASED
2022-09-30,0.7082250000000001,0.98,0.2717749999999999,0.7082250000000003,0.902354075561834,0.19412907556183367,True,False,0.9067798110673596,0.9383694812531052,True,True,食品饮料 | 电子 | 电力设备 | 医药生物 | 建筑材料,食品饮料 | 电子 | 电力设备 | 建筑材料 | 医药生物,True,0.0901488119697981,食品饮料,0.1948106462911066,0.2849594582609047,2022-03-31,2022-06-30,INTERIM,TYPE_A_CAP_RELEASED
2022-10-14,0.9708299999999996,0.98,0.009170000000000345,0.8890979889301511,0.8890979889301511,0.0,False,False,0.9462585632030988,0.9462585632030988,True,True,食品饮料 | 电子 | 电力设备 | 医药生物 | 建筑材料,食品饮料 | 电子 | 电力设备 | 医药生物 | 建筑材料,True,0.0,交通运输,0.0162695311563025,0.0162695311563025,2022-06-30,2022-06-30,INTERIM,TYPE_D_MINOR
2022-10-21,0.9708299999999996,0.98,0.009170000000000345,0.8808948769353173,0.8808948769353173,0.0,False,False,0.9472985489717632,0.9472985489717632,True,True,食品饮料 | 电子 | 电力设备 | 医药生物 | 建筑材料,食品饮料 | 电子 | 电力设备 | 医药生物 | 建筑材料,True,0.0,交通运输,0.0294577715891972,0.0294577715891972,2022-06-30,2022-06-30,INTERIM,TYPE_D_MINOR
2022-10-28,0.9708299999999996,0.98,0.009170000000000345,0.8614566919678229,0.8614566919678229,0.0,False,False,0.943498705226978,0.943498705226978,True,True,食品饮料 | 电子 | 医药生物 | 电力设备 | 非银金融,食品饮料 | 电子 | 医药生物 | 电力设备 | 非银金融,True,0.0,交通运输,7.072993310986541e-05,7.072993310986541e-05,2022-06-30,2022-06-30,INTERIM,TYPE_D_MINOR
2022-11-04,0.9708299999999996,0.98,0.009170000000000345,0.8538714910649822,0.8538714910649822,0.0,False,False,0.9521078101153988,0.9521078101153988,True,True,食品饮料 | 电子 | 医药生物 | 电力设备 | 交通运输,食品饮料 | 电子 | 医药生物 | 电力设备 | 交通运输,True,0.0,交通运输,0.0471752172373803,0.0471752172373803,2022-06-30,2022-09-30,Q3,TYPE_D_MINOR
2022-11-11,0.9708299999999996,0.98,0.009170000000000345,0.907793890693182,0.907793890693182,0.0,False,False,0.9511093820306156,0.9511093820306156,True,True,食品饮料 | 电子 | 医药生物 | 电力设备 | 银行,食品饮料 | 电子 | 医药生物 | 电力设备 | 银行,True,0.0,交通运输,0.0244397044980495,0.0244397044980495,2022-06-30,2022-09-30,Q3,TYPE_D_MINOR
2022-11-18,0.9708299999999996,0.98,0.009170000000000345,0.9184303470179846,0.9184303470179846,0.0,False,False,0.9504589706075685,0.9504589706075685,True,True,食品饮料 | 医药生物 | 电子 | 电力设备 | 银行,食品饮料 | 医药生物 | 电子 | 电力设备 | 银行,True,0.0,交通运输,0.0162178713893307,0.0162178713893307,2022-06-30,2022-09-30,Q3,TYPE_D_MINOR
2022-11-25,0.9708299999999996,0.98,0.009170000000000345,0.917245621639337,0.917245621639337,0.0,False,False,0.9516683725507884,0.9516683725507884,True,True,食品饮料 | 电子 | 医药生物 | 电力设备 | 银行,食品饮料 | 电子 | 医药生物 | 电力设备 | 银行,True,0.0,交通运输,0.0186910109459833,0.0186910109459833,2022-06-30,2022-09-30,Q3,TYPE_D_MINOR
2022-12-02,0.9708299999999996,0.98,0.009170000000000345,0.919072804192384,0.919072804192384,0.0,False,False,0.9527752889775604,0.9527752889775604,True,True,食品饮料 | 电子 | 医药生物 | 银行 | 电力设备,食品饮料 | 电子 | 医药生物 | 银行 | 电力设备,True,0.0,交通运输,0.0090297585096973,0.0090297585096973,2022-06-30,2022-09-30,Q3,TYPE_D_MINOR
2022-12-09,0.9708299999999996,0.98,0.009170000000000345,0.9022503873855484,0.9022503873855484,0.0,False,False,0.950381901609386,0.950381901609386,True,True,食品饮料 | 电子 | 医药生物 | 电力设备 | 银行,食品饮料 | 电子 | 医药生物 | 电力设备 | 银行,True,0.0,交通运输,0.0,0.0,2022-06-30,2022-09-30,Q3,TYPE_D_MINOR
2022-12-16,0.9708299999999996,0.98,0.009170000000000345,0.8957020427150508,0.8957020427150508,0.0,False,False,0.948909811674382,0.948909811674382,True,True,食品饮料 | 电子 | 医药生物 | 电力设备 | 银行,食品饮料 | 电子 | 医药生物 | 电力设备 | 银行,True,0.0,交通运输,0.0,0.0,2022-06-30,2022-09-30,Q3,TYPE_D_MINOR
2022-12-23,0.9708299999999996,0.98,0.009170000000000345,0.8775795822129271,0.8775795822129271,0.0,False,False,0.9428592750322756,0.9428592750322756,True,True,食品饮料 | 电子 | 医药生物 | 电力设备 | 银行,食品饮料 | 电子 | 医药生物 | 电力设备 | 银行,True,0.0,交通运输,0.0,0.0,2022-06-30,2022-09-30,Q3,TYPE_D_MINOR
2022-12-30,0.9708299999999996,0.98,0.009170000000000345,0.9203527954526944,0.9203527954526944,0.0,False,False,0.937407325988191,0.937407325988191,True,True,食品饮料 | 医药生物 | 电子 | 电力设备 | 银行,食品饮料 | 医药生物 | 电子 | 电力设备 | 银行,True,0.0,交通运输,0.0,0.0,2022-06-30,2022-09-30,Q3,TYPE_D_MINOR
2023-01-06,0.6887999999999999,0.98,0.2912000000000001,0.6888000000000001,0.9212830587145296,0.23248305871452957,True,False,0.9058082149147778,0.940225054255218,True,True,食品饮料 | 电子 | 医药生物 | 电力设备 | 建筑材料,食品饮料 | 医药生物 | 电力设备 | 电子 | 银行,False,0.1044425758694333,银行,0.0,0.1044425758694333,2022-09-30,2022-09-30,Q3,TYPE_A_CAP_RELEASED
2023-01-13,0.6887999999999999,0.98,0.2912000000000001,0.6888000000000001,0.9050068662133264,0.2162068662133263,True,False,0.9084174459471877,0.9393371466252196,True,True,食品饮料 | 电子 | 医药生物 | 电力设备 | 建筑材料,食品饮料 | 电子 | 医药生物 | 电力设备 | 银行,False,0.0845558946023331,银行,0.0,0.0845558946023331,2022-09-30,2022-09-30,Q3,TYPE_A_CAP_RELEASED
2023-01-20,0.6887999999999999,0.98,0.2912000000000001,0.6888000000000001,0.9074994673187388,0.21869946731873868,True,False,0.9043155474003352,0.9369702059758938,True,True,食品饮料 | 电子 | 医药生物 | 电力设备 | 家用电器,食品饮料 | 电子 | 医药生物 | 电力设备 | 家用电器,True,0.072951502657352,银行,0.0,0.072951502657352,2022-09-30,2022-09-30,Q3,TYPE_A_CAP_RELEASED
2023-02-03,0.6887999999999999,0.98,0.2912000000000001,0.6888000000000001,0.8987360760028582,0.20993607600285813,True,False,0.904414337891676,0.9367610169493352,True,True,食品饮料 | 电子 | 医药生物 | 电力设备 | 家用电器,食品饮料 | 电子 | 医药生物 | 电力设备 | 家用电器,True,0.0552963413260068,银行,0.0,0.0552963413260068,2022-09-30,2022-12-31,ANNUAL,TYPE_A_CAP_RELEASED
2023-02-10,0.6887999999999999,0.98,0.2912000000000001,0.6888000000000001,0.9061362941045707,0.21733629410457067,True,False,0.9051840754165712,0.939152717494587,True,True,食品饮料 | 电子 | 医药生物 | 电力设备 | 非银金融,食品饮料 | 电子 | 医药生物 | 电力设备 | 家用电器,False,0.0513492375734097,银行,0.0,0.0513492375734097,2022-09-30,2022-12-31,ANNUAL,TYPE_A_CAP_RELEASED
2023-02-17,0.6887999999999999,0.98,0.2912000000000001,0.6888000000000003,0.9191489495502636,0.2303489495502633,True,False,0.8955151345644244,0.9350476800869758,True,True,食品饮料 | 电子 | 医药生物 | 电力设备 | 非银金融,食品饮料 | 医药生物 | 电子 | 电力设备 | 国防军工,False,0.0665287006714243,国防军工,0.0,0.0665287006714243,2022-09-30,2022-12-31,ANNUAL,TYPE_A_CAP_RELEASED
2023-02-24,0.6887999999999999,0.98,0.2912000000000001,0.6888000000000001,0.904096578322063,0.21529657832206295,True,False,0.8980427147365315,0.9361829121013034,True,True,食品饮料 | 电子 | 医药生物 | 电力设备 | 非银金融,食品饮料 | 电子 | 医药生物 | 电力设备 | 非银金融,True,0.0590882643563415,医药生物,0.0807100224834265,0.139798286839768,2022-09-30,2022-12-31,ANNUAL,TYPE_A_CAP_RELEASED
2023-03-03,0.6887999999999999,0.98,0.2912000000000001,0.6888000000000001,0.8936916694704593,0.20489166947045923,True,False,0.8991286811327809,0.9360617530989498,True,True,食品饮料 | 电子 | 电力设备 | 医药生物 | 非银金融,食品饮料 | 电子 | 医药生物 | 电力设备 | 非银金融,True,0.057739563942606,医药生物,0.0775739729629469,0.1353135369055529,2022-09-30,2022-12-31,ANNUAL,TYPE_A_CAP_RELEASED
2023-03-10,0.6887999999999999,0.98,0.2912000000000001,0.6888000000000003,0.884414725105806,0.1956147251058057,True,False,0.9025254689040308,0.9352005607805236,True,True,食品饮料 | 电子 | 电力设备 | 医药生物 | 建筑材料,食品饮料 | 医药生物 | 电子 | 电力设备 | 非银金融,False,0.059507354471177,医药生物,0.0770770345760658,0.1365843890472428,2022-09-30,2022-12-31,ANNUAL,TYPE_A_CAP_RELEASED
2023-03-17,0.6887999999999999,0.98,0.2912000000000001,0.6888000000000001,0.8658655053052777,0.17706550530527765,True,False,0.904372514179504,0.9340342094814902,True,True,食品饮料 | 电子 | 电力设备 | 医药生物 | 非银金融,食品饮料 | 电子 | 医药生物 | 电力设备 | 非银金融,True,0.05651945476716899,医药生物,0.0675434644755668,0.1240629192427358,2022-09-30,2022-12-31,ANNUAL,TYPE_A_CAP_RELEASED
2023-03-24,0.6887999999999999,0.98,0.2912000000000001,0.6888000000000001,0.8728993674316688,0.18409936743166877,True,False,0.8825483323424821,0.9178017381828818,True,True,食品饮料 | 电子 | 医药生物 | 非银金融 | 电力设备,食品饮料 | 医药生物 | 非银金融 | 电子 | 电力设备,True,0.06207067755307641,国防军工,0.020526743041604,0.0825974205946804,2022-09-30,2022-12-31,ANNUAL,TYPE_A_CAP_RELEASED
2023-03-31,0.6887999999999999,0.98,0.2912000000000001,0.6888000000000003,0.8759056228255031,0.1871056228255028,True,False,0.8752158103007452,0.9108436712527797,True,True,食品饮料 | 电子 | 医药生物 | 电力设备 | 非银金融,食品饮料 | 医药生物 | 电子 | 非银金融 | 电力设备,True,0.057676803100990506,国防军工,0.0076124529581553,0.0652892560591458,2022-09-30,2022-12-31,ANNUAL,TYPE_A_CAP_RELEASED
2023-04-07,0.9663149999999998,0.98,0.01368500000000017,0.900114426210191,0.900114426210191,0.0,False,False,0.8847827078317726,0.8847827078317726,True,True,食品饮料 | 医药生物 | 电力设备 | 电子 | 非银金融,食品饮料 | 医药生物 | 电力设备 | 电子 | 非银金融,True,0.0,交通运输,0.0,0.0,2022-12-31,2022-12-31,ANNUAL,TYPE_D_MINOR
2023-04-14,0.9663149999999998,0.98,0.01368500000000017,0.9005716549546662,0.9005716549546662,0.0,False,False,0.8771397201263393,0.8771397201263393,True,True,食品饮料 | 医药生物 | 电子 | 电力设备 | 非银金融,食品饮料 | 医药生物 | 电子 | 电力设备 | 非银金融,True,0.0,交通运输,0.0,0.0,2022-12-31,2022-12-31,ANNUAL,TYPE_D_MINOR
2023-04-21,0.9663149999999998,0.98,0.01368500000000017,0.90259215817952,0.90259215817952,0.0,False,False,0.8870099449440321,0.8870099449440321,True,True,食品饮料 | 医药生物 | 电子 | 电力设备 | 非银金融,食品饮料 | 医药生物 | 电子 | 电力设备 | 非银金融,True,0.0,交通运输,0.0,0.0,2022-12-31,2022-12-31,ANNUAL,TYPE_D_MINOR
2023-04-28,0.9663149999999998,0.98,0.01368500000000017,0.8873711221088963,0.8873711221088963,0.0,False,False,0.870322700163568,0.870322700163568,True,True,食品饮料 | 医药生物 | 电子 | 非银金融 | 电力设备,食品饮料 | 医药生物 | 电子 | 非银金融 | 电力设备,True,0.0,交通运输,0.0,0.0,2022-12-31,2022-12-31,ANNUAL,TYPE_D_MINOR
2023-05-05,0.9663149999999998,0.98,0.01368500000000017,0.9012405586872304,0.9012405586872304,0.0,False,False,0.8607733008229533,0.8607733008229533,True,True,食品饮料 | 医药生物 | 电子 | 家用电器 | 电力设备,食品饮料 | 医药生物 | 电子 | 家用电器 | 电力设备,True,0.0,交通运输,0.0,0.0,2022-12-31,2023-03-31,Q1,TYPE_D_MINOR
2023-05-12,0.9663149999999998,0.98,0.01368500000000017,0.9047429489065784,0.9047429489065784,0.0,False,False,0.8609493295343961,0.8609493295343961,True,True,食品饮料 | 医药生物 | 电子 | 家用电器 | 电力设备,食品饮料 | 医药生物 | 电子 | 家用电器 | 电力设备,True,0.0,交通运输,0.0,0.0,2022-12-31,2023-03-31,Q1,TYPE_D_MINOR
2023-05-19,0.9663149999999998,0.98,0.01368500000000017,0.9092106043554118,0.9092106043554118,0.0,False,False,0.8692294772571063,0.8692294772571063,True,True,食品饮料 | 医药生物 | 电子 | 电力设备 | 家用电器,食品饮料 | 医药生物 | 电子 | 电力设备 | 家用电器,True,0.0,交通运输,0.0,0.0,2022-12-31,2023-03-31,Q1,TYPE_D_MINOR
2023-05-26,0.9663149999999998,0.98,0.01368500000000017,0.9083235908417676,0.9083235908417676,0.0,False,False,0.8751008629551308,0.8751008629551308,True,True,食品饮料 | 医药生物 | 电子 | 电力设备 | 家用电器,食品饮料 | 医药生物 | 电子 | 电力设备 | 家用电器,True,0.0,交通运输,0.0,0.0,2022-12-31,2023-03-31,Q1,TYPE_D_MINOR
2023-06-02,0.9663149999999998,0.98,0.01368500000000017,0.9129381370896126,0.9129381370896126,0.0,False,False,0.8857259629424654,0.8857259629424654,True,True,食品饮料 | 医药生物 | 电子 | 电力设备 | 家用电器,食品饮料 | 医药生物 | 电子 | 电力设备 | 家用电器,True,0.0,交通运输,0.0,0.0,2022-12-31,2023-03-31,Q1,TYPE_D_MINOR
2023-06-09,0.9663149999999998,0.98,0.01368500000000017,0.913488195710635,0.913488195710635,0.0,False,False,0.8828455014328704,0.8828455014328704,True,True,食品饮料 | 医药生物 | 电子 | 电力设备 | 家用电器,食品饮料 | 医药生物 | 电子 | 电力设备 | 家用电器,True,0.0,交通运输,0.0,0.0,2022-12-31,2023-03-31,Q1,TYPE_D_MINOR
2023-06-16,0.9663149999999998,0.98,0.01368500000000017,0.8952571132210065,0.8952571132210065,0.0,False,False,0.884429558847076,0.884429558847076,True,True,食品饮料 | 医药生物 | 电子 | 家用电器 | 电力设备,食品饮料 | 医药生物 | 电子 | 家用电器 | 电力设备,True,0.0,交通运输,0.0,0.0,2022-12-31,2023-03-31,Q1,TYPE_D_MINOR
2023-06-23,0.9663149999999998,0.98,0.01368500000000017,0.8916864237061206,0.8916864237061206,0.0,False,False,0.8860719731302271,0.8860719731302271,True,True,食品饮料 | 医药生物 | 电子 | 电力设备 | 家用电器,食品饮料 | 医药生物 | 电子 | 电力设备 | 家用电器,True,0.0,交通运输,0.0,0.0,2022-12-31,2023-03-31,Q1,TYPE_D_MINOR
2023-06-30,0.9663149999999998,0.98,0.01368500000000017,0.9052475854709544,0.9052475854709544,0.0,False,False,0.8935984159830808,0.8935984159830808,True,True,食品饮料 | 医药生物 | 电子 | 电力设备 | 基础化工,食品饮料 | 医药生物 | 电子 | 电力设备 | 基础化工,True,0.0,交通运输,0.0,0.0,2022-12-31,2023-03-31,Q1,TYPE_D_MINOR
2023-07-07,0.6710549999999995,0.98,0.30894500000000047,0.6710550000000002,0.896076841568212,0.2250218415682118,True,False,0.8429769996687863,0.894730818711712,True,True,食品饮料 | 电子 | 医药生物 | 电力设备 | 家用电器,食品饮料 | 医药生物 | 电子 | 基础化工 | 电力设备,False,0.0830677580657493,基础化工,0.0,0.0830677580657493,2023-03-31,2023-03-31,Q1,TYPE_A_CAP_RELEASED
2023-07-14,0.6710549999999995,0.98,0.30894500000000047,0.671055,0.8948113450881101,0.22375634508811015,True,False,0.8471553170338307,0.8953426310915645,True,True,食品饮料 | 电子 | 医药生物 | 电力设备 | 非银金融,食品饮料 | 医药生物 | 电子 | 基础化工 | 家用电器,False,0.1054994557361224,基础化工,0.0052692413960713,0.1107686971321937,2023-03-31,2023-03-31,Q1,TYPE_A_CAP_RELEASED
2023-07-21,0.6710549999999995,0.98,0.30894500000000047,0.6710550000000001,0.8854588391376996,0.21440383913769956,True,False,0.8367781568867602,0.8804999370986715,True,True,食品饮料 | 电子 | 电力设备 | 医药生物 | 家用电器,食品饮料 | 医药生物 | 基础化工 | 电子 | 家用电器,False,0.0943599661094631,基础化工,0.0353340465871454,0.1296940126966085,2023-03-31,2023-03-31,Q1,TYPE_A_CAP_RELEASED
2023-07-28,0.6710549999999995,0.98,0.30894500000000047,0.6710550000000001,0.8766683055540346,0.20561330555403456,True,False,0.8581019174803016,0.8922734243473153,True,True,食品饮料 | 电子 | 医药生物 | 电力设备 | 非银金融,食品饮料 | 医药生物 | 基础化工 | 电子 | 家用电器,False,0.0889353723234336,基础化工,0.0300031656746779,0.1189385379981115,2023-03-31,2023-03-31,Q1,TYPE_A_CAP_RELEASED
2023-08-04,0.6710549999999995,0.98,0.30894500000000047,0.6710550000000002,0.8860374493047476,0.2149824493047474,True,False,0.8563749375576567,0.8931781136491662,True,True,食品饮料 | 医药生物 | 电子 | 电力设备 | 家用电器,食品饮料 | 医药生物 | 基础化工 | 电子 | 家用电器,False,0.08781633925925089,基础化工,0.0331673897519694,0.1209837290112203,2023-03-31,2023-06-30,INTERIM,TYPE_A_CAP_RELEASED
2023-08-11,0.6710549999999995,0.98,0.30894500000000047,0.6710550000000002,0.8841366944670762,0.21308169446707603,True,False,0.8685780893047267,0.903888186521391,True,True,食品饮料 | 医药生物 | 电子 | 非银金融 | 电力设备,食品饮料 | 医药生物 | 基础化工 | 电子 | 电力设备,False,0.0803271849917005,基础化工,0.0400863555560724,0.1204135405477729,2023-03-31,2023-06-30,INTERIM,TYPE_A_CAP_RELEASED
2023-08-18,0.6710549999999995,0.98,0.30894500000000047,0.671055,0.8852246169284218,0.21416961692842185,True,False,0.8751069980758988,0.9120196720289616,True,True,食品饮料 | 医药生物 | 电子 | 非银金融 | 电力设备,食品饮料 | 医药生物 | 基础化工 | 电子 | 家用电器,False,0.1011000351852164,基础化工,0.0385811487932645,0.1396811839784809,2023-03-31,2023-06-30,INTERIM,TYPE_A_CAP_RELEASED
2023-08-25,0.6710549999999995,0.98,0.30894500000000047,0.6710550000000001,0.8819814508193413,0.21092645081934125,True,False,0.8859734413067685,0.9209380253583588,True,True,食品饮料 | 医药生物 | 电子 | 非银金融 | 家用电器,食品饮料 | 医药生物 | 基础化工 | 电子 | 家用电器,False,0.1361228093313307,基础化工,0.0,0.1361228093313307,2023-03-31,2023-06-30,INTERIM,TYPE_A_CAP_RELEASED
2023-09-01,0.6710549999999995,0.98,0.30894500000000047,0.671055,0.8801739888836679,0.20911898888366798,True,False,0.8921268999670051,0.9292155463757776,True,True,食品饮料 | 医药生物 | 电子 | 非银金融 | 电力设备,食品饮料 | 医药生物 | 基础化工 | 电子 | 国防军工,False,0.1326170458241273,基础化工,0.0,0.1326170458241273,2023-03-31,2023-06-30,INTERIM,TYPE_A_CAP_RELEASED
2023-09-08,0.6710549999999995,0.98,0.30894500000000047,0.671055,0.8665396020447842,0.19548460204478424,True,False,0.8940240581656994,0.9289395368139082,True,True,食品饮料 | 医药生物 | 电子 | 汽车 | 非银金融,食品饮料 | 医药生物 | 基础化工 | 电子 | 家用电器,False,0.084844570029744,基础化工,0.0,0.084844570029744,2023-03-31,2023-06-30,INTERIM,TYPE_A_CAP_RELEASED
2023-09-15,0.6710549999999995,0.98,0.30894500000000047,0.671055,0.856696688799244,0.18564168879924403,True,False,0.8923246449097537,0.924080777754337,True,True,食品饮料 | 医药生物 | 电子 | 非银金融 | 汽车,食品饮料 | 医药生物 | 电子 | 交通运输 | 电力设备,False,0.057901774097409,交通运输,0.0,0.057901774097409,2023-03-31,2023-06-30,INTERIM,TYPE_A_CAP_RELEASED
2023-09-22,0.6710549999999995,0.98,0.30894500000000047,0.6710550000000002,0.839676171056192,0.1686211710561918,True,False,0.8973432772765304,0.923006230074914,True,True,食品饮料 | 医药生物 | 电子 | 有色金属 | 汽车,医药生物 | 食品饮料 | 电子 | 交通运输 | 家用电器,False,0.0738776804023409,交通运输,0.0,0.0738776804023409,2023-03-31,2023-06-30,INTERIM,TYPE_A_CAP_RELEASED
2023-09-29,0.6710549999999995,0.98,0.30894500000000047,0.6710550000000001,0.8285213786211667,0.15746637862116664,True,False,0.8970963494511763,0.920106689959154,True,True,食品饮料 | 医药生物 | 有色金属 | 汽车 | 电子,医药生物 | 食品饮料 | 有色金属 | 交通运输 | 电子,False,0.0686681079005633,交通运输,0.0,0.0686681079005633,2023-03-31,2023-06-30,INTERIM,TYPE_A_CAP_RELEASED
2023-10-13,0.964425,0.98,0.015575000000000006,0.8412260742143434,0.8412260742143434,0.0,False,False,0.9065783494464804,0.9065783494464804,True,True,食品饮料 | 医药生物 | 机械设备 | 家用电器 | 交通运输,食品饮料 | 医药生物 | 机械设备 | 家用电器 | 交通运输,True,0.0,交通运输,0.0597445148934027,0.0597445148934027,2023-06-30,2023-06-30,INTERIM,TYPE_D_MINOR
2023-10-20,0.964425,0.98,0.015575000000000006,0.8821551128958004,0.8821551128958004,0.0,False,False,0.9212373780413596,0.9212373780413596,True,True,食品饮料 | 医药生物 | 基础化工 | 国防军工 | 机械设备,食品饮料 | 医药生物 | 基础化工 | 国防军工 | 机械设备,True,0.0,交通运输,0.073110831394112,0.073110831394112,2023-06-30,2023-06-30,INTERIM,TYPE_D_MINOR
2023-10-27,0.964425,0.98,0.015575000000000006,0.8786404015797344,0.8786404015797344,0.0,False,False,0.9261454974091428,0.9261454974091428,True,True,医药生物 | 食品饮料 | 家用电器 | 电力设备 | 国防军工,医药生物 | 食品饮料 | 家用电器 | 电力设备 | 国防军工,True,0.0,交通运输,0.0443165389881468,0.0443165389881468,2023-06-30,2023-06-30,INTERIM,TYPE_D_MINOR
2023-11-03,0.964425,0.98,0.015575000000000006,0.8900070355894147,0.8900070355894147,0.0,False,False,0.9293333573005678,0.9293333573005678,True,True,医药生物 | 食品饮料 | 家用电器 | 国防军工 | 电力设备,医药生物 | 食品饮料 | 家用电器 | 国防军工 | 电力设备,True,0.0,交通运输,0.014584397711309,0.014584397711309,2023-06-30,2023-09-30,Q3,TYPE_D_MINOR
2023-11-10,0.964425,0.98,0.015575000000000006,0.888733814602363,0.888733814602363,0.0,False,False,0.930254055090957,0.930254055090957,True,True,医药生物 | 食品饮料 | 家用电器 | 基础化工 | 电力设备,医药生物 | 食品饮料 | 家用电器 | 基础化工 | 电力设备,True,0.0,交通运输,0.0187142261044993,0.0187142261044993,2023-06-30,2023-09-30,Q3,TYPE_D_MINOR
2023-11-17,0.964425,0.98,0.015575000000000006,0.88990903251319,0.88990903251319,0.0,False,False,0.9299872985292508,0.9299872985292508,True,True,医药生物 | 食品饮料 | 家用电器 | 基础化工 | 电力设备,医药生物 | 食品饮料 | 家用电器 | 基础化工 | 电力设备,True,0.0,交通运输,0.0029700346047214,0.0029700346047214,2023-06-30,2023-09-30,Q3,TYPE_D_MINOR
2023-11-24,0.964425,0.98,0.015575000000000006,0.8955158442534766,0.8955158442534766,0.0,False,False,0.9316084599886928,0.9316084599886928,True,True,医药生物 | 食品饮料 | 家用电器 | 电力设备 | 基础化工,医药生物 | 食品饮料 | 家用电器 | 电力设备 | 基础化工,True,0.0,交通运输,0.0050146301637503,0.0050146301637503,2023-06-30,2023-09-30,Q3,TYPE_D_MINOR
2023-12-01,0.964425,0.98,0.015575000000000006,0.8788768530681923,0.8788768530681923,0.0,False,False,0.9214838425146682,0.9214838425146682,True,True,医药生物 | 食品饮料 | 家用电器 | 电力设备 | 电子,医药生物 | 食品饮料 | 家用电器 | 电力设备 | 电子,True,0.0,交通运输,0.0566987787407023,0.0566987787407023,2023-06-30,2023-09-30,Q3,TYPE_D_MINOR
2023-12-08,0.964425,0.98,0.015575000000000006,0.8966792186191531,0.8966792186191531,0.0,False,False,0.9264159535060452,0.9264159535060452,True,True,医药生物 | 食品饮料 | 家用电器 | 电子 | 交通运输,医药生物 | 食品饮料 | 家用电器 | 电子 | 交通运输,True,0.0,交通运输,0.0631145212245799,0.0631145212245799,2023-06-30,2023-09-30,Q3,TYPE_D_MINOR
2023-12-15,0.964425,0.98,0.015575000000000006,0.9202098275872984,0.9202098275872984,0.0,False,False,0.9208690924971494,0.9208690924971494,True,True,食品饮料 | 医药生物 | 家用电器 | 电子 | 交通运输,食品饮料 | 医药生物 | 家用电器 | 电子 | 交通运输,True,0.0,交通运输,0.0777284611170284,0.0777284611170284,2023-06-30,2023-09-30,Q3,TYPE_D_MINOR
2023-12-22,0.964425,0.98,0.015575000000000006,0.918495860215063,0.918495860215063,0.0,False,False,0.9219924723249786,0.9219924723249786,True,True,食品饮料 | 医药生物 | 家用电器 | 电子 | 银行,食品饮料 | 医药生物 | 家用电器 | 电子 | 银行,True,0.0,交通运输,0.0457808600946009,0.0457808600946009,2023-06-30,2023-09-30,Q3,TYPE_D_MINOR
2023-12-29,0.964425,0.98,0.015575000000000006,0.9019697242025458,0.9019697242025458,0.0,False,False,0.9251996164721598,0.9251996164721598,True,True,食品饮料 | 医药生物 | 家用电器 | 银行 | 电子,食品饮料 | 医药生物 | 家用电器 | 银行 | 电子,True,0.0,交通运输,0.0060458657188838,0.0060458657188838,2023-06-30,2023-09-30,Q3,TYPE_D_MINOR
2024-01-05,0.6711599999999999,0.98,0.3088400000000001,0.6711599999999999,0.8852220435515961,0.2140620435515962,True,False,0.8910878464691332,0.922922054959234,True,True,食品饮料 | 医药生物 | 电子 | 电力设备 | 家用电器,食品饮料 | 医药生物 | 银行 | 电子 | 家用电器,False,0.1129071726961083,银行,0.0,0.1129071726961083,2023-09-30,2023-09-30,Q3,TYPE_A_CAP_RELEASED
2024-01-12,0.6711599999999999,0.98,0.3088400000000001,0.6711599999999998,0.9152102407479188,0.24405024074791903,True,False,0.887573130065758,0.9265863853566252,True,True,食品饮料 | 医药生物 | 电子 | 机械设备 | 家用电器,食品饮料 | 医药生物 | 银行 | 家用电器 | 电子,False,0.1211761661768371,银行,0.0,0.1211761661768371,2023-09-30,2023-09-30,Q3,TYPE_A_CAP_RELEASED
2024-01-19,0.6711599999999999,0.98,0.3088400000000001,0.67116,0.9279427177253492,0.2567827177253492,True,False,0.8965585313917855,0.9341927275017512,True,True,食品饮料 | 医药生物 | 电子 | 电力设备 | 机械设备,食品饮料 | 医药生物 | 银行 | 家用电器 | 电子,False,0.1125737394259641,银行,0.0,0.1125737394259641,2023-09-30,2023-09-30,Q3,TYPE_A_CAP_RELEASED
2024-01-26,0.6711599999999999,0.98,0.3088400000000001,0.67116,0.9501450555643824,0.27898505556438247,True,False,0.9107280735321848,0.9503148720774124,True,True,食品饮料 | 医药生物 | 机械设备 | 电子 | 电力设备,食品饮料 | 医药生物 | 银行 | 电子 | 家用电器,False,0.1173080201027701,银行,0.0,0.1173080201027701,2023-09-30,2023-09-30,Q3,TYPE_A_CAP_RELEASED
2024-02-02,0.6711599999999999,0.98,0.3088400000000001,0.6711600000000001,0.9311069867578852,0.2599469867578851,True,False,0.9112073378373686,0.9432292666302882,True,True,食品饮料 | 机械设备 | 医药生物 | 电子 | 房地产,食品饮料 | 医药生物 | 家用电器 | 银行 | 公用事业,False,0.0965590684435452,银行,0.0,0.0965590684435452,2023-09-30,2023-12-31,ANNUAL,TYPE_A_CAP_RELEASED
2024-02-09,0.6711599999999999,0.98,0.3088400000000001,0.6711599999999999,0.98,0.3088400000000001,True,True,0.8926677346483272,0.9420291684983664,True,True,医药生物 | 食品饮料 | 国防军工 | 电力设备 | 电子,医药生物 | 食品饮料 | 家用电器 | 银行 | 非银金融,False,0.1253758437562926,家用电器,0.0,0.1253758437562926,2023-09-30,2023-12-31,ANNUAL,TYPE_A_CAP_RELEASED
2024-02-23,0.6711599999999999,0.98,0.3088400000000001,0.67116,0.9419872847130134,0.2708272847130134,True,False,0.8844138030325972,0.9302086067050044,True,True,医药生物 | 食品饮料 | 国防军工 | 电力设备 | 非银金融,医药生物 | 食品饮料 | 家用电器 | 非银金融 | 钢铁,False,0.1305166691394785,家用电器,0.0,0.1305166691394785,2023-09-30,2023-12-31,ANNUAL,TYPE_A_CAP_RELEASED
2024-03-01,0.6711599999999999,0.98,0.3088400000000001,0.67116,0.9542945239708353,0.2831345239708353,True,False,0.8895987576543154,0.9348679624815776,True,True,医药生物 | 食品饮料 | 国防军工 | 电力设备 | 电子,医药生物 | 食品饮料 | 家用电器 | 非银金融 | 钢铁,False,0.1389976733079521,家用电器,0.0,0.1389976733079521,2023-09-30,2023-12-31,ANNUAL,TYPE_A_CAP_RELEASED
2024-03-08,0.6711599999999999,0.98,0.3088400000000001,0.6711599999999999,0.9580007656220576,0.28684076562205774,True,False,0.8857365890511262,0.9331775545219104,True,True,医药生物 | 食品饮料 | 国防军工 | 电子 | 电力设备,食品饮料 | 医药生物 | 家用电器 | 非银金融 | 钢铁,False,0.1359394112992523,家用电器,0.0,0.1359394112992523,2023-09-30,2023-12-31,ANNUAL,TYPE_A_CAP_RELEASED
2024-03-15,0.6711599999999999,0.98,0.3088400000000001,0.6711600000000001,0.961469825533872,0.29030982553387186,True,False,0.8882156571220566,0.931877133519412,True,True,医药生物 | 食品饮料 | 电子 | 电力设备 | 国防军工,食品饮料 | 医药生物 | 家用电器 | 钢铁 | 非银金融,False,0.1484081072082949,家用电器,0.0,0.1484081072082949,2023-09-30,2023-12-31,ANNUAL,TYPE_A_CAP_RELEASED
2024-03-22,0.6711599999999999,0.98,0.3088400000000001,0.67116,0.977267901694924,0.30610790169492397,True,False,0.879270998359399,0.923334218963864,True,True,医药生物 | 食品饮料 | 电子 | 电力设备 | 国防军工,医药生物 | 食品饮料 | 家用电器 | 钢铁 | 非银金融,False,0.166152139326928,家用电器,0.0096158000505502,0.1757679393774782,2023-09-30,2023-12-31,ANNUAL,TYPE_A_CAP_RELEASED
2024-03-29,0.6711599999999999,0.98,0.3088400000000001,0.67116,0.98,0.30884,True,True,0.8808858985707168,0.922620719609246,True,True,医药生物 | 食品饮料 | 电力设备 | 电子 | 国防军工,医药生物 | 食品饮料 | 家用电器 | 钢铁 | 电力设备,False,0.1584806945952772,家用电器,0.0106075968732014,0.1690882914684786,2023-09-30,2023-12-31,ANNUAL,TYPE_A_CAP_RELEASED
2024-04-05,0.9732449999999998,0.98,0.0067550000000001775,0.973245,0.9733222903264996,7.729032649961276e-05,True,False,0.9250278235447548,0.925028417934478,True,True,医药生物 | 食品饮料 | 家用电器 | 钢铁 | 电力设备,医药生物 | 食品饮料 | 家用电器 | 钢铁 | 电力设备,True,3.308388490340028e-05,公用事业,0.0104013841462537,0.0104344680311571,2023-12-31,2023-12-31,ANNUAL,TYPE_D_MINOR
2024-04-12,0.9732449999999998,0.98,0.0067550000000001775,0.9606333092317518,0.9606333092317518,0.0,False,False,0.9144355518760146,0.9144355518760146,True,True,医药生物 | 食品饮料 | 家用电器 | 有色金属 | 钢铁,医药生物 | 食品饮料 | 家用电器 | 有色金属 | 钢铁,True,0.0,交通运输,0.0,0.0,2023-12-31,2023-12-31,ANNUAL,TYPE_D_MINOR
2024-04-19,0.9732449999999998,0.98,0.0067550000000001775,0.971939370981137,0.971939370981137,0.0,False,False,0.9014429199977112,0.9014429199977112,True,True,食品饮料 | 医药生物 | 家用电器 | 公用事业 | 钢铁,食品饮料 | 医药生物 | 家用电器 | 公用事业 | 钢铁,True,0.0,交通运输,0.0212907605597465,0.0212907605597465,2023-12-31,2023-12-31,ANNUAL,TYPE_D_MINOR
2024-04-26,0.9732449999999998,0.98,0.0067550000000001775,0.973245,0.98,0.0067549999999999555,True,True,0.9012114632557504,0.9012896729388312,True,True,食品饮料 | 医药生物 | 家用电器 | 公用事业 | 钢铁,食品饮料 | 医药生物 | 家用电器 | 公用事业 | 钢铁,True,0.0040022791434628086,公用事业,0.1184125949125105,0.1224148740559733,2023-12-31,2023-12-31,ANNUAL,TYPE_D_MINOR
2024-05-03,0.9732449999999998,0.98,0.0067550000000001775,0.9635418195988464,0.9635418195988464,0.0,False,False,0.9030500579962466,0.9030500579962466,True,True,食品饮料 | 医药生物 | 家用电器 | 公用事业 | 钢铁,食品饮料 | 医药生物 | 家用电器 | 公用事业 | 钢铁,True,0.0,交通运输,0.0,0.0,2023-12-31,2024-03-31,Q1,TYPE_D_MINOR
2024-05-10,0.9732449999999998,0.98,0.0067550000000001775,0.969350861739845,0.9693508609239752,-8.158698161508937e-10,False,False,0.8947712432425978,0.894771243235808,True,True,食品饮料 | 医药生物 | 家用电器 | 公用事业 | 电力设备,食品饮料 | 医药生物 | 家用电器 | 公用事业 | 电力设备,True,1.1153216503134722e-08,交通运输,0.0366707406818982,0.0366707518351147,2023-12-31,2024-03-31,Q1,TYPE_D_MINOR
2024-05-17,0.9732449999999998,0.98,0.0067550000000001775,0.9615302442129988,0.9615302442129988,0.0,False,False,0.8923030488159227,0.8923030488159227,True,True,食品饮料 | 医药生物 | 家用电器 | 公用事业 | 电力设备,食品饮料 | 医药生物 | 家用电器 | 公用事业 | 电力设备,True,0.0,交通运输,0.0511747128849505,0.0511747128849505,2023-12-31,2024-03-31,Q1,TYPE_D_MINOR
2024-05-24,0.9732449999999998,0.98,0.0067550000000001775,0.951086326756044,0.951086326756044,0.0,False,False,0.8892027230007458,0.8892027230007458,True,True,食品饮料 | 医药生物 | 家用电器 | 公用事业 | 交通运输,食品饮料 | 医药生物 | 家用电器 | 公用事业 | 交通运输,True,0.0,交通运输,0.0693046756934297,0.0693046756934297,2023-12-31,2024-03-31,Q1,TYPE_D_MINOR
2024-05-31,0.9732449999999998,0.98,0.0067550000000001775,0.9449211666924346,0.9449211666924346,0.0,False,False,0.8893242091791037,0.8893242091791037,True,True,食品饮料 | 医药生物 | 家用电器 | 公用事业 | 交通运输,食品饮料 | 医药生物 | 家用电器 | 公用事业 | 交通运输,True,0.0,交通运输,0.0517436270777027,0.0517436270777027,2023-12-31,2024-03-31,Q1,TYPE_D_MINOR
2024-06-07,0.9732449999999998,0.98,0.0067550000000001775,0.945683689842739,0.945683689842739,0.0,False,False,0.8822242942790963,0.8822242942790963,True,True,食品饮料 | 医药生物 | 家用电器 | 公用事业 | 电力设备,食品饮料 | 医药生物 | 家用电器 | 公用事业 | 电力设备,True,0.0,交通运输,0.0290899814002705,0.0290899814002705,2023-12-31,2024-03-31,Q1,TYPE_D_MINOR
2024-06-14,0.9732449999999998,0.98,0.0067550000000001775,0.9312926481438164,0.9312926481438164,0.0,False,False,0.8812911036014799,0.8812911036014799,True,True,医药生物 | 食品饮料 | 家用电器 | 公用事业 | 电力设备,医药生物 | 食品饮料 | 家用电器 | 公用事业 | 电力设备,True,0.0,交通运输,0.0,0.0,2023-12-31,2024-03-31,Q1,TYPE_D_MINOR
2024-06-21,0.9732449999999998,0.98,0.0067550000000001775,0.901880704971158,0.901880704971158,0.0,False,False,0.8777259219945341,0.8777259219945341,True,True,医药生物 | 食品饮料 | 家用电器 | 电力设备 | 公用事业,医药生物 | 食品饮料 | 家用电器 | 电力设备 | 公用事业,True,0.0,交通运输,0.0259929418660385,0.0259929418660385,2023-12-31,2024-03-31,Q1,TYPE_D_MINOR
2024-06-28,0.9732449999999998,0.98,0.0067550000000001775,0.9086354333956784,0.9086354333956784,0.0,False,False,0.8810388456025722,0.8810388456025722,True,True,医药生物 | 家用电器 | 食品饮料 | 电力设备 | 交通运输,医药生物 | 家用电器 | 食品饮料 | 电力设备 | 交通运输,True,0.0,交通运输,0.0513646081302259,0.0513646081302259,2023-12-31,2024-03-31,Q1,TYPE_D_MINOR
2024-07-05,0.7049699999999998,0.98,0.2750300000000002,0.70497,0.9148815305571544,0.2099115305571544,True,False,0.8438468306150958,0.8712460064117313,True,True,医药生物 | 家用电器 | 电力设备 | 食品饮料 | 有色金属,医药生物 | 家用电器 | 食品饮料 | 电力设备 | 公用事业,False,0.060975788726168406,家用电器,0.1543889314258854,0.2153647201520538,2024-03-31,2024-03-31,Q1,TYPE_A_CAP_RELEASED
2024-07-12,0.7049699999999998,0.98,0.2750300000000002,0.7049700000000001,0.9204037809741148,0.2154337809741147,True,False,0.855749805948973,0.8799445549621493,True,True,医药生物 | 家用电器 | 电力设备 | 食品饮料 | 有色金属,医药生物 | 家用电器 | 食品饮料 | 电力设备 | 汽车,False,0.0598258813874257,家用电器,0.1485238762541846,0.2083497576416103,2024-03-31,2024-03-31,Q1,TYPE_A_CAP_RELEASED
2024-07-19,0.7049699999999998,0.98,0.2750300000000002,0.70497,0.9186443396740778,0.21367433967407778,True,False,0.852938053457768,0.875629236539871,True,True,医药生物 | 家用电器 | 电力设备 | 汽车 | 有色金属,医药生物 | 家用电器 | 汽车 | 电力设备 | 食品饮料,False,0.05351763393127559,家用电器,0.1692406058824236,0.2227582398136992,2024-03-31,2024-03-31,Q1,TYPE_A_CAP_RELEASED
2024-07-26,0.7049699999999998,0.98,0.2750300000000002,0.70497,0.98,0.27503,True,True,0.8559992210032343,0.8872178712460919,True,True,医药生物 | 家用电器 | 有色金属 | 食品饮料 | 汽车,医药生物 | 家用电器 | 食品饮料 | 银行 | 汽车,False,0.1001039601012756,银行,0.0,0.1001039601012756,2024-03-31,2024-03-31,Q1,TYPE_A_CAP_RELEASED
2024-08-02,0.7049699999999998,0.98,0.2750300000000002,0.7049700000000001,0.98,0.2750299999999999,True,True,0.8601797001624516,0.8996641869031305,True,True,医药生物 | 家用电器 | 食品饮料 | 有色金属 | 电力设备,医药生物 | 家用电器 | 食品饮料 | 汽车 | 有色金属,False,0.08829174012586749,食品饮料,0.0926439741346973,0.1809357142605648,2024-03-31,2024-06-30,INTERIM,TYPE_A_CAP_RELEASED
2024-08-09,0.7049699999999998,0.98,0.2750300000000002,0.7049700000000003,0.98,0.27502999999999966,True,True,0.8555853850774764,0.8957676832438873,True,True,医药生物 | 家用电器 | 食品饮料 | 有色金属 | 电力设备,医药生物 | 家用电器 | 食品饮料 | 汽车 | 公用事业,False,0.097609147283077,食品饮料,0.099563418283957,0.197172565567034,2024-03-31,2024-06-30,INTERIM,TYPE_A_CAP_RELEASED
2024-08-16,0.7049699999999998,0.98,0.2750300000000002,0.7049700000000001,0.9736504858437168,0.26868048584371673,True,False,0.8551452180707708,0.89429871272401,True,True,医药生物 | 家用电器 | 食品饮料 | 有色金属 | 电力设备,医药生物 | 家用电器 | 食品饮料 | 汽车 | 公用事业,False,0.0979433368872167,食品饮料,0.091167107474445,0.1891104443616617,2024-03-31,2024-06-30,INTERIM,TYPE_A_CAP_RELEASED
2024-08-23,0.7049699999999998,0.98,0.2750300000000002,0.7049700000000001,0.9799999999999998,0.27502999999999966,True,True,0.8520303404973983,0.8922224449906545,True,True,医药生物 | 家用电器 | 食品饮料 | 有色金属 | 电力设备,医药生物 | 家用电器 | 食品饮料 | 汽车 | 公用事业,False,0.0975350607933734,食品饮料,0.0847252505439505,0.1822603113373239,2024-03-31,2024-06-30,INTERIM,TYPE_A_CAP_RELEASED
2024-08-30,0.7049699999999998,0.98,0.2750300000000002,0.7049700000000003,0.9800000000000002,0.2750299999999999,True,True,0.8461857325863268,0.8879214714334144,True,True,医药生物 | 家用电器 | 食品饮料 | 汽车 | 基础化工,医药生物 | 食品饮料 | 家用电器 | 公用事业 | 汽车,False,0.09551237190638,公用事业,0.0,0.09551237190638,2024-03-31,2024-06-30,INTERIM,TYPE_A_CAP_RELEASED
2024-09-06,0.7049699999999998,0.98,0.2750300000000002,0.7049700000000001,0.98,0.2750299999999999,True,True,0.849841888921928,0.8979732967808479,True,True,医药生物 | 家用电器 | 食品饮料 | 电子 | 汽车,医药生物 | 食品饮料 | 家用电器 | 汽车 | 公用事业,False,0.08725888770974119,食品饮料,0.120946999251583,0.2082058869613242,2024-03-31,2024-06-30,INTERIM,TYPE_A_CAP_RELEASED
2024-09-13,0.7049699999999998,0.98,0.2750300000000002,0.7049700000000001,0.96293133902253,0.25796133902252993,True,False,0.8441374188777403,0.8946436767778748,True,True,食品饮料 | 医药生物 | 家用电器 | 电力设备 | 汽车,食品饮料 | 医药生物 | 家用电器 | 电力设备 | 汽车,True,0.0746445229852111,食品饮料,0.1462211967394027,0.2208657197246138,2024-03-31,2024-06-30,INTERIM,TYPE_A_CAP_RELEASED
2024-09-20,0.7049699999999998,0.98,0.2750300000000002,0.7049700000000001,0.953523199625484,0.24855319962548394,True,False,0.8414272838247068,0.8890853031324127,True,True,医药生物 | 家用电器 | 食品饮料 | 汽车 | 电力设备,家用电器 | 医药生物 | 食品饮料 | 电力设备 | 汽车,True,0.0697627113145255,家用电器,0.1388917484217509,0.2086544597362764,2024-03-31,2024-06-30,INTERIM,TYPE_A_CAP_RELEASED
2024-09-27,0.7049699999999998,0.98,0.2750300000000002,0.7049700000000003,0.9193936614007518,0.21442366140075153,True,False,0.907636213188223,0.9404091804052782,True,True,食品饮料 | 电力设备 | 医药生物 | 家用电器 | 电子,医药生物 | 家用电器 | 食品饮料 | 电力设备 | 汽车,False,0.10315834697513869,医药生物,0.090353254878194,0.1935116018533327,2024-03-31,2024-06-30,INTERIM,TYPE_A_CAP_RELEASED
2024-10-04,0.9622199999999996,0.98,0.01778000000000035,0.9395876312038636,0.9395876312038636,0.0,False,False,0.9668554856131684,0.9668554856131684,True,True,医药生物 | 家用电器 | 食品饮料 | 电力设备 | 汽车,医药生物 | 家用电器 | 食品饮料 | 电力设备 | 汽车,True,0.0,交通运输,0.0,0.0,2024-06-30,2024-06-30,INTERIM,TYPE_D_MINOR
2024-10-11,0.9622199999999996,0.98,0.01778000000000035,0.932443522529096,0.932443522529096,0.0,False,False,0.9781795340552022,0.9781795340552022,True,True,医药生物 | 食品饮料 | 家用电器 | 汽车 | 电力设备,医药生物 | 食品饮料 | 家用电器 | 汽车 | 电力设备,True,0.0,交通运输,0.0,0.0,2024-06-30,2024-06-30,INTERIM,TYPE_D_MINOR
2024-10-18,0.9622199999999996,0.98,0.01778000000000035,0.9471833048571742,0.9471833048571742,0.0,False,False,0.9808971186933976,0.9808971186933976,True,True,医药生物 | 食品饮料 | 家用电器 | 汽车 | 电力设备,医药生物 | 食品饮料 | 家用电器 | 汽车 | 电力设备,True,0.0,交通运输,0.0,0.0,2024-06-30,2024-06-30,INTERIM,TYPE_D_MINOR
2024-10-25,0.9622199999999996,0.98,0.01778000000000035,0.9486127817120724,0.9486127817120724,0.0,False,False,0.9782020460340806,0.9782020460340806,True,True,医药生物 | 食品饮料 | 家用电器 | 汽车 | 电力设备,医药生物 | 食品饮料 | 家用电器 | 汽车 | 电力设备,True,0.0,交通运输,0.0,0.0,2024-06-30,2024-06-30,INTERIM,TYPE_D_MINOR
2024-11-01,0.9622199999999996,0.98,0.01778000000000035,0.9377559544699604,0.9377559544699604,0.0,False,False,0.9749837000400092,0.9749837000400092,True,True,医药生物 | 食品饮料 | 家用电器 | 汽车 | 有色金属,医药生物 | 食品饮料 | 家用电器 | 汽车 | 有色金属,True,0.0,交通运输,0.0,0.0,2024-06-30,2024-09-30,Q3,TYPE_D_MINOR
2024-11-08,0.9622199999999996,0.98,0.01778000000000035,0.9355162807011838,0.9355162807011838,0.0,False,False,0.9738322860489924,0.9738322860489924,True,True,医药生物 | 汽车 | 食品饮料 | 家用电器 | 有色金属,医药生物 | 汽车 | 食品饮料 | 家用电器 | 有色金属,True,0.0,交通运输,0.0,0.0,2024-06-30,2024-09-30,Q3,TYPE_D_MINOR
2024-11-15,0.9622199999999996,0.98,0.01778000000000035,0.9307582513973984,0.9307582513973984,0.0,False,False,0.9740007242884632,0.9740007242884632,True,True,医药生物 | 家用电器 | 食品饮料 | 汽车 | 有色金属,医药生物 | 家用电器 | 食品饮料 | 汽车 | 有色金属,True,0.0,交通运输,0.0,0.0,2024-06-30,2024-09-30,Q3,TYPE_D_MINOR
2024-11-22,0.9622199999999996,0.98,0.01778000000000035,0.925778507734918,0.925778507734918,0.0,False,False,0.9754989655689008,0.9754989655689008,True,True,医药生物 | 家用电器 | 食品饮料 | 汽车 | 电力设备,医药生物 | 家用电器 | 食品饮料 | 汽车 | 电力设备,True,0.0,交通运输,0.0,0.0,2024-06-30,2024-09-30,Q3,TYPE_D_MINOR
2024-11-29,0.9622199999999996,0.98,0.01778000000000035,0.9307285360859804,0.9307285360859804,0.0,False,False,0.9748431723177046,0.9748431723177046,True,True,家用电器 | 医药生物 | 食品饮料 | 有色金属 | 电力设备,家用电器 | 医药生物 | 食品饮料 | 有色金属 | 电力设备,True,0.0,交通运输,0.0,0.0,2024-06-30,2024-09-30,Q3,TYPE_D_MINOR
2024-12-06,0.9622199999999996,0.98,0.01778000000000035,0.9273122941312107,0.9273122941312107,0.0,False,False,0.9737668325332022,0.9737668325332022,True,True,家用电器 | 医药生物 | 食品饮料 | 有色金属 | 电力设备,家用电器 | 医药生物 | 食品饮料 | 有色金属 | 电力设备,True,0.0,交通运输,0.0,0.0,2024-06-30,2024-09-30,Q3,TYPE_D_MINOR
2024-12-13,0.9622199999999996,0.98,0.01778000000000035,0.921782315003838,0.921782315003838,0.0,False,False,0.9712027849949963,0.9712027849949963,True,True,家用电器 | 食品饮料 | 医药生物 | 电力设备 | 有色金属,家用电器 | 食品饮料 | 医药生物 | 电力设备 | 有色金属,True,0.0,交通运输,0.0,0.0,2024-06-30,2024-09-30,Q3,TYPE_D_MINOR
2024-12-20,0.9622199999999996,0.98,0.01778000000000035,0.9150905647082466,0.9150905647082466,0.0,False,False,0.9678954871150528,0.9678954871150528,True,True,食品饮料 | 家用电器 | 电力设备 | 医药生物 | 有色金属,食品饮料 | 家用电器 | 电力设备 | 医药生物 | 有色金属,True,0.0,交通运输,0.0,0.0,2024-06-30,2024-09-30,Q3,TYPE_D_MINOR
2024-12-27,0.9622199999999996,0.98,0.01778000000000035,0.917911843462115,0.917911843462115,0.0,False,False,0.9675468448900284,0.9675468448900284,True,True,食品饮料 | 家用电器 | 电力设备 | 医药生物 | 有色金属,食品饮料 | 家用电器 | 电力设备 | 医药生物 | 有色金属,True,0.0,交通运输,0.0,0.0,2024-06-30,2024-09-30,Q3,TYPE_D_MINOR
2025-01-03,0.6589800000000001,0.98,0.32101999999999986,0.65898,0.922701587839114,0.26372158783911404,True,False,0.920693315580329,0.9663703404731478,True,True,电力设备 | 食品饮料 | 非银金融 | 医药生物 | 电子,食品饮料 | 家用电器 | 电力设备 | 医药生物 | 有色金属,False,0.1319262719976878,家用电器,0.0362607697610758,0.1681870417587636,2024-09-30,2024-09-30,Q3,TYPE_A_CAP_RELEASED
2025-01-10,0.6589800000000001,0.98,0.32101999999999986,0.6589800000000001,0.9297529889984294,0.2707729889984293,True,False,0.9168619774090464,0.9646234760385826,True,True,电力设备 | 食品饮料 | 家用电器 | 电子 | 非银金融,食品饮料 | 家用电器 | 电力设备 | 有色金属 | 医药生物,False,0.1144630117042856,电力设备,0.2669384314626933,0.1524754197584077,2024-09-30,2024-09-30,Q3,TYPE_A_CAP_RELEASED
2025-01-17,0.6589800000000001,0.98,0.32101999999999986,0.65898,0.9259322476592868,0.2669522476592868,True,False,0.9166873228827784,0.9623900490625432,True,True,电力设备 | 食品饮料 | 电子 | 家用电器 | 非银金融,食品饮料 | 家用电器 | 电力设备 | 有色金属 | 医药生物,False,0.11411290441516422,电力设备,0.2627726105678979,0.1486597061527337,2024-09-30,2024-09-30,Q3,TYPE_A_CAP_RELEASED
2025-01-24,0.6589800000000001,0.98,0.32101999999999986,0.6589800000000001,0.9291410224301656,0.2701610224301655,True,False,0.9145099539732476,0.9590834950951342,True,True,电力设备 | 食品饮料 | 电子 | 非银金融 | 家用电器,食品饮料 | 家用电器 | 电力设备 | 有色金属 | 汽车,False,0.1222733540636326,电力设备,0.2613109446774189,0.1390375906137863,2024-09-30,2024-09-30,Q3,TYPE_A_CAP_RELEASED
2025-01-31,0.6589800000000001,0.98,0.32101999999999986,0.65898,0.9434247779980082,0.28444477799800816,True,False,0.9048591294619684,0.9534821256120574,True,True,电力设备 | 食品饮料 | 家用电器 | 电子 | 医药生物,食品饮料 | 家用电器 | 电力设备 | 医药生物 | 有色金属,False,0.13081843969317258,电力设备,0.2503613736765955,0.1195429339834229,2024-09-30,2024-12-31,ANNUAL,TYPE_A_CAP_RELEASED
2025-02-07,0.6589800000000001,0.98,0.32101999999999986,0.6589799999999999,0.9491859413314944,0.29020594133149447,True,False,0.90430059818086,0.951260930111658,True,True,电力设备 | 食品饮料 | 家用电器 | 电子 | 非银金融,食品饮料 | 家用电器 | 电力设备 | 交通运输 | 电子,False,0.12100000300075431,电力设备,0.2661118770535732,0.1451118740528189,2024-09-30,2024-12-31,ANNUAL,TYPE_A_CAP_RELEASED
2025-02-14,0.6589800000000001,0.98,0.32101999999999986,0.6589800000000001,0.9599944714676966,0.30101447146769644,True,False,0.8975770732843864,0.9473716657338428,True,True,电力设备 | 食品饮料 | 家用电器 | 电子 | 非银金融,家用电器 | 食品饮料 | 电力设备 | 银行 | 交通运输,False,0.1073374147258879,电力设备,0.2383683874654864,0.1310309727395985,2024-09-30,2024-12-31,ANNUAL,TYPE_A_CAP_RELEASED
2025-02-21,0.6589800000000001,0.98,0.32101999999999986,0.6589800000000001,0.9634574713073512,0.30447747130735103,True,False,0.8909589678475354,0.9446879495264372,True,True,电力设备 | 食品饮料 | 家用电器 | 医药生物 | 电子,食品饮料 | 家用电器 | 电力设备 | 有色金属 | 银行,False,0.10005565337191169,电力设备,0.2127924549016716,0.1127368015297599,2024-09-30,2024-12-31,ANNUAL,TYPE_A_CAP_RELEASED
2025-02-28,0.6589800000000001,0.98,0.32101999999999986,0.6589800000000002,0.963081105357276,0.30410110535727575,True,False,0.893597950804326,0.948055298420718,True,True,电力设备 | 食品饮料 | 家用电器 | 医药生物 | 非银金融,食品饮料 | 家用电器 | 电力设备 | 有色金属 | 银行,False,0.1038631446933165,银行,0.0,0.1038631446933165,2024-09-30,2024-12-31,ANNUAL,TYPE_A_CAP_RELEASED
2025-03-07,0.6589800000000001,0.98,0.32101999999999986,0.6589800000000001,0.9616475380613394,0.3026675380613393,True,False,0.892691960497769,0.9488402903390692,True,True,电力设备 | 食品饮料 | 家用电器 | 机械设备 | 非银金融,食品饮料 | 家用电器 | 电力设备 | 银行 | 有色金属,False,0.1135675789632982,银行,0.0,0.1135675789632982,2024-09-30,2024-12-31,ANNUAL,TYPE_A_CAP_RELEASED
2025-03-14,0.6589800000000001,0.98,0.32101999999999986,0.6589800000000001,0.9597629056203084,0.3007829056203083,True,False,0.8962644560441587,0.9480104587242396,True,True,电力设备 | 食品饮料 | 家用电器 | 非银金融 | 汽车,食品饮料 | 家用电器 | 银行 | 电力设备 | 汽车,False,0.1207967685271159,银行,0.0,0.1207967685271159,2024-09-30,2024-12-31,ANNUAL,TYPE_A_CAP_RELEASED
2025-03-21,0.6589800000000001,0.98,0.32101999999999986,0.6589800000000001,0.9597776470806498,0.3007976470806497,True,False,0.8976361301746092,0.9497132955437372,True,True,电力设备 | 食品饮料 | 汽车 | 非银金融 | 家用电器,食品饮料 | 家用电器 | 银行 | 电力设备 | 有色金属,False,0.1341688948164142,银行,0.0,0.1341688948164142,2024-09-30,2024-12-31,ANNUAL,TYPE_A_CAP_RELEASED
2025-03-28,0.6589800000000001,0.98,0.32101999999999986,0.6589800000000001,0.98,0.32101999999999986,True,True,0.8813363622252957,0.9439976465652744,True,True,电力设备 | 食品饮料 | 家用电器 | 非银金融 | 医药生物,银行 | 食品饮料 | 家用电器 | 电力设备 | 有色金属,False,0.1678879901466806,银行,0.0,0.1678879901466806,2024-09-30,2024-12-31,ANNUAL,TYPE_A_CAP_RELEASED
2025-04-04,0.947625,0.98,0.03237499999999993,0.9476250000000002,0.98,0.03237499999999982,True,True,0.9045798227273256,0.905746334453052,True,True,家用电器 | 银行 | 电力设备 | 有色金属 | 食品饮料,家用电器 | 银行 | 电力设备 | 有色金属 | 基础化工,False,0.017616492025077896,银行,0.1267046203341473,0.1443211123592252,2024-12-31,2024-12-31,ANNUAL,TYPE_A_CAP_RELEASED
2025-04-11,0.947625,0.98,0.03237499999999993,0.9476250000000004,0.9598624362981174,0.012237436298117021,True,False,0.9461765516928802,0.9463040857584596,True,True,家用电器 | 有色金属 | 银行 | 汽车 | 食品饮料,家用电器 | 有色金属 | 银行 | 汽车 | 食品饮料,True,0.009150960211245007,银行,0.1195444373096739,0.1286953975209189,2024-12-31,2024-12-31,ANNUAL,TYPE_B_CAP_RELEASED_BUT_BETA_LOW
2025-04-18,0.947625,0.98,0.03237499999999993,0.9364946744584944,0.9364946744584944,0.0,False,False,0.9406773233602926,0.9406773233602926,True,True,家用电器 | 有色金属 | 汽车 | 食品饮料 | 银行,家用电器 | 有色金属 | 汽车 | 食品饮料 | 银行,True,0.0,交通运输,0.0,0.0,2024-12-31,2024-12-31,ANNUAL,TYPE_D_MINOR
2025-04-25,0.947625,0.98,0.03237499999999993,0.9342432850396172,0.9342432850396172,0.0,False,False,0.9408999774421324,0.9408999774421324,True,True,家用电器 | 汽车 | 有色金属 | 食品饮料 | 银行,家用电器 | 汽车 | 有色金属 | 食品饮料 | 银行,True,0.0,交通运输,0.0,0.0,2024-12-31,2024-12-31,ANNUAL,TYPE_D_MINOR
2025-05-02,0.947625,0.98,0.03237499999999993,0.9211737079421112,0.9211737079421112,0.0,False,False,0.938751857119194,0.938751857119194,True,True,家用电器 | 汽车 | 食品饮料 | 有色金属 | 基础化工,家用电器 | 汽车 | 食品饮料 | 有色金属 | 基础化工,True,0.0,交通运输,0.0,0.0,2024-12-31,2025-03-31,Q1,TYPE_D_MINOR
2025-05-09,0.947625,0.98,0.03237499999999993,0.9192826854623978,0.9192826854623978,0.0,False,False,0.9350181060054048,0.9350181060054048,True,True,家用电器 | 汽车 | 食品饮料 | 有色金属 | 医药生物,家用电器 | 汽车 | 食品饮料 | 有色金属 | 医药生物,True,0.0,交通运输,0.0,0.0,2024-12-31,2025-03-31,Q1,TYPE_D_MINOR
2025-05-16,0.947625,0.98,0.03237499999999993,0.9102989380508292,0.9102989380508292,0.0,False,False,0.9344776514402308,0.9344776514402308,True,True,家用电器 | 汽车 | 食品饮料 | 有色金属 | 基础化工,家用电器 | 汽车 | 食品饮料 | 有色金属 | 基础化工,True,0.0,交通运输,0.0,0.0,2024-12-31,2025-03-31,Q1,TYPE_D_MINOR
2025-05-23,0.947625,0.98,0.03237499999999993,0.9075872065237742,0.9075872065237742,0.0,False,False,0.9345212391756298,0.9345212391756298,True,True,家用电器 | 汽车 | 食品饮料 | 有色金属 | 基础化工,家用电器 | 汽车 | 食品饮料 | 有色金属 | 基础化工,True,0.0,交通运输,0.0,0.0,2024-12-31,2025-03-31,Q1,TYPE_D_MINOR
2025-05-30,0.947625,0.98,0.03237499999999993,0.9012282736550205,0.9012282736550205,0.0,False,False,0.930460808312158,0.930460808312158,True,True,家用电器 | 汽车 | 食品饮料 | 有色金属 | 医药生物,家用电器 | 汽车 | 食品饮料 | 有色金属 | 医药生物,True,0.0,交通运输,0.0,0.0,2024-12-31,2025-03-31,Q1,TYPE_D_MINOR
2025-06-06,0.947625,0.98,0.03237499999999993,0.908211683873312,0.908211683873312,0.0,False,False,0.9287797484725852,0.9287797484725852,True,True,家用电器 | 汽车 | 食品饮料 | 医药生物 | 有色金属,家用电器 | 汽车 | 食品饮料 | 医药生物 | 有色金属,True,0.0,交通运输,0.0,0.0,2024-12-31,2025-03-31,Q1,TYPE_D_MINOR
2025-06-13,0.947625,0.98,0.03237499999999993,0.8856011463451215,0.8856011463451215,0.0,False,False,0.925258400844708,0.925258400844708,True,True,家用电器 | 汽车 | 有色金属 | 医药生物 | 食品饮料,家用电器 | 汽车 | 有色金属 | 医药生物 | 食品饮料,True,0.0,交通运输,0.0329024047828717,0.0329024047828717,2024-12-31,2025-03-31,Q1,TYPE_D_MINOR
2025-06-20,0.947625,0.98,0.03237499999999993,0.8878654268184443,0.8878654268184443,0.0,False,False,0.9208867880871848,0.9208867880871848,True,True,家用电器 | 汽车 | 有色金属 | 医药生物 | 食品饮料,家用电器 | 汽车 | 有色金属 | 医药生物 | 食品饮料,True,0.0,交通运输,0.0242527855374826,0.0242527855374826,2024-12-31,2025-03-31,Q1,TYPE_D_MINOR
2025-06-27,0.947625,0.98,0.03237499999999993,0.886863872518001,0.886863872518001,0.0,False,False,0.9207039444789504,0.9207039444789504,True,True,家用电器 | 汽车 | 有色金属 | 医药生物 | 食品饮料,家用电器 | 汽车 | 有色金属 | 医药生物 | 食品饮料,True,0.0,交通运输,0.0222872067238103,0.0222872067238103,2024-12-31,2025-03-31,Q1,TYPE_D_MINOR
2025-07-04,0.7048649999999997,0.98,0.27513500000000024,0.7048650000000003,0.8832431201096492,0.17837812010964893,True,False,0.9009475876146256,0.9200848340167034,True,True,家用电器 | 汽车 | 医药生物 | 电力设备 | 有色金属,家用电器 | 汽车 | 医药生物 | 有色金属 | 食品饮料,False,0.0857612745485608,食品饮料,0.0,0.0857612745485608,2025-03-31,2025-03-31,Q1,TYPE_A_CAP_RELEASED
2025-07-11,0.7048649999999997,0.98,0.27513500000000024,0.7048650000000001,0.874346395981885,0.16948139598188494,True,False,0.8957175029367878,0.9132640957873156,True,True,家用电器 | 汽车 | 医药生物 | 电力设备 | 有色金属,家用电器 | 汽车 | 医药生物 | 有色金属 | 食品饮料,False,0.08162936238756639,食品饮料,0.006132577885143,0.0877619402727094,2025-03-31,2025-03-31,Q1,TYPE_A_CAP_RELEASED
2025-07-18,0.7048649999999997,0.98,0.27513500000000024,0.704865,0.8557044585218248,0.1508394585218248,True,False,0.8899673023504313,0.9043250402716893,True,True,家用电器 | 医药生物 | 汽车 | 电力设备 | 电子,家用电器 | 汽车 | 医药生物 | 电子 | 有色金属,False,0.0720155284819255,食品饮料,0.0,0.0720155284819255,2025-03-31,2025-03-31,Q1,TYPE_A_CAP_RELEASED
2025-07-25,0.7048649999999997,0.98,0.27513500000000024,0.7048649999999999,0.8368794950430672,0.1320144950430674,True,False,0.8823586937915228,0.893926584397013,True,True,家用电器 | 电力设备 | 汽车 | 医药生物 | 电子,家用电器 | 汽车 | 医药生物 | 电子 | 有色金属,False,0.06036337420981999,电力设备,0.1367321162585235,0.0763687420487035,2025-03-31,2025-03-31,Q1,TYPE_A_CAP_RELEASED
2025-08-01,0.7048649999999997,0.98,0.27513500000000024,0.7048650000000002,0.8532196542716923,0.14835465427169214,True,False,0.8902816677321022,0.9058222629701468,True,True,家用电器 | 电力设备 | 汽车 | 医药生物 | 有色金属,家用电器 | 汽车 | 医药生物 | 电子 | 有色金属,False,0.056227773669967104,食品饮料,0.0138551897335481,0.0700829634035152,2025-03-31,2025-06-30,INTERIM,TYPE_A_CAP_RELEASED
2025-08-08,0.7048649999999997,0.98,0.27513500000000024,0.704865,0.8480382333100795,0.14317323331007958,True,False,0.8819885962272764,0.8967728758186345,True,True,家用电器 | 汽车 | 电力设备 | 有色金属 | 电子,家用电器 | 汽车 | 有色金属 | 电子 | 医药生物,False,0.0474851940394163,食品饮料,0.0049904773936914,0.0524756714331077,2025-03-31,2025-06-30,INTERIM,TYPE_A_CAP_RELEASED
2025-08-15,0.7048649999999997,0.98,0.27513500000000024,0.7048650000000002,0.8534365125315881,0.14857151253158796,True,False,0.8804647351830475,0.8947388357470579,True,True,家用电器 | 汽车 | 电力设备 | 有色金属 | 电子,家用电器 | 汽车 | 有色金属 | 电子 | 医药生物,False,0.0551231715482898,银行,0.0,0.0551231715482898,2025-03-31,2025-06-30,INTERIM,TYPE_A_CAP_RELEASED
2025-08-22,0.7048649999999997,0.98,0.27513500000000024,0.7048650000000002,0.8273916246384309,0.12252662463843067,True,False,0.8587870382399123,0.8693507681077938,True,True,家用电器 | 汽车 | 有色金属 | 电力设备 | 医药生物,家用电器 | 汽车 | 有色金属 | 医药生物 | 电子,False,0.0521048360537411,银行,0.0,0.0521048360537411,2025-03-31,2025-06-30,INTERIM,TYPE_A_CAP_RELEASED
2025-08-29,0.7048649999999997,0.98,0.27513500000000024,0.7048649999999999,0.859976679417656,0.15511167941765613,True,False,0.8600184895101053,0.876984623276918,True,True,电力设备 | 有色金属 | 汽车 | 医药生物 | 食品饮料,有色金属 | 汽车 | 电力设备 | 医药生物 | 食品饮料,True,0.0667280955248464,银行,0.0092896027683401,0.0760176982931865,2025-03-31,2025-06-30,INTERIM,TYPE_A_CAP_RELEASED
2025-09-05,0.7048649999999997,0.98,0.27513500000000024,0.7048650000000001,0.858364285281367,0.15349928528136692,True,False,0.8877816698990715,0.90077366725396,True,True,有色金属 | 电力设备 | 汽车 | 医药生物 | 电子,有色金属 | 医药生物 | 汽车 | 电力设备 | 食品饮料,False,0.0554944714081036,银行,0.0,0.0554944714081036,2025-03-31,2025-06-30,INTERIM,TYPE_A_CAP_RELEASED
2025-09-12,0.7048649999999997,0.98,0.27513500000000024,0.7048650000000002,0.8780238864772331,0.17315888647723288,True,False,0.8796047684163211,0.8963223872317724,True,True,汽车 | 有色金属 | 电力设备 | 医药生物 | 食品饮料,有色金属 | 汽车 | 食品饮料 | 电力设备 | 医药生物,True,0.0588810131401868,银行,0.0,0.0588810131401868,2025-03-31,2025-06-30,INTERIM,TYPE_A_CAP_RELEASED
2025-09-19,0.7048649999999997,0.98,0.27513500000000024,0.7048650000000002,0.8523111867064751,0.1474461867064749,True,False,0.8816420839807072,0.8941224934817447,True,True,有色金属 | 电力设备 | 汽车 | 食品饮料 | 传媒,有色金属 | 汽车 | 电力设备 | 食品饮料 | 家用电器,False,0.0455887087760262,银行,0.0,0.0455887087760262,2025-03-31,2025-06-30,INTERIM,TYPE_A_CAP_RELEASED
2025-09-26,0.7048649999999997,0.98,0.27513500000000024,0.7048650000000002,0.8838512741078887,0.17898627410788848,True,False,0.8577953024004874,0.8750824045682297,True,True,电力设备 | 有色金属 | 食品饮料 | 传媒 | 房地产,有色金属 | 电力设备 | 食品饮料 | 医药生物 | 家用电器,False,0.0514499699302016,银行,0.0,0.0514499699302016,2025-03-31,2025-06-30,INTERIM,TYPE_A_CAP_RELEASED
2025-10-03,0.9221099999999997,0.98,0.05789000000000033,0.8849299147754073,0.8849299147754073,0.0,False,False,0.8675134111935322,0.8675134111935322,True,True,有色金属 | 电力设备 | 食品饮料 | 医药生物 | 传媒,有色金属 | 电力设备 | 食品饮料 | 医药生物 | 传媒,True,0.0,交通运输,0.0,0.0,2025-06-30,2025-06-30,INTERIM,TYPE_D_MINOR
2025-10-10,0.9221099999999997,0.98,0.05789000000000033,0.8727519855407695,0.8727519855407695,0.0,False,False,0.8766645253874279,0.8766645253874279,True,True,电力设备 | 食品饮料 | 有色金属 | 医药生物 | 传媒,电力设备 | 食品饮料 | 有色金属 | 医药生物 | 传媒,True,0.0,交通运输,0.0,0.0,2025-06-30,2025-06-30,INTERIM,TYPE_D_MINOR
2025-10-17,0.9221099999999997,0.98,0.05789000000000033,0.9169538059973764,0.9169538037959216,-2.20145479623568e-09,False,False,0.9018793595295924,0.9018793595067408,True,True,电力设备 | 汽车 | 医药生物 | 食品饮料 | 有色金属,电力设备 | 汽车 | 医药生物 | 食品饮料 | 有色金属,True,1.820585900091931e-08,家用电器,0.0648184224883637,0.0648184042825047,2025-06-30,2025-06-30,INTERIM,TYPE_D_MINOR
2025-10-24,0.9221099999999997,0.98,0.05789000000000033,0.92162054790815,0.9216205504295109,2.5213608978447155e-09,False,False,0.9052845900031494,0.9052845900293662,True,True,电力设备 | 汽车 | 医药生物 | 食品饮料 | 有色金属,电力设备 | 汽车 | 医药生物 | 食品饮料 | 有色金属,True,1.8458742603866263e-08,食品饮料,0.087339352944209,0.0873393344854664,2025-06-30,2025-06-30,INTERIM,TYPE_D_MINOR
2025-10-31,0.9221099999999997,0.98,0.05789000000000033,0.92211,0.9543361898187732,0.03222618981877323,True,False,0.9055068169312506,0.9061938066953096,True,True,汽车 | 电力设备 | 医药生物 | 食品饮料 | 有色金属,汽车 | 医药生物 | 电力设备 | 食品饮料 | 有色金属,True,0.011902788066127906,银行,0.0626100876880356,0.0745128757541635,2025-06-30,2025-09-30,Q3,TYPE_A_CAP_RELEASED
2025-11-07,0.9221099999999997,0.98,0.05789000000000033,0.9221100000000002,0.9626110235992172,0.040501023599217034,True,False,0.9050506631612192,0.9059768181417214,True,True,汽车 | 电力设备 | 医药生物 | 食品饮料 | 有色金属,汽车 | 医药生物 | 电力设备 | 食品饮料 | 有色金属,True,0.016187937569450195,银行,0.048394964596954,0.0645829021664042,2025-06-30,2025-09-30,Q3,TYPE_A_CAP_RELEASED
2025-11-14,0.9221099999999997,0.98,0.05789000000000033,0.92211,0.9421009890965288,0.019990989096528855,True,False,0.8974330359456184,0.8977820224523521,True,True,汽车 | 医药生物 | 家用电器 | 电力设备 | 有色金属,汽车 | 医药生物 | 家用电器 | 电力设备 | 有色金属,True,0.008899651655135996,银行,0.0552629352319836,0.0641625868871196,2025-06-30,2025-09-30,Q3,TYPE_B_CAP_RELEASED_BUT_BETA_LOW
2025-11-21,0.9221099999999997,0.98,0.05789000000000033,0.92211,0.9418432036377776,0.01973320363777764,True,False,0.8908483778428509,0.8911732254870357,True,True,医药生物 | 汽车 | 家用电器 | 有色金属 | 电力设备,医药生物 | 汽车 | 家用电器 | 有色金属 | 电力设备,True,0.007757018543259803,银行,0.0749929779137494,0.0827499964570092,2025-06-30,2025-09-30,Q3,TYPE_B_CAP_RELEASED_BUT_BETA_LOW
2025-11-28,0.9221099999999997,0.98,0.05789000000000033,0.9221100000000004,0.931737020249195,0.009627020249194596,True,False,0.8916540659233079,0.8917879211464348,True,True,汽车 | 医药生物 | 家用电器 | 有色金属 | 电力设备,汽车 | 医药生物 | 家用电器 | 有色金属 | 电力设备,True,0.0034247818560281043,银行,0.0622879248322328,0.0657127066882609,2025-06-30,2025-09-30,Q3,TYPE_B_CAP_RELEASED_BUT_BETA_LOW
2025-12-05,0.9221099999999997,0.98,0.05789000000000033,0.9088728299162228,0.9088728299162228,0.0,False,False,0.8704189971546994,0.8704189971546994,True,True,医药生物 | 家用电器 | 汽车 | 有色金属 | 电力设备,医药生物 | 家用电器 | 汽车 | 有色金属 | 电力设备,True,0.0,交通运输,0.0411635418711817,0.0411635418711817,2025-06-30,2025-09-30,Q3,TYPE_D_MINOR
2025-12-12,0.9221099999999997,0.98,0.05789000000000033,0.8843517405926488,0.8843517405926488,0.0,False,False,0.8500651936324228,0.8500651936324228,True,True,医药生物 | 汽车 | 家用电器 | 有色金属 | 机械设备,医药生物 | 汽车 | 家用电器 | 有色金属 | 机械设备,True,0.0,交通运输,0.0151783650731982,0.0151783650731982,2025-06-30,2025-09-30,Q3,TYPE_D_MINOR
2025-12-19,0.9221099999999997,0.98,0.05789000000000033,0.8737848187273891,0.8737848187273891,0.0,False,False,0.863223870089305,0.863223870089305,True,True,家用电器 | 医药生物 | 有色金属 | 汽车 | 电力设备,家用电器 | 医药生物 | 有色金属 | 汽车 | 电力设备,True,0.0,交通运输,0.0005103592034987,0.0005103592034987,2025-06-30,2025-09-30,Q3,TYPE_D_MINOR
2025-12-26,0.9221099999999997,0.98,0.05789000000000033,0.8681396128375738,0.8681396128375738,0.0,False,False,0.8577890760147011,0.8577890760147011,True,True,家用电器 | 医药生物 | 有色金属 | 电力设备 | 汽车,家用电器 | 医药生物 | 有色金属 | 电力设备 | 汽车,True,0.0,交通运输,0.0,0.0,2025-06-30,2025-09-30,Q3,TYPE_D_MINOR
2026-01-02,0.53718,0.98,0.44282,0.5371800000000001,0.8785956383235836,0.34141563832358346,True,False,0.805231445119962,0.8548945004167697,True,True,电力设备 | 医药生物 | 有色金属 | 机械设备 | 通信,医药生物 | 家用电器 | 电力设备 | 有色金属 | 汽车,False,0.1518145152727207,家用电器,0.0,0.1518145152727207,2025-09-30,2025-09-30,Q3,TYPE_A_CAP_RELEASED
2026-01-09,0.53718,0.98,0.44282,0.5371800000000001,0.8756855469759259,0.33850554697592583,True,False,0.8111579975362166,0.864981893150211,True,True,有色金属 | 医药生物 | 电力设备 | 机械设备 | 电子,家用电器 | 医药生物 | 有色金属 | 电力设备 | 机械设备,False,0.1760371576906995,家用电器,0.0,0.1760371576906995,2025-09-30,2025-09-30,Q3,TYPE_A_CAP_RELEASED
2026-01-16,0.53718,0.98,0.44282,0.5371799999999999,0.8444186004396773,0.30723860043967743,True,False,0.7979897145889161,0.8510067497785847,True,True,有色金属 | 医药生物 | 电力设备 | 电子 | 机械设备,家用电器 | 医药生物 | 电力设备 | 有色金属 | 汽车,False,0.1992788897305858,家用电器,0.0,0.1992788897305858,2025-09-30,2025-09-30,Q3,TYPE_A_CAP_RELEASED
2026-01-23,0.53718,0.98,0.44282,0.5371800000000002,0.8348106570142696,0.2976306570142694,True,False,0.7891971395467399,0.8417375920950898,True,True,有色金属 | 电子 | 医药生物 | 机械设备 | 电力设备,家用电器 | 医药生物 | 有色金属 | 电子 | 汽车,False,0.19618301181478562,家用电器,0.0205847810812149,0.2167677928960005,2025-09-30,2025-09-30,Q3,TYPE_A_CAP_RELEASED
2026-01-30,0.53718,0.98,0.44282,0.5371800000000001,0.7961984143409869,0.2590184143409868,True,False,0.7922721839582496,0.8415618675551281,True,True,有色金属 | 电子 | 医药生物 | 机械设备 | 电力设备,家用电器 | 医药生物 | 有色金属 | 电子 | 汽车,False,0.1609555065839824,家用电器,0.022138042571616,0.1830935491555984,2025-09-30,2025-12-31,ANNUAL,TYPE_A_CAP_RELEASED
2026-02-06,0.53718,0.98,0.44282,0.53718,0.8795901525951593,0.3424101525951593,True,False,0.8091501716149844,0.8758196465721044,True,True,有色金属 | 电子 | 汽车 | 医药生物 | 机械设备,医药生物 | 汽车 | 家用电器 | 有色金属 | 电子,False,0.1427138508480965,家用电器,0.0,0.1427138508480965,2025-09-30,2025-12-31,ANNUAL,TYPE_A_CAP_RELEASED
2026-02-13,0.53718,0.98,0.44282,0.5371800000000001,0.8971738815253109,0.35999388152531075,True,False,0.8137715241405448,0.8833773284768905,True,True,有色金属 | 机械设备 | 电子 | 建筑材料 | 医药生物,家用电器 | 医药生物 | 汽车 | 有色金属 | 电子,False,0.1442572025052523,家用电器,0.0,0.1442572025052523,2025-09-30,2025-12-31,ANNUAL,TYPE_A_CAP_RELEASED
2026-02-27,0.53718,0.98,0.44282,0.5371800000000001,0.9060979863613636,0.3689179863613635,True,False,0.8194195982578995,0.8872725429890932,True,True,有色金属 | 机械设备 | 电子 | 建筑材料 | 电力设备,医药生物 | 汽车 | 家用电器 | 有色金属 | 电子,False,0.1305085833281916,家用电器,0.0,0.1305085833281916,2025-09-30,2025-12-31,ANNUAL,TYPE_A_CAP_RELEASED
2026-03-06,0.53718,0.98,0.44282,0.53718,0.9226552316915304,0.3854752316915304,True,False,0.810409141288187,0.8834857028806322,True,True,有色金属 | 机械设备 | 建筑材料 | 医药生物 | 电子,交通运输 | 汽车 | 有色金属 | 医药生物 | 通信,False,0.1764082757925594,交通运输,0.0,0.1764082757925594,2025-09-30,2025-12-31,ANNUAL,TYPE_A_CAP_RELEASED
2026-03-13,0.53718,0.98,0.44282,0.53718,0.9620360564249252,0.4248560564249252,True,False,0.8000996082202505,0.8908898652556232,True,True,机械设备 | 有色金属 | 建筑材料 | 通信 | 电子,交通运输 | 汽车 | 有色金属 | 医药生物 | 机械设备,False,0.2147128744002527,交通运输,0.0025219672452729,0.2172348416455256,2025-09-30,2025-12-31,ANNUAL,TYPE_A_CAP_RELEASED
2026-03-20,0.53718,0.98,0.44282,0.5371800000000001,0.9139834180084008,0.37680341800840067,True,False,0.8145422641014132,0.8868862933467317,True,True,机械设备 | 有色金属 | 建筑材料 | 电子 | 通信,汽车 | 交通运输 | 有色金属 | 机械设备 | 医药生物,False,0.1716368979912373,汽车,0.0114959144463471,0.1831328124375844,2025-09-30,2025-12-31,ANNUAL,TYPE_A_CAP_RELEASED
2026-03-27,0.53718,0.98,0.44282,0.53718,0.8767679528188447,0.3395879528188447,True,False,0.8484294633987567,0.917302126624168,True,True,机械设备 | 有色金属 | 电子 | 建筑材料 | 医药生物,汽车 | 交通运输 | 有色金属 | 医药生物 | 机械设备,False,0.204636923972218,汽车,0.0,0.204636923972218,2025-09-30,2025-12-31,ANNUAL,TYPE_A_CAP_RELEASED
2026-04-03,0.920325,0.98,0.059675000000000034,0.920325,0.9288085156523966,0.00848351565239669,True,False,0.8995081873511447,0.8995909665186747,True,True,交通运输 | 有色金属 | 家用电器 | 医药生物 | 汽车,交通运输 | 有色金属 | 家用电器 | 汽车 | 医药生物,True,0.006206253544378801,汽车,0.115247636351738,0.1214538898961168,2025-12-31,2025-12-31,ANNUAL,TYPE_B_CAP_RELEASED_BUT_BETA_LOW
2026-04-10,0.920325,0.98,0.059675000000000034,0.9203250000000002,0.954646326528612,0.03432132652861186,True,False,0.9118949431188348,0.9124759351896176,True,True,汽车 | 交通运输 | 有色金属 | 机械设备 | 家用电器,汽车 | 交通运输 | 有色金属 | 家用电器 | 医药生物,False,0.027358546438158007,机械设备,0.1061297011761393,0.0787711547379813,2025-12-31,2025-12-31,ANNUAL,TYPE_A_CAP_RELEASED
2026-04-17,0.920325,0.98,0.059675000000000034,0.9203250000000004,0.9799999999999998,0.05967499999999937,True,True,0.90656037277353,0.908312696787747,True,True,汽车 | 有色金属 | 交通运输 | 家用电器 | 医药生物,汽车 | 交通运输 | 有色金属 | 家用电器 | 医药生物,True,0.041239618694031206,机械设备,0.0749125594657711,0.0336729407717399,2025-12-31,2025-12-31,ANNUAL,TYPE_A_CAP_RELEASED
2026-04-24,0.920325,0.98,0.059675000000000034,0.920325,0.98,0.059675000000000034,True,True,0.8877295097799319,0.8904450779715136,True,True,汽车 | 有色金属 | 家用电器 | 交通运输 | 医药生物,汽车 | 家用电器 | 有色金属 | 交通运输 | 医药生物,True,0.0347687174558958,汽车,0.2089557758768517,0.2437244933327475,2025-12-31,2025-12-31,ANNUAL,TYPE_A_CAP_RELEASED
2026-05-01,0.920325,0.98,0.059675000000000034,0.920325,0.9799999999999998,0.05967499999999981,True,True,0.8878880457947722,0.8902876041508218,True,True,汽车 | 有色金属 | 交通运输 | 家用电器 | 医药生物,汽车 | 有色金属 | 家用电器 | 交通运输 | 医药生物,True,0.0322413916221927,机械设备,0.0381084828433865,0.0058670912211938,2025-12-31,2026-03-31,Q1,TYPE_A_CAP_RELEASED
2026-05-08,0.920325,0.98,0.059675000000000034,0.9203250000000004,0.9625004128236976,0.04217541282369719,True,False,0.8761688920269836,0.8771495244420995,True,True,汽车 | 有色金属 | 家用电器 | 医药生物 | 交通运输,汽车 | 有色金属 | 家用电器 | 医药生物 | 交通运输,True,0.016797153395714498,公用事业,0.0458465055907608,0.0626436589864753,2025-12-31,2026-03-31,Q1,TYPE_A_CAP_RELEASED
2026-05-15,0.920325,0.98,0.059675000000000034,0.9203250000000002,0.969180143218248,0.0488551432182478,True,False,0.8801182799097576,0.8812562185155903,True,True,汽车 | 医药生物 | 有色金属 | 家用电器 | 电子,汽车 | 医药生物 | 有色金属 | 家用电器 | 公用事业,False,0.021891463950359596,汽车,0.1552910850395447,0.1771825489899043,2025-12-31,2026-03-31,Q1,TYPE_A_CAP_RELEASED
2026-05-22,0.920325,0.98,0.059675000000000034,0.9203250000000002,0.98,0.05967499999999981,True,True,0.8854311626822192,0.8871081039511991,True,True,医药生物 | 有色金属 | 电子 | 公用事业 | 汽车,汽车 | 医药生物 | 电子 | 有色金属 | 公用事业,True,0.032538195459378,机械设备,0.081286898894322,0.048748703434944,2025-12-31,2026-03-31,Q1,TYPE_A_CAP_RELEASED
2026-05-29,0.920325,0.98,0.059675000000000034,0.920325,0.9435558362971768,0.023230836297176816,True,False,0.8803893567713337,0.880729100237379,True,True,机械设备 | 电力设备 | 医药生物 | 电子 | 公用事业,电力设备 | 机械设备 | 电子 | 医药生物 | 公用事业,True,0.010744713236594691,机械设备,0.1233443960010527,0.112599682764458,2025-12-31,2026-03-31,Q1,TYPE_A_CAP_RELEASED
2026-06-05,0.920325,0.98,0.059675000000000034,0.920325,0.9478487006936672,0.027523700693667275,True,False,0.8602040619353204,0.8606326520985317,True,True,电子 | 汽车 | 电力设备 | 机械设备 | 公用事业,电子 | 汽车 | 电力设备 | 机械设备 | 公用事业,True,0.009406761317401799,汽车,0.1047366286455317,0.1141433899629335,2025-12-31,2026-03-31,Q1,TYPE_A_CAP_RELEASED
2026-06-12,0.920325,0.98,0.059675000000000034,0.9203250000000004,0.9662115484858989,0.04588654848589846,True,False,0.8749171423032478,0.875666232876443,True,True,电子 | 机械设备 | 电力设备 | 公用事业 | 有色金属,电子 | 机械设备 | 电力设备 | 汽车 | 公用事业,False,0.030740022220156503,银行,0.0346437494104204,0.0653837716305769,2025-12-31,2026-03-31,Q1,TYPE_A_CAP_RELEASED
2026-06-19,0.920325,0.98,0.059675000000000034,0.920325,0.9378032123308404,0.01747821233084046,True,False,0.8758377055806283,0.8760320526762753,True,True,电子 | 汽车 | 医药生物 | 有色金属 | 家用电器,电子 | 汽车 | 医药生物 | 家用电器 | 有色金属,True,0.010552096287596898,银行,0.0157077846513918,0.0262598809389887,2025-12-31,2026-03-31,Q1,TYPE_B_CAP_RELEASED_BUT_BETA_LOW
2026-06-26,0.920325,0.98,0.059675000000000034,0.9139477275325308,0.9139477275325308,0.0,False,False,0.8756401671848824,0.8756401671848824,True,True,电子 | 家用电器 | 有色金属 | 电力设备 | 食品饮料,电子 | 家用电器 | 有色金属 | 电力设备 | 食品饮料,True,0.0,交通运输,0.0582488411862655,0.0582488411862655,2025-12-31,2026-03-31,Q1,TYPE_D_MINOR
2026-07-03,0.5946149999999998,0.98,0.3853850000000002,0.5946149999999999,0.9455383959603222,0.3509233959603223,True,False,0.839418466073213,0.8851984165350267,True,True,电子 | 有色金属 | 非银金融 | 汽车 | 机械设备,电子 | 家用电器 | 汽车 | 非银金融 | 医药生物,False,0.1506934874339814,家用电器,0.0,0.1506934874339814,2026-03-31,2026-03-31,Q1,TYPE_A_CAP_RELEASED
2026-07-10,0.5946149999999998,0.98,0.3853850000000002,0.594615,0.98,0.385385,True,True,0.8194410562194225,0.861269541353746,True,True,电子 | 非银金融 | 有色金属 | 电力设备 | 汽车,电子 | 家用电器 | 银行 | 电力设备 | 非银金融,False,0.136606190912852,家用电器,0.0,0.136606190912852,2026-03-31,2026-03-31,Q1,TYPE_A_CAP_RELEASED
2026-07-17,0.5946149999999998,0.98,0.3853850000000002,0.594615,0.974270559927664,0.379655559927664,True,False,0.8360122672696564,0.8681430247415901,True,True,电子 | 非银金融 | 有色金属 | 电力设备 | 医药生物,电子 | 家用电器 | 银行 | 电力设备 | 非银金融,False,0.1571233401583157,家用电器,0.0,0.1571233401583157,2026-03-31,2026-03-31,Q1,TYPE_A_CAP_RELEASED
2026-07-24,0.5946149999999998,0.98,0.3853850000000002,0.5946149999999999,0.98,0.3853850000000001,True,True,0.8186411477836739,0.8547574453473402,True,True,电子 | 非银金融 | 电力设备 | 通信 | 有色金属,电子 | 银行 | 电力设备 | 非银金融 | 家用电器,False,0.1818164851673326,银行,0.0,0.1818164851673326,2026-03-31,2026-03-31,Q1,TYPE_A_CAP_RELEASED
2026-07-31,0.5946149999999998,0.98,0.3853850000000002,0.5946149999999999,0.9784755996249108,0.3838605996249109,True,False,0.8353929081381724,0.8676336128123866,True,True,电力设备 | 电子 | 通信 | 非银金融 | 医药生物,电力设备 | 银行 | 电子 | 非银金融 | 通信,False,0.1748247107906207,银行,0.0,0.1748247107906207,2026-03-31,2026-06-30,INTERIM,TYPE_A_CAP_RELEASED
2026-08-07,0.5946149999999998,0.98,0.3853850000000002,0.594615,0.98,0.385385,True,True,0.8310402049400702,0.8635884476062347,True,True,电子 | 电力设备 | 非银金融 | 医药生物 | 通信,电子 | 电力设备 | 银行 | 家用电器 | 非银金融,False,0.154030054520781,银行,0.0,0.154030054520781,2026-03-31,2026-06-30,INTERIM,TYPE_A_CAP_RELEASED
