date,nav_unit,nav_cum,nav_adj
2005-11-16,1.0,1.0,1.0
2005-11-18,1.0006,1.0006,1.0006
2005-11-21,1.0006,1.0006,1.0006
2005-11-22,1.0006,1.0006,1.0006
2005-11-23,1.0006,1.0006,1.0006
2005-11-24,1.0006,1.0006,1.0006
2005-11-25,1.0017,1.0017,1.0017
2005-11-28,1.0017,1.0017,1.0017
2005-11-29,1.0017,1.0017,1.0017
2005-11-30,1.0017,1.0017,1.0017
2005-12-01,0.9996,0.9996,0.9996
2005-12-02,0.9996,0.9996,0.9996
2005-12-05,0.9988,0.9988,0.9988
2005-12-06,1.0001,1.0001,1.0001
2005-12-07,1.0021,1.0021,1.0021
2005-12-08,1.0022,1.0022,1.0022
2005-12-09,1.0045,1.0045,1.0045
2005-12-12,1.0037,1.0037,1.0037
2005-12-13,1.0031,1.0031,1.0031
2005-12-14,1.0059,1.0059,1.0059
2005-12-15,1.0053,1.0053,1.0053
2005-12-16,1.0072,1.0072,1.0072
2005-12-19,1.0086,1.0086,1.0086
2005-12-20,1.009,1.009,1.009
2005-12-21,1.0096,1.0096,1.0096
2005-12-22,1.013,1.013,1.013
2005-12-23,1.0177,1.0177,1.0177
2005-12-26,1.0214,1.0214,1.0214
2005-12-27,1.0217,1.0217,1.0217
2005-12-28,1.0229,1.0229,1.0229
2005-12-29,1.028,1.028,1.028
2005-12-30,1.0228,1.0228,1.0228
2005-12-31,1.0228,1.0228,1.0228
2006-01-04,1.0339,1.0339,1.0339
2006-01-05,1.0421,1.0421,1.0421
2006-01-06,1.0505,1.0505,1.0505
2006-01-09,1.0535,1.0535,1.0535
2006-01-10,1.0553,1.0553,1.0553000000000001
2006-01-11,1.0566,1.0566,1.0566000000000002
2006-01-12,1.0634,1.0634,1.0634000000000001
2006-01-13,1.0655,1.0655,1.0655000000000001
2006-01-16,1.0542,1.0542,1.0542000000000002
2006-01-17,1.0571,1.0571,1.0571000000000002
2006-01-18,1.0713,1.0713,1.0713000000000001
2006-01-19,1.0754,1.0754,1.0754000000000001
2006-01-20,1.0782,1.0782,1.0782000000000003
2006-01-23,1.0689,1.0689,1.0689000000000002
2006-01-24,1.0752,1.0752,1.0752000000000002
2006-01-25,1.0867,1.0867,1.0867000000000002
2006-02-06,1.1013,1.1013,1.1013000000000004
2006-02-07,1.0979,1.0979,1.0979000000000005
2006-02-08,1.0912,1.0912,1.0912000000000004
2006-02-09,1.0817,1.0817,1.0817000000000005
2006-02-10,1.0901,1.0901,1.0901000000000005
2006-02-13,1.0977,1.0977,1.0977000000000003
2006-02-14,1.1028,1.1028,1.1028000000000004
2006-02-15,1.1028,1.1028,1.1028000000000004
2006-02-16,1.0899,1.0899,1.0899000000000005
2006-02-17,1.0476,1.0876,1.0876000000000006
2006-02-20,1.0471,1.0871,1.0870809087437958
2006-02-21,1.0544,1.0944,1.0946596410843838
2006-02-22,1.053,1.093,1.0932061855670108
2006-02-23,1.0536,1.0936,1.0938290950744565
2006-02-24,1.0642,1.1042,1.1048338297059952
2006-02-27,1.0739,1.1139,1.1149042000763656
2006-02-28,1.0878,1.1278,1.1293349369988552
2006-03-01,1.0985,1.1385,1.140443489881635
2006-03-02,1.0924,1.1324,1.134110576555938
2006-03-03,1.0973,1.1373,1.1391976708667437
2006-03-06,1.1003,1.1403,1.1423122184039718
2006-03-07,1.0824,1.1224,1.123728751431845
2006-03-08,1.0805,1.1205,1.1217562046582674
2006-03-09,1.0811,1.1211,1.122379114165713
2006-03-10,1.0835,1.1235,1.1248707521954953
2006-03-13,1.0906,1.1306,1.1322418480336016
2006-03-14,1.0945,1.1345,1.136290759831998
2006-03-15,1.1011,1.1411,1.1431427644138994
2006-03-16,1.1035,1.1435,1.1456344024436818
2006-03-17,1.0979,1.1379,1.1398205803741897
2006-03-20,1.1029,1.1429,1.1450114929362363
2006-03-21,1.1061,1.1461,1.1483336769759462
2006-03-22,1.1132,1.1532,1.1557047728140524
2006-03-23,1.116,1.156,1.1586116838487985
2006-03-24,1.085,1.155,1.157573501336389
2006-03-27,1.0886,1.1586,1.1614142982071827
2006-03-28,1.0962,1.1662,1.1695226471566358
2006-03-29,1.1335,1.2035,1.2093175702901355
2006-03-30,1.1398,1.2098,1.2160389648140244
2006-03-31,1.1499,1.2199,1.2268145338126397
2006-04-03,1.1722,1.2422,1.2506061366511665
2006-04-04,1.1775,1.2475,1.2562606431553904
2006-04-05,1.1904,1.2604,1.2700234986090673
2006-04-06,1.2066,1.2766,1.2873070845276384
2006-04-07,1.2059,1.2759,1.286560262913873
2006-04-10,1.2167,1.2867,1.2980826535262535
2006-04-11,1.225,1.295,1.306937824089472
2006-04-12,1.1622,1.2822,1.2932816574377615
2006-04-13,1.127,1.247,1.254111536682462
2006-04-14,1.1497,1.2697,1.2793718134195442
2006-04-17,1.1587,1.2787,1.2893869011126609
2006-04-18,1.1684,1.2884,1.3001809400707975
2006-04-19,1.1956,1.3156,1.330448760654438
2006-04-20,1.1999,1.3199,1.3352337469967048
2006-04-21,1.2189,1.3389,1.356376709904395
2006-04-24,1.2352,1.3552,1.3745151465041503
2006-04-25,1.2552,1.3752,1.396770896933298
2006-04-26,1.2717,1.3917,1.4151318910373445
2006-04-27,1.2695,1.3895,1.4126837584901384
2006-04-28,1.2915,1.4115,1.4371650839622006
2006-05-08,1.332,1.452,1.4822329785812243
2006-05-09,1.3673,1.4873,1.5215143780886693
2006-05-10,1.3864,1.5064,1.5427686197485053
2006-05-11,1.3746,1.4946,1.5296377269953083
2006-05-12,1.4222,1.5422,1.5826064130166793
2006-05-15,1.4753,1.5953,1.641695430406066
2006-05-16,1.4427,1.5627,1.6054185572065556
2006-05-17,1.4227,1.5427,1.583162806777408
2006-05-18,1.4303,1.5503,1.5916199919404836
2006-05-19,1.4663,1.5863,1.631680342712949
2006-05-22,1.441,1.561,1.6035268184200775
2006-05-23,1.3971,1.5171,1.5546754462280987
2006-05-24,1.3927,1.5127,1.5497791811336863
2006-05-25,1.3952,1.5152,1.5525611499373295
2006-05-26,1.4199,1.5399,1.5800470017173267
2006-05-29,1.4618,1.5818,1.6266727988663907
2006-05-30,1.5026,1.6226,1.6720745297418518
2006-05-31,1.4948,1.6148,1.6633947870744843
2006-06-01,1.5271,1.6471,1.6993378240175576
2006-06-02,1.496,1.616,1.6647301321002332
2006-06-05,1.4987,1.6187,1.667734658408168
2006-06-06,1.4653,1.5853,1.630567555191492
2006-06-07,1.3942,1.5142,1.5514483624158728
2006-06-08,1.404,1.524,1.5623536801261548
2006-06-09,1.3939,1.5139,1.5511145261594352
2006-06-12,1.4139,1.5339,1.5733702765885829
2006-06-13,1.4191,1.5391,1.5791567717001613
2006-06-14,1.4046,1.5246,1.5630213526390295
2006-06-15,1.4102,1.5302,1.5692529627591907
2006-06-16,1.4456,1.5656,1.608645641018782
2006-06-19,1.4655,1.5855,1.6307901126957838
2006-06-20,1.4631,1.5831,1.628119422644286
2006-06-21,1.4512,1.5712,1.6148772511389433
2006-06-22,1.4482,1.5682,1.611538888574571
2006-06-23,1.4517,1.5717,1.6154336448996718
2006-06-26,1.4711,1.5911,1.637021722815945
2006-06-27,1.4757,1.5957,1.6421405454146487
2006-06-28,1.4677,1.5877,1.6332382452429897
2006-06-29,1.4989,1.6189,1.6679572159124596
2006-06-30,1.5002,1.6202,1.669403839690354
2006-07-03,1.5281,1.6481,1.7004506115390148
2006-07-04,1.5215,1.6415,1.693106213897396
2006-07-05,1.516,1.636,1.6869858825293804
2006-07-06,1.5349,1.6549,1.7080175666849247
2006-07-07,1.5321,1.6521,1.704901761624844
2006-07-10,1.5281,1.6481,1.7004506115390146
2006-07-11,1.5326,1.6526,1.7054581553855728
2006-07-12,1.5465,1.6665,1.7209259019338303
2006-07-13,1.4962,1.6162,1.6649526896045244
2006-07-14,1.5094,1.6294,1.6796414848877619
2006-07-17,1.5079,1.6279,1.6779723036055756
2006-07-18,1.5002,1.6202,1.6694038396903537
2006-07-19,1.4691,1.5891,1.6347961477730293
2006-07-20,1.4727,1.5927,1.6388021828502757
2006-07-21,1.4911,1.6111,1.6592774732450914
2006-07-24,1.5006,1.6206,1.6698489546989361
2006-07-25,1.5251,1.6451,1.697112248974642
2006-07-26,1.5203,1.6403,1.6917708688716466
2006-07-27,1.5041,1.6241,1.6737437110240372
2006-07-28,1.4846,1.6046,1.6520443543556182
2006-07-31,1.4386,1.5586,1.6008561283685792
2006-08-01,1.4352,1.5552,1.597072650795624
2006-08-02,1.4153,1.5353,1.5749281791186223
2006-08-03,1.4035,1.5235,1.5617972863654253
2006-08-04,1.3827,1.5027,1.538651305919112
2006-08-07,1.3747,1.4947,1.529749005747453
2006-08-08,1.3945,1.5145,1.5517821986723093
2006-08-09,1.3943,1.5143,1.5515596411680177
2006-08-10,1.4085,1.5285,1.5673612239727124
2006-08-11,1.4173,1.5373,1.5771537541615372
2006-08-14,1.384,1.504,1.5400979296970065
2006-08-15,1.3993,1.5193,1.5571235787753044
2006-08-16,1.4128,1.5328,1.5721462103149788
2006-08-17,1.4015,1.5215,1.5595717113225103
2006-08-18,1.3986,1.5186,1.556344627510284
2006-08-21,1.4093,1.5293,1.5682514539898778
2006-08-22,1.4249,1.5449,1.5856109393246127
2006-08-23,1.4206,1.5406,1.580825952982346
2006-08-24,1.4283,1.5483,1.5893944168975676
2006-08-25,1.4291,1.5491,1.5902846469147336
2006-08-28,1.4559,1.5759,1.6201073524897913
2006-08-29,1.481,1.601,1.6480383192783716
2006-08-30,1.4764,1.5964,1.6429194966796674
2006-08-31,1.4811,1.6011,1.6481495980305174
2006-09-01,1.4716,1.5916,1.6375781165766723
2006-09-04,1.4945,1.6145,1.663060950818046
2006-09-05,1.4953,1.6153,1.663951180835212
2006-09-06,1.4984,1.6184,1.66740082215173
2006-09-07,1.4817,1.6017,1.648817270543392
2006-09-08,1.4858,1.6058,1.6533796993813674
2006-09-11,1.491,1.611,1.6591661944929457
2006-09-12,1.4942,1.6142,1.6627271145616092
2006-09-13,1.4864,1.6064,1.6540473718942417
2006-09-14,1.4924,1.6124,1.660724097022986
2006-09-15,1.5057,1.6257,1.675524171058369
2006-09-18,1.5154,1.6354,1.6863182100165057
2006-09-19,1.523,1.643,1.6947753951795816
2006-09-20,1.5264,1.6464,1.6985588727525367
2006-09-21,1.5405,1.6605,1.7142491768050856
2006-09-22,1.5445,1.6645,1.7187003268909151
2006-09-25,1.5516,1.6716,1.7266011182932628
2006-09-26,1.5313,1.6513,1.704011531607678
2006-09-27,1.5377,1.6577,1.7111333717450052
2006-09-28,1.5605,1.6805,1.7365049272342334
2006-09-29,1.5742,1.6942,1.7517501162781994
2006-09-30,1.5741,1.6941,1.7516388375260539
2006-10-09,1.6097,1.7297,1.7912540732899362
2006-10-10,1.6077,1.7277,1.7890284982470215
2006-10-11,1.5978,1.7178,1.7780119017845937
2006-10-12,1.5766,1.6966,1.754420806329697
2006-10-13,1.5775,1.6975,1.7554223150990085
2006-10-16,1.4941,1.6641,1.7182552118823322
2006-10-17,1.5006,1.6706,1.725730386821918
2006-10-18,1.5199,1.6899,1.747925906257919
2006-10-19,1.532,1.702,1.7618412319146863
2006-10-20,1.5327,1.7027,1.7626462507543337
2006-10-23,1.5006,1.6706,1.7257303868219176
2006-10-24,1.5274,1.6974,1.756551108111287
2006-10-25,1.5479,1.7179,1.780126659843827
2006-10-26,1.5555,1.7255,1.7888668643885735
2006-10-27,1.543,1.713,1.774491527966293
2006-10-30,1.5345,1.7045,1.7647162991991423
2006-10-31,1.5409,1.7109,1.77207647144735
2006-11-01,1.5391,1.7091,1.7700064230025416
2006-11-02,1.5304,1.7004,1.7600011888526346
2006-11-03,1.5442,1.7142,1.7758715602628323
2006-11-06,1.5454,1.7154,1.7772515925593715
2006-11-07,1.5484,1.7184,1.7807016733007186
2006-11-08,1.5525,1.7225,1.7854167836472266
2006-11-09,1.5721,1.7421,1.8079573111573626
2006-11-10,1.5553,1.7253,1.7886368590058175
2006-11-13,1.5281,1.6981,1.7573561269509355
2006-11-14,1.5476,1.7176,1.7797816517696932
2006-11-15,1.5933,1.7633,1.8323378817295501
2006-11-16,1.6153,1.7853,1.8576384738327638
2006-11-17,1.644,1.814,1.8906442462583195
2006-11-20,1.6587,1.8287,1.9075496418909212
2006-11-21,1.6662,1.8362,1.9161748437442894
2006-11-22,1.682,1.852,1.9343452689820517
2006-11-23,1.6864,1.8564,1.9394053874026942
2006-11-24,1.6957,1.8657,1.950100637700871
2006-11-27,1.7216,1.8916,1.9798863347678362
2006-11-28,1.7381,1.9081,1.998861778845246
2006-11-29,1.7722,1.9422,2.038077696605227
2006-11-30,1.8226,1.9926,2.0960390530598616
2006-12-01,1.8464,2.0164,2.1234096936078837
2006-12-04,1.8644,2.0344,2.1441101780559677
2006-12-05,1.8832,2.0532,2.1657306840350774
2006-12-06,1.8584,2.0284,2.137210016573273
2006-12-07,1.843,2.013,2.1194996021010235
2006-12-08,1.8066,1.9766,2.077638622439343
2006-12-11,1.8649,2.0349,2.144685191512859
2006-12-12,1.8877,2.0577,2.170905805147098
2006-12-13,1.9146,2.0846,2.201841529127846
2006-12-14,1.9412,2.1112,2.2324322450344587
2006-12-15,1.9867,2.1567,2.284758469611559
2006-12-18,2.055,2.225,2.3633053078228996
2006-12-19,2.0412,2.2112,2.347434936412702
2006-12-20,1.8532,2.2232,2.361235259378091
2006-12-21,1.8348,2.2048,2.3377910931938923
2006-12-22,1.8239,2.1939,2.3239029730086878
2006-12-25,1.8341,2.2041,2.3368991955673195
2006-12-26,1.8244,2.1944,2.324540042741954
2006-12-27,1.5475,2.2175,2.353972664418855
2006-12-28,1.5435,2.2135,2.3478880824106643
2006-12-29,1.5731,2.2431,2.3929139892712765
2006-12-31,1.5731,2.2431,2.3929139892712765
2007-01-04,1.5586,2.2286,2.3708573794915844
2007-01-05,1.0326,2.2326,2.3769419614997753
2007-01-08,1.0536,2.2536,2.425281861937017
2007-01-09,1.0597,2.2597,2.4393234520640252
2007-01-10,1.0625,2.2625,2.4457687721223236
2007-01-11,1.0622,2.2622,2.4450782021160773
2007-01-12,1.0601,2.2601,2.440244212072353
2007-01-15,1.0756,2.2756,2.475923662395078
2007-01-16,1.0914,2.2914,2.51229368272405
2007-01-17,1.0764,2.2764,2.477765182411735
2007-01-18,1.0843,2.2843,2.495950192576221
2007-01-19,1.0986,2.2986,2.528867362873961
2007-01-22,1.12,2.32,2.5781280233195307
2007-01-23,1.113,2.313,2.5620147231737835
2007-01-24,1.1215,2.3215,2.5815808733507617
2007-01-25,1.1029,2.3029,2.538765532963491
2007-01-26,1.1201,2.3201,2.578358213321612
2007-01-29,1.1231,2.3231,2.585263913384075
2007-01-30,1.1197,2.3197,2.5774374533132836
2007-01-31,1.0667,2.2667,2.45543675220977
2007-02-01,1.0727,2.2727,2.4692481523346963
2007-02-02,1.0362,2.2362,2.3852288015747294
2007-02-05,1.017,2.217,2.3410323211749655
2007-02-06,1.017,2.217,2.3410323211749655
2007-02-07,1.032,2.232,2.375560821487281
2007-02-08,1.0364,2.2364,2.3856891815788934
2007-02-09,1.0314,2.2314,2.374179681474789
2007-02-12,1.0696,2.2696,2.4621122622701512
2007-02-13,1.09,2.29,2.5090710226949
2007-02-14,1.1158,2.3158,2.5684600432320814
2007-02-15,1.1357,2.3357,2.6142678536464197
2007-02-16,1.1275,2.3275,2.5953922734756874
2007-02-26,1.1086,2.3086,2.55188636308217
2007-02-27,1.0037,2.2037,2.3104170508980464
2007-02-28,1.0191,2.2191,2.3458663112186895
2007-03-01,1.0021,2.2021,2.3067340108647323
2007-03-02,1.021,2.221,2.3502399212582494
2007-03-05,1.0064,2.2064,2.316632180954263
2007-03-06,1.031,2.231,2.3732589214664594
2007-03-07,1.0629,2.2629,2.44668953213065
2007-03-08,1.0804,2.2804,2.4869727824950174
2007-03-09,1.0727,2.2727,2.469248152334696
2007-03-12,1.0693,2.2693,2.4614216922639045
2007-03-13,1.0735,2.2735,2.471089672351353
2007-03-14,1.0521,2.2521,2.4218290119057837
2007-03-15,1.0684,2.2684,2.459349982245166
2007-03-16,1.059,2.259,2.437712122049448
2007-03-19,1.0744,2.2744,2.4731613823700918
2007-03-20,1.0622,2.2622,2.4450782021160755
2007-03-21,1.0691,2.2691,2.46096131225974
2007-03-22,1.0724,2.2724,2.4685575823284496
2007-03-23,1.0666,2.2666,2.455206562207688
2007-03-26,1.0756,2.2756,2.4759236623950764
2007-03-27,1.0754,2.2754,2.4754632823909124
2007-03-28,1.0744,2.2744,2.4731613823700918
2007-03-29,1.0839,2.2839,2.4950294325678914
2007-03-30,1.0752,2.2752,2.4750029023867484
2007-03-31,1.0752,2.2752,2.4750029023867484
2007-04-02,1.0887,2.2887,2.506078552667832
2007-04-03,1.1088,2.3088,2.5523467430863342
2007-04-04,1.1247,2.3247,2.5889469534173886
2007-04-05,1.1386,2.3386,2.6209433637068007
2007-04-06,1.1408,2.3408,2.6260075437526065
2007-04-09,1.1486,2.3486,2.6439623639150103
2007-04-10,1.1608,2.3608,2.6720455441690265
2007-04-11,1.1679,2.3679,2.6883890343168555
2007-04-12,1.1815,2.3815,2.7196948746000214
2007-04-13,1.2006,2.4006,2.7636611649977025
2007-04-16,1.2353,2.4353,2.843537095720192
2007-04-17,1.221,2.421,2.810619925422452
2007-04-18,1.2154,2.4154,2.7977292853058544
2007-04-19,1.1676,2.3676,2.68769846431061
2007-04-20,1.2054,2.4054,2.7747102850976444
2007-04-23,1.2327,2.4327,2.837552155666058
2007-04-24,1.2273,2.4273,2.825121895553625
2007-04-25,1.2253,2.4253,2.8205180955119826
2007-04-26,1.2423,2.4423,2.8596503958659394
2007-04-27,1.2206,2.4206,2.8096991654141235
2007-04-30,1.2571,2.4571,2.893718516174091
2007-05-08,1.2846,2.4846,2.957020766746668
2007-05-09,1.276,2.476,2.937224426567607
2007-05-10,1.2621,2.4621,2.905228016278195
2007-05-11,1.2458,2.4458,2.8677070459388125
2007-05-14,1.272,2.472,2.9280168264843227
2007-05-15,1.2413,2.4413,2.857348495845118
2007-05-16,1.2764,2.4764,2.938145186575935
2007-05-17,1.3141,2.5141,3.0249268173608876
2007-05-18,1.3227,2.5227,3.044723157539948
2007-05-21,1.3412,2.5412,3.0873083079251367
2007-05-22,1.3443,2.5443,3.094444197989682
2007-05-23,1.3732,2.5732,3.160969108591409
2007-05-24,1.3621,2.5621,3.135418018360296
2007-05-25,1.3854,2.5854,3.1890522888454256
2007-05-28,1.4212,2.6212,3.2714603095908177
2007-05-29,1.4565,2.6565,3.352717380325799
2007-05-30,1.3702,2.5702,3.1540634085289465
2007-05-31,1.4277,2.6277,3.286422659726154
2007-06-01,1.4138,2.6138,3.254426249436742
2007-06-04,1.3412,2.5412,3.0873083079251367
2007-06-05,1.3684,2.5684,3.1499199884914684
2007-06-06,1.3861,2.5861,3.1906636188600004
2007-06-07,1.4265,2.6265,3.283660379701169
2007-06-08,1.4341,2.6341,3.301154819859408
2007-06-11,1.4861,2.6861,3.4208536209421005
2007-06-12,1.5129,2.7129,3.4825445415001033
2007-06-13,1.5358,2.7358,3.535258051976905
2007-06-14,1.5399,2.7399,3.5446958420622714
2007-06-15,1.54,2.74,3.5449260320643536
2007-06-18,1.5793,2.7793,3.6353907028826193
2007-06-19,1.5697,2.7697,3.613292462682738
2007-06-20,1.548,2.748,3.563341232230922
2007-06-21,1.5644,2.7644,3.601092392572386
2007-06-22,1.5362,2.7362,3.5361788119852338
2007-06-25,1.5107,2.7107,3.4774803614542975
2007-06-26,1.5179,2.7179,3.494054041604209
2007-06-27,1.5695,2.7695,3.612832082678573
2007-06-28,1.519,2.719,3.496586131627112
2007-06-29,1.5015,2.7015,3.456302881262745
2007-06-30,1.5014,2.7014,3.4560726912606627
2007-07-02,1.4784,2.6784,3.4031289907817794
2007-07-03,1.4971,2.6971,3.4461745211711325
2007-07-04,1.4677,2.6677,3.3784986605589946
2007-07-05,1.4081,2.6081,3.241305419318062
2007-07-06,1.4633,2.6633,3.368370300467382
2007-07-09,1.5033,2.7033,3.4604463013002222
2007-07-10,1.4889,2.6889,3.4272989410003993
2007-07-11,1.479,2.679,3.404510130794272
2007-07-12,1.4887,2.6887,3.4268385609962353
2007-07-13,1.4903,2.6903,3.430521601029549
2007-07-16,1.4601,2.6601,3.3610042204007544
2007-07-17,1.4958,2.6958,3.4431820511440643
2007-07-18,1.5025,2.7025,3.458604781283565
2007-07-19,1.5024,2.7024,3.4583745912814834
2007-07-20,1.5631,2.7631,3.5980999225453187
2007-07-23,1.6114,2.8114,3.709281693550974
2007-07-24,1.6032,2.8032,3.6904061133802415
2007-07-25,1.6101,2.8101,3.706289223523907
2007-07-26,1.6175,2.8175,3.7233232836779817
2007-07-27,1.601,2.801,3.685341933334435
2007-07-30,1.6339,2.8339,3.7610744440194455
2007-07-31,1.655,2.855,3.8096445344587693
2007-08-01,1.6104,2.8104,3.7069797935301523
2007-08-02,1.6484,2.8484,3.79445199432135
2007-08-03,1.7103,2.9103,3.93693960561017
2007-08-06,1.7386,2.9386,4.002083376199405
2007-08-07,1.7454,2.9454,4.017736296340988
2007-08-08,1.727,2.927,3.9753813359578816
2007-08-09,1.7758,2.9758,4.087714056973947
2007-08-10,1.7539,2.9539,4.037302446517967
2007-08-13,1.7417,2.9417,4.00921926626395
2007-08-14,1.7614,2.9614,4.054566696674125
2007-08-15,1.761,2.961,4.053645936665796
2007-08-16,1.735,2.935,3.9937965361244503
2007-08-17,1.7063,2.9063,3.927732005526887
2007-08-20,1.7886,2.9886,4.117178377240457
2007-08-21,1.8279,3.0279,4.207643048058722
2007-08-22,1.8632,3.0632,4.288900118793704
2007-08-23,1.9018,3.1018,4.377753459597395
2007-08-24,1.9215,3.1215,4.423100890007569
2007-08-27,1.9158,3.1158,4.4099800598888885
2007-08-28,1.9057,3.1057,4.386730869678596
2007-08-29,1.885,3.085,4.339081539247601
2007-08-30,1.9025,3.1025,4.379364789611969
2007-08-31,1.9294,3.1294,4.441285900172055
2007-09-03,1.9407,3.1407,4.467297370407333
2007-09-04,1.9215,3.1215,4.423100890007569
2007-09-05,1.9182,3.1182,4.415504619938859
2007-09-06,1.9317,3.1317,4.446580270219942
2007-09-07,1.8945,3.0945,4.360949589445401
2007-09-10,1.9046,3.1046,4.384198779655693
2007-09-11,1.8481,3.0481,4.254141428479306
2007-09-12,1.8634,3.0634,4.289360498797867
2007-09-13,1.9038,3.1038,4.382357259639036
2007-09-14,1.9227,3.1227,4.425863170032554
2007-09-17,1.942,3.142,4.470289840434399
2007-09-18,1.9147,3.1147,4.407447969865985
2007-09-19,1.895,3.095,4.362100539455811
2007-09-20,1.9214,3.1214,4.422870700005486
2007-09-21,1.9167,3.1167,4.412051769907627
2007-09-24,1.9088,3.1088,4.393866759743141
2007-09-25,1.9135,3.1135,4.404685689841
2007-09-26,1.8991,3.0991,4.371538329541178
2007-09-27,1.9283,3.1283,4.4387538101491515
2007-09-28,1.9786,3.1786,4.554539381196449
2007-09-30,1.9785,3.1785,4.554309191194367
2007-10-08,2.0059,3.2059,4.617381251764863
2007-10-09,2.0136,3.2136,4.635105881925184
2007-10-10,2.0232,3.2232,4.657204122125067
2007-10-11,2.0606,3.2606,4.743295182903772
2007-10-12,2.0524,3.2524,4.72441960273304
2007-10-15,2.0482,3.2482,4.714751622645592
2007-10-16,2.0727,3.2727,4.771148173155707
2007-10-17,2.0586,3.2586,4.738691382862131
2007-10-18,2.0023,3.2023,4.609094411689907
2007-10-19,2.0368,3.2368,4.688509962408232
2007-10-22,2.003,3.203,4.610705741704482
2007-10-23,2.029,3.229,4.670555142245828
2007-10-24,2.0429,3.2429,4.7025515525352395
2007-10-25,1.9789,3.1789,4.555229951202696
2007-10-26,1.9961,3.1961,4.594822631560818
2007-10-29,2.0088,3.2088,4.624056761825244
2007-10-30,2.0111,3.2111,4.629351131873132
2007-10-31,2.0525,3.2525,4.724649792735122
2007-11-01,2.0159,3.2159,4.640400251973072
2007-11-02,1.9744,3.1744,4.544871401109001
2007-11-05,1.9556,3.1556,4.501595680717566
2007-11-06,1.951,3.151,4.49100694062179
2007-11-07,1.9554,3.1554,4.501135300713402
2007-11-08,1.8938,3.0938,4.359338259430828
2007-11-09,1.8815,3.0815,4.33102488917473
2007-11-12,1.8722,3.0722,4.309617218981095
2007-11-13,1.8581,3.0581,4.277160428687519
2007-11-14,1.9205,3.1205,4.42079898998675
2007-11-15,1.8947,3.0947,4.361409969449568
2007-11-16,1.8699,3.0699,4.304322848933206
2007-11-19,1.8692,3.0692,4.302711518918632
2007-11-20,1.8963,3.0963,4.365093009482881
2007-11-21,1.8836,3.0836,4.3358588792184545
2007-11-22,1.8204,3.0204,4.190378797902567
2007-11-23,1.8412,3.0412,4.238258318335643
2007-11-26,1.8335,3.0335,4.220533688175322
2007-11-27,1.8024,3.0024,4.148944597527788
2007-11-28,1.7865,2.9865,4.1123443871967345
2007-11-29,1.8223,3.0223,4.194752407942127
2007-11-30,1.7931,2.9931,4.127536927334153
2007-12-03,1.8044,3.0044,4.15354839756943
2007-12-04,1.8252,3.0252,4.201427918002507
2007-12-05,1.8714,3.0714,4.307775698964437
2007-12-06,1.875,3.075,4.316062539039392
2007-12-07,1.8932,3.0932,4.357957119418335
2007-12-10,1.9431,3.1431,4.472821930457303
2007-12-11,1.9644,3.1644,4.521852400900791
2007-12-12,1.9592,3.1592,4.509882520792522
2007-12-13,1.8947,3.0947,4.361409969449567
2007-12-14,1.9437,3.1437,4.474203070469796
2007-12-17,1.9328,3.1328,4.4491123602428475
2007-12-18,1.9164,3.1164,4.411361199901383
2007-12-19,1.9489,3.1489,4.486172950578066
2007-12-20,1.9699,3.1699,4.534512851015307
2007-12-21,1.9906,3.1906,4.582162181446302
2007-12-24,2.0315,3.2315,4.676309892297881
2007-12-25,2.0425,3.2425,4.701630792526912
2007-12-26,2.0704,3.2704,4.765853803107818
2007-12-27,2.0977,3.2977,4.828695673676233
2007-12-28,2.0916,3.2916,4.814654083549224
2007-12-29,2.0915,3.2915,4.814423893547142
2007-12-31,2.0913,3.2913,4.813963513542977
2008-01-02,2.117,3.317,4.8731223440780775
2008-01-03,2.1096,3.3096,4.856088283924002
2008-01-04,2.1231,3.3231,4.887163934205086
2008-01-07,2.1508,3.3508,4.9509265647818275
2008-01-08,2.1474,3.3474,4.9431001047110374
2008-01-09,2.179,3.379,5.015840145368981
2008-01-10,2.1955,3.3955,5.053821495712528
2008-01-11,2.2059,3.4059,5.077761255929067
2008-01-14,2.2272,3.4272,5.126791726372554
2008-01-15,2.2196,3.4196,5.109297286214314
2008-01-16,2.1749,3.3749,5.006402355283615
2008-01-17,2.1507,3.3507,4.950696374779747
2008-01-18,2.1619,3.3619,4.9764776550129435
2008-01-21,2.0899,3.2899,4.81074085351383
2008-01-22,1.9782,3.1782,4.553618621188123
2008-01-23,2.0763,3.2763,4.779435013230665
2008-01-24,2.114,3.314,4.866216644015617
2008-01-25,2.1194,3.3194,4.878646904128051
2008-01-28,2.0253,3.2253,4.662038112168794
2008-01-29,2.0153,3.2153,4.639019111960583
2008-01-30,1.991,3.191,4.5830829414546335
2008-01-31,1.9491,3.1491,4.486633330582233
2008-02-01,1.9367,3.1367,4.458089770324053
2008-02-04,2.0618,3.2618,4.7460574629287615
2008-02-05,2.0371,3.2371,4.689200532414483
2008-02-13,1.9984,3.1984,4.600117001608709
2008-02-14,2.0166,3.2166,4.642011581987651
2008-02-15,2.0036,3.2036,4.612086881716978
2008-02-18,2.0602,3.2602,4.742374422895447
2008-02-19,2.086,3.286,4.801763443432629
2008-02-20,2.0476,3.2476,4.713370482633102
2008-02-21,2.0481,3.2481,4.714521432643511
2008-02-22,1.9885,3.1885,4.577328191402579
2008-02-25,1.9313,3.1313,4.445659510211617
2008-02-26,1.898,3.098,4.369006239518277
2008-02-27,1.9333,3.1333,4.450263310253258
2008-02-28,1.9294,3.1294,4.441285900172057
2008-02-29,1.9579,3.1579,4.506890050765455
2008-03-03,2.0073,3.2073,4.620603911794013
2008-03-04,1.9796,3.1796,4.556841281217271
2008-03-05,1.6654,3.1654,4.524154300921613
2008-03-06,1.6702,3.1702,4.537193775308801
2008-03-07,1.6434,3.1434,4.464390043313665
2008-03-10,1.5753,3.0753,4.279392500445429
2008-03-11,1.5728,3.0728,4.272601107535435
2008-03-12,1.5296,3.0296,4.155245838050738
2008-03-13,1.4983,2.9983,4.070217598817613
2008-03-14,1.4865,2.9865,4.038162224282441
2008-03-17,1.4271,2.9271,3.8767987287409835
2008-03-18,1.3675,2.8675,3.714891921766726
2008-03-19,1.4032,2.9032,3.81187301252144
2008-03-20,1.4423,2.9423,3.9180903976337462
2008-03-21,1.4592,2.9592,3.9640002137053063
2008-03-24,1.4036,2.9036,3.812959635387039
2008-03-25,1.415,2.915,3.8439283870566117
2008-03-26,1.4197,2.9197,3.8566962057274004
2008-03-27,1.3928,2.8928,3.7836208180158653
2008-03-28,1.4344,2.9344,3.8966295960381654
2008-03-31,1.4039,2.9039,3.8137746025362387
2008-04-01,1.3411,2.8411,3.6431748126371892
2008-04-02,1.3237,2.8237,3.595906717983631
2008-04-03,1.3444,2.8444,3.6521394512783814
2008-04-07,1.405,2.905,3.816762815416636
2008-04-08,1.4221,2.9221,3.863215942920995
2008-04-09,1.3711,2.8711,3.7246715275571174
2008-04-10,1.3849,2.8849,3.7621600164202844
2008-04-11,1.3997,2.8997,3.8023650624474485
2008-04-14,1.341,2.841,3.6429031569207893
2008-04-15,1.3475,2.8475,3.6605607784867735
2008-04-16,1.336,2.836,3.6293203711008015
2008-04-17,1.3073,2.8073,3.55135518049407
2008-04-18,1.2897,2.7897,3.5035437744077123
2008-04-21,1.2859,2.7859,3.493220857184521
2008-04-22,1.2757,2.7757,3.4655119741117457
2008-04-23,1.3249,2.8249,3.599166586580428
2008-04-24,1.4203,2.9203,3.8583261400257998
2008-04-25,1.4029,2.9029,3.8110580453722416
2008-04-28,1.3782,2.8782,3.7439590834215006
2008-04-29,1.3869,2.8869,3.7675931307482795
2008-04-30,1.4445,2.9445,3.9240668233945413
2008-05-05,1.477,2.977,4.012354931224464
2008-05-06,1.4639,2.9639,3.976768032376095
2008-05-07,1.4116,2.9116,3.8346920926990204
2008-05-08,1.4492,2.9492,3.936834642065331
2008-05-09,1.4478,2.9478,3.933031462035734
2008-05-12,1.4517,2.9517,3.943626034975324
2008-05-13,1.4532,2.9532,3.9477008707213206
2008-05-14,1.4773,2.9773,4.013169898373662
2008-05-15,1.4584,2.9584,3.961826967974107
2008-05-16,1.4477,2.9477,3.9327598063193325
2008-05-19,1.4443,2.9443,3.9235235119617404
2008-05-20,1.3857,2.8857,3.7643332621514807
2008-05-21,1.4065,2.9065,3.8208376511626314
2008-05-22,1.3854,2.8854,3.7635182950022816
2008-05-23,1.3834,2.8834,3.7580851806742865
2008-05-26,1.3518,2.8518,3.672241974291962
2008-05-27,1.3558,2.8558,3.683108202947952
2008-05-28,1.3793,2.8793,3.7469472963018964
2008-05-29,1.36,2.86,3.6945177430367426
2008-05-30,1.361,2.861,3.69723430020074
2008-06-02,1.359,2.859,3.691801185872745
2008-06-03,1.3553,2.8553,3.681749924365954
2008-06-04,1.3359,2.8359,3.6290487153844007
2008-06-05,1.3246,2.8246,3.5983516194312273
2008-06-06,1.3247,2.8247,3.5986232751476273
2008-06-10,1.2434,2.7434,3.377767177714622
2008-06-11,1.2427,2.7427,3.375865587699823
2008-06-12,1.2233,2.7233,3.3231643787182703
2008-06-13,1.1896,2.6896,3.2316164022915506
2008-06-16,1.1778,2.6778,3.1995610277563786
2008-06-17,1.1579,2.6579,3.1455015401928264
2008-06-18,1.2015,2.7015,3.263943432543122
2008-06-19,1.1352,2.6352,3.0838356925700805
2008-06-20,1.159,2.659,3.1484897530732234
2008-06-23,1.137,2.637,3.088725495465276
2008-06-24,1.1622,2.6622,3.157182735998015
2008-06-25,1.207,2.707,3.2788844969451083
2008-06-26,1.214,2.714,3.297900397093091
2008-06-27,1.1721,2.6721,3.1840766519215915
2008-06-30,1.1669,2.6669,3.1699505546688043
2008-07-01,1.1389,2.6389,3.0938869540768716
2008-07-02,1.1437,2.6437,3.10692642846406
2008-07-03,1.1707,2.6707,3.180273471891996
2008-07-04,1.1655,2.6655,3.166147374639208
2008-07-07,1.2093,2.7093,3.2851325784223033
2008-07-08,1.2147,2.7147,3.2998019871078896
2008-07-09,1.2437,2.7437,3.3785821448638207
2008-07-10,1.2396,2.7396,3.3674442604914305
2008-07-11,1.2304,2.7304,3.342451934582652
2008-07-14,1.2355,2.7355,3.3563063761190404
2008-07-15,1.1984,2.6984,3.255522105334729
2008-07-16,1.1677,2.6677,3.1721238004000027
2008-07-17,1.1645,2.6645,3.1634308174752106
2008-07-18,1.1878,2.6878,3.226726599396354
2008-07-21,1.2229,2.7229,3.3220777558526704
2008-07-22,1.22,2.72,3.314199740077077
2008-07-23,1.2088,2.7088,3.283774299840304
2008-07-24,1.2353,2.7353,3.3557630646862404
2008-07-25,1.2274,2.7274,3.334302263090659
2008-07-28,1.2336,2.7336,3.3511449175074444
2008-07-29,1.2221,2.7221,3.3199045101214715
2008-07-30,1.2172,2.7172,3.3065933800178833
2008-07-31,1.1964,2.6964,3.2500889910067325
2008-08-01,1.2088,2.7088,3.2837742998403034
2008-08-04,1.1947,2.6947,3.2454708438279374
2008-08-05,1.1758,2.6758,3.194127913428382
2008-08-06,1.1765,2.6765,3.196029503443181
2008-08-07,1.166,2.666,3.167505653221206
2008-08-08,1.1337,2.6337,3.079760856824083
2008-08-11,1.0971,2.5971,2.980334864621771
2008-08-12,1.0968,2.5968,2.9795198974725716
2008-08-13,1.1021,2.6021,2.9939176504417593
2008-08-14,1.1095,2.6095,3.014020173455341
2008-08-15,1.1102,2.6102,3.0159217634701396
2008-08-18,1.0699,2.5699,2.906444509761036
2008-08-19,1.0773,2.5773,2.926547032774618
2008-08-20,1.1385,2.6385,3.0928003312112717
2008-08-21,1.1041,2.6041,2.999350764769754
2008-08-22,1.0883,2.5883,2.956429161578592
2008-08-25,1.0837,2.5837,2.943932998624203
2008-08-26,1.0589,2.5589,2.876562380957062
2008-08-27,1.0393,2.5393,2.823317860542709
2008-08-28,1.037,2.537,2.8170697790655144
2008-08-29,1.0546,2.5546,2.864881185151872
2008-09-01,1.019,2.519,2.768171750113557
2008-09-02,1.0015,2.5015,2.7206319997435995
2008-09-03,0.9767,2.4767,2.6532613820764586
2008-09-04,0.9796,2.4796,2.6611393978520517
2008-09-05,0.9631,2.4631,2.616316204646091
2008-09-08,0.9414,2.4414,2.557366914187343
2008-09-09,0.9406,2.4406,2.555193668456145
2008-09-10,0.9404,2.4404,2.5546503570233456
2008-09-11,0.9207,2.4207,2.501134180892593
2008-09-12,0.9231,2.4231,2.5076539180861874
2008-09-16,0.9113,2.4113,2.4755985435510155
2008-09-17,0.8963,2.3963,2.4348501860910514
2008-09-18,0.879,2.379,2.387853747153893
2008-09-19,0.9559,2.4559,2.596756993065309
2008-09-22,0.9795,2.4795,2.6608677421356526
2008-09-23,0.932,2.432,2.5318312768457667
2008-09-24,0.9315,2.4315,2.5304729982637677
2008-09-25,0.9557,2.4557,2.5962136816325097
2008-09-26,0.971,2.471,2.6377770062416728
2008-09-30,0.9709,2.4709,2.6375053505252732
2008-10-06,0.9386,2.4386,2.549760554128151
2008-10-07,0.9344,2.4344,2.5383510140393613
2008-10-08,0.9114,2.4114,2.4758701992674164
2008-10-09,0.903,2.403,2.4530511190898365
2008-10-10,0.8712,2.3712,2.366664601274713
2008-10-13,0.8837,2.3837,2.4006215658246832
2008-10-14,0.8688,2.3688,2.3601448640811187
2008-10-15,0.859,2.359,2.3335226038739423
2008-10-16,0.8342,2.3342,2.266151986206802
2008-10-17,0.833,2.333,2.2628921176100043
2008-10-20,0.8495,2.3495,2.307715310815965
2008-10-21,0.8495,2.3495,2.307715310815965
2008-10-22,0.8394,2.3394,2.280278083459589
2008-10-23,0.8392,2.3392,2.279734772026789
2008-10-24,0.8232,2.3232,2.236269857402828
2008-10-27,0.7817,2.2817,2.123532735096927
2008-10-28,0.7923,2.2923,2.1523282410353013
2008-10-29,0.7806,2.2806,2.120544522216529
2008-10-30,0.7931,2.2931,2.1545014867664993
2008-10-31,0.7846,2.2846,2.1314107508725195
2008-11-03,0.7834,2.2834,2.1281508822757225
2008-11-04,0.776,2.276,2.10804835926214
2008-11-05,0.7935,2.2935,2.155588109632098
2008-11-06,0.7767,2.2767,2.1099499492769382
2008-11-07,0.7755,2.2755,2.106690080680141
2008-11-10,0.8164,2.3164,2.2177972686876433
2008-11-11,0.81,2.31,2.2004113028380585
2008-11-12,0.8092,2.3092,2.1982380571068605
2008-11-13,0.8357,2.3357,2.270226821952797
2008-11-14,0.8736,2.3736,2.3731843384683065
2008-11-17,0.8977,2.3977,2.438653366120649
2008-11-18,0.8517,2.3517,2.313691736576759
2008-11-19,0.8996,2.3996,2.443814824732244
2008-11-20,0.8987,2.3987,2.4413699232846464
2008-11-21,0.8939,2.3939,2.4283304488974577
2008-11-24,0.8681,2.3681,2.3582432740663193
2008-11-25,0.8641,2.3641,2.3473770454103287
2008-11-26,0.8649,2.3649,2.3495502911415267
2008-11-27,0.8844,2.3844,2.40252315583948
2008-11-28,0.8839,2.3839,2.4011648772574814
2008-12-01,0.8966,2.3966,2.435665153240251
2008-12-02,0.9074,2.4074,2.465003970611425
2008-12-03,0.9392,2.4392,2.5513904884265486
2008-12-04,0.9509,2.4509,2.58317420724532
2008-12-05,0.9615,2.4615,2.6119697131836945
2008-12-08,0.9889,2.4889,2.6864033794772286
2008-12-09,0.9738,2.4738,2.6453833663008646
2008-12-10,0.9904,2.4904,2.6904782152232247
2008-12-11,0.9736,2.4736,2.6448400548680655
2008-12-12,0.9488,2.4488,2.577469437200925
2008-12-15,0.9601,2.4601,2.608166533154098
2008-12-16,0.969,2.469,2.632343891913677
2008-12-17,0.9825,2.4825,2.6690174136276448
2008-12-18,0.995,2.495,2.7029743781776148
2008-12-19,1.0044,2.5044,2.7285100155191926
2008-12-22,1.0003,2.5003,2.7173721311468024
2008-12-23,0.9577,2.4577,2.6016467959605047
2008-12-24,0.9454,2.4454,2.5682331428433343
2008-12-25,0.9404,2.4404,2.554650357023346
2008-12-26,0.932,2.432,2.5318312768457663
2008-12-29,0.9333,2.4333,2.5353628011589633
2008-12-30,0.9338,2.4338,2.536721079740962
2008-12-31,0.9344,2.4344,2.538351014039361
2009-01-05,0.9448,2.4448,2.5666032085449357
2009-01-06,0.9587,2.4587,2.6043633531245027
2009-01-07,0.9546,2.4546,2.5932254687521126
2009-01-08,0.9419,2.4419,2.5587251927693426
2009-01-09,0.9528,2.4528,2.5883356658569165
2009-01-12,0.9509,2.4509,2.583174207245321
2009-01-13,0.9361,2.4361,2.5429691612181564
2009-01-14,0.96,2.46,2.607894877437699
2009-01-15,0.9565,2.4565,2.5983869273637077
2009-01-16,0.9639,2.4639,2.61848945037729
2009-01-19,0.9711,2.4711,2.6380486619580727
2009-01-20,0.9754,2.4754,2.649729857763263
2009-01-21,0.968,2.468,2.62962733474968
2009-01-22,0.9747,2.4747,2.6478282677484644
2009-01-23,0.9706,2.4706,2.636690383376074
2009-02-02,0.9784,2.4784,2.6578795292552555
2009-02-03,0.9967,2.4967,2.7075925253564113
2009-02-04,1.014,2.514,2.75458896429357
2009-02-05,1.0083,2.5083,2.7391045884587837
2009-02-06,1.039,2.539,2.82250289339351
2009-02-09,1.0601,2.5601,2.8798222495538592
2009-02-10,1.0672,2.5672,2.899109805418242
2009-02-11,1.0751,2.5751,2.9205706070138233
2009-02-12,1.0825,2.5825,2.9406731300274056
2009-02-13,1.1089,2.6089,3.012390239156942
2009-02-16,1.1186,2.6186,3.0387408436477186
2009-02-17,1.0934,2.5934,2.9702836031149786
2009-02-18,1.0572,2.5572,2.8719442337782652
2009-02-19,1.068,2.568,2.9012830511494396
2009-02-20,1.0845,2.5845,2.9461062443554002
2009-02-23,1.1071,2.6071,3.0075004362617457
2009-02-24,1.0755,2.5755,2.9216572298794214
2009-02-25,1.0708,2.5708,2.908889411208633
2009-02-26,1.0288,2.5288,2.794794010320734
2009-02-27,1.0138,2.5138,2.7540456528607704
2009-03-02,1.025,2.525,2.784471093097543
2009-03-03,1.0187,2.5187,2.767356782964358
2009-03-04,1.0778,2.5778,2.927905311356617
2009-03-05,1.0742,2.5742,2.9181257055662253
2009-03-06,1.0672,2.5672,2.8991098054182416
2009-03-09,1.0378,2.5378,2.8192430247967124
2009-03-10,1.0548,2.5548,2.865424496584671
2009-03-11,1.0464,2.5464,2.8426054164070913
2009-03-12,1.043,2.543,2.833369122049499
2009-03-13,1.0373,2.5373,2.8178847462147134
2009-03-16,1.0468,2.5468,2.84369203927269
2009-03-17,1.0755,2.5755,2.921657229879421
2009-03-18,1.0776,2.5776,2.927361999923816
2009-03-19,1.096,2.596,2.9773466517413727
2009-03-20,1.0868,2.5868,2.9523543258325944
2009-03-23,1.1058,2.6058,3.003968911948549
2009-03-24,1.1154,2.6154,3.0300478607229264
2009-03-25,1.0964,2.5964,2.978433274606972
2009-03-26,1.1065,2.6065,3.005870501963348
2009-03-27,1.1128,2.6128,3.022984812096533
2009-03-30,1.1079,2.6079,3.009673681992945
2009-03-31,1.1188,2.6188,3.039284155080519
2009-04-01,1.1312,2.6312,3.072969463914089
2009-04-02,1.1445,2.6445,3.1090996741952575
2009-04-03,1.1368,2.6368,3.0881821840324757
2009-04-07,1.1381,2.6381,3.091713708345672
2009-04-08,1.1115,2.6115,3.0194532877833353
2009-04-09,1.1263,2.6263,3.0596583338105
2009-04-10,1.1553,2.6553,3.13843849156643
2009-04-13,1.1726,2.6726,3.185434930503589
2009-04-14,1.1851,2.6851,3.2193918950535587
2009-04-15,1.1952,2.6952,3.246829122409935
2009-04-16,1.1982,2.6982,3.2549787939019272
2009-04-17,1.1929,2.6929,3.2405810409327405
2009-04-20,1.2172,2.7172,3.306593380017882
2009-04-21,1.2137,2.7137,3.2970854299438903
2009-04-22,1.1796,2.6796,3.204450830651572
2009-04-23,1.1816,2.6816,3.2098839449795675
2009-04-24,1.174,2.674,3.1892381105331857
2009-04-27,1.1613,2.6613,3.1547378345504167
2009-04-28,1.1607,2.6607,3.1531079002520186
2009-04-29,1.1841,2.6841,3.2166753378895625
2009-04-30,1.1949,2.6949,3.2460141552607373
2009-05-04,1.221,2.721,3.316916297241075
2009-05-05,1.2202,2.7202,3.3147430515098764
2009-05-06,1.2285,2.7285,3.3372904759710567
2009-05-07,1.2227,2.7227,3.3215344444198704
2009-05-08,1.2291,2.7291,3.338920410269455
2009-05-11,1.206,2.706,3.2761679397811103
2009-05-12,1.2248,2.7248,3.327239214464266
2009-05-13,1.2304,2.7304,3.342451934582652
2009-05-14,1.2276,2.7276,3.334845574523459
2009-05-15,1.2333,2.7333,3.3503299503582453
2009-05-18,1.2333,2.7333,3.3503299503582453
2009-05-19,1.2362,2.7362,3.358207966133838
2009-05-20,1.2235,2.7235,3.3237076901510685
2009-05-21,1.2025,2.7025,3.2666599897071182
2009-05-22,1.2006,2.7006,3.2614985310955227
2009-05-25,1.2004,2.7004,3.260955219662723
2009-05-26,1.2003,2.7003,3.260683563946323
2009-05-27,1.2074,2.7074,3.279971119810706
2009-06-01,1.2302,2.7302,3.341908623149851
2009-06-02,1.2385,2.7385,3.3644560476110312
2009-06-03,1.2548,2.7548,3.408735929384192
2009-06-04,1.2542,2.7542,3.407105995085794
2009-06-05,1.267,2.767,3.441877926784963
2009-06-08,1.2727,2.7727,3.457362302619749
2009-06-09,1.2781,2.7781,3.4720317113053367
2009-06-10,1.2937,2.7937,3.5144100030636993
2009-06-11,1.287,2.787,3.496209070064915
2009-06-12,1.2732,2.7732,3.4587205812017485
2009-06-15,1.3061,2.8061,3.548095311897269
2009-06-16,1.3015,2.8015,3.53559914894288
2009-06-17,1.3239,2.8239,3.5964500294164266
2009-06-18,1.3386,2.8386,3.6363834197271916
2009-06-19,1.3431,2.8431,3.648607926965181
2009-06-22,1.3405,2.8405,3.6415448783387876
2009-06-23,1.3386,2.8386,3.636383419727192
2009-06-24,1.3456,2.8456,3.655399319875175
2009-06-25,1.3469,2.8469,3.658930844188372
2009-06-26,1.3478,2.8478,3.6613757456359703
2009-06-29,1.3688,2.8688,3.7184234460799193
2009-06-30,1.3679,2.8679,3.7159785446323212
2009-07-01,1.384,2.884,3.7597151149726824
2009-07-02,1.3941,2.8941,3.787152342329058
2009-07-03,1.4042,2.9042,3.814589569685434
2009-07-06,1.4034,2.9034,3.812416323954236
2009-07-07,1.4029,2.9029,3.8110580453722376
2009-07-08,1.4076,2.9076,3.8238258640430263
2009-07-09,1.433,2.933,3.8928264160085657
2009-07-10,1.4419,2.9419,3.9170037747681445
2009-07-13,1.4408,2.9408,3.9140155618877475
2009-07-14,1.4726,2.9726,4.000402079702871
2009-07-15,1.4697,2.9697,3.992524063927278
2009-07-16,1.4631,2.9631,3.9745947866448943
2009-07-17,1.4649,2.9649,3.97948458954009
2009-07-20,1.484,2.984,4.031370831372444
2009-07-21,1.4666,2.9666,3.9841027367188855
2009-07-22,1.4872,2.9872,4.040063814297237
2009-07-23,1.4964,2.9964,4.065056140206014
2009-07-24,1.4882,2.9882,4.042780371461234
2009-07-27,1.5121,3.0121,4.107706087680777
2009-07-28,1.511,3.011,4.104717874800379
2009-07-29,1.4448,2.9448,3.924881790543738
2009-07-30,1.4653,2.9653,3.9805712124056885
2009-07-31,1.4934,2.9934,4.056906468714021
2009-08-03,1.5084,3.0084,4.097654826173986
2009-08-04,1.5121,3.0121,4.107706087680777
2009-08-05,1.5069,3.0069,4.093579990427989
2009-08-06,1.4893,2.9893,4.045768584341631
2009-08-07,1.4587,2.9587,3.9626419351233046
2009-08-10,1.4658,2.9658,3.981929490987688
2009-08-11,1.4775,2.9775,4.01371320980646
2009-08-12,1.4276,2.9276,3.87815700732298
2009-08-13,1.4324,2.9324,3.891196481710168
2009-08-14,1.3931,2.8931,3.7844357851650625
2009-08-17,1.3168,2.8168,3.577162473552045
2009-08-18,1.3232,2.8232,3.5945484394016294
2009-08-19,1.2871,2.7871,3.496480725781316
2009-08-20,1.33,2.83,3.6130210281168136
2009-08-21,1.3636,2.8636,3.7042973488271325
2009-08-24,1.3896,2.8896,3.7749278350910704
2009-08-25,1.3676,2.8676,3.715163577483123
2009-08-26,1.4004,2.9004,3.8042666524622453
2009-08-27,1.4071,2.9071,3.8224675854610295
2009-08-28,1.3763,2.8763,3.7387976248099033
2009-08-31,1.3038,2.8038,3.541847230420077
2009-09-01,1.314,2.814,3.5695561134928524
2009-09-02,1.3245,2.8245,3.5980799637148273
2009-09-03,1.3785,2.8785,3.7447740505706983
2009-09-04,1.3919,2.8919,3.781175916568266
2009-09-07,1.4193,2.9193,3.8556095828618004
2009-09-08,1.4523,2.9523,3.9452559692737212
2009-09-09,1.456,2.956,3.9553072307805124
2009-09-10,1.4427,2.9427,3.919177020499345
2009-09-11,1.4684,2.9684,3.988992539614083
2009-09-14,1.4949,2.9949,4.06098130446002
2009-09-15,1.5012,3.0012,4.078095614593206
2009-09-16,1.4897,2.9897,4.0468552072072335
2009-09-17,1.5113,3.0113,4.105532841949582
2009-09-18,1.4683,2.9683,3.9887208838976846
2009-09-21,1.4893,2.9893,4.045768584341635
2009-09-22,1.4703,2.9703,3.9941539982256806
2009-09-23,1.4346,2.9346,3.8971729074709662
2009-09-24,1.4304,2.9304,3.8857633673821756
2009-09-25,1.4274,2.9274,3.877613695890183
2009-09-28,1.4077,2.9077,3.82409751975943
2009-09-29,1.4033,2.9033,3.81214466823784
2009-09-30,1.4148,2.9148,3.8433850756238126
2009-10-09,1.4625,2.9625,3.972964852346498
2009-10-12,1.4591,2.9591,3.9637285579889068
2009-10-13,1.4715,2.9715,3.9974138668224772
2009-10-14,1.4746,2.9746,4.00583519403087
2009-10-15,1.4738,2.9738,4.003661948299672
2009-10-16,1.4748,2.9748,4.00637850546367
2009-10-19,1.5047,3.0047,4.087603564667198
2009-10-20,1.5255,3.0255,4.144107953678349
2009-10-21,1.513,3.013,4.110150989128378
2009-10-22,1.5091,3.0091,4.099556416188788
2009-10-23,1.5326,3.0326,4.163395509542731
2009-10-26,1.534,3.034,4.167198689572328
2009-10-27,1.5036,3.0036,4.084615351786801
2009-10-28,1.5052,3.0052,4.088961843249197
2009-10-29,1.4785,2.9785,4.01642976697046
2009-10-30,1.4964,2.9964,4.065056140206018
2009-11-02,1.5514,3.0514,4.214466784225886
2009-11-03,1.5649,3.0649,4.251140305939853
2009-11-04,1.5748,3.0748,4.27803422186343
2009-11-05,1.5729,3.0729,4.272872763251835
2009-11-06,1.5728,3.0728,4.272601107535435
2009-11-09,1.5776,3.0776,4.285640581922624
2009-11-10,1.5823,3.0823,4.298408400593413
2009-11-11,1.5795,3.0795,4.29080204053422
2009-11-12,1.5871,3.0871,4.311447874980601
2009-11-13,1.6034,3.1034,4.355727756753763
2009-11-16,1.6439,3.1439,4.465748321895666
2009-11-17,1.6437,3.1437,4.465205010462867
2009-11-18,1.6437,3.1437,4.465205010462867
2009-11-19,1.6495,3.1495,4.480961042014053
2009-11-20,1.6439,3.1439,4.465748321895666
2009-11-23,1.6635,3.1635,4.518992842310019
2009-11-24,1.6082,3.1082,4.368767231140952
2009-11-25,1.6469,3.1469,4.473897993387658
2009-11-26,1.5849,3.0849,4.305471449219807
2009-11-27,1.5515,3.0515,4.214738439942288
2009-11-30,1.6154,3.1154,4.388326442721734
2009-12-01,1.6393,3.1393,4.453252158941277
2009-12-02,1.6495,3.1495,4.480961042014052
2009-12-03,1.6464,3.1464,4.47253971480566
2009-12-04,1.6506,3.1506,4.48394925489445
2009-12-07,1.6658,3.1658,4.525240923787214
2009-12-08,1.6515,3.1515,4.486394156342048
2009-12-09,1.6267,3.1267,4.4190235386749075
2009-12-10,1.6358,3.1358,4.443744208867285
2009-12-11,1.6379,3.1379,4.44944897891168
2009-12-14,1.6499,3.1499,4.4820476648796514
2009-12-15,1.6457,3.1457,4.470638124790861
2009-12-16,1.6354,3.1354,4.442657586001686
2009-12-17,1.5974,3.0974,4.3394284137697765
2009-12-18,1.5593,3.0593,4.235927585821467
2009-12-21,1.5563,3.0563,4.227777914329475
2009-12-22,1.5268,3.0268,4.147639477991545
2009-12-23,1.5436,3.0436,4.1932776383467045
2009-12-24,1.5927,3.0927,4.3266605950989865
2009-12-25,1.595,3.095,4.332908676576181
2009-12-28,1.6152,3.1152,4.3877831312889315
2009-12-29,1.623,3.123,4.408972277168113
2009-12-30,1.6345,3.1345,4.440212684554086
2009-12-31,1.6427,3.1427,4.4624884532988665
2010-01-04,1.6349,3.1349,4.441299307419685
2010-01-05,1.6486,3.1486,4.478516140566453
2010-01-06,1.6437,3.1437,4.465205010462864
2010-01-07,1.6136,3.1136,4.383436639826536
2010-01-08,1.4407,3.1207,4.4027241956909196
2010-01-11,1.4411,3.1211,4.403946580419369
2010-01-12,1.4654,3.1454,4.478206452672641
2010-01-13,1.4338,3.1138,4.381638059125176
2010-01-14,1.4567,3.1367,4.451619584828877
2010-01-15,1.4679,3.1479,4.485846357225447
2010-01-18,1.4795,3.1595,4.521295514350466
2010-01-19,1.4777,3.1577,4.515794783072446
2010-01-20,1.4268,3.1068,4.36024632637732
2010-01-21,1.4285,3.1085,4.365441461473227
2010-01-22,1.406,3.086,4.2966823204979745
2010-01-25,1.3943,3.0743,4.260927567190843
2010-01-26,1.3587,3.0387,4.152135326358889
2010-01-27,1.3459,3.0259,4.113019015048523
2010-01-28,1.3597,3.0397,4.15519128818001
2010-01-29,1.3657,3.0457,4.173527059106744
2010-02-01,1.3524,3.0324,4.132882766885818
2010-02-02,1.3437,3.0237,4.1062958990420535
2010-02-03,1.3687,3.0487,4.182694944570112
2010-02-04,1.3682,3.0482,4.1811669636595505
2010-02-05,1.3489,3.0289,4.12218690051189
2010-02-08,1.3468,3.0268,4.115769380687533
2010-02-09,1.3487,3.0287,4.121575708147665
2010-02-10,1.3695,3.0495,4.1851397140270095
2010-02-11,1.3717,3.0517,4.191862830033479
2010-02-12,1.3866,3.0666,4.2373966611682015
2010-02-22,1.3743,3.0543,4.199808330768397
2010-02-23,1.3633,3.0433,4.166192750736051
2010-02-24,1.384,3.064,4.229451160433283
2010-02-25,1.406,3.086,4.296682320497974
2010-02-26,1.4048,3.0848,4.293015166312627
2010-03-01,1.4169,3.0969,4.329992304348207
2010-03-02,1.4161,3.0961,4.327547534891308
2010-03-03,1.4198,3.0998,4.338854593629462
2010-03-04,1.3842,3.0642,4.230062352797508
2010-03-05,1.3861,3.0661,4.23586868025764
2010-03-08,1.3952,3.0752,4.263677932829853
2010-03-09,1.4011,3.0811,4.281708107574475
2010-03-10,1.3893,3.0693,4.245647758085231
2010-03-11,1.3825,3.0625,4.2248672177016
2010-03-12,1.366,3.046,4.174443847653081
2010-03-15,1.3485,3.0285,4.120964515783441
2010-03-16,1.3534,3.0334,4.1359387287069405
2010-03-17,1.3835,3.0635,4.227923179522723
2010-03-18,1.3821,3.0621,4.223644832973152
2010-03-19,1.387,3.067,4.238619045896651
2010-03-22,1.3909,3.0709,4.250537296999028
2010-03-23,1.3846,3.0646,4.231284737525957
2010-03-24,1.3881,3.0681,4.241980603899885
2010-03-25,1.3778,3.0578,4.210504197142325
2010-03-26,1.3969,3.0769,4.268873067925762
2010-03-29,1.4175,3.0975,4.331825881440881
2010-03-30,1.4227,3.1027,4.347716882910718
2010-03-31,1.4195,3.0995,4.3379378050831265
2010-04-01,1.4426,3.1226,4.408530523151052
2010-04-02,1.4434,3.1234,4.41097529260795
2010-04-06,1.4354,3.1154,4.386527598038971
2010-04-07,1.4312,3.1112,4.373692558390258
2010-04-08,1.4224,3.1024,4.346800094364382
2010-04-09,1.4351,3.1151,4.385610809492635
2010-04-12,1.4304,3.1104,4.37124778893336
2010-04-13,1.4379,3.1179,4.394167502591777
2010-04-14,1.4469,3.1269,4.421671158981877
2010-04-15,1.431,3.111,4.373081366026033
2010-04-16,1.4256,3.1056,4.356579172191972
2010-04-19,1.3708,3.0508,4.189112464394469
2010-04-20,1.3779,3.0579,4.2108097933244375
2010-04-21,1.4131,3.0931,4.318379649427944
2010-04-22,1.4198,3.0998,4.3388545936294625
2010-04-23,1.4101,3.0901,4.3092117639645755
2010-04-26,1.4045,3.0845,4.29209837776629
2010-04-27,1.3788,3.0588,4.213560158963447
2010-04-28,1.3791,3.0591,4.214476947509784
2010-04-29,1.348,3.028,4.1194365348728805
2010-04-30,1.3422,3.0222,4.101711956310371
2010-05-04,1.3292,3.0092,4.061984452635781
2010-05-05,1.3544,3.0344,4.138994690528064
2010-05-06,1.3086,2.9886,3.999031639120662
2010-05-07,1.2899,2.9699,3.9418851530656753
2010-05-10,1.2878,2.9678,3.9354676332413185
2010-05-11,1.2642,2.9442,3.8633469342628315
2010-05-12,1.2595,2.9395,3.848983913703557
2010-05-13,1.2883,2.9683,3.9369956141518796
2010-05-14,1.2878,2.9678,3.9354676332413185
2010-05-17,1.2275,2.9075,3.7511931354276427
2010-05-18,1.2523,2.9323,3.826980988591476
2010-05-19,1.258,2.938,3.8443999709718737
2010-05-20,1.2494,2.9294,3.818118699310222
2010-05-21,1.2783,2.9583,3.9064359959406567
2010-05-24,1.3205,3.0005,4.035397584792019
2010-05-25,1.2952,2.9752,3.958081750717624
2010-05-26,1.2925,2.9725,3.949830653800594
2010-05-27,1.3119,2.9919,4.009116313130367
2010-05-28,1.3111,2.9911,4.006671543673469
2010-05-31,1.2851,2.9651,3.927216536324288
2010-06-01,1.2753,2.9553,3.89726811047729
2010-06-02,1.2855,2.9655,3.9284389210527375
2010-06-03,1.2835,2.9635,3.922326997410493
2010-06-04,1.2887,2.9687,3.9382179988803285
2010-06-07,1.2843,2.9643,3.9247717668673907
2010-06-08,1.2926,2.9726,3.9501362499827057
2010-06-09,1.3204,3.0004,4.035091988609906
2010-06-10,1.3208,3.0008,4.036314373338356
2010-06-11,1.3187,2.9987,4.029896853513999
2010-06-17,1.297,2.977,3.9635824819956444
2010-06-18,1.2662,2.9462,3.869458857905077
2010-06-21,1.2985,2.9785,3.968166424727328
2010-06-22,1.301,2.981,3.9758063292801333
2010-06-23,1.2949,2.9749,3.957164962171287
2010-06-24,1.2991,2.9791,3.970000001820001
2010-06-25,1.2876,2.9676,3.9348564408770943
2010-06-28,1.2746,2.9546,3.895128937202504
2010-06-29,1.2212,2.9012,3.731940575954573
2010-06-30,1.2207,2.9007,3.7304125950440117
2010-07-01,1.1987,2.8787,3.6631814349793212
2010-07-02,1.1945,2.8745,3.650346395330607
2010-07-05,1.1988,2.8788,3.663487031161433
2010-07-06,1.2197,2.8997,3.7273566332228896
2010-07-07,1.2293,2.9093,3.756693866705664
2010-07-08,1.234,2.914,3.7710568872649386
2010-07-09,1.2647,2.9447,3.8648749151733934
2010-07-12,1.2746,2.9546,3.8951289372025046
2010-07-13,1.2576,2.9376,3.8431775862434256
2010-07-14,1.258,2.938,3.8443999709718746
2010-07-15,1.2416,2.9216,3.7942821971054688
2010-07-16,1.2456,2.9256,3.806506044389958
2010-07-19,1.2713,2.9513,3.885044263192802
2010-07-20,1.2923,2.9723,3.9492194614363703
2010-07-21,1.2964,2.9764,3.9617489049029717
2010-07-22,1.3108,2.9908,4.005754755127133
2010-07-23,1.3164,2.9964,4.022868141325418
2010-07-26,1.3265,3.0065,4.053733355718753
2010-07-27,1.3269,3.0069,4.054955740447202
2010-07-28,1.35,3.03,4.125548458515127
2010-07-29,1.3492,3.0292,4.1231036890582295
2010-07-30,1.3492,3.0292,4.1231036890582295
2010-08-02,1.3721,3.0521,4.193085214761931
2010-08-03,1.3592,3.0392,4.153663307269452
2010-08-04,1.3655,3.0455,4.172915866742523
2010-08-05,1.3673,3.0473,4.178416598020543
2010-08-06,1.386,3.066,4.2355630840755305
2010-08-09,1.398,3.078,4.272234625928998
2010-08-10,1.3554,3.0354,4.142050652349187
2010-08-11,1.3715,3.0515,4.191251637669257
2010-08-12,1.362,3.042,4.162220000368595
2010-08-13,1.3866,3.0666,4.237396661168205
2010-08-16,1.4174,3.0974,4.331520285258772
2010-08-17,1.4336,3.1136,4.381026866760954
2010-08-18,1.4282,3.1082,4.364524672926893
2010-08-19,1.4256,3.1056,4.356579172191975
2010-08-20,1.4011,3.0811,4.281708107574478
2010-08-23,1.4102,3.0902,4.309517360146692
2010-08-24,1.4257,3.1057,4.356884768374088
2010-08-25,1.4018,3.0818,4.2838472808492645
2010-08-26,1.4135,3.0935,4.319602034156396
2010-08-27,1.4311,3.1111,4.373386962208148
2010-08-30,1.4662,3.1462,4.4806512221295405
2010-08-31,1.4696,3.1496,4.491041492321356
2010-09-01,1.457,3.137,4.4525363733752155
2010-09-02,1.4826,3.1626,4.530768995995946
2010-09-03,1.4957,3.1757,4.570802095852649
2010-09-06,1.4942,3.1742,4.566218153120966
2010-09-07,1.4947,3.1747,4.567746134031527
2010-09-08,1.4949,3.1749,4.568357326395751
2010-09-09,1.4816,3.1616,4.527713034174825
2010-09-10,1.4966,3.1766,4.573552461491659
2010-09-13,1.5155,3.1955,4.631310139910872
2010-09-14,1.5172,3.1972,4.63650527500678
2010-09-15,1.4921,3.1721,4.559800633296609
2010-09-16,1.465,3.145,4.476984067944194
2010-09-17,1.4772,3.1572,4.5142668021618855
2010-09-20,1.4734,3.1534,4.50265414724162
2010-09-21,1.4747,3.1547,4.506626897609079
2010-09-27,1.4974,3.1774,4.575997230948556
2010-09-28,1.4927,3.1727,4.561634210389281
2010-09-29,1.4738,3.1538,4.50387653197007
2010-09-30,1.4977,3.1777,4.576914019494893
2010-10-08,1.5348,3.2148,4.69029020305853
2010-10-11,1.5321,3.2121,4.6820391061415
2010-10-12,1.5321,3.2121,4.6820391061415
2010-10-13,1.5473,3.2273,4.728489725822558
2010-10-14,1.5206,3.2006,4.646895545198593
2010-10-15,1.5391,3.2191,4.703430838889356
2010-10-18,1.5252,3.2052,4.660952969575756
2010-10-19,1.5689,3.2489,4.7944985011588015
2010-10-20,1.5918,3.2718,4.864480026862503
2010-10-21,1.5773,3.2573,4.820168580456229
2010-10-22,1.5795,3.2595,4.826891696462697
2010-10-25,1.617,3.297,4.941490264754784
2010-10-26,1.6109,3.2909,4.922848897645938
2010-10-27,1.5943,3.2743,4.872119931415308
2010-10-28,1.6017,3.2817,4.894734048891612
2010-10-29,1.612,3.292,4.926210455649173
2010-11-01,1.6566,3.3366,5.062506352871228
2010-11-02,1.6415,3.3215,5.01636132937228
2010-11-03,1.6247,3.3047,4.965021170777426
2010-11-04,1.641,3.321,5.01483334846172
2010-11-05,1.6664,3.3464,5.092454778718227
2010-11-08,1.6866,3.3666,5.154185207504898
2010-11-09,1.6923,3.3723,5.1716041898852945
2010-11-10,1.7128,3.3928,5.234251407218302
2010-11-11,1.7088,3.3888,5.222027559933813
2010-11-12,1.6463,3.3263,5.031029946113668
2010-11-15,1.676,3.356,5.1217920122009994
2010-11-16,1.6401,3.3201,5.012082982822708
2010-11-17,1.5747,3.2547,4.812223079721309
2010-11-18,1.5995,3.2795,4.888010932885142
2010-11-19,1.6432,3.3232,5.021556464468187
2010-11-22,1.6683,3.3483,5.098261106178357
2010-11-23,1.6566,3.3366,5.0625063528712255
2010-11-24,1.6969,3.3769,5.185661614262455
2010-11-25,1.7078,3.3878,5.218971598112687
2010-11-26,1.6967,3.3767,5.18505042189823
2010-11-29,1.7038,3.3838,5.206747750828198
2010-11-30,1.6738,3.3538,5.115068896194528
2010-12-01,1.6678,3.3478,5.096733125267794
2010-12-02,1.6737,3.3537,5.114763300012415
2010-12-03,1.6781,3.3581,5.128209532025353
2010-12-06,1.6699,3.3499,5.10315064509215
2010-12-07,1.7025,3.3825,5.202775000460736
2010-12-08,1.7216,3.4016,5.261143871244173
2010-12-09,1.6947,3.3747,5.178938498255983
2010-12-10,1.7159,3.3959,5.243724888863776
2010-12-13,1.7679,3.4479,5.402634903562136
2010-12-14,1.778,3.458,5.433500117955472
2010-12-15,1.7613,3.4413,5.382465555542729
2010-12-16,1.7561,3.4361,5.366574554072892
2010-12-17,1.7508,3.4308,5.350377956420944
2010-12-20,1.736,3.416,5.305149721468334
2010-12-21,1.754,3.434,5.360157034248536
2010-12-22,1.737,3.417,5.308205683289456
2010-12-23,1.7157,3.3957,5.243113696499551
2010-12-24,1.7038,3.3838,5.206747750828195
2010-12-27,1.6762,3.3562,5.122403204565219
2010-12-28,1.6537,3.3337,5.053644063589967
2010-12-29,1.6753,3.3553,5.11965283892621
2010-12-30,1.6891,3.3691,5.161825112057699
2010-12-31,1.7422,3.4222,5.324096684759294
2011-01-04,1.7612,3.4412,5.382159959360618
2011-01-05,1.7594,3.4394,5.376659228082598
2011-01-06,1.741,3.421,5.320429530573947
2011-01-07,1.7375,3.4175,5.309733664200019
2011-01-10,1.6972,3.3772,5.18657840280879
2011-01-11,1.6891,3.3691,5.1618251120576994
2011-01-12,1.6914,3.3714,5.1688538242462805
2011-01-13,1.6919,3.3719,5.170381805156841
2011-01-14,1.6639,3.3439,5.084814874165416
2011-01-17,1.6081,3.2881,4.914292204546792
2011-01-18,1.6181,3.2981,4.9448518227580145
2011-01-19,1.6513,3.3313,5.046309755219275
2011-01-20,1.6013,3.2813,4.893511664163159
2011-01-21,1.6044,3.2844,4.902985145808639
2011-01-24,1.5623,3.2423,4.77432915313939
2011-01-25,1.5484,3.2284,4.731851283825789
2011-01-26,1.4901,3.2531,4.807333540807511
2011-01-27,1.5101,3.2731,4.87185717735281
2011-01-28,1.521,3.284,4.907022559269998
2011-01-31,1.5348,3.2978,4.9515438684862545
2011-02-01,1.5376,3.3006,4.960577177602596
2011-02-09,1.5216,3.2846,4.908958268366357
2011-02-10,1.5537,3.3167,5.012518705021561
2011-02-11,1.5709,3.3339,5.068009032450518
2011-02-14,1.6073,3.3703,5.185442050962962
2011-02-15,1.6021,3.3651,5.168665905461185
2011-02-16,1.6102,3.3732,5.194797978262032
2011-02-17,1.6142,3.3772,5.207702705571092
2011-02-18,1.5966,3.3596,5.150921905411228
2011-02-21,1.6104,3.3734,5.195443214627485
2011-02-22,1.5742,3.3372,5.078655432480493
2011-02-23,1.5787,3.3417,5.0931732507031855
2011-02-24,1.5813,3.3443,5.1015613234540735
2011-02-25,1.5859,3.3489,5.116401759859493
2011-02-28,1.6077,3.3707,5.186732523693869
2011-03-01,1.6137,3.3767,5.206089614657459
2011-03-02,1.6113,3.3743,5.198346778272023
2011-03-03,1.601,3.364,5.165117105451194
2011-03-04,1.6151,3.3781,5.21060626921563
2011-03-07,1.6287,3.3917,5.254482342066433
2011-03-08,1.6268,3.3898,5.248352596594629
2011-03-09,1.6344,3.3974,5.272871578481843
2011-03-10,1.6195,3.3825,5.224801469255595
2011-03-11,1.6103,3.3733,5.195120596444757
2011-03-14,1.6247,3.3877,5.2415776147573725
2011-03-15,1.6006,3.3636,5.163826632720287
2011-03-16,1.6143,3.3773,5.208025323753817
2011-03-17,1.5905,3.3535,5.13124219626491
2011-03-18,1.5947,3.3577,5.144792159939423
2011-03-21,1.58,3.343,5.097367287078629
2011-03-22,1.582,3.345,5.103819650733159
2011-03-23,1.5983,3.3613,5.156406414517577
2011-03-24,1.5961,3.3591,5.149308814497594
2011-03-25,1.6061,3.3691,5.181570632770244
2011-03-28,1.587,3.35,5.1199505598694826
2011-03-29,1.5684,3.3314,5.059943577882355
2011-03-30,1.5554,3.3184,5.01800321412791
2011-03-31,1.5471,3.3101,4.9912259049616114
2011-04-01,1.5639,3.3269,5.045425759659664
2011-04-06,1.5533,3.3163,5.011228232290655
2011-04-07,1.5547,3.3177,5.015744886848827
2011-04-08,1.5725,3.3355,5.0731709233741435
2011-04-11,1.5612,3.3242,5.036715068726049
2011-04-12,1.566,3.329,5.052200741496921
2011-04-13,1.5836,3.3466,5.108981541656783
2011-04-14,1.5777,3.3407,5.0899470688759205
2011-04-15,1.586,3.349,5.11672437804222
2011-04-18,1.596,3.359,5.14898619631487
2011-04-19,1.581,3.344,5.100593468905895
2011-04-20,1.5844,3.3474,5.111562487118596
2011-04-21,1.5902,3.3532,5.130274341716733
2011-04-22,1.577,3.34,5.0876887415968355
2011-04-25,1.5825,3.3455,5.105432741646793
2011-04-26,1.5687,3.3317,5.060911432430537
2011-04-27,1.5635,3.3265,5.044135286928759
2011-04-28,1.5339,3.2969,4.9486403048417165
2011-04-29,1.5495,3.3125,4.99896874134705
2011-05-03,1.5674,3.3304,5.056717396055093
2011-05-04,1.5471,3.3101,4.991225904961614
2011-05-05,1.5545,3.3175,5.015099650483376
2011-05-06,1.563,3.326,5.042522196015128
2011-05-09,1.5672,3.3302,5.0560721596896405
2011-05-10,1.5695,3.3325,5.0634923778923495
2011-05-11,1.5724,3.3354,5.072848305191418
2011-05-12,1.565,3.328,5.048974559669658
2011-05-13,1.5689,3.3319,5.0615566687959905
2011-05-16,1.5643,3.3273,5.0467162323905725
2011-05-17,1.5563,3.3193,5.020906777772453
2011-05-18,1.5683,3.3313,5.059620959699632
2011-05-19,1.5674,3.3304,5.0567173960550935
2011-05-20,1.5649,3.3279,5.0486519414869315
2011-05-23,1.5291,3.2921,4.9331546320708455
2011-05-24,1.5318,3.2948,4.9418653230044605
2011-05-25,1.5199,3.2829,4.903473759260008
2011-05-26,1.5102,3.2732,4.872179795535538
2011-05-27,1.4984,3.2614,4.834110849973811
2011-05-30,1.4936,3.2566,4.81862517720294
2011-05-31,1.504,3.267,4.852177468206495
2011-06-01,1.5166,3.2796,4.892827359230033
2011-06-02,1.4956,3.2586,4.825077540857469
2011-06-03,1.5187,3.2817,4.89960234106729
2011-06-07,1.5236,3.2866,4.915410632020889
2011-06-08,1.5348,3.2978,4.951543868486256
2011-06-09,1.507,3.27,4.86185601368829
2011-06-10,1.5097,3.2727,4.870566704621906
2011-06-13,1.5061,3.2691,4.858952450043752
2011-06-14,1.5206,3.2836,4.905732086539094
2011-06-15,1.5082,3.2712,4.865727431881009
2011-06-16,1.4868,3.2498,4.796687140777538
2011-06-17,1.4715,3.2345,4.747326558820385
2011-06-20,1.4581,3.2211,4.704095722335034
2011-06-21,1.4706,3.2336,4.744422995175846
2011-06-22,1.4676,3.2306,4.734744449694052
2011-06-23,1.4908,3.2538,4.809591868086598
2011-06-24,1.52,3.283,4.9037963774427356
2011-06-27,1.5305,3.2935,4.937671286629018
2011-06-28,1.5304,3.2934,4.937348668446292
2011-06-29,1.5166,3.2796,4.8928273592300355
2011-06-30,1.5362,3.2992,4.956060523044429
2011-07-01,1.5431,3.3061,4.978321177652557
2011-07-04,1.5717,3.3347,5.070589977912336
2011-07-05,1.5763,3.3393,5.085430414317755
2011-07-06,1.5759,3.3389,5.084139941586849
2011-07-07,1.5858,3.3488,5.116079141676772
2011-07-08,1.5898,3.3528,5.128983868985832
2011-07-11,1.5988,3.3618,5.1580195054312155
2011-07-12,1.582,3.345,5.103819650733164
2011-07-13,1.6037,3.3667,5.1738277963848125
2011-07-14,1.6064,3.3694,5.182538487318428
2011-07-15,1.6193,3.3823,5.224156232890146
2011-07-18,1.6159,3.3789,5.213187214677445
2011-07-19,1.6007,3.3637,5.1641492509030185
2011-07-20,1.6024,3.3654,5.169633760009369
2011-07-21,1.5954,3.3584,5.1470504872185145
2011-07-22,1.5996,3.3626,5.160600450893027
2011-07-25,1.5618,3.3248,5.038650777822412
2011-07-26,1.5615,3.3245,5.037682923274232
2011-07-27,1.585,3.348,5.113498196214959
2011-07-28,1.5849,3.3479,5.113175578032233
2011-07-29,1.5784,3.3414,5.092205396155011
2011-08-01,1.5759,3.3389,5.084139941586849
2011-08-02,1.576,3.339,5.084462559769576
2011-08-03,1.5846,3.3476,5.112207723484055
2011-08-04,1.5858,3.3488,5.1160791416767735
2011-08-05,1.5702,3.3332,5.06575070517144
2011-08-08,1.5424,3.3054,4.976062850373474
2011-08-09,1.5565,3.3195,5.021552014137909
2011-08-10,1.5739,3.3369,5.07768757793232
2011-08-11,1.6103,3.3733,5.195120596444764
2011-08-12,1.6122,3.3752,5.201250341916568
2011-08-15,1.6266,3.3896,5.2477073602291835
2011-08-16,1.6113,3.3743,5.19834677827203
2011-08-17,1.607,3.37,5.18447419641479
2011-08-18,1.5827,3.3457,5.106077978012252
2011-08-19,1.5777,3.3407,5.089947068875928
2011-08-22,1.5584,3.3214,5.027681759609714
2011-08-23,1.5728,3.3358,5.07413877792233
2011-08-24,1.5787,3.3417,5.093173250703193
2011-08-25,1.6084,3.3714,5.188990850972962
2011-08-26,1.6094,3.3724,5.192217032800226
2011-08-29,1.6031,3.3661,5.171892087288457
2011-08-30,1.5927,3.3557,5.138339796284902
2011-08-31,1.5821,3.3451,5.1041422689158935
2011-09-01,1.5681,3.3311,5.058975723334184
2011-09-02,1.5537,3.3167,5.012518705021569
2011-09-05,1.528,3.291,4.929605832060859
2011-09-06,1.5161,3.2791,4.891214268316405
2011-09-07,1.5446,3.3076,4.983160450393457
2011-09-08,1.5281,3.2911,4.929928450243585
2011-09-09,1.5212,3.2842,4.907667795635457
2011-09-13,1.5038,3.2668,4.8515322318410465
2011-09-14,1.5087,3.2717,4.8673405227946445
2011-09-15,1.5139,3.2769,4.884116668296422
2011-09-16,1.5154,3.2784,4.88895594103732
2011-09-19,1.4878,3.2508,4.799913322604807
2011-09-20,1.4915,3.2545,4.811850195365687
2011-09-21,1.5262,3.2892,4.923798704771781
2011-09-22,1.4862,3.2492,4.794751431681183
2011-09-23,1.4738,3.2368,4.754746777023097
2011-09-26,1.4449,3.2079,4.661510122215141
2011-09-27,1.4504,3.2134,4.679254122265098
2011-09-28,1.4353,3.1983,4.630538776673397
2011-09-29,1.4138,3.1768,4.5611758673872
2011-09-30,1.4048,3.1678,4.532140230941815
2011-10-10,1.3879,3.1509,4.477617758061037
2011-10-11,1.3737,3.1367,4.431805976113874
2011-10-12,1.415,3.178,4.565047285579918
2011-10-13,1.4234,3.1864,4.592147212928944
2011-10-14,1.4098,3.1728,4.54827114007814
2011-10-17,1.4235,3.1865,4.59246983111167
2011-10-18,1.3954,3.1584,4.501814121765524
2011-10-19,1.3872,3.1502,4.4753594307819515
2011-10-20,1.3444,3.1074,4.337278848575012
2011-10-21,1.3331,3.0961,4.300822993926917
2011-10-24,1.3582,3.1212,4.381800157791267
2011-10-25,1.3928,3.1558,4.4934260490146345
2011-10-26,1.407,3.17,4.539237830961797
2011-10-27,1.4073,3.1703,4.540205685509976
2011-10-28,1.434,3.197,4.6263447402979505
2011-10-31,1.4424,3.2054,4.653444667646976
2011-11-01,1.4478,3.2108,4.670866049514207
2011-11-02,1.4772,3.2402,4.765715795235797
2011-11-03,1.4759,3.2389,4.761521758860353
2011-11-04,1.4823,3.2453,4.782169322554849
2011-11-07,1.4688,3.2318,4.7386158678867725
2011-11-08,1.4539,3.2169,4.690545758660524
2011-11-09,1.4672,3.2302,4.7334539769631485
2011-11-10,1.452,3.215,4.684416013188721
2011-11-11,1.4528,3.2158,4.686996958650533
2011-11-14,1.4786,3.2416,4.770232449793968
2011-11-15,1.4798,3.2428,4.774103867986686
2011-11-16,1.4501,3.2131,4.678286267716917
2011-11-17,1.4494,3.2124,4.676027940437832
2011-11-18,1.4237,3.1867,4.593115067477123
2011-11-21,1.4216,3.1846,4.586340085639867
2011-11-22,1.4264,3.1894,4.6018257584107385
2011-11-23,1.4193,3.1823,4.578919867437158
2011-11-24,1.4316,3.1946,4.618601903912517
2011-11-25,1.4261,3.1891,4.600857903862559
2011-11-28,1.4297,3.1927,4.612472158440713
2011-11-29,1.4468,3.2098,4.667639867686945
2011-11-30,1.4113,3.1743,4.553110412819039
2011-12-01,1.4328,3.1958,4.622473322105235
2011-12-02,1.4124,3.1754,4.556659212829031
2011-12-05,1.3853,3.1483,4.469229685310149
2011-12-06,1.3832,3.1462,4.462454703472893
2011-12-07,1.3904,3.1534,4.485683212629201
2011-12-08,1.3664,3.1294,4.408254848774843
2011-12-09,1.3477,3.1107,4.347925248604987
2011-12-12,1.3211,3.0841,4.26210881199974
2011-12-13,1.296,3.059,4.1811316481353895
2011-12-14,1.2741,3.0371,4.110478266118287
2011-12-15,1.2508,3.0138,4.035308229543013
2011-12-16,1.2721,3.0351,4.104025902463757
2011-12-19,1.2758,3.0388,4.115962775224637
2011-12-20,1.2728,3.0358,4.106284229742841
2011-12-21,1.2499,3.0129,4.032404665898474
2011-12-22,1.252,3.015,4.039179647735731
2011-12-23,1.26,3.023,4.0649891023538505
2011-12-26,1.2447,3.0077,4.015628520396696
2011-12-27,1.2175,2.9805,3.9278763746950895
2011-12-28,1.2084,2.9714,3.898518120066978
2011-12-29,1.2108,2.9738,3.9062609564524147
2011-12-30,1.2318,2.9948,3.9740107748249787
2011-12-31,1.2317,2.9947,3.973688156642252
2012-01-04,1.2023,2.9653,3.878838410920662
2012-01-05,1.1652,2.9282,3.759147065129132
2012-01-06,1.1604,2.9234,3.7436613923582605
2012-01-09,1.1904,2.9534,3.8404468471762088
2012-01-10,1.2273,2.9903,3.9594929566022867
2012-01-11,1.2282,2.9912,3.9623965202468248
2012-01-12,1.2196,2.9826,3.9346513565323464
2012-01-13,1.1805,2.9435,3.808507647086287
2012-01-16,1.1335,2.8965,3.656877101204833
2012-01-17,1.1774,2.9404,3.7985064834217646
2012-01-18,1.1453,2.9083,3.6949460467665594
2012-01-19,1.1575,2.9205,3.734305465059192
2012-01-20,1.1864,2.9494,3.8275421198671493
2012-01-30,1.1749,2.9379,3.790441028853603
2012-01-31,1.1731,2.9361,3.784633901564526
2012-02-01,1.1644,2.9274,3.7565661196673212
2012-02-02,1.1816,2.9446,3.8120564470962783
2012-02-03,1.1974,2.9604,3.863030119967065
2012-02-06,1.2044,2.9674,3.8856133927579193
2012-02-07,1.1883,2.9513,3.833671865338953
2012-02-08,1.2107,2.9737,3.9059383382696886
2012-02-09,1.2203,2.9833,3.936909683811432
2012-02-10,1.231,2.994,3.9714298293631676
2012-02-13,1.2398,3.0028,3.999820229443099
2012-02-14,1.2409,3.0039,4.00336902945309
2012-02-15,1.2502,3.0132,4.033372520446654
2012-02-16,1.2446,3.0076,4.01530590221397
2012-02-17,1.2411,3.0041,4.004014265818543
2012-02-20,1.244,3.007,4.013370193117611
2012-02-21,1.2599,3.0229,4.0646664841711235
2012-02-22,1.285,3.048,4.145643648035474
2012-02-23,1.2929,3.0559,4.171130484470867
2012-02-24,1.3101,3.0731,4.226620811899824
2012-02-27,1.3138,3.0768,4.238557684660704
2012-02-28,1.3124,3.0754,4.234041030102533
2012-02-29,1.2957,3.0587,4.180163793587209
2012-03-01,1.2973,3.0603,4.185325684510833
2012-03-02,1.3209,3.0839,4.261463575634286
2012-03-05,1.3098,3.0728,4.225652957351645
2012-03-06,1.292,3.055,4.168226920826329
2012-03-07,1.2832,3.0462,4.139836520746396
2012-03-08,1.2964,3.0594,4.182422120866294
2012-03-09,1.3153,3.0783,4.2433969574016
2012-03-12,1.3233,3.0863,4.26920641201972
2012-03-13,1.3328,3.0958,4.299855139378738
2012-03-14,1.2961,3.0591,4.181454266318114
2012-03-15,1.295,3.058,4.177905466308122
2012-03-16,1.313,3.076,4.235976739198891
2012-03-19,1.3172,3.0802,4.249526702873404
2012-03-20,1.2935,3.0565,4.173066193567226
2012-03-21,1.2813,3.0443,4.133706775274593
2012-03-22,1.2843,3.0473,4.143385320756388
2012-03-23,1.2737,3.0367,4.109187793387379
2012-03-26,1.271,3.034,4.100477102453763
2012-03-27,1.2658,3.0288,4.0837009569519855
2012-03-28,1.2407,3.0037,4.002723793087634
2012-03-29,1.2325,2.9955,3.9762691021040615
2012-03-30,1.2347,2.9977,3.9833667021240444
2012-03-31,1.2347,2.9977,3.9833667021240444
2012-04-05,1.2696,3.0326,4.095960447895592
2012-04-06,1.2772,3.0402,4.120479429782805
2012-04-09,1.2642,3.0272,4.078539066028361
2012-04-10,1.2739,3.0369,4.1098330297528305
2012-04-11,1.2813,3.0443,4.133706775274592
2012-04-12,1.3007,3.0637,4.196294702723532
2012-04-13,1.3049,3.0679,4.209844666398045
2012-04-16,1.3079,3.0709,4.2195232118798405
2012-04-17,1.2871,3.0501,4.152418629872729
2012-04-18,1.3135,3.0765,4.237589830112524
2012-04-19,1.3086,3.0716,4.221781539158926
2012-04-20,1.3172,3.0802,4.249526702873405
2012-04-23,1.3022,3.0652,4.201133975464431
2012-04-24,1.3015,3.0645,4.1988756481853455
2012-04-25,1.3214,3.0844,4.263076666547918
2012-04-26,1.3301,3.0931,4.291144448445124
2012-04-27,1.3309,3.0939,4.293725393906936
2012-05-02,1.3383,3.1013,4.317599139428697
2012-05-03,1.3428,3.1058,4.332116957651389
2012-05-04,1.3605,3.1235,4.38922037599398
2012-05-07,1.3664,3.1294,4.408254848774843
2012-05-08,1.3638,3.1268,4.399866776023954
2012-05-09,1.3424,3.1054,4.330826484920484
2012-05-10,1.339,3.102,4.319857466707783
2012-05-11,1.3301,3.0931,4.2911444484451255
2012-05-14,1.3265,3.0895,4.279530193866972
2012-05-15,1.3262,3.0892,4.278562339318793
2012-05-16,1.3054,3.0684,4.211457757311681
2012-05-17,1.3164,3.0794,4.246945757411597
2012-05-18,1.2962,3.0592,4.181776884500844
2012-05-21,1.3052,3.0682,4.210812520946228
2012-05-22,1.3258,3.0888,4.277271866587887
2012-05-23,1.325,3.088,4.274690921126075
2012-05-24,1.3116,3.0746,4.231460084640725
2012-05-25,1.2949,3.0579,4.177582848125399
2012-05-28,1.3157,3.0787,4.244687430132512
2012-05-29,1.3318,3.0948,4.296628957551477
2012-05-30,1.3321,3.0951,4.297596812099656
2012-05-31,1.3423,3.1053,4.330503866737758
2012-06-01,1.3509,3.1139,4.358249030452236
2012-06-04,1.3246,3.0876,4.273400448395168
2012-06-05,1.3248,3.0878,4.274045684760621
2012-06-06,1.3179,3.0809,4.251785030152493
2012-06-07,1.3182,3.0812,4.252752884700673
2012-06-08,1.3105,3.0735,4.227911284630732
2012-06-11,1.3289,3.0919,4.287273030252408
2012-06-12,1.3293,3.0923,4.288563502983314
2012-06-13,1.3584,3.1214,4.382445394156724
2012-06-14,1.3556,3.1186,4.373412085040381
2012-06-15,1.3471,3.1101,4.345989539508629
2012-06-18,1.3614,3.1244,4.392123939638518
2012-06-19,1.3483,3.1113,4.349860957701347
2012-06-20,1.3409,3.1039,4.325987212179586
2012-06-21,1.3315,3.0945,4.295661103003296
2012-06-25,1.3061,3.0691,4.213716084590766
2012-06-26,1.3083,3.0713,4.220813684610749
2012-06-27,1.3083,3.0713,4.220813684610749
2012-06-28,1.2911,3.0541,4.165323357181792
2012-06-29,1.308,3.071,4.219845830062569
2012-06-30,1.308,3.071,4.219845830062569
2012-07-02,1.32,3.083,4.258560011989749
2012-07-03,1.3331,3.0961,4.30082299392692
2012-07-04,1.3318,3.0948,4.296628957551476
2012-07-05,1.3148,3.0778,4.241783866487971
2012-07-06,1.3378,3.1008,4.315986048515065
2012-07-09,1.3137,3.0767,4.23823506647798
2012-07-10,1.2948,3.0578,4.1772602299426715
2012-07-11,1.3067,3.0697,4.215651793687124
2012-07-12,1.324,3.087,4.271464739298809
2012-07-13,1.3229,3.0859,4.267915939288817
2012-07-16,1.2852,3.0482,4.146288884400928
2012-07-17,1.2822,3.0452,4.136610338919134
2012-07-18,1.2787,3.0417,4.125318702523707
2012-07-19,1.2841,3.0471,4.142740084390938
2012-07-20,1.2743,3.0373,4.111123502483741
2012-07-23,1.2668,3.0298,4.086927138779253
2012-07-24,1.2822,3.0452,4.136610338919135
2012-07-25,1.278,3.041,4.123060375244622
2012-07-26,1.2664,3.0294,4.085636666048348
2012-07-27,1.2684,3.0314,4.092089029702878
2012-07-30,1.2594,3.0224,4.063053393257494
2012-07-31,1.2515,3.0145,4.037566556822101
2012-08-01,1.2631,3.0261,4.074990266018374
2012-08-02,1.2419,3.0049,4.006595211280358
2012-08-03,1.251,3.014,4.035953465908468
2012-08-06,1.269,3.032,4.094024738799237
2012-08-07,1.2732,3.0362,4.10757470247375
2012-08-08,1.2733,3.0363,4.107897320656477
2012-08-09,1.2892,3.0522,4.159193611709989
2012-08-10,1.2816,3.0446,4.134674629822776
2012-08-13,1.263,3.026,4.074667647835646
2012-08-14,1.2698,3.0328,4.096605684261049
2012-08-15,1.2622,3.0252,4.072086702373835
2012-08-16,1.2555,3.0185,4.05047128413116
2012-08-17,1.2527,3.0157,4.0414379750148175
2012-08-20,1.2528,3.0158,4.0417605931975435
2012-08-21,1.2683,3.0313,4.09176641152015
2012-08-22,1.2532,3.0162,4.0430510659284495
2012-08-23,1.2496,3.0126,4.031436811350296
2012-08-24,1.2392,3.0022,3.99788452034674
2012-08-27,1.2256,2.9886,3.9540084474959363
2012-08-28,1.2198,2.9828,3.9352965928977994
2012-08-29,1.2149,2.9779,3.9194883019442015
2012-08-30,1.2067,2.9697,3.8930336109606287
2012-08-31,1.2075,2.9705,3.8956145564224403
2012-09-03,1.226,2.989,3.9552989202268414
2012-09-04,1.2216,2.9846,3.941103720186876
2012-09-05,1.2283,2.9913,3.9627191384295513
2012-09-06,1.2281,2.9911,3.9620739020640987
2012-09-07,1.2703,3.0333,4.09821877517468
2012-09-10,1.2784,3.0414,4.124350847975526
2012-09-11,1.2725,3.0355,4.105316375194663
2012-09-12,1.2761,3.0391,4.116930629772817
2012-09-13,1.2633,3.0263,4.075635502383826
2012-09-14,1.2661,3.0291,4.084668811500168
2012-09-17,1.2324,2.9954,3.975946483921339
2012-09-18,1.223,2.986,3.9456203747450487
2012-09-19,1.2307,2.9937,3.970461974814988
2012-09-20,1.2095,2.9725,3.9020669200769715
2012-09-21,1.2142,2.9772,3.917229974665117
2012-09-24,1.2274,2.9904,3.9598155747850146
2012-09-25,1.2237,2.9867,3.9478787020241337
2012-09-26,1.2043,2.9673,3.8852907745751932
2012-09-27,1.2289,2.9919,3.964654847525912
2012-09-28,1.2528,3.0158,4.041760593197544
2012-09-30,1.2527,3.0157,4.0414379750148175
2012-10-08,1.2381,3.0011,3.9943357203367493
2012-10-09,1.271,3.034,4.100477102453766
2012-10-10,1.2736,3.0366,4.108865175204656
2012-10-11,1.2629,3.0259,4.07434502965292
2012-10-12,1.2643,3.0273,4.078861684211091
2012-10-15,1.2611,3.0241,4.068537902363844
2012-10-16,1.2619,3.0249,4.071118847825656
2012-10-17,1.2592,3.0222,4.062408156892041
2012-10-18,1.2843,3.0473,4.1433853207563915
2012-10-19,1.2854,3.0484,4.1469341207663835
2012-10-22,1.2878,3.0508,4.154676957151819
2012-10-23,1.2654,3.0284,4.082410484221085
2012-10-24,1.2596,3.0226,4.063698629622948
2012-10-25,1.2358,2.9988,3.9869155021340417
2012-10-26,1.2146,2.9776,3.918520447396024
2012-10-29,1.2111,2.9741,3.907228811000597
2012-10-30,1.2147,2.9777,3.9188430655787503
2012-10-31,1.2224,2.9854,3.9436846656486906
2012-11-01,1.2418,3.0048,4.006272593097631
2012-11-02,1.2472,3.0102,4.0236939749648615
2012-11-05,1.2358,2.9988,3.986915502134041
2012-11-06,1.2286,2.9916,3.963686992977733
2012-11-07,1.2271,2.9901,3.958847720236836
2012-11-08,1.2088,2.9718,3.899808592797887
2012-11-09,1.2098,2.9728,3.903034774625151
2012-11-12,1.2011,2.9641,3.874966992727946
2012-11-13,1.1817,2.9447,3.8123790652790057
2012-11-14,1.1832,2.9462,3.8172183380199036
2012-11-15,1.1674,2.9304,3.7662446651491175
2012-11-16,1.1592,2.9222,3.7397899741655447
2012-11-19,1.152,2.915,3.7165614650092365
2012-11-20,1.1449,2.9079,3.6936555740356556
2012-11-21,1.1552,2.9182,3.726885246856485
2012-11-22,1.1474,2.9104,3.701721028603818
2012-11-23,1.1567,2.9197,3.7317245195973823
2012-11-26,1.1477,2.9107,3.702688883151997
2012-11-27,1.1291,2.8921,3.642681901164869
2012-11-28,1.1096,2.8726,3.579771355533202
2012-11-29,1.1079,2.8709,3.5742868464268525
2012-11-30,1.1178,2.8808,3.606226046516775
2012-12-03,1.0981,2.8611,3.5426702645196553
2012-12-04,1.1062,2.8692,3.5688023373205016
2012-12-05,1.1382,2.9012,3.6720401557929803
2012-12-06,1.1359,2.8989,3.6646199375902704
2012-12-07,1.1547,2.9177,3.7252721559428523
2012-12-10,1.1739,2.9369,3.7872148470263394
2012-12-11,1.1741,2.9371,3.787860083391792
2012-12-12,1.1766,2.9396,3.795925537959955
2012-12-13,1.167,2.93,3.764954192418211
2012-12-14,1.2081,2.9711,3.897550265518801
2012-12-17,1.2081,2.9711,3.897550265518801
2012-12-18,1.203,2.966,3.88109673819975
2012-12-19,1.2146,2.9776,3.918520447396023
2012-12-20,1.2236,2.9866,3.947556083841408
2012-12-21,1.228,2.991,3.961751283881374
2012-12-24,1.232,2.995,3.974656011190434
2012-12-25,1.2609,3.0239,4.067892665998391
2012-12-26,1.2805,3.0435,4.131125829812785
2012-12-27,1.2739,3.0369,4.109833029752837
2012-12-28,1.2951,3.0581,4.178228084490854
2012-12-31,1.3089,3.0719,4.222749393707111
2013-01-04,1.2944,3.0574,4.175969757211769
2013-01-07,1.3051,3.0681,4.210489902763504
2013-01-08,1.3137,3.0767,4.2382350664779835
2013-01-09,1.3189,3.0819,4.255011211979761
2013-01-10,1.3223,3.0853,4.265980230192463
2013-01-11,1.3025,3.0655,4.202101830012617
2013-01-14,1.3439,3.1069,4.335665757661387
2013-01-15,1.3515,3.1145,4.3601847395485995
2013-01-16,1.3484,3.1114,4.350183575884079
2013-01-17,1.3399,3.1029,4.322761030352327
2013-01-18,1.3621,3.1251,4.394382266917609
2013-01-21,1.3631,3.1261,4.397608448744873
2013-01-22,1.3468,3.1098,4.345021684960455
2013-01-23,1.3495,3.1125,4.35373237589407
2013-01-24,1.3208,3.0838,4.261140957451565
2013-01-25,1.3266,3.0896,4.279852812049702
2013-01-28,1.3576,3.1206,4.379864448694916
2013-01-29,1.3628,3.1258,4.396640594196694
2013-01-30,1.3668,3.1298,4.409545321505754
2013-01-31,1.3607,3.1237,4.389865612359437
2013-02-01,1.3756,3.1386,4.437935721585686
2013-02-04,1.3709,3.1339,4.422772666997541
2013-02-05,1.3926,3.1556,4.492780812649191
2013-02-06,1.3967,3.1597,4.506008158140977
2013-02-07,1.3992,3.1622,4.514073612709139
2013-02-08,1.4238,3.1868,4.5934376856598576
2013-02-18,1.4166,3.1796,4.570209176503551
2013-02-19,1.3867,3.1497,4.473746339868328
2013-02-20,1.4116,3.1746,4.554078267367226
2013-02-21,1.3899,3.1529,4.484070121715576
2013-02-22,1.3778,3.1408,4.44503332160567
2013-02-25,1.3831,3.1461,4.462132085290174
2013-02-26,1.3674,3.1304,4.411481030602114
2013-02-27,1.3694,3.1324,4.417933394256644
2013-02-28,1.3994,3.1624,4.514718849074593
2013-03-01,1.4103,3.1733,4.549884230991781
2013-03-04,1.3627,3.1257,4.396317976013968
2013-03-05,1.3841,3.1471,4.4653582671174386
2013-03-06,1.3968,3.1598,4.506330776323703
2013-03-07,1.381,3.144,4.455357103452917
2013-03-08,1.3644,3.1274,4.401802485120318
2013-03-11,1.3622,3.1252,4.394704885100335
2013-03-12,1.3472,3.1102,4.346312157691361
2013-03-13,1.3311,3.0941,4.294370630272395
2013-03-14,1.3366,3.0996,4.312114630322352
2013-03-15,1.34,3.103,4.323083648535054
2013-03-18,1.3359,3.0989,4.309856303043268
2013-03-19,1.3388,3.1018,4.319212230342336
2013-03-20,1.3708,3.1338,4.422450048814815
2013-03-21,1.3838,3.1468,4.464390412569259
2013-03-22,1.3873,3.1503,4.475682048964686
2013-03-25,1.3832,3.1462,4.462454703472899
2013-03-26,1.39,3.153,4.484392739898301
2013-03-27,1.3961,3.1591,4.5040724490446165
2013-03-28,1.3691,3.1321,4.416965539708463
2013-03-29,1.3556,3.1186,4.3734120850403855
2013-04-01,1.3637,3.1267,4.399544157841232
2013-04-02,1.3477,3.1107,4.347925248604993
2013-04-03,1.342,3.105,4.329536012189583
2013-04-08,1.3348,3.0978,4.306307503033275
2013-04-09,1.3431,3.1061,4.333084812199575
2013-04-10,1.3397,3.1027,4.322115793986874
2013-04-11,1.3447,3.1077,4.338246703123199
2013-04-12,1.3461,3.1091,4.34276335768137
2013-04-15,1.3374,3.1004,4.314695575784164
2013-04-16,1.3485,3.1115,4.350506194066805
2013-04-17,1.3679,3.1309,4.413094121515744
2013-04-18,1.3632,3.1262,4.397931066927599
2013-04-19,1.3899,3.1529,4.484070121715574
2013-04-22,1.395,3.158,4.500523649034625
2013-04-23,1.3626,3.1256,4.39599535783124
2013-04-24,1.389,3.152,4.481166558071036
2013-04-25,1.3617,3.1247,4.393091794186701
2013-04-26,1.3483,3.1113,4.349860957701351
2013-05-02,1.3472,3.1102,4.346312157691359
2013-05-03,1.3673,3.1303,4.411158412419385
2013-05-06,1.3932,3.1562,4.494716521745548
2013-05-07,1.3954,3.1584,4.5018141217655305
2013-05-08,1.4009,3.1639,4.519558121815488
2013-05-09,1.4018,3.1648,4.522461685460026
2013-05-10,1.4089,3.1719,4.545367576433608
2013-05-13,1.4091,3.1721,4.546012812799061
2013-05-14,1.3883,3.1513,4.47890823079195
2013-05-15,1.4063,3.1693,4.536979503682719
2013-05-16,1.4216,3.1846,4.586340085639873
2013-05-17,1.4455,3.2085,4.663445831311505
2013-05-20,1.4598,3.2228,4.709580231441394
2013-05-21,1.4655,3.2285,4.727969467856805
2013-05-22,1.4605,3.2235,4.711838558720479
2013-05-23,1.4543,3.2173,4.691836231391436
2013-05-24,1.4675,3.2305,4.734421831511335
2013-05-27,1.4726,3.2356,4.750875358830386
2013-05-28,1.4846,3.2476,4.789589540757565
2013-05-29,1.4853,3.2483,4.791847868036652
2013-05-30,1.4809,3.2439,4.777652667996686
2013-05-31,1.4586,3.2216,4.705708813248677
2013-06-03,1.4533,3.2163,4.688610049564173
2013-06-04,1.4335,3.1965,4.6247316493843265
2013-06-05,1.4373,3.2003,4.636991140327933
2013-06-06,1.415,3.178,4.565047285579925
2013-06-07,1.398,3.161,4.51020219451642
2013-06-13,1.3661,3.1291,4.407286994226668
2013-06-14,1.4001,3.1631,4.516977176353676
2013-06-17,1.3936,3.1566,4.4960069944764545
2013-06-18,1.3989,3.1619,4.513105758160959
2013-06-19,1.3849,3.1479,4.46793921257925
2013-06-20,1.345,3.108,4.339214557671378
2013-06-21,1.3414,3.1044,4.327600303093224
2013-06-24,1.2758,3.0388,4.115962775224642
2013-06-25,1.2827,3.0457,4.13822342983277
2013-06-26,1.3141,3.0771,4.23952553920889
2013-06-27,1.3014,3.0644,4.198553030002625
2013-06-28,1.3174,3.0804,4.250171939238864
2013-06-30,1.3172,3.0802,4.249526702873411
2013-07-01,1.3408,3.1038,4.325664593996864
2013-07-02,1.3594,3.1224,4.385671575983992
2013-07-03,1.3639,3.1269,4.400189394206684
2013-07-04,1.3776,3.1406,4.444388085240215
2013-07-05,1.3774,3.1404,4.443742848874762
2013-07-08,1.3448,3.1078,4.338569321305924
2013-07-09,1.3378,3.1008,4.315986048515069
2013-07-10,1.3702,3.1332,4.420514339718454
2013-07-11,1.4024,3.1654,4.524397394556386
2013-07-12,1.4016,3.1646,4.521816449094574
2013-07-15,1.4405,3.2035,4.647314922175181
2013-07-16,1.4534,3.2164,4.6889326677469
2013-07-17,1.4331,3.1961,4.623441176653421
2013-07-18,1.4207,3.1837,4.583436521995336
2013-07-19,1.4039,3.1669,4.529236667297284
2013-07-22,1.4281,3.1911,4.6073102675170965
2013-07-23,1.4595,3.2225,4.708612376893217
2013-07-24,1.4622,3.2252,4.717323067826832
2013-07-25,1.4432,3.2062,4.656025613108798
2013-07-26,1.4446,3.2076,4.660542267666969
2013-07-29,1.4164,3.1794,4.569563940138097
2013-07-30,1.4085,3.1715,4.544077103702703
2013-07-31,1.4182,3.1812,4.575371067427172
2013-08-01,1.4514,3.2144,4.682480304092369
2013-08-02,1.4809,3.2439,4.777652667996686
2013-08-05,1.5093,3.2723,4.869276231891011
2013-08-06,1.5109,3.2739,4.874438122814635
2013-08-07,1.4863,3.2493,4.795074049863917
2013-08-08,1.4766,3.2396,4.763780086139446
2013-08-09,1.4774,3.2404,4.766361031601259
2013-08-12,1.4908,3.2538,4.809591868086609
2013-08-13,1.4924,3.2554,4.814753759010234
2013-08-14,1.4888,3.2518,4.80313950443208
2013-08-15,1.4692,3.2322,4.739906340617687
2013-08-16,1.4444,3.2074,4.659897031301515
2013-08-19,1.4714,3.2344,4.74700394063767
2013-08-20,1.4645,3.2275,4.7247432860295415
2013-08-21,1.4624,3.2254,4.717968304192285
2013-08-22,1.4645,3.2275,4.724743286029541
2013-08-23,1.4541,3.2171,4.691190995025985
2013-08-26,1.4755,3.2385,4.760231286129455
2013-08-27,1.4713,3.2343,4.7466813224549425
2013-08-28,1.4489,3.2119,4.674414849524207
2013-08-29,1.4408,3.2038,4.648282776723361
2013-08-30,1.428,3.191,4.6069876493343696
2013-09-02,1.4374,3.2004,4.63731375851066
2013-09-03,1.464,3.227,4.723130195115909
2013-09-04,1.4619,3.2249,4.716355213278653
2013-09-05,1.473,3.236,4.752165831561294
2013-09-06,1.4705,3.2335,4.744100376993131
2013-09-09,1.4817,3.2447,4.780233613458499
2013-09-10,1.4904,3.2534,4.808301395355704
2013-09-11,1.4936,3.2566,4.818625177202952
2013-09-12,1.5106,3.2736,4.8734702682664555
2013-09-13,1.5213,3.2843,4.907990413818191
2013-09-16,1.5183,3.2813,4.898311868336396
2013-09-17,1.4771,3.2401,4.76539317705308
2013-09-18,1.4864,3.2494,4.795396668046644
2013-09-23,1.5156,3.2786,4.889601177402781
2013-09-24,1.5321,3.2951,4.942833177552653
2013-09-25,1.5554,3.3184,5.018003214127926
2013-09-26,1.5255,3.2885,4.921540377492705
2013-09-27,1.5272,3.2902,4.927024886599055
2013-09-30,1.5457,3.3087,4.986709250403457
2013-10-08,1.5742,3.3372,5.078655432480509
2013-10-09,1.5765,3.3395,5.086075650683218
2013-10-10,1.5722,3.3352,5.072203068825978
2013-10-11,1.6014,3.3644,5.166407578182115
2013-10-14,1.6234,3.3864,5.2373835783819445
2013-10-15,1.6201,3.3831,5.2267371783519705
2013-10-16,1.5784,3.3414,5.0922053961550215
2013-10-17,1.5698,3.3328,5.064460232440543
2013-10-18,1.5766,3.3396,5.086398268865945
2013-10-21,1.63,3.393,5.258676378441893
2013-10-22,1.5988,3.3618,5.158019505431227
2013-10-23,1.56,3.323,5.032843650533346
2013-10-24,1.543,3.306,4.9779985594698415
2013-10-25,1.5281,3.2911,4.929928450243594
2013-10-28,1.5182,3.2812,4.897989250153671
2013-10-29,1.4978,3.2608,4.8321751408774665
2013-10-30,1.5225,3.2855,4.911861832010911
2013-10-31,1.5113,3.2743,4.875728595545543
2013-11-01,1.5103,3.2733,4.872502413718278
2013-11-04,1.516,3.279,4.890891650133689
2013-11-05,1.5335,3.2965,4.9473498321108265
2013-11-06,1.5033,3.2663,4.849919140927424
2013-11-07,1.4777,3.2407,4.767328886149441
2013-11-08,1.4591,3.2221,4.707321904162312
2013-11-11,1.4636,3.2266,4.721839722385004
2013-11-12,1.4745,3.2375,4.757005104302192
2013-11-13,1.4478,3.2108,4.670866049514218
2013-11-14,1.4625,3.2255,4.7182909223750125
2013-11-15,1.4891,3.2521,4.804107358980261
2013-11-18,1.5349,3.2979,4.951866486668996
2013-11-19,1.5316,3.2946,4.941220086639022
2013-11-20,1.5354,3.2984,4.953479577582629
2013-11-21,1.5302,3.2932,4.936703432080851
2013-11-22,1.5229,3.2859,4.913152304741816
2013-11-25,1.5165,3.2795,4.89250474104732
2013-11-26,1.5129,3.2759,4.880890486469166
2013-11-27,1.5276,3.2906,4.928315359329962
2013-11-28,1.5492,3.3122,4.998000886798884
2013-11-29,1.5627,3.3257,5.041554341466962
2013-12-02,1.5046,3.2676,4.854113177302867
2013-12-03,1.5323,3.2953,4.943478413918107
2013-12-04,1.5513,3.3143,5.00477586863614
2013-12-05,1.5459,3.3089,4.98735448676891
2013-12-06,1.5355,3.2985,4.953802195765355
2013-12-09,1.5516,3.3146,5.005743723184321
2013-12-10,1.5659,3.3289,5.05187812331421
2013-12-11,1.551,3.314,5.003808014087961
2013-12-12,1.5587,3.3217,5.028649614157902
2013-12-13,1.5649,3.3279,5.048651941486945
2013-12-16,1.5409,3.3039,4.9712235776325855
2013-12-17,1.5298,3.2928,4.935412959349945
2013-12-18,1.5324,3.2954,4.943801032100834
2013-12-19,1.5126,3.2756,4.879922631920987
2013-12-20,1.4901,3.2531,4.807333540807526
2013-12-23,1.4958,3.2588,4.825722777222936
2013-12-24,1.4986,3.2616,4.834756086339278
2013-12-25,1.5212,3.2842,4.907667795635466
2013-12-26,1.5046,3.2676,4.854113177302867
2013-12-27,1.5269,3.2899,4.926057032050876
2013-12-30,1.5376,3.3006,4.960577177602611
2013-12-31,1.5468,3.3098,4.9902580504134475
2014-01-02,1.5532,3.3162,5.010905614107943
2014-01-03,1.5517,3.3147,5.006066341367046
2014-01-06,1.5131,3.2761,4.881535722834618
2014-01-07,1.5276,3.2906,4.928315359329961
2014-01-08,1.5333,3.2963,4.946704595745372
2014-01-09,1.5167,3.2797,4.893149977412772
2014-01-10,1.4994,3.2624,4.837337031801089
2014-01-13,1.4951,3.2581,4.82346444994385
2014-01-14,1.5165,3.2795,4.892504741047319
2014-01-15,1.5252,3.2882,4.920572522944524
2014-01-16,1.5188,3.2818,4.899924959250028
2014-01-17,1.3633,3.2613,4.833788231791097
2014-01-20,1.3435,3.2415,4.76358430969804
2014-01-21,1.3599,3.2579,4.821733012845825
2014-01-22,1.3998,3.2978,4.963204552821225
2014-01-23,1.4054,3.3034,4.983060207554615
2014-01-24,1.4234,3.3214,5.04688195491194
2014-01-27,1.4046,3.3026,4.980223685449846
2014-01-28,1.4019,3.2999,4.970650423346247
2014-01-29,1.4188,3.3168,5.030571952809513
2014-01-30,1.4097,3.3077,4.998306513867755
2014-02-07,1.4201,3.3181,5.035181301229764
2014-02-10,1.4524,3.3504,5.149705881209851
2014-02-11,1.4552,3.3532,5.159633708576545
2014-02-12,1.4687,3.3667,5.207500019094537
2014-02-13,1.4474,3.3454,5.131977618055037
2014-02-14,1.4717,3.3697,5.2181369769874255
2014-02-17,1.4872,3.3852,5.273094592767344
2014-02-18,1.469,3.367,5.2085637148838275
2014-02-19,1.4745,3.3725,5.228064804354121
2014-02-20,1.4664,3.3644,5.199345018043325
2014-02-21,1.4515,3.3495,5.146514793841985
2014-02-24,1.4279,3.3259,5.0628373917512715
2014-02-25,1.3855,3.2835,4.912501720198463
2014-02-26,1.3978,3.2958,4.956113247559302
2014-02-27,1.3716,3.2696,4.863217148628086
2014-02-28,1.393,3.291,4.9390941149306835
2014-03-03,1.4051,3.3031,4.981996511765329
2014-03-04,1.4068,3.3048,4.988024121237966
2014-03-05,1.3957,3.2937,4.948667377034282
2014-03-06,1.3992,3.2972,4.961077161242652
2014-03-07,1.3944,3.2924,4.944058028614032
2014-03-10,1.3575,3.2555,4.813223446531517
2014-03-11,1.3602,3.2582,4.822796708635116
2014-03-12,1.367,3.265,4.84690714652566
2014-03-13,1.3885,3.2865,4.9231386780913535
2014-03-14,1.38,3.278,4.893000630728172
2014-03-17,1.3965,3.2945,4.951503899139053
2014-03-18,1.4016,3.2996,4.969586727556961
2014-03-19,1.3865,3.2845,4.9160473728294285
2014-03-20,1.3648,3.2628,4.839106710737544
2014-03-21,1.3936,3.2916,4.941221506509262
2014-03-24,1.3987,3.2967,4.959304334927171
2014-03-25,1.3884,3.2864,4.922784112828258
2014-03-26,1.3959,3.2939,4.949376507560476
2014-03-27,1.3718,3.2698,4.863926279154281
2014-03-28,1.359,3.257,4.8185419254779625
2014-03-31,1.3596,3.2576,4.820669317056539
2014-04-01,1.3802,3.2782,4.8937097612543665
2014-04-02,1.3788,3.2768,4.888745847571019
2014-04-03,1.3729,3.2709,4.86782649704834
2014-04-04,1.3859,3.2839,4.913919981250851
2014-04-08,1.3992,3.2972,4.961077161242652
2014-04-09,1.4,3.298,4.963913683347421
2014-04-10,1.4017,3.2997,4.9699412928200575
2014-04-11,1.3986,3.2966,4.958949769664074
2014-04-14,1.3986,3.2966,4.958949769664074
2014-04-15,1.3813,3.2793,4.897609979148424
2014-04-16,1.384,3.282,4.907183241252022
2014-04-17,1.3777,3.2757,4.884845629676959
2014-04-18,1.3761,3.2741,4.87917258546742
2014-04-21,1.3586,3.2566,4.817123664425577
2014-04-22,1.3546,3.2526,4.802941053901728
2014-04-23,1.3547,3.2527,4.803295619164824
2014-04-24,1.3491,3.2471,4.783439964431434
2014-04-25,1.3288,3.2268,4.711463216022897
2014-04-28,1.3058,3.2038,4.629913205510761
2014-04-29,1.32,3.218,4.680261472870427
2014-04-30,1.3269,3.2249,4.704726476024067
2014-05-05,1.3255,3.2235,4.6997625623407195
2014-05-06,1.333,3.231,4.726354957072939
2014-05-07,1.3201,3.2181,4.680616038133524
2014-05-08,1.3156,3.2136,4.664660601294193
2014-05-09,1.3059,3.2039,4.630267770773857
2014-05-12,1.3206,3.2186,4.682388864449005
2014-05-13,1.3212,3.2192,4.684516256027583
2014-05-14,1.3277,3.2257,4.707562998128839
2014-05-15,1.3118,3.2098,4.6511871212965366
2014-05-16,1.3079,3.2059,4.637359076035783
2014-05-19,1.297,3.195,4.598711462358292
2014-05-20,1.2978,3.1958,4.601547984463062
2014-05-21,1.3101,3.2081,4.645159511823901
2014-05-22,1.3162,3.2142,4.666787992872772
2014-05-23,1.3341,3.2321,4.730255174967
2014-05-26,1.3378,3.2358,4.743374089701561
2014-05-27,1.3341,3.2321,4.730255174967
2014-05-28,1.3503,3.2483,4.787694747588591
2014-05-29,1.3413,3.2393,4.7557838739099285
2014-05-30,1.3435,3.2415,4.763584309698046
2014-06-03,1.3413,3.2393,4.7557838739099285
2014-06-04,1.3265,3.2245,4.703308214971685
2014-06-05,1.3411,3.2391,4.7550747433837355
2014-06-06,1.3381,3.2361,4.744437785490849
2014-06-09,1.3376,3.2356,4.742664959175367
2014-06-10,1.3529,3.2509,4.796913444429093
2014-06-11,1.3604,3.2584,4.823505839161311
2014-06-12,1.3564,3.2544,4.809323228637461
2014-06-13,1.3716,3.2696,4.86321714862809
2014-06-16,1.3704,3.2684,4.858962365470935
2014-06-17,1.3581,3.2561,4.815350838110097
2014-06-18,1.3458,3.2438,4.771739310749259
2014-06-19,1.327,3.225,4.705081041287165
2014-06-20,1.3344,3.2324,4.7313188707562865
2014-06-23,1.3449,3.2429,4.768548223381392
2014-06-24,1.3523,3.2503,4.794786052850514
2014-06-25,1.345,3.243,4.768902788644488
2014-06-26,1.3547,3.2527,4.803295619164825
2014-06-27,1.3581,3.2561,4.8153508381100965
2014-06-30,1.367,3.265,4.846907146525663
2014-07-01,1.3686,3.2666,4.852580190735203
2014-07-02,1.3713,3.2693,4.862153452838801
2014-07-03,1.3861,3.2841,4.914629111777046
2014-07-04,1.3875,3.2855,4.919593025460393
2014-07-07,1.3833,3.2813,4.904701284410351
2014-07-08,1.3915,3.2895,4.933775635984243
2014-07-09,1.3691,3.2671,4.854353017050684
2014-07-10,1.3631,3.2611,4.83307910126491
2014-07-11,1.3727,3.2707,4.867117366522149
2014-07-14,1.388,3.286,4.9213658517758745
2014-07-15,1.3836,3.2816,4.90576498019964
2014-07-16,1.3778,3.2758,4.885200194940058
2014-07-17,1.3698,3.2678,4.856834973892358
2014-07-18,1.3764,3.2744,4.880236281256711
2014-07-21,1.3775,3.2755,4.884136499150769
2014-07-22,1.3913,3.2893,4.933066505458052
2014-07-23,1.3899,3.2879,4.928102591774704
2014-07-24,1.4146,3.3126,5.015680211759476
2014-07-25,1.4207,3.3187,5.037308692808347
2014-07-28,1.4381,3.3361,5.099003048587093
2014-07-29,1.4401,3.3381,5.106094353849017
2014-07-30,1.4422,3.3402,5.113540224374039
2014-07-31,1.4562,3.3542,5.163179361207512
2014-08-01,1.4419,3.3399,5.112476528584749
2014-08-04,1.4696,3.3676,5.210691106462408
2014-08-05,1.4727,3.3707,5.221682629618392
2014-08-06,1.4789,3.3769,5.24366567593036
2014-08-07,1.4674,3.3654,5.202890670674291
2014-08-08,1.4742,3.3722,5.227001108564835
2014-08-11,1.4881,3.3861,5.276285680135213
2014-08-12,1.4911,3.3891,5.2869226380281
2014-08-13,1.5009,3.3989,5.3216700338115315
2014-08-14,1.492,3.39,5.290113725395966
2014-08-15,1.4986,3.3966,5.313515032760319
2014-08-18,1.5089,3.4069,5.3500352548592325
2014-08-19,1.5179,3.4159,5.381946128537895
2014-08-20,1.5172,3.4152,5.379464171696222
2014-08-21,1.5141,3.4121,5.368472648540238
2014-08-22,1.5182,3.4162,5.383009824327184
2014-08-25,1.5107,3.4087,5.356417429594965
2014-08-26,1.4914,3.3894,5.287986333817391
2014-08-27,1.4982,3.3962,5.312096771707934
2014-08-28,1.4895,3.3875,5.281249593818561
2014-08-29,1.5034,3.4014,5.33053416538894
2014-09-01,1.5152,3.4132,5.372372866434297
2014-09-02,1.5248,3.4228,5.406411131691536
2014-09-03,1.536,3.434,5.446122441158316
2014-09-04,1.5428,3.4408,5.470232879048861
2014-09-05,1.5469,3.4449,5.484770054835806
2014-09-09,1.5486,3.4466,5.490797664308443
2014-09-10,1.5479,3.4459,5.488315707466769
2014-09-11,1.545,3.443,5.478033314836977
2014-09-12,1.5673,3.4653,5.55710136850744
2014-09-15,1.5688,3.4668,5.562419847453884
2014-09-16,1.5237,3.4217,5.402510913797478
2014-09-17,1.5296,3.4276,5.423430264320157
2014-09-18,1.5379,3.4359,5.4528591811571445
2014-09-19,1.5565,3.4545,5.518808320093045
2014-09-22,1.5437,3.4417,5.473423966416727
2014-09-23,1.5566,3.4546,5.519162885356142
2014-09-24,1.5718,3.4698,5.573056805346771
2014-09-25,1.5697,3.4677,5.56561093482175
2014-09-26,1.5745,3.4725,5.58263006745037
2014-09-29,1.5949,3.4929,5.654961381122003
2014-09-30,1.6095,3.5075,5.706727909534055
2014-10-08,1.6278,3.5258,5.771613352680668
2014-10-09,1.632,3.53,5.78650509373071
2014-10-10,1.6269,3.5249,5.768422265312802
2014-10-13,1.6244,3.5224,5.759558133735396
2014-10-14,1.6247,3.5227,5.760621829524685
2014-10-15,1.6339,3.5319,5.79324183372954
2014-10-16,1.6157,3.5137,5.728710955846023
2014-10-17,1.6036,3.5016,5.685808559011377
2014-10-20,1.6293,3.5273,5.776931831627112
2014-10-21,1.6197,3.5177,5.742893566369872
2014-10-22,1.5937,3.4917,5.650706597964849
2014-10-23,1.5714,3.4694,5.5716385442943865
2014-10-24,1.5839,3.4819,5.615959202181418
2014-10-27,1.5999,3.4979,5.672689644276818
2014-10-28,1.6365,3.5345,5.802460530570044
2014-10-29,1.6493,3.5473,5.847844884246363
2014-10-30,1.6501,3.5481,5.850681406351133
2014-10-31,1.6478,3.5458,5.842526405299919
2014-11-03,1.6541,3.5521,5.864864016874983
2014-11-04,1.6396,3.5376,5.813452053726028
2014-11-05,1.6411,3.5391,5.818770532672471
2014-11-06,1.6557,3.5537,5.870537061084523
2014-11-07,1.6594,3.5574,5.883655975819083
2014-11-10,1.6637,3.5617,5.898902282132221
2014-11-11,1.6282,3.5262,5.773031613733055
2014-11-12,1.6475,3.5455,5.84146270951063
2014-11-13,1.6211,3.5191,5.747857480053221
2014-11-14,1.6211,3.5191,5.747857480053221
2014-11-17,1.6332,3.5312,5.790759876887867
2014-11-18,1.6322,3.5302,5.787214224256905
2014-11-19,1.6452,3.5432,5.833307708459416
2014-11-20,1.6404,3.5384,5.8162885758307965
2014-11-21,1.6546,3.5526,5.866636843190464
2014-11-24,1.6786,3.5766,5.951732506333562
2014-11-25,1.6999,3.5979,6.027254907373063
2014-11-26,1.7068,3.6048,6.051719910526704
2014-11-27,1.7316,3.6296,6.139652095774573
2014-11-28,1.7543,3.6523,6.2201384104974204
2014-12-01,1.7527,3.6507,6.214465366287881
2014-12-02,1.7697,3.6677,6.2747414610142425
2014-12-03,1.7964,3.6944,6.369410386260939
2014-12-04,1.8504,3.7484,6.56087562833291
2014-12-05,1.8159,3.7139,6.438550612564707
2014-12-08,1.8286,3.7266,6.48358040097793
2014-12-09,1.7649,3.6629,6.257722328385621
2014-12-10,1.8133,3.7113,6.4293319157242035
2014-12-11,1.8287,3.7267,6.4839349662410255
2014-12-12,1.8521,3.7501,6.566903237805548
2014-12-15,1.8883,3.7863,6.6952558630463885
2014-12-16,1.8856,3.7836,6.68568260094279
2014-12-17,1.8794,3.7774,6.663699554630822
2014-12-18,1.8537,3.7517,6.5725762820150875
2014-12-19,1.805,3.703,6.3999029988872165
2014-12-22,1.7156,3.6136,6.082921653679175
2014-12-23,1.6852,3.5832,5.975133813697916
2014-12-24,1.7136,3.6116,6.07583034841725
2014-12-25,1.7283,3.6263,6.127951442092398
2014-12-26,1.7652,3.6632,6.258786024174913
2014-12-29,1.7491,3.6471,6.201701016816418
2014-12-30,1.7275,3.6255,6.125114919987629
2014-12-31,1.7675,3.6655,6.266941025226127
2015-01-05,1.7751,3.6731,6.293887985221441
2015-01-06,1.8098,3.7078,6.416922131515839
2015-01-07,1.8045,3.7025,6.398130172571737
2015-01-08,1.8198,3.7178,6.452378657825463
2015-01-09,1.822,3.72,6.46017909361358
2015-01-12,1.8481,3.7461,6.5527206272817
2015-01-13,1.8777,3.7757,6.657671945158188
2015-01-14,1.8795,3.7775,6.66405411989392
2015-01-15,1.8805,3.7785,6.667599772524883
2015-01-16,1.9326,3.8306,6.852328274598027
2015-01-19,1.8685,3.7665,6.625051940953334
2015-01-20,1.9459,3.8439,6.899485454589827
2015-01-21,1.8469,3.8849,7.044857212459288
2015-01-22,1.8705,3.9085,7.134877587257078
2015-01-23,1.8413,3.8793,7.023496445558116
2015-01-26,1.8864,3.9244,7.195526907565759
2015-01-27,1.8919,3.9299,7.216506232200836
2015-01-28,1.8729,3.9109,7.144032201643293
2015-01-29,1.8438,3.8818,7.033032502210425
2015-01-30,1.8115,3.8495,6.909826650262602
2015-02-02,1.8008,3.8388,6.869012327790721
2015-02-03,1.8507,3.8887,7.059352018570795
2015-02-04,1.8394,3.8774,7.016249042502361
2015-02-05,1.8439,3.8819,7.033413944476516
2015-02-06,1.8214,3.8594,6.9475894346057405
2015-02-09,1.8118,3.8498,6.910970977060877
2015-02-10,1.8364,3.8744,7.004805774519591
2015-02-11,1.8812,3.9192,7.175691909728955
2015-02-12,1.8953,3.9333,7.229475269247973
2015-02-13,1.9148,3.9528,7.303856511135978
2015-02-16,1.9462,3.9842,7.423629382688969
2015-02-17,1.9618,3.9998,7.4831343761993745
2015-02-25,1.9226,3.9606,7.333609007891181
2015-02-26,1.9389,3.9769,7.39578409726423
2015-02-27,1.9476,3.9856,7.428969574414262
2015-03-02,1.9902,4.0282,7.591463979769596
2015-03-03,1.9568,3.9948,7.464062262894758
2015-03-04,1.9774,4.0154,7.542639369709778
2015-03-05,1.9765,4.0145,7.539206389314947
2015-03-06,1.9466,3.9846,7.42515515175334
2015-03-09,1.9729,4.0109,7.525474467735624
2015-03-10,2.0174,4.0554,7.695216276146711
2015-03-11,2.018,4.056,7.697504929743265
2015-03-12,2.0037,4.0417,7.6429586856920615
2015-03-13,2.0317,4.0697,7.749762520197915
2015-03-16,2.105,4.143,8.029359701243594
2015-03-17,2.1201,4.1581,8.086957483423536
2015-03-18,2.1587,4.1967,8.234194198135178
2015-03-19,2.1639,4.2019,8.25402919597198
2015-03-20,2.2099,4.2479,8.429492638374454
2015-03-23,2.2791,4.3171,8.693450686510346
2015-03-24,2.3122,4.3502,8.819708076586906
2015-03-25,2.3097,4.3477,8.810172019934598
2015-03-26,2.2776,4.3156,8.68772905251896
2015-03-27,2.3286,4.3666,8.88226460822605
2015-03-30,2.3398,4.3778,8.924986142028391
2015-03-31,2.3519,4.3899,8.971140656225565
2015-04-01,2.4093,4.4473,9.190088516962563
2015-04-02,2.4374,4.4754,9.297273793734506
2015-04-03,2.4711,4.5091,9.425819837407621
2015-04-07,2.5192,4.5572,9.609293567398034
2015-04-08,2.5009,4.5389,9.539489632703136
2015-04-09,2.5343,4.5723,9.666891349577973
2015-04-10,2.5981,4.6361,9.910251515344882
2015-04-13,2.642,4.68,10.077704670159417
2015-04-14,2.6147,4.6527,9.97357093151621
2015-04-15,2.5083,4.5463,9.56771636039397
2015-04-16,2.5585,4.5965,9.75920037797232
2015-04-17,2.5416,4.5796,9.694736635002714
2015-04-20,2.4792,4.5172,9.4567166609611
2015-04-21,2.5757,4.6137,9.8248084477402
2015-04-22,2.6311,4.6691,10.036127463155353
2015-04-23,2.6398,4.6778,10.069312940305387
2015-04-24,2.6163,4.6543,9.979674007773689
2015-04-27,2.6419,4.6799,10.077323227893327
2015-04-28,2.5755,4.6135,9.824045563208017
2015-04-29,2.6422,4.6802,10.078467554691603
2015-04-30,2.6824,4.7204,10.231807345660721
2015-05-04,2.6703,4.7083,10.18565283146355
2015-05-05,2.5788,4.6168,9.836633157989066
2015-05-06,2.5758,4.6138,9.825189890006296
2015-05-07,2.5705,4.6085,9.804973449903402
2015-05-08,2.6571,4.6951,10.13530245233936
2015-05-11,2.7466,4.7846,10.476693280491999
2015-05-12,2.7878,4.8258,10.633847494122039
2015-05-13,2.8048,4.8428,10.698692679357737
2015-05-14,2.8053,4.8433,10.700599890688197
2015-05-15,2.7802,4.8182,10.604857881899022
2015-05-18,2.8311,4.8691,10.79901199534002
2015-05-19,2.8909,4.9289,11.027114470463236
2015-05-20,2.9601,4.9981,11.291072518599131
2015-05-21,3.0543,5.0923,11.65039113325811
2015-05-22,3.0732,5.1112,11.72248372154956
2015-05-25,3.1275,5.1655,11.929606872037697
2015-05-26,3.2166,5.2546,12.269471931125967
2015-05-27,3.2322,5.2702,12.32897692463637
2015-05-28,3.0543,5.0923,11.65039113325811
2015-05-29,3.0929,5.1309,11.79762784796975
2015-06-01,3.2245,5.2625,12.299605870147257
2015-06-02,3.3083,5.3463,12.619254489132631
2015-06-03,3.3181,5.3561,12.656635831209678
2015-06-04,3.3351,5.3731,12.721481016445376
2015-06-05,3.3309,5.3689,12.705460441269498
2015-06-08,3.3062,5.3442,12.611244201544691
2015-06-09,3.317,5.355,12.652439966282664
2015-06-10,3.362,5.4,12.824088986024213
2015-06-11,3.3857,5.4237,12.914490803088094
2015-06-12,3.457,5.495,13.186459138811928
2015-06-15,3.3468,5.3848,12.766109761578178
2015-06-16,3.241,5.279,12.36254384405249
2015-06-17,3.2776,5.3156,12.502151713442284
2015-06-18,3.1704,5.2084,12.093245604191303
2015-06-19,3.0089,5.0469,11.477216344452186
2015-06-23,3.0595,5.0975,11.670226131094905
2015-06-24,3.1084,5.1464,11.856751399214057
2015-06-25,3.027,5.065,11.546257394614898
2015-06-26,2.806,4.844,10.703269986550843
2015-06-29,2.6435,4.6815,10.083426304150803
2015-06-30,2.784,4.822,10.61935268801053
2015-07-01,2.6901,4.7281,10.26117840014983
2015-07-02,2.5312,4.5692,9.655066639329114
2015-07-03,2.4035,4.4415,9.167964865529207
2015-07-06,2.3475,4.3855,8.9543571965175
2015-07-07,2.2246,4.2626,8.485564651490025
2015-07-08,2.141,4.179,8.166678917036835
2015-07-09,2.2247,4.2627,8.485946093756116
2015-07-10,2.3322,4.3702,8.895996529805371
2015-07-13,2.4591,4.4971,9.380046765476543
2015-07-14,2.5116,4.5496,9.580303955175019
2015-07-15,2.3764,4.4144,9.064594011418185
2015-07-16,2.3858,4.4238,9.100449584430866
2015-07-17,2.5102,4.5482,9.574963763449729
2015-07-20,2.5478,4.5858,9.718386055500446
2015-07-21,2.5996,4.6376,9.915973149336274
2015-07-22,2.625,4.663,10.012859484923725
2015-07-23,2.7208,4.7588,10.37828117584018
2015-07-24,2.7014,4.7394,10.304281376218267
2015-07-27,2.4813,4.5193,9.464726948549044
2015-07-28,2.4012,4.4392,9.159191693409085
2015-07-29,2.4895,4.5275,9.496005214368614
2015-07-30,2.3918,4.4298,9.123336120396406
2015-07-31,2.3768,4.4148,9.066119780482556
2015-08-03,2.2932,4.3312,8.747234046029368
2015-08-04,2.4191,4.4571,9.227469859039614
2015-08-05,2.4031,4.4411,9.16643909646484
2015-08-06,2.3987,4.4367,9.149655636756778
2015-08-07,2.4812,4.5192,9.464345506282953
2015-08-10,2.6186,4.6566,9.988447179893818
2015-08-11,2.6625,4.7005,10.155900334708354
2015-08-12,2.6205,4.6585,9.995694582949573
2015-08-13,2.6537,4.6917,10.122333415292228
2015-08-14,2.6553,4.6933,10.128436491549705
2015-08-17,2.6609,4.6989,10.149797258450874
2015-08-18,2.4658,4.5038,9.405603397304734
2015-08-19,2.5252,4.5632,9.632180103363577
2015-08-20,2.4446,4.4826,9.324737636893158
2015-08-21,2.3072,4.3452,8.800635963282293
2015-08-24,2.1047,4.1427,8.028215374445319
2015-08-25,1.9454,3.9834,7.420577844560234
2015-08-26,1.9199,3.9579,7.323310066706689
2015-08-27,2.0152,4.0532,7.686824546292684
2015-08-28,2.1385,4.1765,8.157142860384528
2015-08-31,2.0592,4.0972,7.8546591433733095
2015-09-01,1.937,3.975,7.388536694208479
2015-09-02,1.9106,3.9486,7.2878359359601035
2015-09-07,1.9277,3.9657,7.353062563461892
2015-09-08,2.0409,4.0789,7.784855208678413
2015-09-09,2.1154,4.1534,8.0690296969172
2015-09-10,2.0867,4.1247,7.9595557665487
2015-09-11,2.1025,4.1405,8.01982364459129
2015-09-14,1.9631,4.0011,7.488093125658579
2015-09-15,1.8692,3.9072,7.129918837797878
2015-09-16,2.0072,4.0452,7.656309165005298
2015-09-17,1.994,4.032,7.605958785881109
2015-09-18,2.0334,4.0714,7.7562470387214875
2015-09-21,2.1211,4.1591,8.090771906084465
2015-09-22,2.1266,4.1646,8.111751230719541
2015-09-23,2.1061,4.1441,8.033555566170614
2015-09-24,2.1251,4.1631,8.106029596728158
2015-09-25,2.0673,4.1053,7.8855559669267885
2015-09-28,2.1351,4.1731,8.14417382333739
2015-09-29,2.1052,4.1432,8.030122585775782
2015-09-30,2.1022,4.1402,8.018679317793012
2015-10-08,2.187,4.225,8.34214235943931
2015-10-09,2.2333,4.2713,8.51875012864006
2015-10-12,2.3292,4.3672,8.884553261822607
2015-10-13,2.3701,4.4081,9.04056314865437
2015-10-14,2.3248,4.3628,8.867769802114545
2015-10-15,2.4015,4.4395,9.160336020207364
2015-10-16,2.4358,4.4738,9.291170717477035
2015-10-19,2.4012,4.4392,9.159191693409086
2015-10-20,2.4578,4.4958,9.375088016017347
2015-10-21,2.3041,4.3421,8.788811253033431
2015-10-22,2.3771,4.4151,9.067264107280833
2015-10-23,2.4279,4.4659,9.261036778455738
2015-10-26,2.4352,4.4732,9.288882063880477
2015-10-27,2.4379,4.4759,9.29918100506497
2015-10-28,2.3696,4.4076,9.038655937323908
2015-10-29,2.3816,4.4196,9.084429009254986
2015-10-30,2.3928,4.4308,9.127150543057326
2015-11-02,2.3494,4.3874,8.961604599573255
2015-11-03,2.3392,4.3772,8.922697488431835
2015-11-04,2.4651,4.5031,9.402933301442083
2015-11-05,2.4795,4.5175,9.457860987759377
2015-11-06,2.5464,4.5844,9.713045863775148
2015-11-09,2.5901,4.6281,9.879736134057497
2015-11-10,2.5983,4.6363,9.91101439987707
2015-11-11,2.6303,4.6683,10.033075925026617
2015-11-12,2.6221,4.6601,10.001797659207046
2015-11-13,2.5603,4.5983,9.766066338761984
2015-11-16,2.5881,4.6261,9.872107288735654
2015-11-17,2.5783,4.6163,9.834725946658606
2015-11-18,2.552,4.59,9.734406630676324
2015-11-19,2.6088,4.6468,9.951065837816769
2015-11-20,2.645,4.683,10.089147938142192
2015-11-23,2.6127,4.6507,9.965942086194369
2015-11-24,2.6183,4.6563,9.98730285309554
2015-11-25,2.6693,4.7073,10.181838408802628
2015-11-26,2.6584,4.6964,10.140261201798564
2015-11-27,2.5056,4.5436,9.55741741920948
2015-11-30,2.5287,4.5667,9.64553058267681
2015-12-01,2.5621,4.6001,9.77293229955165
2015-12-02,2.5718,4.6098,9.809932199362606
2015-12-03,2.6227,4.6607,10.004086312803604
2015-12-04,2.631,4.669,10.035746020889267
2015-12-07,2.6518,4.6898,10.115086012236473
2015-12-08,2.6116,4.6496,9.961746221267356
2015-12-09,2.608,4.646,9.948014299688031
2015-12-10,2.5962,4.6342,9.903004112289135
2015-12-11,2.5945,4.6325,9.896519593765564
2015-12-14,2.6308,4.6688,10.03498313635708
2015-12-15,2.652,4.69,10.115848896768656
2015-12-16,2.6692,4.7072,10.181456966536537
2015-12-17,2.7407,4.7787,10.454188186792553
2015-12-18,2.7223,4.7603,10.384002809831564
2015-12-21,2.7752,4.8132,10.585785768594405
2015-12-22,2.7937,4.8317,10.656352587821486
2015-12-23,2.7802,4.8182,10.60485788189902
2015-12-24,2.7762,4.8142,10.589600191255327
2015-12-25,2.8009,4.8389,10.683816430980134
2015-12-28,2.7513,4.7893,10.494621066998338
2015-12-29,2.7688,4.8068,10.561373463564497
2015-12-30,2.8055,4.8435,10.701362775220382
2015-12-31,2.776,4.814,10.588837306723144
2016-01-04,2.556,4.594,9.749664321320013
2016-01-05,2.4991,4.5371,9.532623671913475
2016-01-06,2.5377,4.5757,9.679860386625116
2016-01-07,2.3359,4.3739,8.91010989365079
2016-01-08,2.3591,4.3971,8.99860449938421
2016-01-11,2.2085,4.2465,8.424152446649158
2016-01-12,2.2274,4.2654,8.496245034940609
2016-01-13,2.16,4.198,8.239152947594377
2016-01-14,2.2396,4.2776,8.542780991403871
2016-01-15,2.1667,4.2047,8.264709579422563
2016-01-18,2.2055,4.2435,8.412709178666388
2016-01-19,2.2865,4.3245,8.721677414201178
2016-01-20,2.2454,4.2834,8.564904642837229
2016-01-21,2.1611,4.1991,8.243348812521392
2016-01-22,2.1883,4.2263,8.347101108898507
2016-01-25,2.2132,4.2512,8.4420802331555
2016-01-26,2.0654,4.1034,7.878308563871031
2016-01-27,2.0355,4.0735,7.764257326309425
2016-01-28,1.9591,3.9971,7.472835435014884
2016-01-29,2.0339,4.0719,7.758154250051948
2016-02-01,2.0254,4.0634,7.725731657434099
2016-02-02,2.095,4.133,7.991215474634363
2016-02-03,2.0958,4.1338,7.9942670127631015
2016-02-04,2.134,4.172,8.139977958410372
2016-02-05,2.1115,4.1495,8.054153448539598
2016-02-15,2.1214,4.1594,8.091916232882738
2016-02-16,2.1983,4.2363,8.385245335507744
2016-02-17,2.2091,4.2471,8.426441100245714
2016-02-18,2.2123,4.2503,8.438647252760669
2016-02-19,2.2048,4.2428,8.410039082803745
2016-02-22,2.2351,4.2731,8.525616089429722
2016-02-23,1.5698,4.2578,8.467255422717596
2016-02-24,1.5603,4.2483,8.416013910094447
2016-02-25,1.4425,4.1305,7.780619153567415
2016-02-26,1.4398,4.1278,7.766055776295574
2016-02-29,1.3628,4.0508,7.350729831876378
2016-03-01,1.3936,4.0816,7.516860209644056
2016-03-02,1.451,4.139,7.82646682275655
2016-03-03,1.4469,4.1349,7.8043520646770865
2016-03-04,1.4098,4.0978,7.604240473275109
2016-03-07,1.4301,4.1181,7.713735494985624
2016-03-08,1.437,4.125,7.7509530146803325
2016-03-09,1.4158,4.1038,7.636603533879203
2016-03-10,1.3918,4.0798,7.50715129146283
2016-03-11,1.3891,4.0771,7.492587914190988
2016-03-14,1.438,4.126,7.756346858114347
2016-03-15,1.4297,4.1177,7.711577957612018
2016-03-16,1.4224,4.1104,7.672202900543705
2016-03-17,1.4706,4.1586,7.932186154063253
2016-03-18,1.529,4.217,8.24718661060976
2016-03-21,1.5574,4.2454,8.4003717641358
2016-03-22,1.5618,4.2498,8.424104675245468
2016-03-23,1.5689,4.2569,8.462400963626978
2016-03-24,1.5552,4.2432,8.388505308580964
2016-03-25,1.564,4.252,8.4359711308003
2016-03-28,1.5585,4.2465,8.406304991913215
2016-03-29,1.5294,4.2174,8.249344147983363
2016-03-30,1.5798,4.2678,8.521193857057746
2016-03-31,1.5843,4.2723,8.545466152510816
2016-04-01,1.5711,4.2591,8.47426741918181
2016-04-05,1.6104,4.2984,8.68624546613862
2016-04-06,1.6234,4.3114,8.756365430780821
2016-04-07,1.6053,4.2933,8.65873686462514
2016-04-08,1.5891,4.2771,8.57135660099409
2016-04-11,1.611,4.299,8.68948177219903
2016-04-12,1.5905,4.2785,8.578907981801713
2016-04-13,1.6027,4.2907,8.644712871696703
2016-04-14,1.6105,4.2985,8.686784850482024
2016-04-15,1.6182,4.3062,8.728317444923944
2016-04-18,1.5984,4.2864,8.621519344930435
2016-04-19,1.601,4.289,8.635543337858875
2016-04-20,1.5504,4.2384,8.36261486009769
2016-04-21,1.5313,4.2193,8.259592450507993
2016-04-22,1.547,4.235,8.344275792422037
2016-04-25,1.5403,4.2283,8.308137041414133
2016-04-26,1.5589,4.2469,8.408462529286822
2016-04-27,1.5562,4.2442,8.393899152014981
2016-04-28,1.5541,4.2421,8.382572080803548
2016-04-29,1.5602,4.2482,8.415474525751044
2016-05-03,1.6159,4.3039,8.715911605025708
2016-05-04,1.6214,4.3094,8.745577743912794
2016-05-05,1.6257,4.3137,8.76877127067906
2016-05-06,1.5689,4.2569,8.462400963626978
2016-05-09,1.5289,4.2169,8.246647226266356
2016-05-10,1.5299,4.2179,8.252041069700372
2016-05-11,1.5281,4.2161,8.242332151519143
2016-05-12,1.5419,4.2299,8.316767190908557
2016-05-13,1.5432,4.2312,8.323779187372777
2016-05-16,1.5688,4.2568,8.461861579283575
2016-05-17,1.5493,4.2373,8.356681632320273
2016-05-18,1.5091,4.1971,8.139849126272848
2016-05-19,1.5292,4.2172,8.248265379296559
2016-05-20,1.546,4.234,8.33888194898802
2016-05-23,1.5693,4.2573,8.464558501000582
2016-05-24,1.5467,4.2347,8.342657639391831
2016-05-25,1.5321,4.2201,8.263907525255204
2016-05-26,1.5414,4.2294,8.31407026919155
2016-05-27,1.5371,4.2251,8.290876742425283
2016-05-30,1.526,4.214,8.23100508030771
2016-05-31,1.5911,4.2791,8.582144287862123
2016-06-01,1.6028,4.2908,8.645252256040106
2016-06-02,1.6121,4.3001,8.69541499997645
2016-06-03,1.6327,4.3207,8.80652817471717
2016-06-06,1.6327,4.3207,8.80652817471717
2016-06-07,1.6369,4.3249,8.829182317140036
2016-06-08,1.6439,4.3319,8.866939221178145
2016-06-13,1.5725,4.2605,8.481818799989435
2016-06-14,1.5961,4.2841,8.609113505032203
2016-06-15,1.6432,4.3312,8.863163530774335
2016-06-16,1.6444,4.3324,8.869636142895155
2016-06-17,1.655,4.343,8.926810883295719
2016-06-20,1.67,4.358,9.007718534805953
2016-06-21,1.6457,4.3337,8.876648139359375
2016-06-22,1.6644,4.3524,8.977513011575466
2016-06-23,1.6492,4.3372,8.89552659137843
2016-06-24,1.6408,4.3288,8.8502183065327
2016-06-27,1.6848,4.3728,9.087547417629382
2016-06-28,1.6918,4.3798,9.12530432166749
2016-06-29,1.6914,4.3794,9.123146784293885
2016-06-30,1.695,4.383,9.14256462065634
2016-07-01,1.6865,4.3745,9.096716951467208
2016-07-04,1.712,4.4,9.234259959034604
2016-07-05,1.7176,4.4056,9.264465482265091
2016-07-06,1.7331,4.4211,9.348070055492332
2016-07-07,1.7285,4.4165,9.32325837569586
2016-07-08,1.7279,4.4159,9.320022069635451
2016-07-11,1.7345,4.4225,9.355621436299954
2016-07-12,1.7547,4.4427,9.464577073667067
2016-07-13,1.7525,4.4405,9.452710618112233
2016-07-14,1.7591,4.4471,9.488309984776736
2016-07-15,1.7556,4.4436,9.469431532757682
2016-07-18,1.7476,4.4356,9.426280785285558
2016-07-19,1.7391,4.4271,9.380433116096425
2016-07-20,1.7385,4.4265,9.377196810036015
2016-07-21,1.7391,4.4271,9.380433116096425
2016-07-22,1.7215,4.4095,9.285501471657751
2016-07-25,1.7268,4.4148,9.314088841858032
2016-07-26,1.7548,4.4428,9.465116458010469
2016-07-27,1.6965,4.3845,9.150655385807362
2016-07-28,1.7079,4.3959,9.21214520095514
2016-07-29,1.7021,4.3901,9.18086090903785
2016-08-01,1.6667,4.3547,8.9899188514737
2016-08-02,1.6771,4.3651,9.04601482318746
2016-08-03,1.6796,4.3676,9.0594994317725
2016-08-04,1.6886,4.3766,9.108044022678639
2016-08-05,1.6817,4.3697,9.07082650298393
2016-08-08,1.6939,4.3819,9.13663139287892
2016-08-09,1.7182,4.4062,9.267701788325498
2016-08-10,1.7081,4.3961,9.213223969641941
2016-08-11,1.6948,4.3828,9.141485851969536
2016-08-12,1.703,4.391,9.185715368128465
2016-08-15,1.7325,4.4205,9.344833749431922
2016-08-16,1.7318,4.4198,9.34105805902811
2016-08-17,1.745,4.433,9.412256792357116
2016-08-18,1.7389,4.4269,9.37935434740962
2016-08-19,1.7381,4.4261,9.375039272662407
2016-08-22,1.7238,4.4118,9.297907311555985
2016-08-23,1.7264,4.4144,9.311931304484425
2016-08-24,1.719,4.407,9.272016863072711
2016-08-25,1.7065,4.3945,9.204593820147515
2016-08-26,1.7105,4.3985,9.226169193883578
2016-08-29,1.7098,4.3978,9.222393503479768
2016-08-30,1.7085,4.3965,9.215381507015548
2016-08-31,1.7087,4.3967,9.216460275702351
2016-09-01,1.6943,4.3823,9.138788930252526
2016-09-02,1.69,4.378,9.115595403486259
2016-09-05,1.696,4.384,9.147958464090353
2016-09-06,1.7132,4.4012,9.240732571155421
2016-09-07,1.7121,4.4001,9.234799343378002
2016-09-08,1.7151,4.4031,9.25098087368005
2016-09-09,1.7034,4.3914,9.187872905502067
2016-09-12,1.6689,4.3569,9.00178530702853
2016-09-13,1.6777,4.3657,9.049251129247866
2016-09-14,1.6689,4.3569,9.001785307028529
2016-09-19,1.6864,4.3744,9.0961775671238
2016-09-20,1.6851,4.3731,9.08916557065958
2016-09-21,1.6888,4.3768,9.109122791365438
2016-09-22,1.6954,4.3834,9.144722158029941
2016-09-23,1.6945,4.3825,9.139867698939327
2016-09-26,1.6749,4.3629,9.034148367632623
2016-09-27,1.6843,4.3723,9.084850495912368
2016-09-28,1.6885,4.3765,9.107504638335232
2016-09-29,1.6938,4.3818,9.136092008535515
2016-09-30,1.6998,4.3878,9.168455069139608
2016-10-10,1.7214,4.4094,9.284962087314344
2016-10-11,1.7247,4.4127,9.302761770646596
2016-10-12,1.7262,4.4142,9.31085253579762
2016-10-13,1.7215,4.4095,9.285501471657748
2016-10-14,1.7162,4.4042,9.256914101457465
2016-10-17,1.706,4.394,9.201896898430507
2016-10-18,1.7245,4.4125,9.301683001959793
2016-10-19,1.7158,4.4038,9.254756564083857
2016-10-20,1.7224,4.4104,9.290355930748358
2016-10-21,1.7161,4.4041,9.25637471711406
2016-10-24,1.727,4.415,9.31516761054483
2016-10-25,1.7297,4.4177,9.32973098781667
2016-10-26,1.7276,4.4156,9.318403916605238
2016-10-27,1.7286,4.4166,9.323797760039254
2016-10-28,1.7226,4.4106,9.291434699435161
2016-10-31,1.7151,4.4031,9.250980873680046
2016-11-01,1.7295,4.4175,9.32865221912987
2016-11-02,1.7211,4.4091,9.28334393428414
2016-11-03,1.723,4.411,9.293592236808768
2016-11-04,1.7142,4.4022,9.246126414589432
2016-11-07,1.7069,4.3949,9.206751357521119
2016-11-08,1.7132,4.4012,9.240732571155416
2016-11-09,1.7079,4.3959,9.212145200955133
2016-11-10,1.7207,4.4087,9.281186396910533
2016-11-11,1.7161,4.4041,9.256374717114062
2016-11-14,1.7158,4.4038,9.254756564083857
2016-11-15,1.7255,4.4135,9.307076845393809
2016-11-16,1.7251,4.4131,9.304919308020203
2016-11-17,1.7262,4.4142,9.310852535797618
2016-11-18,1.7213,4.4093,9.284422702970943
2016-11-21,1.7184,4.4064,9.268780557012297
2016-11-22,1.7234,4.4114,9.295749774182376
2016-11-23,1.7253,4.4133,9.305998076707006
2016-11-24,1.7292,4.4172,9.327034066099667
2016-11-25,1.734,4.422,9.352924514582943
2016-11-28,1.734,4.422,9.352924514582943
2016-11-29,1.7481,4.4361,9.428977707002561
2016-11-30,1.7419,4.4299,9.395535877711666
2016-12-01,1.7499,4.4379,9.43868662518379
2016-12-02,1.7272,4.4152,9.316246379231638
2016-12-05,1.7243,4.4123,9.300604233272992
2016-12-06,1.73,4.418,9.33134914084688
2016-12-07,1.7401,4.4281,9.385826959530437
2016-12-08,1.737,4.425,9.36910604488499
2016-12-09,1.7302,4.4182,9.332427909533685
2016-12-12,1.6702,4.3582,9.008797303492752
2016-12-13,1.6799,4.3679,9.061117584802703
2016-12-14,1.6689,4.3569,9.001785307028534
2016-12-15,1.6712,4.3592,9.01419114692677
2016-12-16,1.6803,4.3683,9.06327512217631
2016-12-19,1.6814,4.3694,9.06920834995373
2016-12-20,1.6758,4.3638,9.039002826723243
2016-12-21,1.6874,4.3754,9.101571410557822
2016-12-22,1.6845,4.3725,9.085929264599178
2016-12-23,1.6712,4.3592,9.014191146926771
2016-12-26,1.6708,4.3588,9.012033609553166
2016-12-27,1.67,4.358,9.007718534805953
2016-12-28,1.6596,4.3476,8.951622563092192
2016-12-29,1.6563,4.3443,8.93382287975994
2016-12-30,1.6631,4.3511,8.970501015111246
2016-12-31,1.663,4.351,8.969961630767845
2017-01-03,1.6777,4.3657,9.049251129247873
2017-01-04,1.7033,4.3913,9.18733352115867
2017-01-05,1.6999,4.3879,9.168994453483018
2017-01-06,1.6895,4.3775,9.112898481769257
2017-01-09,1.6913,4.3793,9.122607399950486
2017-01-10,1.6867,4.3747,9.097795720154014
2017-01-11,1.6701,4.3581,9.008257919149356
2017-01-12,1.6539,4.3419,8.920877655518304
2017-01-13,1.636,4.324,8.824327858049426
2017-01-16,1.6041,4.2921,8.652264252504331
2017-01-17,1.6165,4.3045,8.719147911086123
2017-01-18,1.6198,4.3078,8.736947594418375
2017-01-19,1.6186,4.3066,8.730474982297558
2017-01-20,1.6347,4.3227,8.81731586158521
2017-01-23,1.6393,4.3273,8.84212754138168
2017-01-24,1.6366,4.3246,8.82756416410984
2017-01-25,1.6435,4.3315,8.864781683804546
2017-01-26,1.6487,4.3367,8.892829669661428
2017-02-03,1.6438,4.3318,8.86639983683475
2017-02-06,1.648,4.336,8.889053979257616
2017-02-07,1.6387,4.3267,8.838891235321272
2017-02-08,1.6499,4.3379,8.899302281782246
2017-02-09,1.6545,4.3425,8.924113961578719
2017-02-10,1.654,4.342,8.92141703986171
2017-02-13,1.6686,4.3566,9.000167153998339
2017-02-14,1.6653,4.3533,8.982367470666087
2017-02-15,1.6565,4.3445,8.93490164844675
2017-02-16,1.6673,4.3553,8.993155157534119
2017-02-17,1.6623,4.3503,8.966185940364042
2017-02-20,1.692,4.38,9.126383090354302
2017-02-21,1.7016,4.3896,9.178163987320852
2017-02-22,1.7104,4.3984,9.22562980954019
2017-02-23,1.7068,4.3948,9.206211973177734
2017-02-24,1.7065,4.3945,9.204593820147528
2017-02-27,1.6971,4.3851,9.153891691867782
2017-02-28,1.7025,4.3905,9.183018446411465
2017-03-01,1.7045,4.3925,9.193806133279496
2017-03-02,1.6974,4.3854,9.155509844897987
2017-03-03,1.7062,4.3942,9.202975667117322
2017-03-06,1.7265,4.4145,9.312470688827839
2017-03-07,1.7429,4.4309,9.400929721145692
2017-03-08,1.7459,4.4339,9.41711125144774
2017-03-09,1.7334,4.4214,9.349688208522545
2017-03-10,1.7413,4.4293,9.39229957165127
2017-03-13,1.7619,4.4499,9.50341274639199
2017-03-14,1.7462,4.4342,9.418729404477947
2017-03-15,1.7469,4.4349,9.422505094881757
2017-03-16,1.7483,4.4363,9.430056475689378
2017-03-17,1.7396,4.4276,9.383130037813443
2017-03-20,1.7503,4.4383,9.44084416255741
2017-03-21,1.7708,4.4588,9.551417952954727
2017-03-22,1.7775,4.4655,9.587556703962631
2017-03-23,1.7914,4.4794,9.662531127695448
2017-03-24,1.791,4.479,9.660373590321841
2017-03-27,1.7637,4.4517,9.513121664573218
2017-03-28,1.7627,4.4507,9.507727821139202
2017-03-29,1.7659,4.4539,9.524988120128054
2017-03-30,1.7516,4.4396,9.447856159021631
2017-03-31,1.769,4.457,9.5417090347735
2017-04-05,1.7959,4.4839,9.686803423148518
2017-04-06,1.797,4.485,9.692736650925935
2017-04-07,1.7975,4.4855,9.695433572642944
2017-04-10,1.7838,4.4718,9.62153791759693
2017-04-11,1.7754,4.4634,9.576229632751199
2017-04-12,1.7726,4.4606,9.561126871135954
2017-04-13,1.7835,4.4715,9.619919764566726
2017-04-14,1.7638,4.4518,9.51366104891662
2017-04-17,1.764,4.452,9.514739817603422
2017-04-18,1.7833,4.4713,9.618840995879923
2017-04-19,1.7803,4.4683,9.602659465577876
2017-04-20,1.8012,4.4892,9.715390793348801
2017-04-21,1.7921,4.4801,9.66630681809926
2017-04-24,1.7571,4.4451,9.477522297908717
2017-04-25,1.7759,4.4639,9.578926554468207
2017-04-26,1.7696,4.4576,9.544945340833909
2017-04-27,1.7753,4.4633,9.575690248407797
2017-04-28,1.7717,4.4597,9.556272412045342
2017-05-02,1.7761,4.4641,9.58000532315501
2017-05-03,1.775,4.463,9.574072095377593
2017-05-04,1.7677,4.4557,9.53469703830928
2017-05-05,1.747,4.435,9.42304447922516
2017-05-08,1.7247,4.4127,9.302761770646612
2017-05-09,1.7317,4.4197,9.340518674684722
2017-05-10,1.7207,4.4087,9.28118639691055
2017-05-11,1.731,4.419,9.336742984280912
2017-05-12,1.7369,4.4249,9.368566660541605
2017-05-15,1.7522,4.4402,9.451092465082043
2017-05-16,1.787,4.475,9.638798216585784
2017-05-17,1.7747,4.4627,9.572453942347392
2017-05-18,1.763,4.451,9.50934597416941
2017-05-19,1.7599,4.4479,9.492625059523961
2017-05-22,1.7549,4.4429,9.465655842353883
2017-05-23,1.7508,4.4388,9.443541084274418
2017-05-24,1.745,4.433,9.412256792357129
2017-05-25,1.7497,4.4377,9.437607856497001
2017-05-26,1.7504,4.4384,9.441383546900813
2017-05-31,1.7495,4.4375,9.436529087810198
2017-06-01,1.7379,4.4259,9.373960503975617
2017-06-02,1.7412,4.4292,9.391760187307868
2017-06-05,1.7474,4.4354,9.425202016598766
2017-06-06,1.7648,4.4528,9.519054892350635
2017-06-07,1.7994,4.4874,9.705681875167572
2017-06-08,1.8138,4.5018,9.783353220617396
2017-06-09,1.8196,4.5076,9.814637512534686
2017-06-12,1.8172,4.5052,9.801692288293047
2017-06-13,1.8262,4.5142,9.850236879199187
2017-06-14,1.8155,4.5035,9.79252275445522
2017-06-15,1.8232,4.5112,9.83405534889714
2017-06-16,1.8297,4.5177,9.869115331218241
2017-06-19,1.8385,4.5265,9.916581153437578
2017-06-20,1.8351,4.5231,9.898242085761924
2017-06-21,1.8578,4.5458,10.020682331714077
2017-06-22,1.8385,4.5265,9.916581153437578
2017-06-23,1.8542,4.5422,10.001264495351622
2017-06-26,1.888,4.576,10.183576403421347
2017-06-27,1.8899,4.5779,10.193824705945975
2017-06-28,1.871,4.559,10.091881065043083
2017-06-29,1.8769,4.5649,10.123704741303776
2017-06-30,1.8873,4.5753,10.179800713017539
2017-07-03,1.8847,4.5727,10.165776720089099
2017-07-04,1.8703,4.5583,10.088105374639275
2017-07-05,1.8839,4.5719,10.161461645341886
2017-07-06,1.8935,4.5815,10.213242542308434
2017-07-07,1.8863,4.5743,10.174406869583523
2017-07-10,1.8693,4.5573,10.082711531205257
2017-07-11,1.8619,4.5499,10.042797089793543
2017-07-12,1.8516,4.5396,9.987240502423182
2017-07-13,1.8512,4.5392,9.985082965049576
2017-07-14,1.8407,4.5287,9.928447608992414
2017-07-17,1.8034,4.4914,9.727257248903634
2017-07-18,1.8102,4.4982,9.76393538425494
2017-07-19,1.8247,4.5127,9.842146114048166
2017-07-20,1.8384,4.5264,9.916041769094178
2017-07-21,1.8401,4.5281,9.925211302932004
2017-07-24,1.8478,4.5358,9.966743897373924
2017-07-25,1.8432,4.5312,9.941932217577452
2017-07-26,1.8214,4.5094,9.824346430715915
2017-07-27,1.8302,4.5182,9.871812252935253
2017-07-28,1.8396,4.5276,9.922514381215
2017-07-31,1.8369,4.5249,9.90795100394316
2017-08-01,1.8347,4.5227,9.896084548388325
2017-08-02,1.8271,4.5151,9.855091338289807
2017-08-03,1.82,4.508,9.816795049908297
2017-08-04,1.8127,4.5007,9.777419992839983
2017-08-07,1.8288,4.5168,9.864260872127634
2017-08-08,1.8257,4.5137,9.847539957482185
2017-08-09,1.8381,4.5261,9.91442361606398
2017-08-10,1.8337,4.5217,9.890690704954311
2017-08-11,1.8154,4.5034,9.791983370111826
2017-08-14,1.8592,4.5472,10.028233712521708
2017-08-15,1.8644,4.5524,10.056281698378589
2017-08-16,1.866,4.554,10.064911847873013
2017-08-17,1.8708,4.5588,10.090802296356287
2017-08-18,1.8746,4.5626,10.111298901405545
2017-08-21,1.8864,4.5744,10.17494625392693
2017-08-22,1.8845,4.5725,10.1646979514023
2017-08-23,1.8709,4.5589,10.091341680699689
2017-08-24,1.8606,4.5486,10.035785093329329
2017-08-25,1.8678,4.5558,10.07462076605424
2017-08-28,1.8815,4.5695,10.148516421100254
2017-08-29,1.8805,4.5685,10.14312257766624
2017-08-30,1.8868,4.5748,10.177103791300537
2017-08-31,1.8974,4.5854,10.2342785317011
2017-09-01,1.9188,4.6068,10.349706781189035
2017-09-04,1.9358,4.6238,10.441402119567298
2017-09-05,1.9522,4.6402,10.529861151885154
2017-09-06,1.9526,4.6406,10.53201868925876
2017-09-07,1.9448,4.6328,10.489946710473438
2017-09-08,1.9475,4.6355,10.504510087745281
2017-09-11,1.9645,4.6525,10.596205426123545
2017-09-12,1.9499,4.6379,10.517455311986918
2017-09-13,1.9645,4.6525,10.596205426123545
2017-09-14,1.9575,4.6455,10.558448522085436
2017-09-15,1.9622,4.6502,10.58379958622531
2017-09-18,1.98,4.668,10.679809999350786
2017-09-19,1.9718,4.6598,10.635580483191859
2017-09-20,1.9944,4.6824,10.757481344800611
2017-09-21,1.9831,4.6711,10.696530913996236
2017-09-22,1.9825,4.6705,10.693294607935826
2017-09-25,1.9816,4.6696,10.688440148845213
2017-09-26,1.9729,4.6609,10.641513710969278
2017-09-27,1.9807,4.6687,10.683585689754597
2017-09-28,1.994,4.682,10.755323807427004
2017-09-29,2.012,4.7,10.852412989239284
2017-10-09,2.0353,4.7233,10.978089541251846
2017-10-10,2.04,4.728,11.00344060539172
2017-10-11,2.0602,4.7482,11.112396242758836
2017-10-12,2.0592,4.7472,11.107002399324822
2017-10-13,2.0672,4.7552,11.150153146796946
2017-10-16,2.0704,4.7584,11.167413445785794
2017-10-17,2.0836,4.7716,11.238612179114801
2017-10-18,2.0836,4.7716,11.238612179114801
2017-10-19,2.0791,4.7671,11.214339883661731
2017-10-20,2.075,4.763,11.192225125582269
2017-10-23,2.0974,4.7854,11.313047218504215
2017-10-24,2.1011,4.7891,11.333004439210073
2017-10-25,2.1188,4.8068,11.428475467992145
2017-10-26,2.1208,4.8088,11.439263154860178
2017-10-27,2.1386,4.8266,11.535273567985653
2017-10-30,2.1141,4.8021,11.403124403852273
2017-10-31,2.1169,4.8049,11.418227165467513
2017-11-01,2.1075,4.7955,11.367525037187768
2017-11-02,2.0979,4.7859,11.31574414022122
2017-11-03,2.0943,4.7823,11.296326303858764
2017-11-06,2.1356,4.8236,11.519092037683608
2017-11-07,2.1415,4.8295,11.550915713944299
2017-11-08,2.1285,4.8165,11.480795749302095
2017-11-09,2.1466,4.8346,11.578424315457777
2017-11-10,2.1877,4.8757,11.800111280595816
2017-11-13,2.2023,4.8903,11.878861394732445
2017-11-14,2.1719,4.8599,11.714888554338371
2017-11-15,2.1585,4.8465,11.642611052322565
2017-11-16,2.1915,4.8795,11.820607885645076
2017-11-17,2.1514,4.8394,11.604314763941055
2017-11-20,2.1826,4.8706,11.77260267908234
2017-11-21,2.2149,4.9029,11.946823822001042
2017-11-22,2.195,4.883,11.83948633766413
2017-11-23,2.1213,4.8093,11.441960076577185
2017-11-24,2.1056,4.7936,11.35727673466314
2017-11-27,2.0669,4.7549,11.148534993766738
2017-11-28,2.1008,4.7888,11.331386286179866
2017-11-29,2.095,4.783,11.300101994262576
2017-11-30,2.0741,4.7621,11.18737066649165
2017-12-01,2.1027,4.7907,11.341634588704496
2017-12-04,2.1016,4.7896,11.335701360927079
2017-12-05,2.0614,4.7494,11.118868854879654
2017-12-06,2.0682,4.7562,11.155546990230961
2017-12-07,2.0467,4.7347,11.039579356399626
2017-12-08,2.0749,4.7629,11.191685741238864
2017-12-11,2.1289,4.8169,11.482953286675702
2017-12-12,2.1226,4.8106,11.448972073041405
2017-12-13,2.1407,4.8287,11.546600639197086
2017-12-14,2.1448,4.8328,11.568715397276552
2017-12-15,2.1194,4.8074,11.431711774052557
2017-12-18,2.1062,4.7942,11.36051304072355
2017-12-19,2.1332,4.8212,11.50614681344197
2017-12-20,2.1382,4.8262,11.533116030612048
2017-12-21,2.1567,4.8447,11.632902134141336
2017-12-22,2.1528,4.8408,11.611866144748676
2017-12-25,2.1364,4.8244,11.52340711243082
2017-12-26,2.1239,4.8119,11.455984069505625
2017-12-27,2.0868,4.7748,11.255872478103651
2017-12-28,2.1027,4.7907,11.341634588704496
2017-12-29,2.1251,4.8131,11.462456681626445
2017-12-31,2.1249,4.8129,11.46137791293964
2018-01-02,2.1506,4.8386,11.599999689193838
2018-01-03,2.1673,4.8553,11.6900768745419
2018-01-04,2.1775,4.8655,11.74509407756886
2018-01-05,2.1758,4.8638,11.735924543731032
2018-01-08,2.1626,4.8506,11.664725810402025
2018-01-09,2.1789,4.8669,11.752645458376481
2018-01-10,2.1777,4.8657,11.746172846255662
2018-01-11,2.172,4.86,11.715427938681772
2018-01-12,2.1815,4.8695,11.766669451304919
2018-01-15,2.1545,4.8425,11.621035678586498
2018-01-16,2.1593,4.8473,11.646926127069772
2018-01-17,2.1443,4.8323,11.566018475559538
2018-01-18,2.1438,4.8318,11.563321553842531
2018-01-19,2.1306,4.8186,11.492122820513524
2018-01-22,2.1847,4.8727,11.783929750293765
2018-01-23,2.2047,4.8927,11.891806618974076
2018-01-24,2.2012,4.8892,11.872928166955024
2018-01-25,2.1852,4.8732,11.786626672010776
2018-01-26,2.1853,4.8733,11.787166056354177
2018-01-29,2.1449,4.8329,11.56925478161995
2018-01-30,2.1413,4.8293,11.549836945257496
2018-01-31,2.1277,4.8157,11.476480674554884
2018-02-01,2.0945,4.7825,11.297405072545567
2018-02-02,2.1153,4.8033,11.40959701597309
2018-02-05,2.0765,4.7645,11.200315890733284
2018-02-06,1.9896,4.6776,10.731590896317336
2018-02-07,1.9602,4.6482,10.573011899357278
2018-02-08,1.9927,4.6807,10.748311810962782
2018-02-09,1.9436,4.6316,10.48347409835262
2018-02-12,2.014,4.702,10.863200676107315
2018-02-13,2.0346,4.7226,10.974313850848038
2018-02-14,2.047,4.735,11.041197509429832
2018-02-22,2.0943,4.7823,11.296326303858768
2018-02-23,2.0884,4.7764,11.264502627598077
2018-02-26,2.1371,4.8251,11.527182802834636
2018-02-27,2.1285,4.8165,11.4807957493021
2018-02-28,2.1226,4.8106,11.448972073041409
2018-03-01,2.1449,4.8329,11.569254781619955
2018-03-02,2.1261,4.8141,11.467850525060465
2018-03-05,2.1264,4.8144,11.469468678090669
2018-03-06,2.1564,4.8444,11.631283981111137
2018-03-07,2.1393,4.8273,11.53904925838947
2018-03-08,2.1607,4.8487,11.654477507877402
2018-03-09,2.1942,4.8822,11.835171262916925
2018-03-12,2.2244,4.9124,11.998065334624197
2018-03-13,2.2102,4.8982,11.921472757861176
2018-03-14,2.1904,4.8784,11.814674657867668
2018-03-15,2.199,4.887,11.861061711400202
2018-03-16,2.1693,4.8573,11.70086456140994
2018-03-19,2.183,4.871,11.774760216455954
2018-03-20,2.2045,4.8925,11.890727850287288
2018-03-21,2.1772,4.8652,11.743475924538664
2018-03-22,2.1532,4.8412,11.61402368212229
2018-03-23,2.0704,4.7584,11.167413445785801
2018-03-26,2.1016,4.7896,11.335701360927088
2018-03-27,2.1354,4.8234,11.518013268996814
2018-03-28,2.1125,4.8005,11.394494254357856
2018-03-29,2.1213,4.8093,11.441960076577194
2018-03-30,2.1562,4.8442,11.630205212424338
2018-04-02,2.058,4.846,11.639914130605565
2018-04-03,2.0374,4.8254,11.523401870600475
2018-04-04,2.0191,4.8071,11.419898260984302
2018-04-09,2.0203,4.8083,11.426685382926348
2018-04-10,2.0514,4.8394,11.602584959924323
2018-04-11,2.0679,4.8559,11.695907886627428
2018-04-12,2.0605,4.8485,11.654053967984826
2018-04-13,2.042,4.83,11.549419171378311
2018-04-16,2.0457,4.8337,11.570346130699615
2018-04-17,2.0033,4.7913,11.330534488747391
2018-04-18,2.0172,4.8052,11.40915198457607
2018-04-19,2.0321,4.8201,11.49342541535645
2018-04-20,1.9956,4.7836,11.286983789619278
2018-04-23,1.9714,4.7594,11.150110163788055
2018-04-24,2.0374,4.8254,11.523401870600477
2018-04-25,2.0569,4.8449,11.633692602158694
2018-04-26,2.0054,4.7934,11.342411952145968
2018-04-27,2.0121,4.8001,11.380306716322384
2018-05-02,2.0253,4.8133,11.454965057684868
2018-05-03,2.0496,4.8376,11.592404277011259
2018-05-04,2.0535,4.8415,11.614462423322903
2018-05-07,2.0866,4.8746,11.801673870224283
2018-05-08,2.0992,4.8872,11.87293865061575
2018-05-09,2.0986,4.8866,11.869545089644726
2018-05-10,2.1127,4.9007,11.949293772463742
2018-05-11,2.0871,4.8751,11.804501837700137
2018-05-14,2.0927,4.8807,11.836175073429674
2018-05-15,2.1316,4.9196,12.056190943050938
2018-05-16,2.1248,4.9128,12.017730585379354
2018-05-17,2.1007,4.8887,11.8814225530433
2018-05-18,2.1134,4.9014,11.953252926929935
2018-05-21,2.1419,4.9299,12.114447073053482
2018-05-22,2.1523,4.9403,12.173268796551195
2018-05-23,2.1248,4.9128,12.017730585379352
2018-05-24,2.1201,4.9081,11.991147691106345
2018-05-25,2.1052,4.8932,11.906874260325965
2018-05-28,2.1077,4.8957,11.921014097705223
2018-05-29,2.0534,4.8414,11.613896829827729
2018-05-30,2.0301,4.8181,11.482113545453041
2018-05-31,2.0705,4.8585,11.710613317501856
2018-06-01,2.0327,4.8207,11.49681897632747
2018-06-04,2.05,4.838,11.594666650991938
2018-06-05,2.098,4.886,11.8661515286737
2018-06-06,2.1115,4.8995,11.942506650521697
2018-06-07,2.0922,4.8802,11.833347105953822
2018-06-08,2.0848,4.8728,11.791493187311216
2018-06-11,2.0544,4.8424,11.619552764779433
2018-06-12,2.0937,4.8817,11.841831008381376
2018-06-13,2.0683,4.8563,11.698170260608109
2018-06-14,2.0545,4.8425,11.620118358274603
2018-06-15,2.022,4.81,11.436300472344241
2018-06-19,1.9345,4.7225,10.941406164070198
2018-06-20,1.9678,4.7558,11.129748797961922
2018-06-21,1.9399,4.7279,10.971948212809398
2018-06-22,1.9554,4.7434,11.059615204560801
2018-06-25,1.9364,4.7244,10.952152440478436
2018-06-26,1.9332,4.7212,10.934053448632985
2018-06-27,1.8804,4.6684,10.635420083183048
2018-06-28,1.8731,4.6611,10.594131758035612
2018-06-29,1.9472,4.7352,11.013236537956832
2018-06-30,1.9471,4.7351,11.01267094446166
2018-07-02,1.9198,4.7078,10.858263920280157
2018-07-03,1.9245,4.7125,10.884846814553164
2018-07-04,1.9046,4.6926,10.772293709014267
2018-07-05,1.869,4.657,10.570942424733627
2018-07-06,1.8787,4.6667,10.62580499376515
2018-07-09,1.9222,4.7102,10.871838164164249
2018-07-10,1.9309,4.7189,10.921044798244068
2018-07-11,1.9075,4.6955,10.78869592037421
2018-07-12,1.9648,4.7528,11.112780993106814
2018-07-13,2.0048,4.7928,11.339018391174948
2018-07-16,2.0035,4.7915,11.331665675737733
2018-07-17,1.9957,4.7837,11.287549383114447
2018-07-18,1.9784,4.7664,11.189701708449979
2018-07-19,1.9686,4.7566,11.134273545923286
2018-07-20,1.9846,4.7726,11.22476850515054
2018-07-23,1.951,4.739,11.034729090773308
2018-07-24,1.981,4.769,11.204407139324408
2018-07-25,1.9907,4.7787,11.25926970835593
2018-07-26,1.9492,4.7372,11.024548407860241
2018-07-27,1.9377,4.7257,10.959505155915652
2018-07-30,1.9155,4.7035,10.833943399987838
2018-07-31,1.9066,4.6946,10.783605578917678
2018-08-01,1.8852,4.6732,10.662568570951224
2018-08-02,1.8585,4.6465,10.511555107740744
2018-08-03,1.815,4.603,10.265521937341646
2018-08-06,1.7658,4.5538,9.98724993771784
2018-08-07,1.823,4.611,10.310769416955273
2018-08-08,1.7839,4.5719,10.08962236034367
2018-08-09,1.8382,4.6262,10.396739628221162
2018-08-10,1.8479,4.6359,10.451602197252685
2018-08-13,1.8573,4.6453,10.504767985798695
2018-08-14,1.8531,4.6411,10.481013059001542
2018-08-15,1.8103,4.5983,10.238939043068637
2018-08-16,1.7877,4.5757,10.111114913160142
2018-08-17,1.7406,4.5286,9.844720376934912
2018-08-20,1.7468,4.5348,9.879787173635473
2018-08-21,1.7864,4.5744,10.103762197722927
2018-08-22,1.7735,4.5615,10.030800636845955
2018-08-23,1.7841,4.5721,10.09075354733401
2018-08-24,1.7867,4.5747,10.10545897820844
2018-08-27,1.8382,4.6262,10.396739628221164
2018-08-28,1.8451,4.6331,10.435765579387919
2018-08-29,1.8261,4.6141,10.328302815305555
2018-08-30,1.8057,4.5937,10.212921742290806
2018-08-31,1.7865,4.5745,10.1043277912181
2018-09-03,1.7858,4.5738,10.10036863675191
2018-09-04,1.8079,4.5959,10.225364799184556
2018-09-05,1.7686,4.5566,10.003086555582613
2018-09-06,1.7445,4.5325,9.86677852324656
2018-09-07,1.7403,4.5283,9.843023596449408
2018-09-10,1.7073,4.4953,9.656377743043196
2018-09-11,1.7023,4.4903,9.628098068284677
2018-09-12,1.6851,4.4731,9.53081598711538
2018-09-13,1.6934,4.4814,9.577760247214519
2018-09-14,1.6855,4.4735,9.533078361096061
2018-09-17,1.6593,4.4473,9.384892865361433
2018-09-18,1.7027,4.4907,9.63036044226536
2018-09-19,1.7291,4.5171,9.77967712499033
2018-09-20,1.727,4.515,9.767799661591754
2018-09-21,1.7685,4.5565,10.002520962087443
2018-09-25,1.7559,4.5439,9.93125618169598
2018-09-26,1.775,4.563,10.039284539273513
2018-09-27,1.7617,4.5497,9.964060604415858
2018-09-28,1.7787,4.5667,10.060211498594814
2018-10-08,1.6948,4.4828,9.5856785561469
2018-10-09,1.6916,4.4796,9.567579564301449
2018-10-10,1.6853,4.4733,9.531947174105717
2018-10-11,1.5921,4.3801,9.004814036606962
2018-10-12,1.6177,4.4057,9.149605971370569
2018-10-15,1.5927,4.3807,9.008207597577986
2018-10-16,1.5667,4.3547,8.861153288833698
2018-10-17,1.5705,4.3585,8.882645841650172
2018-10-18,1.532,4.32,8.664892346009593
2018-10-19,1.5836,4.3716,8.956738589517485
2018-10-22,1.6565,4.4445,9.369056247496664
2018-10-23,1.6169,4.4049,9.145081223409209
2018-10-24,1.5964,4.3844,9.02913455689929
2018-10-25,1.5809,4.3689,8.941467565147887
2018-10-26,1.5657,4.3537,8.855497353881997
2018-10-29,1.5165,4.3045,8.57722535425819
2018-10-30,1.5276,4.3156,8.640006232222099
2018-10-31,1.5569,4.3449,8.805725126307008
2018-11-01,1.576,4.364,8.913753483884545
2018-11-02,1.6411,4.4291,9.281954849240435
2018-11-05,1.63,4.418,9.219173971276527
2018-11-06,1.622,4.41,9.173926491662902
2018-11-07,1.6146,4.4026,9.132072573020297
2018-11-08,1.5992,4.3872,9.044971174764065
2018-11-09,1.5865,4.3745,8.973140800877433
2018-11-12,1.6175,4.4055,9.148474784380237
2018-11-13,1.637,4.425,9.258765515938453
2018-11-14,1.6204,4.4084,9.164876995740178
2018-11-15,1.6393,4.4273,9.271774166327372
2018-11-16,1.6449,4.4329,9.30344740205691
2018-11-19,1.6413,4.4293,9.28308603623078
2018-11-20,1.5994,4.3874,9.046102361754407
2018-11-21,1.6032,4.3912,9.06759491457088
2018-11-22,1.5971,4.3851,9.033093711365488
2018-11-23,1.5599,4.3479,8.822692931162123
2018-11-26,1.5499,4.3379,8.76613358164509
2018-11-27,1.5595,4.3475,8.820430557181442
2018-11-28,1.5787,4.3667,8.929024508254146
2018-11-29,1.5577,4.3457,8.810249874268376
2018-11-30,1.5718,4.3598,8.889998557087395
2018-12-03,1.6242,4.4122,9.186369548556653
2018-12-04,1.6291,4.4171,9.21408362982
2018-12-05,1.6222,4.4102,9.175057678653246
2018-12-06,1.5856,4.3736,8.968050459420901
2018-12-07,1.5838,4.3718,8.957869776507836
2018-12-10,1.5697,4.3577,8.878121093688819
2018-12-11,1.5778,4.3658,8.923934166797617
2018-12-12,1.576,4.364,8.91375348388455
2018-12-13,1.6014,4.3894,9.057414231657816
2018-12-14,1.5759,4.3639,8.91318789038938
2018-12-17,1.5548,4.3428,8.793847662908439
2018-12-18,1.5416,4.3296,8.719189321545954
2018-12-19,1.5129,4.3009,8.556863988432067
2018-12-20,1.5059,4.2939,8.517272443770144
2018-12-21,1.4876,4.2756,8.413768834153972
2018-12-24,1.5069,4.2949,8.522928378721847
2018-12-25,1.4993,4.2873,8.479943273088903
2018-12-26,1.4896,4.2776,8.42508070405738
2018-12-27,1.4768,4.2648,8.352684736675576
2018-12-28,1.4803,4.2683,8.372480509006538
2018-12-31,1.4801,4.2681,8.371349322016197
2019-01-02,1.4532,4.2412,8.219204671815376
2019-01-03,1.436,4.224,8.121922590646077
2019-01-04,1.4701,4.2581,8.314789972499163
2019-01-07,1.4853,4.2733,8.400760183765055
2019-01-08,1.4828,4.2708,8.386620346385795
2019-01-09,1.4995,4.2875,8.481074460079244
2019-01-10,1.499,4.287,8.478246492603393
2019-01-11,1.5087,4.2967,8.533109061634915
2019-01-14,1.4951,4.2831,8.45618834629175
2019-01-15,1.5256,4.3136,8.628694362318704
2019-01-16,1.5327,4.3207,8.668851500475798
2019-01-17,1.5184,4.3064,8.58797163066644
2019-01-18,1.5363,4.3243,8.689212866301931
2019-01-21,1.5437,4.3317,8.731066784944536
2019-01-22,1.5261,4.3141,8.631522329794556
2019-01-23,1.5331,4.3211,8.67111387445648
2019-01-24,1.5424,4.3304,8.723714069507324
2019-01-25,1.5562,4.3442,8.801765971840831
2019-01-28,1.554,4.342,8.789322914947084
2019-01-29,1.5565,4.3445,8.803462752326341
2019-01-30,1.5459,4.3339,8.743509841838286
2019-01-31,1.5501,4.3381,8.76726476863544
2019-02-01,1.5849,4.3729,8.964091304954719
2019-02-11,1.6174,4.4054,9.14790919088508
2019-02-12,1.6373,4.4253,9.260462296423979
2019-02-13,1.6645,4.4525,9.414303727110314
2019-02-14,1.6725,4.4605,9.45955120672394
2019-02-15,1.6466,4.4346,9.313062491474822
2019-02-18,1.7024,4.4904,9.628663661779871
2019-02-19,1.6971,4.4851,9.598687206535844
2019-02-20,1.6954,4.4834,9.589072117117949
2019-02-21,1.6818,4.4698,9.512151401774783
2019-02-22,1.7137,4.5017,9.692575726734121
2019-02-25,1.7961,4.5841,10.158624766754482
2019-02-26,1.78,4.568,10.067564214032057
2019-02-27,1.7679,4.5559,9.999127401116446
2019-02-28,1.807,4.595,10.220274457728047
2019-03-01,1.8306,4.6186,10.353754522588249
2019-03-04,1.856,4.644,10.497415270361516
2019-03-05,1.8743,4.6623,10.600918879977689
2019-03-06,1.8714,4.6594,10.584516668617749
2019-03-07,1.8587,4.6467,10.512686294731115
2019-03-08,1.8185,4.6065,10.285317709672638
2019-03-11,1.8878,4.6758,10.677274001825683
2019-03-12,1.9109,4.6989,10.807926099210034
2019-03-13,1.8971,4.6851,10.729874196876526
2019-03-14,1.876,4.664,10.610533969395583
2019-03-15,1.9284,4.7164,10.906904960864841
2019-03-18,1.9833,4.7713,11.217415789713357
2019-03-19,1.9858,4.7738,11.231555627092614
2019-03-20,1.9774,4.7654,11.184045773498307
2019-03-21,1.9825,4.7705,11.212891041751993
2019-03-22,1.9944,4.7824,11.280196667677265
2019-03-25,1.9638,4.7518,11.107125058155141
2019-03-26,1.9399,4.7279,10.97194821280943
2019-03-27,1.9753,4.7633,11.172168310099732
2019-03-28,1.9576,4.7456,11.072058261454583
2019-03-29,2.0259,4.8139,11.458358618655925
2019-04-01,2.0867,4.8747,11.802239463719493
2019-04-02,2.0927,4.8807,11.836175073429711
2019-04-03,2.1045,4.8925,11.902915105859812
2019-04-04,2.1158,4.9038,11.966827170814062
2019-04-08,2.1265,4.9145,12.027345674797289
2019-04-09,2.1238,4.9118,12.01207465042769
2019-04-10,2.1364,4.9244,12.083339430819152
2019-04-11,2.0782,4.8662,11.754164016630012
2019-04-12,2.0658,4.8538,11.68403042322889
2019-04-15,2.0537,4.8417,11.61559361031328
2019-04-16,2.0907,4.8787,11.824863203526304
2019-04-17,2.0945,4.8825,11.846355756342778
2019-04-18,2.0874,4.8754,11.806198618185684
2019-04-19,2.1138,4.9018,11.955515300910653
2019-04-22,2.0748,4.8628,11.734933837794221
2019-04-23,2.0724,4.8604,11.721359593910133
2019-04-24,2.0806,4.8686,11.7677382605141
2019-04-25,2.0464,4.8344,11.574305285165845
2019-04-26,2.0339,4.8219,11.503606098269552
2019-04-29,2.0605,4.8485,11.654053967984863
2019-04-30,2.0697,4.8577,11.706088569540533
2019-05-06,1.949,4.737,11.023417220869932
2019-05-07,1.9688,4.7568,11.13540473291366
2019-05-08,1.9427,4.7307,10.987784830674201
2019-05-09,1.9034,4.6914,10.765506587072256
2019-05-10,1.9837,4.7717,11.21967816369404
2019-05-13,1.9702,4.7582,11.143323041846044
2019-05-14,1.9567,4.7447,11.066967919998048
2019-05-15,2.0009,4.7889,11.316960244863338
2019-05-16,2.0223,4.8103,11.437997252829788
2019-05-17,1.9694,4.7574,11.138798293884678
2019-05-20,1.9407,4.7287,10.97647296077079
2019-05-21,1.9684,4.7564,11.133142358932975
2019-05-22,1.9693,4.7573,11.138232700389509
2019-05-23,1.9195,4.7075,10.856567139794679
2019-05-24,1.9219,4.7099,10.870141383678767
2019-05-27,1.9507,4.7387,11.033032310287828
2019-05-28,1.9565,4.7445,11.065836733007705
2019-05-29,1.9577,4.7457,11.07262385494975
2019-05-30,1.9476,4.7356,11.015498911937547
2019-05-31,1.9456,4.7336,11.00418704203414
2019-06-03,1.9445,4.7325,10.997965513587264
2019-06-04,1.923,4.711,10.876362912125641
2019-06-05,1.9102,4.6982,10.803966944743838
2019-06-06,1.8911,4.6791,10.695938587166303
2019-06-10,1.9197,4.7077,10.85769832678502
2019-06-11,1.9832,4.7712,11.216850196218186
2019-06-12,1.9638,4.7518,11.10712505815514
2019-06-13,1.9634,4.7514,11.104862684174458
2019-06-14,1.9432,4.7312,10.99061279815005
2019-06-17,1.9386,4.7266,10.964595497372214
2019-06-18,1.9449,4.7329,11.000227887567945
2019-06-19,1.9732,4.7612,11.160290846701152
2019-06-20,2.0265,4.8145,11.461752179626941
2019-06-21,2.0386,4.8266,11.530188992542554
2019-06-24,2.0419,4.8299,11.548853577883174
2019-06-25,2.0269,4.8149,11.46401455360762
2019-06-26,2.0319,4.8199,11.492294228366138
2019-06-27,2.0667,4.8547,11.689120764685416
2019-06-28,2.0636,4.8516,11.671587366335135
2019-06-30,2.0634,4.8514,11.670456179344795
2019-07-01,2.1349,4.9229,12.074855528391588
2019-07-02,2.1562,4.9442,12.19532694286287
2019-07-03,2.1265,4.9145,12.02734567479728
2019-07-04,2.0996,4.8876,11.875201024596459
2019-07-05,2.1278,4.9158,12.034698390234496
2019-07-08,2.0819,4.8699,11.77509097595131
2019-07-09,2.0761,4.8641,11.742286553231429
2019-07-10,2.0697,4.8577,11.706088569540528
2019-07-11,2.0677,4.8557,11.694776699637119
2019-07-12,2.0721,4.8601,11.719662813424613
2019-07-15,2.0911,4.8791,11.82712557750698
2019-07-16,2.0697,4.8577,11.706088569540528
2019-07-17,2.0774,4.8654,11.749639268668645
2019-07-18,2.0511,4.8391,11.600888179438845
2019-07-19,2.0557,4.8437,11.62690548021668
2019-07-22,2.0461,4.8341,11.572608504680327
2019-07-23,2.0563,4.8443,11.630299041187701
2019-07-24,2.0858,4.8738,11.797149122262951
2019-07-25,2.1086,4.8966,11.92610443916179
2019-07-26,2.1187,4.9067,11.983229382173995
2019-07-29,2.1199,4.9079,11.990016504116038
2019-07-30,2.1266,4.9146,12.027911268292451
2019-07-31,2.1076,4.8956,11.920448504210087
2019-08-01,2.0933,4.8813,11.83956863440073
2019-08-02,2.0792,4.8672,11.759819951581711
2019-08-05,2.0367,4.8247,11.519442716134316
2019-08-06,2.0241,4.8121,11.448177935742851
2019-08-07,2.0122,4.8002,11.380872309817583
2019-08-08,2.0502,4.8382,11.59579783798231
2019-08-09,2.0402,4.8282,11.539238488465278
2019-08-12,2.0804,4.8684,11.766607073523755
2019-08-13,2.0662,4.8542,11.686292797209566
2019-08-14,2.0831,4.8711,11.781878097893355
2019-08-15,2.094,4.882,11.843527788866922
2019-08-16,2.1059,4.8939,11.910833414792194
2019-08-19,2.164,4.952,12.23944323548616
2019-08-20,2.1688,4.9568,12.266591723254335
2019-08-21,2.1663,4.9543,12.252451885875075
2019-08-22,2.175,4.963,12.301658519954893
2019-08-23,2.1918,4.9798,12.396678227143513
2019-08-26,2.167,4.955,12.256411040341266
2019-08-27,2.2018,4.9898,12.453237576660547
2019-08-28,2.1967,4.9847,12.424392308406858
2019-08-29,2.2035,4.9915,12.462852666078442
2019-08-30,2.2133,5.0013,12.518280828605134
2019-09-02,2.2446,5.0326,12.695311592593454
2019-09-03,2.2575,5.0455,12.768273153470425
2019-09-04,2.27,5.058,12.838972340366718
2019-09-05,2.2874,5.0754,12.937385608526357
2019-09-06,2.2939,5.0819,12.97414918571243
2019-09-09,2.3335,5.1215,13.198124209799884
2019-09-10,2.3184,5.1064,13.112719592029164
2019-09-11,2.2831,5.0711,12.913065088234035
2019-09-12,2.3064,5.0944,13.044848372608723
2019-09-16,2.3004,5.0884,13.010912762898501
2019-09-17,2.2727,5.0607,12.854243364736318
2019-09-18,2.2903,5.0783,12.953787819886296
2019-09-19,2.2991,5.0871,13.003560047461287
2019-09-20,2.3123,5.1003,13.078218388823773
2019-09-23,2.2809,5.0689,12.900622031340285
2019-09-24,2.2918,5.0798,12.96227172231385
2019-09-25,2.2691,5.0571,12.833881998910185
2019-09-26,2.2311,5.0191,12.618956470745458
2019-09-27,2.2461,5.0341,12.70379549502101
2019-09-30,2.2218,5.0098,12.566356275694616
2019-10-08,2.2226,5.0106,12.57088102365598
2019-10-09,2.2276,5.0156,12.599160698414497
2019-10-10,2.2638,5.0518,12.80390554366616
2019-10-11,2.2744,5.0624,12.863858454154217
2019-10-14,2.2874,5.0754,12.937385608526359
2019-10-15,2.2689,5.0569,12.832750811919846
2019-10-16,2.2616,5.0496,12.791462486772412
2019-10-17,2.2667,5.0547,12.8203077550261
2019-10-18,2.2383,5.0263,12.659679202397724
2019-10-21,2.2299,5.0179,12.612169348803416
2019-10-22,2.2502,5.0382,12.726984828322992
2019-10-23,2.2257,5.0137,12.588414422006258
2019-10-24,2.2196,5.0076,12.553913218800867
2019-10-25,2.2314,5.0194,12.620653251230967
2019-10-28,2.2504,5.0384,12.728116015313333
2019-10-29,2.2433,5.0313,12.68795887715624
2019-10-30,2.232,5.02,12.62404681220199
2019-10-31,2.2374,5.0254,12.654588860941189
2019-11-01,2.2759,5.0639,12.87234235658177
2019-11-04,2.2946,5.0826,12.978108340178622
2019-11-05,2.3113,5.0993,13.07256245387207
2019-11-06,2.3008,5.0888,13.013175136879186
2019-11-07,2.3057,5.0937,13.04088921814253
2019-11-08,2.2982,5.0862,12.998469706004755
2019-11-11,2.2584,5.0464,12.77336349492696
2019-11-12,2.2651,5.0531,12.81125825910337
2019-11-13,2.2814,5.0694,12.903449998816136
2019-11-14,2.2911,5.0791,12.958312567847658
2019-11-15,2.2817,5.0697,12.905146779301646
2019-11-18,2.2841,5.0721,12.918721023185734
2019-11-19,2.3143,5.1023,13.089530258727176
2019-11-20,2.3003,5.0883,13.01034716940333
2019-11-21,2.2844,5.0724,12.920417803671247
2019-11-22,2.2444,5.0324,12.694180405603111
2019-11-25,2.249,5.037,12.720197706380947
2019-11-26,2.263,5.051,12.799380795704794
2019-11-27,2.252,5.04,12.737165511236055
2019-11-28,2.2481,5.0361,12.715107364924414
2019-11-29,2.2243,5.0123,12.580496113073874
2019-12-02,2.2331,5.0211,12.630268340648865
2019-12-03,2.2505,5.0385,12.728681608808506
2019-12-04,2.2626,5.0506,12.797118421724115
2019-12-05,2.2812,5.0692,12.902318811825797
2019-12-06,2.3081,5.0961,13.054463462026618
2019-12-09,2.3087,5.0967,13.05785702299764
2019-12-10,2.3201,5.1081,13.122334681447057
2019-12-11,2.3187,5.1067,13.114416372514674
2019-12-12,2.3135,5.1015,13.085005510765814
2019-12-13,2.3401,5.1281,13.235453380481125
2019-12-16,2.3513,5.1393,13.298799851940204
2019-12-17,2.3711,5.1591,13.410787363983932
2019-12-18,2.3619,5.1499,13.358752762428258
2019-12-19,2.357,5.145,13.331038681164914
2019-12-20,2.343,5.131,13.251855591841066
2019-12-23,2.3242,5.1122,13.145524014749041
2019-12-24,2.3478,5.1358,13.279004079609242
2019-12-25,2.3587,5.1467,13.340653770582808
2019-12-26,2.362,5.15,13.359318355923431
2019-12-27,2.3589,5.1469,13.341784957573152
2019-12-30,2.384,5.172,13.483748924860905
2019-12-31,2.4001,5.1881,13.574809477583331
2020-01-02,2.4381,5.2261,13.78973500574806
2020-01-03,2.4327,5.2207,13.759192957008862
2020-01-06,2.4304,5.2184,13.746184306619943
2020-01-07,2.4745,5.2625,13.995611037990063
2020-01-08,2.4549,5.2429,13.884754712936676
2020-01-09,2.4896,5.2776,14.081015655760783
2020-01-10,2.492,5.28,14.094589899644872
2020-01-13,2.52,5.308,14.252956078292566
2020-01-14,2.5001,5.2881,14.14040297275367
2020-01-15,2.4994,5.2874,14.136443818287477
2020-01-16,2.508,5.296,14.185084858872125
2020-01-17,2.5101,5.2981,14.196962322270704
2020-01-20,2.5477,5.3357,14.409625476454751
2020-01-21,2.5141,5.3021,14.219586062077518
2020-01-22,2.5325,5.3205,14.323655265188862
2020-01-23,2.4446,5.2326,13.82649858293413
2020-02-03,2.2643,5.0523,12.806733511142006
2020-02-04,2.3517,5.1397,13.301062225920884
2020-02-05,2.3685,5.1565,13.396081933109501
2020-02-06,2.4235,5.2115,13.70715835545319
2020-02-07,2.4248,5.2128,13.714511070890405
2020-02-10,2.4455,5.2335,13.831588924390667
2020-02-11,2.4658,5.2538,13.946404403910247
2020-02-12,2.4934,5.2814,14.102508208577257
2020-02-13,2.4791,5.2671,14.021628338767899
2020-02-14,2.4971,5.2851,14.123435167898563
2020-02-17,2.5611,5.3491,14.485415004807582
2020-02-18,2.5741,5.3621,14.558942159179727
2020-02-19,2.5647,5.3527,14.505776370633717
2020-02-20,2.6129,5.4009,14.778392435305818
2020-02-21,2.6347,5.4227,14.901691817252955
2020-02-24,2.6604,5.4484,15.04704934551173
2020-02-25,2.6533,5.4413,15.006892207354637
2020-02-26,2.5651,5.3531,14.508038744614398
2020-02-27,2.582,5.37,14.603624045298183
2020-02-28,2.4771,5.2651,14.010316468864499
2020-03-02,2.5514,5.3394,14.430552435776061
2020-03-03,2.5754,5.3634,14.566294874616942
2020-03-04,2.5892,5.3772,14.644346776950448
2020-03-05,2.6271,5.4151,14.858706711620005
2020-03-06,2.5979,5.3859,14.693553411030267
2020-03-09,2.494,5.282,14.105901769548284
2020-03-10,2.5451,5.3331,14.394920045580326
2020-03-11,2.5038,5.2918,14.161329932074976
2020-03-12,2.4443,5.2323,13.824801802448624
2020-03-13,2.4121,5.2001,13.642680697003774
2020-03-16,2.2848,5.0728,12.922680177651932
2020-03-17,2.2932,5.0812,12.97019003124624
2020-03-18,2.2595,5.0475,12.779585023373834
2020-03-19,2.1381,5.0361,12.715107364924414
2020-03-20,2.1835,5.0815,12.985097484361095
2020-03-23,2.1047,5.0027,12.516480272651611
2020-03-24,2.1622,5.0602,12.858428111145205
2020-03-25,2.2219,5.1199,13.213459171285514
2020-03-26,2.2084,5.1064,13.133175765726147
2020-03-27,2.2078,5.1058,13.129607614367954
2020-03-30,2.1766,5.0746,12.944063743741864
2020-03-31,2.1919,5.0899,13.035051603375813
2020-04-01,2.1778,5.0758,12.951200046458252
2020-04-02,2.2216,5.1196,13.211675095606417
2020-04-03,2.2203,5.1183,13.203944100996996
2020-04-07,2.2824,5.1804,13.573247766570077
2020-04-08,2.2769,5.1749,13.540539712453297
2020-04-09,2.3004,5.1984,13.680292307315895
2020-04-10,2.2777,5.1757,13.545297247597555
2020-04-13,2.2808,5.1788,13.563732696281559
2020-04-14,2.3391,5.2371,13.910438069919412
2020-04-15,2.3128,5.2108,13.754034102051907
2020-04-16,2.3165,5.2145,13.776037702094102
2020-04-17,2.3336,5.2316,13.877730015802634
2020-04-20,2.358,5.256,14.022834837702524
2020-04-21,2.3387,5.2367,13.908059302347281
2020-04-22,2.3642,5.2622,14.059705735070526
2020-04-23,2.3594,5.2574,14.031160524204974
2020-04-24,2.347,5.245,13.957418729468964
2020-04-27,2.3674,5.2654,14.07873587564756
2020-04-28,2.3824,5.2804,14.16793965960241
2020-04-29,2.3767,5.2747,14.134042221699566
2020-04-30,2.3989,5.2969,14.266063821952745
2020-05-06,2.4227,5.3207,14.40760049249444
2020-05-07,2.4309,5.3289,14.456365227723094
2020-05-08,2.4571,5.3551,14.612174503697569
2020-05-11,2.4555,5.3535,14.602659433409048
2020-05-12,2.4706,5.3686,14.692457909256932
2020-05-13,2.4917,5.3897,14.817937898686754
2020-05-14,2.4669,5.3649,14.670454309214733
2020-05-15,2.4657,5.3637,14.663318006498345
2020-05-18,2.4862,5.3842,14.785229844569974
2020-05-19,2.5236,5.4216,15.007644612564066
2020-05-20,2.4919,5.3899,14.819127282472813
2020-05-21,2.4823,5.3803,14.76203686074171
2020-05-22,2.4221,5.3201,14.404032341136242
2020-05-25,2.434,5.332,14.47480067640709
2020-05-26,2.4823,5.3803,14.76203686074171
2020-05-27,2.4552,5.3532,14.600875357729947
2020-05-28,2.4532,5.3512,14.5889815198693
2020-05-29,2.4814,5.3794,14.756684633704419
2020-06-01,2.5512,5.4492,15.17177957504099
2020-06-02,2.563,5.461,15.241953218418805
2020-06-03,2.5663,5.4643,15.26157805088887
2020-06-04,2.5873,5.4853,15.38646334842566
2020-06-05,2.5904,5.4884,15.404898797109663
2020-06-08,2.5962,5.4942,15.43939092690554
2020-06-09,2.6218,5.5198,15.591632051521819
2020-06-10,2.6352,5.5332,15.671320765188154
2020-06-11,2.6105,5.5085,15.524431867609167
2020-06-12,2.6195,5.5175,15.577954137982077
2020-06-15,2.597,5.495,15.444148462049801
2020-06-16,2.6512,5.5492,15.766471468073329
2020-06-17,2.658,5.556,15.806910516799528
2020-06-18,2.68,5.578,15.937742733266644
2020-06-19,2.7204,5.6184,16.17799825805171
2020-06-22,2.7124,5.6104,16.130422906609123
2020-06-23,2.7579,5.6559,16.401007717938835
2020-06-24,2.7657,5.6637,16.447393685595358
2020-06-29,2.7673,5.6653,16.456908755883877
2020-06-30,2.8117,5.7097,16.720951956390234
2020-07-01,2.8594,5.7574,17.004619989366656
2020-07-02,2.8777,5.7757,17.113448605791575
2020-07-03,2.8922,5.7902,17.199678930281262
2020-07-06,2.9775,5.8755,17.706951115037846
2020-07-07,3.0211,5.9191,17.966236780399942
2020-07-08,3.0569,5.9549,18.17913647810552
2020-07-09,3.1304,6.0284,18.616235019484286
2020-07-10,3.1249,6.0229,18.583526965367508
2020-07-13,3.2167,6.1147,19.129454123171193
2020-07-14,3.1982,6.0962,19.01943612296021
2020-07-15,3.1861,6.0841,18.9474784039033
2020-07-16,3.0338,5.9318,18.04176265081505
2020-07-17,3.0946,5.9926,18.40333532177871
2020-07-20,3.1597,6.0577,18.79047974414276
2020-07-21,3.2261,6.1241,19.185355161116235
2020-07-22,3.2704,6.1684,19.44880366972956
2020-07-23,3.292,6.19,19.577257118624544
2020-07-24,3.1433,6.0413,18.69295027368546
2020-07-27,3.1546,6.0526,18.76015045759811
2020-07-28,3.199,6.097,19.02419365810447
2020-07-29,3.3016,6.1996,19.634347540355648
2020-07-30,3.2913,6.1893,19.573094275373318
2020-07-31,3.3194,6.2174,19.740202697315404
2020-08-03,3.362,6.26,19.99354144374718
2020-08-04,3.3342,6.2322,19.828217097484192
2020-08-05,3.3835,6.2815,20.121400200749132
2020-08-06,3.3666,6.2646,20.020897270826666
2020-08-07,3.3154,6.2134,19.71641502159411
2020-08-10,3.3009,6.1989,19.630184697104422
2020-08-11,3.2701,6.1681,19.44701959405046
2020-08-12,3.1967,6.0947,19.010515744564724
2020-08-13,3.1815,6.0795,18.92012257682381
2020-08-14,3.2246,6.1226,19.17643478272075
2020-08-17,3.2696,6.1676,19.444046134585303
2020-08-18,3.3062,6.2042,19.661703367435138
2020-08-19,3.2499,6.1479,19.32689183165793
2020-08-20,3.1961,6.0941,19.006947593206537
2020-08-21,3.2584,6.1564,19.377440642565684
2020-08-24,3.3083,6.2063,19.67419189718882
2020-08-25,3.3036,6.2016,19.6462413782163
2020-08-26,3.2696,6.1676,19.444046134585307
2020-08-27,3.2967,6.1947,19.60520763759707
2020-08-28,3.4004,6.2984,20.221903130671603
2020-08-31,3.3715,6.2695,20.05003717358526
2020-09-01,3.3852,6.2832,20.13150996293069
2020-09-02,3.3863,6.2843,20.13805157375404
2020-09-03,3.3732,6.2712,20.060146935766806
2020-09-04,3.3382,6.2362,19.852004773205486
2020-09-07,3.2583,6.1563,19.37684595067265
2020-09-08,3.2625,6.1605,19.401823010180006
2020-09-09,3.1597,6.0577,18.790479744142765
2020-09-10,3.1747,6.0727,18.879683528097615
2020-09-11,3.2236,6.1216,19.170487863790424
2020-09-14,3.2349,6.1329,19.237688047703077
2020-09-15,3.2803,6.1783,19.50767816713976
2020-09-16,3.243,6.141,19.285858091038698
2020-09-17,3.2179,6.1159,19.136590425887583
2020-09-18,3.2783,6.1763,19.495784329279115
2020-09-21,3.2558,6.1538,19.36197865334684
2020-09-22,3.2268,6.1248,19.18951800436746
2020-09-23,3.2681,6.1661,19.435125756189816
2020-09-24,3.1999,6.0979,19.02954588514176
2020-09-25,3.1983,6.0963,19.020030814853243
2020-09-28,3.1982,6.0962,19.019436122960208
2020-09-29,3.2178,6.1158,19.135995733994545
2020-09-30,3.2276,6.1256,19.19427553951171
2020-10-09,3.3223,6.2203,19.757448762213333
2020-10-12,3.4145,6.3125,20.305754687589147
2020-10-13,3.4439,6.3419,20.480594104140653
2020-10-14,3.4415,6.3395,20.466321498707877
2020-10-15,3.4145,6.3125,20.305754687589147
2020-10-16,3.4012,6.2992,20.226660665815846
2020-10-19,3.378,6.276,20.088692146632347
2020-10-20,3.4066,6.3046,20.258774028039593
2020-10-21,3.3907,6.2887,20.16421801704745
2020-10-22,3.3443,6.2423,19.88828097868045
2020-10-23,3.275,6.173,19.47615949680904
2020-10-26,3.2882,6.1862,19.55465882668931
2020-10-27,3.3193,6.2173,19.73960800542237
2020-10-28,3.346,6.244,19.898390740862006
2020-10-29,3.3845,6.2825,20.127347119679456
2020-10-30,3.318,6.216,19.73187701081295
2020-11-02,3.3549,6.2529,19.951318319341887
2020-11-03,3.3927,6.2907,20.176111854908108
2020-11-04,3.4274,6.3254,20.382469941790326
2020-11-05,3.4527,6.3507,20.53292699072751
2020-11-06,3.3975,6.2955,20.20465706577366
2020-11-09,3.4451,6.3431,20.487730406857054
2020-11-10,3.4206,6.3186,20.34203089306413
2020-11-11,3.3593,6.2573,19.97748476263531
2020-11-12,3.3735,6.2715,20.0619310114459
2020-11-13,3.3615,6.2595,19.99056798428202
2020-11-16,3.4053,6.3033,20.251043033430182
2020-11-17,3.366,6.264,20.017329119468474
2020-11-18,3.3505,6.2485,19.92515187604846
2020-11-19,3.3764,6.2744,20.079177076343836
2020-11-20,3.4033,6.3013,20.239149195569535
2020-11-23,3.4464,6.3444,20.49546140146647
2020-11-24,3.4146,6.3126,20.30634937948219
2020-11-25,3.3448,6.2428,19.89125443814562
2020-11-26,3.3379,6.2359,19.850220697526385
2020-11-27,3.3616,6.2596,19.99116267617505
2020-11-30,3.3576,6.2556,19.967375000453757
2020-12-01,3.414,6.312,20.302781228123994
2020-12-02,3.4185,6.3165,20.329542363310445
2020-12-03,3.4156,6.3136,20.31229629841251
2020-12-04,3.449,6.347,20.510923390685306
2020-12-07,3.4571,6.3551,20.559093434020927
2020-12-08,3.4612,6.3592,20.58347580163525
2020-12-09,3.4164,6.3144,20.317053833556763
2020-12-10,3.4383,6.3363,20.447291358130844
2020-12-11,3.4062,6.3042,20.256395260467464
2020-12-14,3.4477,6.3457,20.503192396075885
2020-12-15,3.461,6.359,20.582286417849183
2020-12-16,3.4734,6.3714,20.656028212585195
2020-12-17,3.5023,6.4003,20.827894169671538
2020-12-18,3.4882,6.3862,20.744042612753976
2020-12-21,3.5428,6.4408,21.068744386349632
2020-12-22,3.4939,6.3919,20.77794005065682
2020-12-23,3.5157,6.4137,20.90758288333787
2020-12-24,3.5095,6.4075,20.870711985969866
2020-12-25,3.535,6.433,21.02235841869311
2020-12-28,3.5399,6.4379,21.051498321451692
2020-12-29,3.5174,6.4154,20.917692645519416
2020-12-30,3.5726,6.4706,21.24596257047327
2020-12-31,3.6221,6.5201,21.540335057524278
2021-01-04,3.6667,6.5647,21.8055676418167
2021-01-05,3.7201,6.6181,22.12313311269597
2021-01-06,3.7654,6.6634,22.392528540239624
2021-01-07,3.8252,6.7232,22.748154292272964
2021-01-08,3.7808,6.6788,22.484111091766607
2021-01-11,3.7593,6.6573,22.356252334764655
2021-01-12,3.8313,6.7293,22.784430497747934
2021-01-13,3.7862,6.6842,22.51622445399035
2021-01-14,3.7202,6.6182,22.12372780458901
2021-01-15,3.729,6.627,22.176060691175856
2021-01-18,3.794,6.692,22.562610421646873
2021-01-19,3.7272,6.6252,22.16535623710127
2021-01-20,3.7768,6.6748,22.460323416045313
2021-01-21,3.8513,6.7493,22.903368876354406
2021-01-22,3.8927,6.7907,23.149571320069793
2021-01-25,3.9409,6.8389,23.43621281251138
2021-01-26,3.8524,6.7504,22.90991048717776
2021-01-27,3.8522,6.7502,22.9087211033917
2021-01-28,3.7362,6.6342,22.21887850747419
2021-01-29,3.7301,6.6281,22.182602301999218
2021-02-01,3.8126,6.7106,22.673223113750897
2021-02-02,3.8984,6.7964,23.183468757972644
2021-02-03,3.887,6.785,23.11567388216696
2021-02-04,3.8885,6.7865,23.124594260562446
2021-02-05,3.9059,6.8039,23.228070649950073
2021-02-08,3.9858,6.8838,23.70322947248291
2021-02-09,4.0556,6.9536,24.118324413819483
2021-02-10,4.149,7.047,24.673766641911683
2021-02-18,4.1306,7.0286,24.564343333593733
2021-02-19,4.0951,6.9931,24.353227711567254
2021-02-22,3.9644,6.8624,23.575965407373985
2021-02-23,3.9413,6.8393,23.438591580083518
2021-02-24,3.8269,6.7249,22.758264054454525
2021-02-25,3.8471,6.7451,22.87839181684706
2021-02-26,3.7753,6.6733,22.45140303764984
2021-03-01,3.8557,6.7537,22.92953531964784
2021-03-02,3.805,6.703,22.628026529880444
2021-03-03,3.8721,6.7701,23.02706479010514
2021-03-04,3.7282,6.6262,22.171303156031605
2021-03-05,3.709,6.607,22.057122312569398
2021-03-08,3.5768,6.4748,21.270939629980646
2021-03-09,3.4677,6.3657,20.622130774682365
2021-03-10,3.4942,6.3922,20.779724126335935
2021-03-11,3.5639,6.4619,21.194224375779473
2021-03-12,3.5781,6.4761,21.278670624590067
2021-03-15,3.5007,6.3987,20.818379099383037
2021-03-16,3.5505,6.4485,21.11453566211314
2021-03-17,3.5809,6.4789,21.29532199759497
2021-03-18,3.6283,6.5263,21.5772059548923
2021-03-19,3.5435,6.4415,21.072907229600876
2021-03-22,3.5782,6.4762,21.279265316483098
2021-03-23,3.5644,6.4624,21.197197835244637
2021-03-24,3.499,6.397,20.808269337201487
2021-03-25,3.5069,6.4049,20.85524999675104
2021-03-26,3.4309,6.4789,21.295321997594968
2021-03-29,3.4459,6.4939,21.388425798336442
2021-03-30,3.4755,6.5235,21.57215063179962
2021-03-31,3.4343,6.4823,21.316425525763037
2021-04-01,3.483,6.531,21.618702532170357
2021-04-02,3.5242,6.5722,21.87442763820694
2021-04-06,3.5222,6.5702,21.862013798108077
2021-04-07,3.4954,6.5434,21.69566834078331
2021-04-08,3.5155,6.5635,21.820427433776885
2021-04-09,3.4682,6.5162,21.52684011543877
2021-04-12,3.3993,6.4473,21.099183324032932
2021-04-13,3.402,6.45,21.115942008166396
2021-04-14,3.4371,6.4851,21.333804901901445
2021-04-15,3.4187,6.4667,21.2195975729919
2021-04-16,3.4235,6.4715,21.249390789229178
2021-04-19,3.5106,6.5586,21.790013525534672
2021-04-20,3.5118,6.5598,21.79746182959399
2021-04-21,3.5323,6.5803,21.924703690607338
2021-04-22,3.5451,6.5931,22.004152267240062
2021-04-23,3.5757,6.6237,22.19408402075267
2021-04-26,3.5547,6.6027,22.063738699714605
2021-04-27,3.5754,6.6234,22.19222194473784
2021-04-28,3.6067,6.6547,22.38649854228505
2021-04-29,3.6165,6.6645,22.447326358769477
2021-04-30,3.62,6.668,22.46905057894249
2021-05-06,3.5747,6.6227,22.187877100703236
2021-05-07,3.4961,6.5441,21.700013184817912
2021-05-10,3.4901,6.5381,21.662771664521323
2021-05-11,3.5057,6.5537,21.759599617292455
2021-05-12,3.5119,6.5599,21.798082521598932
2021-05-13,3.4847,6.5327,21.629254296254395
2021-05-14,3.5481,6.5961,22.02277302738836
2021-05-17,3.6173,6.6653,22.45229189480903
2021-05-18,3.6072,6.6552,22.389602002309772
2021-05-19,3.6098,6.6578,22.405739994438296
2021-05-20,3.6222,6.6702,22.482705803051246
2021-05-21,3.574,6.622,22.18353225666864
2021-05-24,3.5854,6.6334,22.25429114523216
2021-05-25,3.6858,6.7338,22.877465918195092
2021-05-26,3.6691,6.7171,22.773810353369583
2021-05-27,3.6988,6.7468,22.9581558788377
2021-05-28,3.6709,6.7189,22.78498280945856
2021-05-31,3.7139,6.7619,23.05188037158412
2021-06-01,3.7373,6.7853,23.19712230074082
2021-06-02,3.6946,6.7426,22.93208681463009
2021-06-03,3.6612,6.7092,22.724775684979075
2021-06-04,3.6714,6.7194,22.78808626948328
2021-06-07,3.6736,6.7216,22.801741493592026
2021-06-08,3.6271,6.6751,22.513119711293456
2021-06-09,3.6494,6.6974,22.65153402839578
2021-06-10,3.662,6.71,22.72974122101862
2021-06-11,3.644,6.692,22.618016660128855
2021-06-15,3.6212,6.6692,22.476498883001813
2021-06-16,3.5292,6.5772,21.905462238454103
2021-06-17,3.5592,6.6072,22.091669839937055
2021-06-18,3.5498,6.5978,22.033324791472396
2021-06-21,3.5655,6.6135,22.130773436248475
2021-06-22,3.5892,6.6372,22.277877441420003
2021-06-23,3.6145,6.6625,22.43491251867062
2021-06-24,3.5994,6.6474,22.341188025924204
2021-06-25,3.6511,6.6991,22.66208579247982
2021-06-28,3.6676,6.7156,22.764499973295443
2021-06-29,3.646,6.694,22.630430500227718
2021-06-30,3.6746,6.7226,22.807948413641462
2021-07-01,3.6657,6.7137,22.75270682520152
2021-07-02,3.5541,6.6021,22.06001454768495
2021-07-05,3.5708,6.6188,22.163670112510463
2021-07-06,3.558,6.606,22.084221535877738
2021-07-07,3.6219,6.6699,22.480843727036422
2021-07-08,3.6026,6.6506,22.36105017008239
2021-07-09,3.5839,6.6319,22.24498076515802
2021-07-12,3.6337,6.6817,22.554085383619714
2021-07-13,3.6461,6.6941,22.63105119223267
2021-07-14,3.6215,6.6695,22.47836095901665
2021-07-15,3.6556,6.7036,22.69001693270227
2021-07-16,3.6105,6.6585,22.410084838472905
2021-07-19,3.6338,6.6818,22.554706075624658
2021-07-20,3.6227,6.6707,22.485809263075968
2021-07-21,3.6596,6.7076,22.714844612899995
2021-07-22,3.6493,6.6973,22.65091333639085
2021-07-23,3.6154,6.6634,22.440498746715118
2021-07-26,3.5143,6.5623,21.81297912971758
2021-07-27,3.3853,6.4333,21.0122864433409
2021-07-28,3.3947,6.4427,21.070631491805557
2021-07-29,3.4717,6.5197,21.54856433561179
2021-07-30,3.4325,6.4805,21.305253069674073
2021-08-02,3.4986,6.5466,21.715530484941503
2021-08-03,3.5217,6.5697,21.858910338083376
2021-08-04,3.5453,6.5933,22.00539365124996
2021-08-05,3.5234,6.5714,21.869462102167407
2021-08-06,3.4847,6.5327,21.629254296254402
2021-08-09,3.5119,6.5599,21.79808252159894
2021-08-10,3.551,6.599,22.040773095531716
2021-08-11,3.5424,6.5904,21.987393583106602
2021-08-12,3.4993,6.5473,21.719875328976098
2021-08-13,3.4955,6.5435,21.696289032788258
2021-08-16,3.494,6.542,21.686978652714114
2021-08-17,3.4152,6.4632,21.1978733528189
2021-08-18,3.4405,6.4885,21.35490843006952
2021-08-19,3.4316,6.4796,21.299666841629577
2021-08-20,3.3868,6.4348,21.02159682341504
2021-08-23,3.4644,6.5124,21.503253819250936
2021-08-24,3.4858,6.5338,21.63608190830877
2021-08-25,3.488,6.536,21.649737132417524
2021-08-26,3.4151,6.4631,21.197252660813955
2021-08-27,3.4276,6.4756,21.274839161431853
2021-08-30,3.4142,6.4622,21.19166643276947
2021-08-31,3.3914,6.4394,21.050148655642428
2021-09-01,3.403,6.451,21.122148928215836
2021-09-02,3.3859,6.4339,21.016010595370552
2021-09-03,3.354,6.402,20.818009845793686
2021-09-06,3.431,6.479,21.295942689599922
2021-09-07,3.4442,6.4922,21.377874034252418
2021-09-08,3.4086,6.4566,21.15690768049265
2021-09-09,3.4011,6.4491,21.110355780121914
2021-09-10,3.4046,6.4526,21.132080000294923
2021-09-13,3.3804,6.4284,20.981872535098677
2021-09-14,3.3586,6.4066,20.846561678021068
2021-09-15,3.327,6.375,20.65042300445903
2021-09-16,3.2846,6.3326,20.38724959436313
2021-09-17,3.3254,6.3734,20.64049193237994
2021-09-22,3.3131,6.3611,20.56414681577193
2021-09-23,3.3171,6.3651,20.588974495969655
2021-09-24,3.316,6.364,20.58214688391528
2021-09-27,3.3532,6.4012,20.813044309754137
2021-09-28,3.3639,6.4119,20.879458354283052
2021-09-29,3.3249,6.3729,20.63738847235522
2021-09-30,3.3662,6.4142,20.89373427039675
2021-10-08,3.3972,6.4452,21.08614879192913
2021-10-11,3.3892,6.4372,21.03649343153368
2021-10-12,3.3465,6.3945,20.771457945422945
2021-10-13,3.3998,6.4478,21.10228678405765
2021-10-14,3.3981,6.4461,21.091735019973616
2021-10-15,3.403,6.451,21.122148928215832
2021-10-18,3.3612,6.4092,20.862699670149592
2021-10-19,3.3919,6.4399,21.053252115667146
2021-10-20,3.3808,6.4288,20.984355303118452
2021-10-21,3.3822,6.4302,20.993044991187656
2021-10-22,3.4057,6.4537,21.1389076123493
2021-10-25,3.4167,6.4647,21.20718373289305
2021-10-26,3.4233,6.4713,21.248149405219294
2021-10-27,3.3732,6.4212,20.93718271074277
2021-10-28,3.3591,6.4071,20.849665138045786
2021-10-29,3.3985,6.4465,21.09421778799339
2021-11-01,3.3794,6.4274,20.975665615049248
2021-11-02,3.3854,6.4334,21.01290713534584
2021-11-03,3.3838,6.4318,21.00297606326675
2021-11-04,3.4209,6.4689,21.233252797100665
2021-11-05,3.4068,6.4548,21.14573522440368
2021-11-08,3.4006,6.4486,21.107252320097203
2021-11-09,3.3983,6.4463,21.09297640398351
2021-11-10,3.3718,6.4198,20.92849302267357
2021-11-11,3.4089,6.4569,21.158769756507485
2021-11-12,3.4032,6.4512,21.123390312225723
2021-11-15,3.4207,6.4687,21.232011413090778
2021-11-16,3.4345,6.4825,21.31766690977293
2021-11-17,3.4439,6.4919,21.37601195823759
2021-11-18,3.4221,6.4701,21.24070110115998
2021-11-19,3.4573,6.5053,21.459184686899974
2021-11-22,3.4769,6.5249,21.580840319868834
2021-11-23,3.4842,6.5322,21.626150836229684
2021-11-24,3.4935,6.5415,21.683875192689396
2021-11-25,3.4887,6.5367,21.654081976452122
2021-11-26,3.463,6.511,21.49456413118173
2021-11-29,3.4702,6.5182,21.539253955537635
2021-11-30,3.4486,6.4966,21.405184482469913
2021-12-01,3.4444,6.4924,21.3791154182623
2021-12-02,3.4463,6.4943,21.39090856635622
2021-12-03,3.493,6.541,21.680771732664677
2021-12-06,3.4662,6.5142,21.51442627533991
2021-12-07,3.4634,6.5114,21.4970468992015
2021-12-08,3.5306,6.5786,21.914151926523303
2021-12-09,3.5712,6.6192,22.166152880530227
2021-12-10,3.5612,6.6092,22.10408368003591
2021-12-13,3.5753,6.6233,22.191601252732895
2021-12-14,3.5658,6.6138,22.132635512263292
2021-12-15,3.5261,6.5741,21.886220786300857
2021-12-16,3.5536,6.6016,22.056911087660225
2021-12-17,3.4906,6.5386,21.665875124546034
2021-12-20,3.4435,6.4915,21.373529190217802
2021-12-21,3.47,6.518,21.538012571527744
2021-12-22,3.4839,6.5319,21.624288760214842
2021-12-23,3.5028,6.5508,21.741599549149097
2021-12-24,3.5011,6.5491,21.731047785065062
2021-12-27,3.485,6.533,21.63111637226921
2021-12-28,3.5022,6.5502,21.73787539711944
2021-12-29,3.4554,6.5034,21.447391538806038
2021-12-30,3.48,6.528,21.600081772022058
2021-12-31,3.4887,6.5367,21.65408197645211
2022-01-04,3.448,6.496,21.401460330440244
2022-01-05,3.3979,6.4459,21.090493635963718
2022-01-06,3.3712,6.4192,20.924768870643895
2022-01-07,3.3566,6.4046,20.834147837922192
2022-01-10,3.3748,6.4228,20.94711378282185
2022-01-11,3.3288,6.3768,20.661595460548
2022-01-12,3.3875,6.4355,21.025941667449636
2022-01-13,3.3183,6.3663,20.596422800028968
2022-01-14,3.3173,6.3653,20.59021587997954
2022-01-17,3.3632,6.4112,20.87511351024845
2022-01-18,3.387,6.435,21.022838207424922
2022-01-19,3.3562,6.4042,20.831665069902424
2022-01-20,3.3668,6.4148,20.897458422426404
2022-01-21,3.3383,6.3863,20.720561201017603
2022-01-24,3.3342,6.3822,20.695112828814935
2022-01-25,3.265,6.313,20.265593961394266
2022-01-26,3.2784,6.3264,20.34876669005665
2022-01-27,3.2095,6.2575,19.92110989865081
2022-01-28,3.1755,6.2235,19.710074616970136
2022-02-07,3.1934,6.2414,19.82117848585496
2022-02-08,3.1425,6.1905,19.50524625533889
2022-02-09,3.1668,6.2148,19.656074412540075
2022-02-10,3.14,6.188,19.48972895521531
2022-02-11,3.1,6.148,19.241452153238043
2022-02-14,3.0868,6.1348,19.159520808585548
2022-02-15,3.1317,6.1797,19.438211518805026
2022-02-16,3.1374,6.1854,19.47359096308679
2022-02-17,3.1423,6.1903,19.504004871329002
2022-02-18,3.1447,6.1927,19.518901479447635
2022-02-21,3.1335,6.1815,19.449383974894
2022-02-22,3.0787,6.1267,19.109244756185145
2022-02-23,3.1258,6.1738,19.401590690513373
2022-02-24,3.0615,6.1095,19.00248573133492
2022-02-25,3.1026,6.1506,19.25759014536656
2022-02-28,3.109,6.157,19.297314433682924
2022-03-01,3.1253,6.1733,19.398487230488662
2022-03-02,3.0912,6.1392,19.186831256803043
2022-03-03,3.0539,6.1019,18.95531313895924
2022-03-04,3.0178,6.0658,18.73124332517476
2022-03-07,2.9093,5.9573,18.05779249981143
2022-03-08,2.8699,5.9179,17.813239849863823
2022-03-09,2.847,5.895,17.67110138073184
2022-03-10,2.8991,5.9471,17.994481915307226
2022-03-11,2.8974,5.9454,17.983930151223195
2022-03-14,2.8034,5.8514,17.40047966657662
2022-03-15,2.6702,5.7182,16.573717915992326
2022-03-16,2.7796,5.8276,17.252754969400147
2022-03-17,2.8651,5.9131,17.78344663362655
2022-03-18,2.8659,5.9139,17.788412169666096
2022-03-21,2.8682,5.9162,17.80268808577979
2022-03-22,2.8564,5.9044,17.729446429196496
2022-03-23,2.8907,5.9387,17.942343786892
2022-03-24,2.8692,5.9172,17.80889500582922
2022-03-25,2.8141,5.8621,17.466893711105538
2022-03-28,2.7901,5.8381,17.31792762991918
2022-03-29,2.7758,5.8238,17.229168673212307
2022-03-30,2.8589,5.9069,17.744963729320077
2022-03-31,2.8298,5.8778,17.564342355881617
2022-04-01,2.8624,5.9104,17.76668794949309
2022-04-06,2.8361,5.8841,17.603445952193038
2022-04-07,2.7949,5.8429,17.347720846156456
2022-04-08,2.7987,5.8467,17.371307142344296
2022-04-11,2.7139,5.7619,16.844960322152495
2022-04-12,2.7683,5.8163,17.182616772841573
2022-04-13,2.7415,5.7895,17.016271315516807
2022-04-14,2.7775,5.8255,17.239720437296345
2022-04-15,2.7871,5.8351,17.29930686977089
2022-04-18,2.7936,5.8416,17.339651850092196
2022-04-19,2.757,5.805,17.112478576283
2022-04-20,2.7181,5.7661,16.87102938636011
2022-04-21,2.6595,5.7075,16.507303871463414
2022-04-22,2.6635,5.7115,16.532131551661138
2022-04-25,2.545,5.593,15.79661152580349
2022-04-26,2.5525,5.6005,15.843163426174229
2022-04-27,2.6409,5.6889,16.391855158543983
2022-04-28,2.6518,5.6998,16.45951058708279
2022-04-29,2.7194,5.7674,16.879098382424367
2022-05-05,2.7316,5.7796,16.95482280702743
2022-05-06,2.675,5.723,16.6035111322296
2022-05-09,2.6542,5.7022,16.474407195201422
2022-05-10,2.6927,5.7407,16.713373617104537
2022-05-11,2.7314,5.7794,16.953581423017543
2022-05-12,2.7293,5.7773,16.940546890913737
2022-05-13,2.7368,5.7848,16.987098791284474
2022-05-16,2.7091,5.7571,16.815167105915215
2022-05-17,2.7404,5.7884,17.009443703462427
2022-05-18,2.7225,5.7705,16.8983398345776
2022-05-19,2.7161,5.7641,16.858615546261237
2022-05-20,2.7699,5.8179,17.19254784492066
2022-05-23,2.7529,5.8009,17.087030204080325
2022-05-24,2.6775,5.7255,16.619028432353183
2022-05-25,2.6902,5.7382,16.697856316980964
2022-05-26,2.7002,5.7482,16.75992551747528
2022-05-27,2.7128,5.7608,16.83813271009812
2022-05-30,2.7598,5.8078,17.129857952421403
2022-05-31,2.809,5.857,17.43523841885344
2022-06-01,2.8124,5.8604,17.456341947021507
2022-06-02,2.8312,5.8792,17.57303204395082
2022-06-06,2.8935,5.9415,17.959723163030414
2022-06-07,2.9026,5.9506,18.016206135480243
2022-06-08,2.9328,5.9808,18.203655120973075
2022-06-09,2.8804,5.9284,17.87841251038286
2022-06-10,2.9263,5.9743,18.16331014065177
2022-06-13,2.8917,5.9397,17.948550706941436
2022-06-14,2.8952,5.9432,17.97027492711445
2022-06-15,2.9136,5.9616,18.084482256023993
2022-06-16,2.9111,5.9591,18.06896495590041
2022-06-17,2.9547,6.0027,18.339586670055628
2022-06-20,2.9746,6.0226,18.46310437903932
2022-06-21,2.9588,6.0068,18.3650350422583
2022-06-22,2.9041,5.9521,18.02551651555439
2022-06-23,2.959,6.007,18.366276426268186
2022-06-24,2.9973,6.0453,18.604001464161417
2022-06-27,3.0289,6.0769,18.800140137723456
2022-06-28,3.0578,6.1058,18.979520127152032
2022-06-29,3.0085,6.0565,18.673518968715054
2022-06-30,3.0667,6.1147,19.034761715591973
2022-07-01,3.0403,6.0883,18.870899026286978
2022-07-04,3.0525,6.1005,18.946623450890048
2022-07-05,3.0155,6.0635,18.716967409061077
2022-07-06,2.9732,6.0212,18.45441469097012
2022-07-07,2.9818,6.0298,18.50779420339523
2022-07-08,2.9778,6.0258,18.482966523197504
2022-07-11,2.923,5.971,18.14282730448865
2022-07-12,2.8857,5.9337,17.91130918664485
2022-07-13,2.9019,5.9499,18.01186129144564
2022-07-14,2.9217,5.9697,18.134758308424384
2022-07-15,2.8911,5.9391,17.944826554911774
2022-07-18,2.9177,5.9657,18.109930628226657
2022-07-19,2.9126,5.9606,18.078275335974553
2022-07-20,2.934,5.982,18.21110342503239
2022-07-21,2.9161,5.9641,18.099999556147562
2022-07-22,2.8979,5.9459,17.987033611247906
2022-07-25,2.877,5.925,17.857308982214782
2022-07-26,2.8982,5.9462,17.988895687262733
2022-07-27,2.8911,5.9391,17.944826554911767
2022-07-28,2.9055,5.9535,18.034206203623583
2022-07-29,2.8614,5.9094,17.76048102944365
2022-08-01,2.892,5.94,17.950412782956256
2022-08-02,2.8568,5.9048,17.73192919721626
2022-08-03,2.8409,5.8889,17.633239168430297
2022-08-04,2.8619,5.9099,17.763584489468357
2022-08-05,2.8998,5.9478,17.998826759341817
2022-08-08,2.9078,5.9558,18.04848211973727
2022-08-09,2.9098,5.9578,18.06089595983613
2022-08-10,2.8844,5.9324,17.903240190580565
2022-08-11,2.94,5.988,18.248344945328967
2022-08-12,2.9382,5.9862,18.237172489239992
2022-08-15,2.9419,5.9899,18.26013809342289
2022-08-16,2.9403,5.9883,18.250207021343797
2022-08-17,2.9602,6.0082,18.373724730327485
2022-08-18,2.9396,5.9876,18.245862177309192
2022-08-19,2.9003,5.9483,18.001930219366532
2022-08-22,2.9304,5.9784,18.188758512854424
2022-08-23,2.9205,5.9685,18.12731000436505
2022-08-24,2.8444,5.8924,17.654963388603303
2022-08-25,2.8602,5.9082,17.753032725384323
2022-08-26,2.861,5.909,17.75799826142387
2022-08-29,2.8484,5.8964,17.67979106880103
2022-08-30,2.8324,5.8804,17.580480348010123
2022-08-31,2.8141,5.8621,17.466893711105524
2022-09-01,2.7798,5.8278,17.25399635341002
2022-09-02,2.7802,5.8282,17.25647912142979
2022-09-05,2.7734,5.8214,17.21427206509366
2022-09-06,2.7929,5.8409,17.335307006057576
2022-09-07,2.787,5.835,17.29868617776593
2022-09-08,2.7786,5.8266,17.246548049350704
2022-09-09,2.8196,5.8676,17.501031771377402
2022-09-13,2.8355,5.8835,17.599721800163366
2022-09-14,2.8096,5.8576,17.438962570883085
2022-09-15,2.7663,5.8143,17.170202932742697
2022-09-16,2.7133,5.7613,16.84123617012282
2022-09-19,2.6996,5.7476,16.75620136544561
2022-09-20,2.7053,5.7533,16.791580809727364
2022-09-21,2.6768,5.7248,16.614683588318563
2022-09-22,2.6531,5.7011,16.46757958314703
2022-09-23,2.634,5.682,16.34902741020289
2022-09-26,2.6399,5.6879,16.385648238494536
2022-09-27,2.6909,5.7389,16.70220116101555
2022-09-28,2.6443,5.6923,16.412958686712038
2022-09-29,2.6571,5.7051,16.492407263344763
2022-09-30,2.6195,5.6675,16.259027069486134
2022-10-10,2.553,5.601,15.846266886198931
2022-10-11,2.5581,5.6061,15.877922178451033
2022-10-12,2.5878,5.6358,16.062267703919154
2022-10-13,2.5809,5.6289,16.019439955578076
2022-10-14,2.653,5.701,16.466958891142095
2022-10-17,2.6589,5.7069,16.503579719433745
2022-10-18,2.6606,5.7086,16.51413148351778
2022-10-19,2.6289,5.6769,16.317372117950796
2022-10-20,2.6237,5.6717,16.285096133693752
2022-10-21,2.6144,5.6624,16.227371777234037
2022-10-24,2.5512,5.5992,15.83509443010996
2022-10-25,2.524,5.572,15.666266204765419
2022-10-26,2.5602,5.6082,15.890956710554843
2022-10-27,2.5316,5.5796,15.713438797141098
2022-10-28,2.4823,5.5303,15.407437638704117
2022-10-31,2.4632,5.5112,15.288885465759973
2022-11-01,2.5439,5.5919,15.789783913749103
2022-11-02,2.5736,5.6216,15.974129439217224
2022-11-03,2.5689,5.6169,15.944956914984898
2022-11-04,2.6339,5.6819,16.348406718197953
2022-11-07,2.636,5.684,16.36144125030176
2022-11-08,2.6195,5.6675,16.259027069486137
2022-11-09,2.6026,5.6506,16.15413012065074
2022-11-10,2.578,5.626,16.001439887434724
2022-11-11,2.6326,5.6806,16.340337722133693
2022-11-14,2.6401,5.6881,16.386889622504427
2022-11-15,2.6887,5.7367,16.688545936906802
2022-11-16,2.6771,5.7251,16.616545664333398
2022-11-17,2.6616,5.7096,16.52033840356721
2022-11-18,2.6543,5.7023,16.47502788720636
2022-11-21,2.6347,5.6827,16.3533722542375
2022-11-22,2.617,5.665,16.24350976936256
2022-11-23,2.6084,5.6564,16.19013025693745
2022-11-24,2.6035,5.6515,16.159716348695234
2022-11-25,2.5977,5.6457,16.12371621240853
2022-11-28,2.5681,5.6161,15.939991378945352
2022-11-29,2.6286,5.6766,16.31551004193597
2022-11-30,2.6277,5.6757,16.30992381389148
2022-12-01,2.6688,5.7168,16.56502822792312
2022-12-02,2.6574,5.7054,16.494269339359597
2022-12-05,2.6727,5.7207,16.5892352161159
2022-12-06,2.6936,5.7416,16.718959845149023
2022-12-07,2.6876,5.7356,16.681718324852433
2022-12-08,2.6813,5.7293,16.642614728541012
2022-12-09,2.7039,5.7519,16.782891121658167
2022-12-12,2.6963,5.7443,16.735718529282487
2022-12-13,2.6773,5.7253,16.617787048343285
2022-12-14,2.6812,5.7292,16.64199403653607
2022-12-15,2.6848,5.7328,16.664338948714022
2022-12-16,2.6691,5.7171,16.566890303937942
2022-12-19,2.6338,5.6818,16.347786026193006
2022-12-20,2.5866,5.6346,16.05481939985983
2022-12-21,2.5906,5.6386,16.07964708005756
2022-12-22,2.5987,5.6467,16.129923132457957
2022-12-23,2.5963,5.6443,16.11502652433932
2022-12-26,2.62,5.668,16.262130529510852
2022-12-27,2.6479,5.6959,16.435303598889995
2022-12-28,2.6351,5.6831,16.35585502225727
2022-12-29,2.646,5.694,16.423510450796073
2022-12-30,2.655,5.703,16.479372731240957
2022-12-31,2.6548,5.7028,16.47813134723107
2023-01-03,2.6659,5.7139,16.547028159779764
2023-01-04,2.6708,5.7188,16.577442068021977
2023-01-05,2.7275,5.7755,16.929374434824748
2023-01-06,2.733,5.781,16.963512495096623
2023-01-09,2.7612,5.8092,17.138547640490597
2023-01-10,2.7817,5.8297,17.265789501503942
2023-01-11,2.7714,5.8194,17.201858224994798
2023-01-12,2.7682,5.8162,17.18199608083662
2023-01-13,2.8049,5.8529,17.40979004665076
2023-01-16,2.85,5.898,17.689722140880125
2023-01-17,2.8525,5.9005,17.7052394410037
2023-01-18,2.8423,5.8903,17.641928856499497
2023-01-19,2.8718,5.9198,17.82503299795773
2023-01-20,2.8763,5.9243,17.852964138180173
2023-01-30,2.8922,5.9402,17.951654166966136
2023-01-31,2.8511,5.8991,17.696549752934498
2023-02-01,2.8794,5.9274,17.87220559033341
2023-02-02,2.8813,5.9293,17.883998738427334
2023-02-03,2.8687,5.9167,17.805791545804496
2023-02-06,2.8282,5.8762,17.554411283802516
2023-02-07,2.8206,5.8686,17.50723869142684
2023-02-08,2.8083,5.8563,17.43089357481883
2023-02-09,2.8593,5.9073,17.74744649733984
2023-02-10,2.8519,5.8999,17.701515288974047
2023-02-13,2.9028,5.9508,18.017447519490116
2023-02-14,2.8958,5.9438,17.973999079144093
2023-02-15,2.8805,5.9285,17.87903320238779
2023-02-16,2.854,5.902,17.714549821077853
2023-02-17,2.8118,5.8598,17.452617794991838
2023-02-20,2.8588,5.9068,17.744343037315122
2023-02-21,2.8497,5.8977,17.687860064865294
2023-02-22,2.8255,5.8735,17.537652599669048
2023-02-23,2.8175,5.8655,17.487997239273597
2023-02-24,2.7854,5.8334,17.288755105686842
2023-02-27,2.7834,5.8314,17.276341265587977
2023-02-28,2.7999,5.8479,17.3787554464036
2023-03-01,2.8255,5.8735,17.537652599669045
2023-03-02,2.8124,5.8604,17.45634194702149
2023-03-03,2.8116,5.8596,17.451376410981943
2023-03-06,2.815,5.863,17.47247993915001
2023-03-07,2.7794,5.8274,17.251513585390242
2023-03-08,2.7788,5.8268,17.247789433360584
2023-03-09,2.7718,5.8198,17.20434099301456
2023-03-10,2.7433,5.7913,17.02744377160576
2023-03-13,2.7593,5.8073,17.126754492396667
2023-03-14,2.7444,5.7924,17.034271383660137
2023-03-15,2.7352,5.7832,16.977167719205365
2023-03-16,2.711,5.759,16.82696025400912
2023-03-17,2.7118,5.7598,16.831925790048665
2023-03-20,2.6965,5.7445,16.73695991329236
2023-03-21,2.7363,5.7843,16.983995331259738
2023-03-22,2.7189,5.7669,16.875994922399627
2023-03-23,2.7403,5.7883,17.008823011457462
2023-03-24,2.7214,5.7694,16.891512222523204
2023-03-27,2.7223,5.7703,16.897098450567693
2023-03-28,2.7119,5.7599,16.832546482053605
2023-03-29,2.7239,5.7719,16.907029522646784
2023-03-30,2.753,5.801,17.087650896085243
2023-03-31,2.7602,5.8082,17.132340720441153
2023-04-03,2.7656,5.8136,17.165858088708084
2023-04-04,2.7629,5.8109,17.14909940457462
2023-04-06,2.7616,5.8096,17.14103040851036
2023-04-07,2.8026,5.8506,17.395514130537055
2023-04-10,2.7884,5.8364,17.307375865835127
2023-04-11,2.7783,5.8263,17.244685973335866
2023-04-12,2.7628,5.8108,17.148478712569673
2023-04-13,2.7502,5.7982,17.070271519946836
2023-04-14,2.7682,5.8162,17.181996080836605
2023-04-17,2.7929,5.8409,17.335307006057565
2023-04-18,2.7892,5.8372,17.31234140187467
2023-04-19,2.7712,5.8192,17.200616840984896
2023-04-20,2.7514,5.7994,17.07771982400615
2023-04-21,2.7079,5.7559,16.807718801855874
2023-04-24,2.6683,5.7163,16.561924767898383
2023-04-25,2.6688,5.7168,16.5650282279231
2023-04-26,2.6721,5.7201,16.585511064086223
2023-04-27,2.7019,5.7499,16.770477281559288
2023-04-28,2.721,5.769,16.889029454503433
2023-05-04,2.6984,5.7464,16.748753061386278
2023-05-05,2.6788,5.7268,16.627097428417418
2023-05-08,2.682,5.73,16.6469595725756
2023-05-09,2.6555,5.7035,16.48247619126566
2023-05-10,2.6581,5.7061,16.498614183394185
2023-05-11,2.6542,5.7022,16.4744071952014
2023-05-12,2.6342,5.6822,16.35026879421277
2023-05-15,2.6718,5.7198,16.583648988071403
2023-05-16,2.6715,5.7195,16.58178691205657
2023-05-17,2.6695,5.7175,16.56937307195771
2023-05-18,2.6605,5.7085,16.513510791512825
2023-05-19,2.6816,5.7296,16.644476804555833
2023-05-22,2.7088,5.7568,16.813305029900373
2023-05-23,2.6821,5.7301,16.64758026458055
2023-05-24,2.6614,5.7094,16.519097019557314
2023-05-25,2.6487,5.6967,16.44026913492953
2023-05-26,2.6501,5.6981,16.448958822998737
2023-05-29,2.6398,5.6878,16.385027546489592
2023-05-30,2.6294,5.6774,16.320475577975504
2023-05-31,2.6032,5.6512,16.157854272680396
2023-06-01,2.6071,5.6551,16.18206126087318
2023-06-02,2.6467,5.6947,16.42785529483067
2023-06-05,2.6457,5.6937,16.42164837478124
2023-06-06,2.6201,5.6681,16.262751221515785
2023-06-07,2.6021,5.6501,16.151026660626016
2023-06-08,2.602,5.65,16.150405968621072
2023-06-09,2.6193,5.6673,16.25778568547624
2023-06-12,2.6415,5.6895,16.395579310573623
2023-06-13,2.6459,5.6939,16.422889758791122
2023-06-14,2.6568,5.7048,16.490545187329925
2023-06-15,2.6937,5.7417,16.719580537153952
2023-06-16,2.6993,5.7473,16.754339289430767
2023-06-19,2.686,5.734,16.671787252773328
2023-06-20,2.6785,5.7265,16.62523535240259
2023-06-21,2.6417,5.6897,16.396820694583507
2023-06-26,2.6096,5.6576,16.19757856099675
2023-06-27,2.6332,5.6812,16.344061874163337
2023-06-28,2.6344,5.6824,16.351510178222657
2023-06-29,2.625,5.673,16.293165129758002
2023-06-30,2.6498,5.6978,16.447096746983902
2023-07-03,2.6692,5.7172,16.567510995942875
2023-07-04,2.676,5.724,16.60971805227901
2023-07-05,2.6532,5.7012,16.46820027515197
2023-07-06,2.6399,5.6879,16.38564823849453
2023-07-07,2.6306,5.6786,16.327923882034813
2023-07-10,2.6404,5.6884,16.388751698519247
2023-07-11,2.6652,5.7132,16.54268331574515
2023-07-12,2.6525,5.7005,16.46385543111737
2023-07-13,2.682,5.73,16.646959572575604
2023-07-14,2.6796,5.7276,16.632062964456967
2023-07-17,2.6593,5.7073,16.506062487453505
2023-07-18,2.6658,5.7138,16.54640746777481
2023-07-19,2.656,5.704,16.485579651290383
2023-07-20,2.646,5.694,16.423510450796066
2023-07-21,2.6418,5.6898,16.397441386588454
2023-07-24,2.6451,5.6931,16.417924222751576
2023-07-25,2.692,5.74,16.70902877306992
2023-07-26,2.6854,5.7334,16.66806310074367
2023-07-27,2.6784,5.7264,16.624614660397647
2023-07-28,2.7142,5.7622,16.846822398167298
2023-07-31,2.7196,5.7676,16.88033976643423
2023-08-01,2.7118,5.7598,16.831925790048665
2023-08-02,2.696,5.744,16.733856453267645
2023-08-03,2.7065,5.7545,16.799029113786677
2023-08-04,2.7058,5.7538,16.79468426975207
2023-08-07,2.6876,5.7356,16.68171832485242
2023-08-08,2.685,5.733,16.665580332723895
2023-08-09,2.6854,5.7334,16.66806310074367
2023-08-10,2.6897,5.7377,16.694752856956228
2023-08-11,2.6416,5.6896,16.396200002578567
2023-08-14,2.6318,5.6798,16.335372186094137
2023-08-15,2.6283,5.6763,16.313647965921124
2023-08-16,2.6089,5.6569,16.19323371696215
2023-08-17,2.631,5.679,16.330406650054588
2023-08-18,2.5975,5.6455,16.12247482839863
2023-08-21,2.5717,5.6197,15.962336291123293
2023-08-22,2.5867,5.6347,16.055440091864767
2023-08-23,2.5488,5.5968,15.820197821991309
2023-08-24,2.5815,5.6295,16.023164107607723
2023-08-25,2.5609,5.6089,15.895301554589432
2023-08-28,2.5722,5.6202,15.965439751148008
2023-08-29,2.6208,5.6688,16.267096065550387
2023-08-30,2.6232,5.6712,16.281992673669023
2023-08-31,2.6127,5.6607,16.216820013149988
2023-09-01,2.6241,5.6721,16.28757890171351
2023-09-04,2.6506,5.6986,16.452062283023448
2023-09-05,2.6293,5.6773,16.319854885970557
2023-09-06,2.6248,5.6728,16.291923745748115
2023-09-07,2.5869,5.6349,16.056681475874655
2023-09-08,2.5819,5.6299,16.025646875627498
2023-09-11,2.6024,5.6504,16.152888736640847
2023-09-12,2.594,5.642,16.10075060822562
2023-09-13,2.5797,5.6277,16.01199165151875
2023-09-14,2.578,5.626,16.001439887434714
2023-09-15,2.5819,5.6299,16.025646875627498
2023-09-18,2.5973,5.6453,16.121233444388746
2023-09-19,2.5957,5.6437,16.111302372309655
2023-09-20,2.5857,5.6337,16.04923317181534
2023-09-21,2.5643,5.6123,15.916405082757503
2023-09-22,2.5898,5.6378,16.07468154401801
2023-09-25,2.5875,5.6355,16.060405627904316
2023-09-26,2.5736,5.6216,15.974129439217217
2023-09-27,2.5816,5.6296,16.02378479961267
2023-09-28,2.5756,5.6236,15.98654327931608
2023-10-09,2.5631,5.6111,15.908956778698185
2023-10-10,2.5401,5.5881,15.766197617561255
2023-10-11,2.5472,5.5952,15.81026674991222
2023-10-12,2.5476,5.5956,15.81274951793199
2023-10-13,2.5262,5.5742,15.679921428874152
2023-10-16,2.5038,5.5518,15.540886419766887
2023-10-17,2.5049,5.5529,15.547714031821261
2023-10-18,2.4719,5.5199,15.342885670190018
2023-10-19,2.4257,5.4737,15.056125963906275
2023-10-20,2.4009,5.4489,14.902194346680373
2023-10-23,2.3697,5.4177,14.708538441138106
2023-10-24,2.3877,5.4357,14.820263002027877
2023-10-25,2.3889,5.4369,14.827711306087195
2023-10-26,2.3982,5.4462,14.88543566254691
2023-10-27,2.4499,5.4979,15.206333429102525
2023-10-30,2.4709,5.5189,15.33667875014059
2023-10-31,2.4708,5.5188,15.336058058135649
2023-11-01,2.4803,5.5283,15.39502379860525
2023-11-02,2.4656,5.5136,15.303782073878603
2023-11-03,2.484,5.532,15.417989402788146
2023-11-06,2.5129,5.5609,15.59736939221672
2023-11-07,2.5039,5.5519,15.541507111771834
2023-11-08,2.5051,5.5531,15.548955415831152
2023-11-09,2.4948,5.5428,15.485024139322007
2023-11-10,2.4799,5.5279,15.392541030585477
2023-11-13,2.4683,5.5163,15.32054075801207
2023-11-14,2.4702,5.5182,15.33233390610599
2023-11-15,2.4891,5.5371,15.449644695040247
2023-11-16,2.4648,5.5128,15.298816537839057
2023-11-17,2.4692,5.5172,15.326126986056558
2023-11-20,2.4819,5.5299,15.404954870684339
2023-11-21,2.4807,5.5287,15.39750656662502
2023-11-22,2.4541,5.5021,15.232402493310138
2023-11-23,2.474,5.522,15.35592020229383
2023-11-24,2.4582,5.5062,15.257850865512811
2023-11-27,2.4521,5.5001,15.219988653211278
2023-11-28,2.4578,5.5058,15.255368097493038
2023-11-29,2.4475,5.4955,15.19143682098389
2023-11-30,2.4511,5.4991,15.213781733161845
2023-12-01,2.4326,5.4806,15.09895371224736
2023-12-04,2.4121,5.4601,14.971711851234014
2023-12-05,2.3752,5.4232,14.742676501409985
2023-12-06,2.3742,5.4222,14.736469581360554
2023-12-07,2.3681,5.4161,14.69860736905902
2023-12-08,2.3735,5.4215,14.732124737325949
2023-12-11,2.3942,5.4422,14.860607982349183
2023-12-12,2.4021,5.4501,14.909642650739693
2023-12-13,2.369,5.417,14.704193597103508
2023-12-14,2.3615,5.4095,14.65764169673277
2023-12-15,2.3551,5.4031,14.617917408416409
2023-12-18,2.3426,5.3906,14.540330907798513
2023-12-19,2.3451,5.3931,14.555848207922093
2023-12-20,2.3273,5.3753,14.445365031042211
2023-12-21,2.3477,5.3957,14.571986200050615
2023-12-22,2.3384,5.3864,14.514261843590901
2023-12-25,2.3518,5.3998,14.597434572253283
2023-12-26,2.3338,5.3818,14.485710011363514
2023-12-27,2.3381,5.3861,14.512399767576069
2023-12-28,2.3749,5.4229,14.740814425395152
2023-12-29,2.394,5.442,14.859366598339298
2023-12-31,2.3938,5.4418,14.85812521432941
2024-01-02,2.36,5.408,14.64833131665862
2024-01-03,2.3455,5.3935,14.558330975941862
2024-01-04,2.3331,5.3811,14.48136516732891
2024-01-05,2.3129,5.3609,14.35598538233039
2024-01-08,2.2702,5.3182,14.09094989621966
2024-01-09,2.283,5.331,14.170398472852385
2024-01-10,2.2779,5.3259,14.138743180600283
2024-01-11,2.2906,5.3386,14.217571065228066
2024-01-12,2.2832,5.3312,14.17163985686227
2024-01-15,2.2782,5.3262,14.140605256615112
2024-01-16,2.2825,5.3305,14.16729501282767
2024-01-17,2.2272,5.2752,13.8240523340941
2024-01-18,2.2393,5.2873,13.899156066692223
2024-01-19,2.2365,5.2845,13.881776690553814
2024-01-22,2.1702,5.2182,13.470257891276498
2024-01-23,2.1819,5.2299,13.542878855854848
2024-01-24,2.2013,5.2493,13.663293104813821
2024-01-25,2.2475,5.2955,13.950052811097564
2024-01-26,2.2298,5.2778,13.840190326222624
2024-01-29,2.2108,5.2588,13.722258845283422
2024-01-30,2.1624,5.2104,13.421843914890932
2024-01-31,2.1319,5.1799,13.232532853383267
2024-02-01,2.1279,5.1759,13.207705173185541
2024-02-02,2.0993,5.1473,13.030187259771797
2024-02-05,2.0946,5.1426,13.001014735539467
2024-02-06,2.2116,5.2596,13.727224381322968
2024-02-07,2.2728,5.3208,14.107087888348184
2024-02-08,2.2904,5.3384,14.216329681218179
2024-02-19,2.2853,5.3333,14.184674388966076
2024-02-20,2.2811,5.3291,14.158605324758463
2024-02-21,2.3057,5.3537,14.311295557974478
2024-02-22,2.3175,5.3655,14.384537214557772
2024-02-23,2.3079,5.3559,14.32495078208323
2024-02-26,2.3095,5.3575,14.334881854162317
2024-02-27,2.3395,5.3875,14.521089455645265
2024-02-28,2.2932,5.3412,14.233709057356581
2024-02-29,2.3492,5.3972,14.58129658012475
2024-03-01,2.3493,5.3973,14.581917272129692
2024-03-04,2.3538,5.4018,14.609848412352136
2024-03-05,2.3584,5.4064,14.638400244579522
2024-03-06,2.353,5.401,14.604882876312592
2024-03-07,2.3355,5.3835,14.49626177544754
2024-03-08,2.3428,5.3908,14.541572291808391
2024-03-11,2.3836,5.4316,14.794814629825202
2024-03-12,2.4024,5.4504,14.911504726754517
2024-03-13,2.3984,5.4464,14.88667704655679
2024-03-14,2.3901,5.4381,14.835159610146505
2024-03-15,2.4028,5.4508,14.913987494774288
2024-03-18,2.4163,5.4643,14.997780915441616
2024-03-19,2.3962,5.4442,14.87302182244804
2024-03-20,2.3998,5.4478,14.895366734625995
2024-03-21,2.3912,5.4392,14.841987222200883
2024-03-22,2.3814,5.4294,14.781159405716455
2024-03-25,2.365,5.413,14.679365916905777
2024-03-26,2.375,5.423,14.74143511740009
2024-03-27,2.342,5.39,14.53660675576885
2024-03-28,2.3604,5.4084,14.650814084678391
2024-03-29,2.3799,5.4279,14.77184902564231
2024-04-01,2.4236,5.4716,15.043091431802472
2024-04-02,2.4191,5.4671,15.015160291580028
2024-04-03,2.4233,5.4713,15.04122935578764
2024-04-08,2.3896,5.4376,14.832056150121797
2024-04-09,2.3975,5.4455,14.881090818512305
2024-04-10,2.3807,5.4287,14.776814561681855
2024-04-11,2.3916,5.4396,14.844469990220658
2024-04-12,2.3945,5.4425,14.862470058364009
2024-04-15,2.4326,5.4806,15.098953712247352
2024-04-16,2.4009,5.4489,14.902194346680371
2024-04-17,2.4385,5.4865,15.135574540538999
2024-04-18,2.424,5.472,15.04557419982224
2024-04-19,2.4193,5.4673,15.016401675589911
2024-04-22,2.4211,5.4691,15.027574131678891
2024-04-23,2.4165,5.4645,14.999022299451505
2024-04-24,2.4345,5.4825,15.110746860341274
2024-04-25,2.4346,5.4826,15.111367552346218
2024-04-26,2.4633,5.5113,15.289506157764905
2024-04-29,2.4984,5.5464,15.507369051499957
2024-04-30,2.4992,5.5472,15.512334587539502
2024-05-06,2.5546,5.6026,15.856197958278017
2024-05-07,2.5584,5.6064,15.879784254465854
2024-05-08,2.5361,5.5841,15.74136993736353
2024-05-09,2.5754,5.6234,15.985301895306193
2024-05-10,2.591,5.639,16.082129848077326
2024-05-13,2.5927,5.6407,16.092681612161357
2024-05-14,2.6033,5.6513,16.158474964685333
2024-05-15,2.58,5.628,16.013853727533576
2024-05-16,2.5767,5.6247,15.993370891370452
2024-05-17,2.5886,5.6366,16.067233239958686
2024-05-20,2.5954,5.6434,16.10944029629482
2024-05-21,2.5792,5.6272,16.00888819149403
2024-05-22,2.5613,5.6093,15.897784322609205
2024-05-23,2.543,5.591,15.784197685704607
2024-05-24,2.5215,5.5695,15.650748904641826
2024-05-27,2.5341,5.5821,15.728956097264664
2024-05-28,2.5191,5.5671,15.635852296523188
2024-05-29,2.5171,5.5651,15.623438456424326
2024-05-30,2.5032,5.5512,15.537162267737227
2024-05-31,2.4964,5.5444,15.494955211401091
2024-06-03,2.4906,5.5386,15.458955075114389
2024-06-04,2.5264,5.5744,15.68116281288404
2024-06-05,2.4992,5.5472,15.512334587539499
2024-06-06,2.4916,5.5396,15.465161995163818
2024-06-07,2.4701,5.5181,15.331713214101038
2024-06-11,2.4674,5.5154,15.314954529967572
2024-06-12,2.4724,5.5204,15.345989130214729
2024-06-13,2.4546,5.5026,15.235505953334847
2024-06-14,2.4549,5.5029,15.237368029349676
2024-06-17,2.459,5.507,15.262816401552348
2024-06-18,2.4606,5.5086,15.272747473631439
2024-06-19,2.4391,5.4871,15.139298692568659
2024-06-20,2.4208,5.4688,15.025712055664059
2024-06-21,2.4195,5.4675,15.017643059599799
2024-06-24,2.3842,5.4322,14.79853878185486
2024-06-25,2.376,5.424,14.747642037449522
2024-06-26,2.3925,5.4405,14.850056218265143
2024-06-27,2.3507,5.3987,14.5906069601989
2024-06-28,2.3523,5.4003,14.600538032277992
2024-06-30,2.3521,5.4001,14.599296648268105
2024-07-01,2.3682,5.4162,14.699228061063954
2024-07-02,2.3422,5.3902,14.537848139778733
2024-07-03,2.3207,5.3687,14.404399358715953
2024-07-04,2.3071,5.3551,14.319985246043684
2024-07-05,2.3153,5.3633,14.370881990449023
2024-07-08,2.2831,5.3311,14.171019164857324
2024-07-09,2.308,5.356,14.325571474088168
2024-07-10,2.2986,5.3466,14.26722642562351
2024-07-11,2.3319,5.3799,14.473916863269583
2024-07-12,2.3436,5.3916,14.546537827847931
2024-07-15,2.3269,5.3749,14.442882263022426
2024-07-16,2.3235,5.3715,14.421778734854357
2024-07-17,2.3148,5.3628,14.367778530424301
2024-07-18,2.334,5.382,14.486951395373389
2024-07-19,2.3294,5.3774,14.458399563146003
2024-07-22,2.3123,5.3603,14.352261230300721
2024-07-23,2.2454,5.2934,13.937018278993746
2024-07-24,2.2036,5.2516,13.677569020927502
2024-07-25,2.19,5.238,13.593154908255233
2024-07-26,2.2141,5.2621,13.742741681446535
2024-07-29,2.1814,5.2294,13.539775395830121
2024-07-30,2.1623,5.2103,13.42122322288598
2024-07-31,2.2412,5.2892,13.910949214786132
2024-08-01,2.21,5.258,13.717293309243866
2024-08-02,2.1872,5.2352,13.575775532116824
2024-08-05,2.1595,5.2075,13.403843846747568
2024-08-06,2.1756,5.2236,13.503775259543419
2024-08-07,2.1897,5.2377,13.591292832240406
2024-08-08,2.2006,5.2486,13.65894826077921
2024-08-09,2.1883,5.2363,13.5826031441712
2024-08-12,2.1888,5.2368,13.585706604195916
2024-08-13,2.1851,5.2331,13.562741000013018
2024-08-14,2.154,5.202,13.369705786475695
2024-08-15,2.1591,5.2071,13.401361078727797
2024-08-16,2.155,5.203,13.375912706525126
2024-08-19,2.1536,5.2016,13.367223018455922
2024-08-20,2.1266,5.1746,13.199636177121267
2024-08-21,2.1212,5.1692,13.166118808854337
2024-08-22,2.1155,5.1635,13.130739364572577
2024-08-23,2.119,5.167,13.15246358474559
2024-08-26,2.1084,5.1564,13.086670232221614
2024-08-27,2.1009,5.1489,13.040118331850877
2024-08-28,2.0953,5.1433,13.005359579574058
2024-08-29,2.114,5.162,13.121428984498428
2024-08-30,2.1595,5.2075,13.403843846747566
2024-09-02,2.1154,5.1634,13.130118672567635
2024-09-03,2.144,5.192,13.30763658598138
2024-09-04,2.1389,5.1869,13.275981293729279
2024-09-05,2.1439,5.1919,13.307015893976436
2024-09-06,2.109,5.157,13.090394384251272
2024-09-09,2.0876,5.1356,12.957566295193438
2024-09-10,2.091,5.139,12.978669823361505
2024-09-11,2.1136,5.1616,13.118946216478658
2024-09-12,2.0939,5.1419,12.996669891504858
2024-09-13,2.0709,5.1189,12.85391073036793
2024-09-18,2.088,5.136,12.96004906321321
2024-09-19,2.106,5.154,13.07177362410298
2024-09-20,2.1038,5.1518,13.05811839999423
2024-09-23,2.1029,5.1509,13.052532171949741
2024-09-24,2.1728,5.2208,13.486395883405011
2024-09-25,2.1817,5.2297,13.541637471844954
2024-09-26,2.2725,5.3205,14.105225812333343
2024-09-27,2.384,5.432,14.797297397844966
2024-09-30,2.5975,5.6455,16.122474828398616
2024-10-08,2.7325,5.7805,16.96040903507188
2024-10-09,2.5195,5.5675,15.638335064542945
2024-10-10,2.5341,5.5821,15.728956097264646
2024-10-11,2.4567,5.5047,15.24854048543864
2024-10-14,2.4957,5.5437,15.490610367366472
2024-10-15,2.4232,5.4712,15.040608663782681
2024-10-16,2.4102,5.4582,14.95991870314007
2024-10-17,2.3757,5.4237,14.74577996143468
2024-10-18,2.4551,5.5031,15.23860941335955
2024-10-21,2.4602,5.5082,15.270264705611652
2024-10-22,2.4802,5.5282,15.394403106600285
2024-10-23,2.4915,5.5395,15.464541303158862
2024-10-24,2.4545,5.5025,15.234885261329893
2024-10-25,2.4773,5.5253,15.376403038456935
2024-10-28,2.497,5.545,15.498679363430739
2024-10-29,2.4669,5.5149,15.311851069942847
2024-10-30,2.4592,5.5072,15.264057785562224
2024-10-31,2.4502,5.4982,15.20819550511734
2024-11-01,2.4535,5.5015,15.228678341280464
2024-11-04,2.4943,5.5423,15.481920679297273
2024-11-05,2.5368,5.5848,15.745714781398116
2024-11-06,2.5161,5.5641,15.617231536374879
2024-11-07,2.5579,5.6059,15.876680794441123
2024-11-08,2.5408,5.5888,15.770542461595841
2024-11-11,2.5552,5.6032,15.859922110307659
2024-11-12,2.5433,5.5913,15.786059761719422
2024-11-13,2.5443,5.5923,15.792266681768853
2024-11-14,2.5003,5.5483,15.519162199593865
2024-11-15,2.4543,5.5023,15.23364387732001
2024-11-18,2.4238,5.4718,15.044332815812346
2024-11-19,2.4611,5.5091,15.275850933656146
2024-11-20,2.4765,5.5245,15.371437502417393
2024-11-21,2.4763,5.5243,15.370196118407508
2024-11-22,2.4041,5.4521,14.922056490838544
2024-11-25,2.405,5.453,14.927642718883032
2024-11-26,2.3931,5.4411,14.853780370294798
2024-11-27,2.4389,5.4869,15.138057308558764
2024-11-28,2.4147,5.4627,14.98784984336252
2024-11-29,2.4421,5.4901,15.157919452716948
2024-12-02,2.4586,5.5066,15.26033363353257
2024-12-03,2.4535,5.5015,15.228678341280467
2024-12-04,2.4398,5.4878,15.143643536603253
2024-12-05,2.4362,5.4842,15.1212986244253
2024-12-06,2.4655,5.5135,15.303161381873647
2024-12-09,2.4495,5.4975,15.203850661082742
2024-12-10,2.4773,5.5253,15.37640303845694
2024-12-11,2.4849,5.5329,15.42357563083262
2024-12-12,2.5091,5.5571,15.573783096028865
2024-12-13,2.4606,5.5086,15.27274747363143
2024-12-16,2.4305,5.4785,15.085919180143538
2024-12-17,2.4312,5.4792,15.090264024178142
2024-12-18,2.4391,5.4871,15.13929869256865
2024-12-19,2.4397,5.4877,15.143022844598311
2024-12-20,2.4397,5.4877,15.143022844598311
2024-12-23,2.4247,5.4727,15.049919043856837
2024-12-24,2.4632,5.5112,15.288885465759956
2024-12-25,2.449,5.497,15.200747201058025
2024-12-26,2.4537,5.5017,15.229919725290353
2024-12-27,2.4501,5.4981,15.207574813112398
2024-12-30,2.4538,5.5018,15.230540417295295
2024-12-31,2.4233,5.4713,15.041229355787628
2025-01-02,2.3683,5.4163,14.699848753068892
2025-01-03,2.3396,5.3876,14.521710147650204
2025-01-06,2.3395,5.3875,14.521089455645262
2025-01-07,2.3642,5.4122,14.67440038086622
2025-01-08,2.3752,5.4232,14.74267650140997
2025-01-09,2.3734,5.4214,14.731504045320994
2025-01-10,2.3417,5.3897,14.53474467975401
2025-01-13,2.3376,5.3856,14.509296307551342
2025-01-14,2.3974,5.4454,14.880470126507351
2025-01-15,2.3801,5.4281,14.773090409652182
2025-01-16,2.3855,5.4335,14.806607777919112
2025-01-17,2.4122,5.4602,14.972332543238934
2025-01-20,2.4294,5.4774,15.079091568089158
2025-01-21,2.4434,5.4914,15.165988448781203
2025-01-22,2.412,5.46,14.971091159229049
2025-01-23,2.4074,5.4554,14.942539327001665
2025-01-24,2.4318,5.4798,15.093988176207796
2025-01-27,2.4387,5.4867,15.136815924548873
2025-02-05,2.4083,5.4563,14.948125555046152
2025-02-06,2.4378,5.4858,15.131229696504384
2025-02-07,2.4664,5.5144,15.308747609918127
2025-02-10,2.4664,5.5144,15.308747609918127
2025-02-11,2.4681,5.5161,15.31929937400216
2025-02-12,2.4866,5.5346,15.434127394916644
2025-02-13,2.4718,5.5198,15.342264978185055
2025-02-14,2.4867,5.5347,15.434748086921585
2025-02-17,2.4748,5.5228,15.360885738333351
2025-02-18,2.4516,5.4996,15.216885193186537
2025-02-19,2.4782,5.5262,15.381989266501419
2025-02-20,2.4943,5.5423,15.481920679297268
2025-02-21,2.5147,5.5627,15.608541848305673
2025-02-24,2.5089,5.5569,15.572541712018971
2025-02-25,2.4883,5.5363,15.44467915900068
2025-02-26,2.5104,5.5584,15.581852092093117
2025-02-27,2.5251,5.5731,15.673093816819762
2025-02-28,2.4781,5.5261,15.381368574496475
2025-03-03,2.478,5.526,15.380747882491534
2025-03-04,2.4776,5.5256,15.378265114471759
2025-03-05,2.484,5.532,15.417989402788125
2025-03-06,2.5126,5.5606,15.595507316201868
2025-03-07,2.5155,5.5635,15.613507384345219
2025-03-10,2.5099,5.5579,15.578748632068402
2025-03-11,2.5089,5.5569,15.572541712018971
2025-03-12,2.5044,5.5524,15.544610571796529
2025-03-13,2.4884,5.5364,15.445299851005624
2025-03-14,2.5423,5.5903,15.779852841669987
2025-03-17,2.5382,5.5862,15.754404469467316
2025-03-18,2.5482,5.5962,15.816473669961635
2025-03-19,2.5592,5.6072,15.884749790505383
2025-03-20,2.5418,5.5898,15.776749381645272
2025-03-21,2.5024,5.5504,15.53219673169767
2025-03-24,2.521,5.569,15.647645444617098
2025-03-25,2.5277,5.5757,15.689231808948291
2025-03-26,2.5208,5.5688,15.646404060607214
2025-03-27,2.5378,5.5858,15.75192170144755
2025-03-28,2.5187,5.5667,15.633369528503408
2025-03-31,2.5095,5.5575,15.576265864048636
2025-04-01,2.5062,5.5542,15.555783027885514
2025-04-02,2.5015,5.5495,15.526610503653185
2025-04-03,2.4414,5.4894,15.153574608682343
2025-04-07,2.2499,5.2979,13.964949419216188
2025-04-08,2.2645,5.3125,14.05557045193789
2025-04-09,2.2863,5.3343,14.1908813090155
2025-04-10,2.3534,5.4014,14.607365644332361
2025-04-11,2.3765,5.4245,14.750745497474231
2025-04-14,2.3777,5.4257,14.758193801533547
2025-04-15,2.3761,5.4241,14.748262729454458
2025-04-16,2.3549,5.4029,14.616676024406509
2025-04-17,2.3537,5.4017,14.609227720347189
2025-04-18,2.3536,5.4016,14.608607028342247
2025-04-21,2.3837,5.4317,14.795435321830139
2025-04-22,2.3836,5.4316,14.794814629825195
2025-04-23,2.3993,5.4473,14.892263274601273
2025-04-24,2.3996,5.4476,14.8941253506161
2025-04-25,2.3973,5.4453,14.879849434502407
2025-04-28,2.3776,5.4256,14.757573109528606
2025-04-29,2.378,5.426,14.760055877548378
2025-04-30,2.3883,5.4363,14.823987154057525
2025-05-06,2.4114,5.4594,14.967367007199394
2025-05-07,2.418,5.466,15.008332679525644
2025-05-08,2.4228,5.4708,15.038125895762914
2025-05-09,2.4193,5.4673,15.0164016755899
2025-05-12,2.4514,5.4994,15.215643809176658
2025-05-13,2.4428,5.4908,15.162264296751546
2025-05-14,2.4533,5.5013,15.227436957270577
2025-05-15,2.4335,5.4815,15.10453994029183
2025-05-16,2.4362,5.4842,15.121298624425293
2025-05-19,2.435,5.483,15.113850320365977
2025-05-20,2.4546,5.5026,15.235505953334837
2025-05-21,2.4598,5.5078,15.26778193759188
2025-05-22,2.4447,5.4927,15.174057444845463
2025-05-23,2.4353,5.4833,15.115712396380804
2025-05-26,2.4203,5.4683,15.022608595639332
2025-05-27,2.4098,5.4578,14.9574359351203
2025-05-28,2.4156,5.4636,14.993436071407
2025-05-29,2.4392,5.4872,15.139919384573586
2025-05-30,2.4225,5.4705,15.036263819748077
2025-06-03,2.4274,5.4754,15.066677727990294
2025-06-04,2.4384,5.4864,15.134953848534044
2025-06-05,2.4414,5.4894,15.153574608682339
2025-06-06,2.4323,5.4803,15.097091636232514
2025-06-09,2.4389,5.4869,15.13805730855876
2025-06-10,2.4368,5.4848,15.125022776454953
2025-06-11,2.458,5.506,15.256609481502906
2025-06-12,2.4566,5.5046,15.2479197934337
2025-06-13,2.4364,5.4844,15.122540008435182
2025-06-16,2.4299,5.4779,15.082195028113876
2025-06-17,2.415,5.463,14.989711919377346
2025-06-18,2.4152,5.4632,14.990953303387233
2025-06-19,2.3931,5.4411,14.853780370294794
2025-06-20,2.39,5.438,14.834538918141556
2025-06-23,2.3885,5.4365,14.825228538067408
2025-06-24,2.4203,5.4683,15.022608595639333
2025-06-25,2.4397,5.4877,15.143022844598308
2025-06-26,2.4339,5.4819,15.107022708311604
2025-06-27,2.4376,5.4856,15.129988312494502
2025-06-30,2.4492,5.4972,15.201988585067907
2025-07-01,2.4602,5.5082,15.270264705611655
2025-07-02,2.4527,5.5007,15.22371280524092
2025-07-03,2.47,5.518,15.331092522096087
2025-07-04,2.4698,5.5178,15.3298511380862
2025-07-07,2.4571,5.5051,15.251023253458419
2025-07-08,2.4742,5.5222,15.3571615863037
2025-07-09,2.4771,5.5251,15.375161654447053
2025-07-10,2.4874,5.5354,15.439092930956198
2025-07-11,2.4976,5.5456,15.502403515460399
2025-07-14,2.5011,5.5491,15.52412773563341
2025-07-15,2.5008,5.5488,15.52226565961858
2025-07-16,2.4985,5.5465,15.507989743504886
2025-07-17,2.5195,5.5675,15.638335064542948
2025-07-18,2.5175,5.5655,15.625921224444086
2025-07-21,2.5325,5.5805,15.719025025185562
2025-07-22,2.5533,5.6013,15.84812896221374
2025-07-23,2.5446,5.5926,15.794128757783684
2025-07-24,2.5616,5.6096,15.899646398624022
2025-07-25,2.569,5.617,15.945577606989815
2025-07-28,2.5734,5.6214,15.972888055207314
2025-07-29,2.5806,5.6286,16.017577879563223
2025-07-30,2.5717,5.6197,15.962336291123282
2025-07-31,2.5246,5.5726,15.669990356795052
2025-08-01,2.5248,5.5728,15.671231740804938
2025-08-04,2.5382,5.5862,15.75440446946732
2025-08-05,2.5595,5.6075,15.886611866520214
2025-08-06,2.5867,5.6347,16.055440091864757
2025-08-07,2.5869,5.6349,16.056681475874644
2025-08-08,2.5965,5.6445,16.116267908349187
2025-08-11,2.6066,5.6546,16.178957800848448
2025-08-12,2.6225,5.6705,16.27764782963441
2025-08-13,2.6484,5.6964,16.438407058914688
2025-08-14,2.6333,5.6813,16.344682566168274
2025-08-15,2.6587,5.7067,16.502338335423836
2025-08-18,2.663,5.711,16.52902809163639
2025-08-19,2.6536,5.7016,16.470683043171736
2025-08-20,2.6705,5.7185,16.575579992007132
2025-08-21,2.6766,5.7246,16.613442204308665
2025-08-22,2.6991,5.7471,16.753097905420876
2025-08-25,2.7534,5.8014,17.09013366410501
2025-08-26,2.7468,5.7948,17.049167991778763
2025-08-27,2.6936,5.7416,16.718959845149
2025-08-28,2.7196,5.7676,16.880339766434222
2025-08-29,2.7641,5.8121,17.156547708633934
2025-09-01,2.7896,5.8376,17.31482416989444
2025-09-02,2.7574,5.8054,17.114961344302742
2025-09-03,2.743,5.791,17.025581695590926
2025-09-04,2.683,5.731,16.65316649262503
2025-09-05,2.7536,5.8016,17.091375048114905
2025-09-08,2.7775,5.8255,17.23972043729632
2025-09-09,2.7819,5.8299,17.26703088551382
2025-09-10,2.7814,5.8294,17.263927425489104
2025-09-11,2.8256,5.8736,17.53827329167398
2025-09-12,2.8149,5.8629,17.471859247145066
2025-09-15,2.8255,5.8735,17.53765259966904
2025-09-16,2.822,5.87,17.51592837949603
2025-09-17,2.8467,5.8947,17.669239304716992
2025-09-18,2.8119,5.8599,17.453238486996774
2025-09-19,2.8238,5.8718,17.52710083558501
2025-09-22,2.8266,5.8746,17.54448021172342
2025-09-23,2.8155,5.8635,17.47558339917473
2025-09-24,2.8659,5.9139,17.78841216966608
2025-09-25,2.8683,5.9163,17.803308777784718
2025-09-26,2.8403,5.8883,17.62951501640063
2025-09-29,2.8665,5.9145,17.792136321695736
2025-09-30,2.8766,5.9246,17.854826214194993
2025-10-09,2.8923,5.9403,17.952274858971073
2025-10-10,2.8472,5.8952,17.672342764741707
2025-10-13,2.8271,5.8751,17.547583671748132
2025-10-14,2.7767,5.8247,17.23475490125678
2025-10-15,2.827,5.875,17.54696297974319
2025-10-16,2.8207,5.8687,17.50785938343177
2025-10-17,2.7487,5.7967,17.060961139872692
2025-10-20,2.767,5.815,17.17454777677729
2025-10-21,2.8154,5.8634,17.47496270716978
2025-10-22,2.7975,5.8455,17.363858838284955
2025-10-23,2.798,5.846,17.36696229830967
2025-10-24,2.827,5.875,17.546962979743185
2025-10-27,2.8506,5.8986,17.693446292909773
2025-10-28,2.8277,5.8757,17.55130782377779
2025-10-29,2.8475,5.8955,17.674204840756538
2025-10-30,2.8196,5.8676,17.501031771377395
2025-10-31,2.8193,5.8673,17.499169695362568
2025-11-03,2.8176,5.8656,17.488617931278533
2025-11-04,2.7792,5.8272,17.25027220138036
2025-11-05,2.7947,5.8427,17.346479462146547
2025-11-06,2.8409,5.8889,17.633239168430286
2025-11-07,2.835,5.883,17.59661834013864
2025-11-10,2.8403,5.8883,17.629515016400628
2025-11-11,2.8297,5.8777,17.563721663876652
2025-11-12,2.8347,5.8827,17.594756264123813
2025-11-13,2.8616,5.9096,17.761722413453523
2025-11-14,2.8415,5.8895,17.636963320459945
2025-11-17,2.805,5.853,17.410410738655692
2025-11-18,2.7863,5.8343,17.29434133373132
2025-11-19,2.7967,5.8447,17.35889330224541
2025-11-20,2.7753,5.8233,17.226065213187574
2025-11-21,2.7159,5.7639,16.857374162251336
2025-11-24,2.7269,5.7749,16.925650282795083
2025-11-25,2.7546,5.8026,17.097581968164338
2025-11-26,2.7676,5.8156,17.17827192880695
2025-11-27,2.7603,5.8083,17.1329614124461
2025-11-28,2.7859,5.8339,17.29185856571155
2025-12-01,2.8205,5.8685,17.506617999421884
2025-12-02,2.8019,5.8499,17.391169286502453
2025-12-03,2.821,5.869,17.5097214594466
2025-12-04,2.8348,5.8828,17.595376956128757
2025-12-05,2.8614,5.9094,17.76048102944364
2025-12-08,2.8723,5.9203,17.828136457982446
2025-12-09,2.8585,5.9065,17.742480961300288
2025-12-10,2.8824,5.9304,17.890826350481706
2025-12-11,2.8679,5.9159,17.800826009764947
2025-12-12,2.9142,5.9622,18.08820640805363
2025-12-15,2.8988,5.9468,17.99261983929238
2025-12-16,2.8547,5.9027,17.718894665112444
2025-12-17,2.8992,5.9472,17.995102607312152
2025-12-18,2.8777,5.9257,17.86165382624937
2025-12-19,2.8958,5.9438,17.973999079144082
2025-12-22,2.9074,5.9554,18.045999351717487
2025-12-23,2.9086,5.9566,18.053447655776804
2025-12-24,2.9157,5.9637,18.09751678812777
2025-12-25,2.9272,5.9752,18.16889636869623
2025-12-26,2.9373,5.9853,18.23158626119549
2025-12-29,2.922,5.97,18.136620384439187
2025-12-30,2.9182,5.9662,18.113034088251347
2025-12-31,2.9087,5.9567,18.054068347781744
2026-01-05,2.9596,6.0076,18.370000578297812
2026-01-06,2.9867,6.0347,18.53820811163741
2026-01-07,3.0003,6.0483,18.62262222430968
2026-01-08,2.9891,6.0371,18.553104719756046
2026-01-09,3.039,6.087,18.862830030222685
2026-01-12,3.0463,6.0943,18.908140546583535
2026-01-13,3.0249,6.0729,18.7753124575257
2026-01-14,3.0319,6.0799,18.81876089787172
2026-01-15,3.0351,6.0831,18.8386230420299
2026-01-16,3.056,6.104,18.96834767106302
2026-01-19,3.0667,6.1147,19.03476171559194
2026-01-20,3.0526,6.1006,18.947244142894956
2026-01-21,3.0814,6.1294,19.126003440318588
2026-01-22,3.0802,6.1282,19.11855513625927
2026-01-23,3.0849,6.1329,19.147727660491597
2026-01-26,3.0714,6.1194,19.06393423982427
2026-01-27,3.0785,6.1265,19.108003372175233
2026-01-28,3.0947,6.1427,19.208555476976024
2026-01-29,3.0934,6.1414,19.20048648091176
2026-01-30,3.0577,6.1057,18.978899435147053
2026-02-02,2.9707,6.0187,18.438897390846503
2026-02-03,3.0424,6.0904,18.88393355839075
2026-02-04,3.073,6.121,19.073865311903358
2026-02-05,3.0507,6.0987,18.935450994801034
2026-02-06,3.0374,6.0854,18.852898958143594
2026-02-09,3.0856,6.1336,19.152072504526195
2026-02-10,3.0924,6.1404,19.19427956086233
2026-02-11,3.0984,6.1464,19.231521081158917
2026-02-12,3.1236,6.1716,19.387935466404596
2026-02-13,3.0727,6.1207,19.072003235888527
2026-02-24,3.118,6.166,19.353176714127777
2026-02-25,3.1517,6.1997,19.562349919793625
2026-02-26,3.1542,6.2022,19.577867219917206
2026-02-27,3.1697,6.2177,19.674074480683398
2026-03-02,3.1914,6.2394,19.808764645756064
2026-03-03,3.1241,6.1721,19.391038926429317
2026-03-04,3.076,6.124,19.092486072051656
2026-03-05,3.1085,6.1565,19.29421097365818
2026-03-06,3.1235,6.1715,19.387314774399655
2026-03-09,3.0576,6.1056,18.97827874314211
2026-03-10,3.1221,6.1701,19.378625086330448
2026-03-11,3.1108,6.1588,19.30848688977187
2026-03-12,3.0814,6.1294,19.126003440318584
2026-03-13,3.0475,6.0955,18.915588850642852
2026-03-16,3.0322,6.0802,18.82062297388655
2026-03-17,3.0065,6.0545,18.661105128616157
2026-03-18,3.005,6.053,18.65179474854201
2026-03-19,2.9369,5.9849,18.229103493175717
2026-03-20,2.9117,5.9597,18.07268910793004
2026-03-23,2.8044,5.8524,17.406686586626023
2026-03-24,2.8606,5.9086,17.75551549340408
2026-03-25,2.9025,5.9505,18.015585443475267
2026-03-26,2.8684,5.9164,17.803929469789647
2026-03-27,2.9058,5.9538,18.036068279638393
2026-03-30,2.8773,5.9253,17.859171058229588
2026-03-31,2.8561,5.9041,17.727584353181637
2026-04-01,2.9276,5.9756,18.171379136716
2026-04-02,2.9185,5.9665,18.11489616426617
2026-04-03,2.8839,5.9319,17.90013673055584
2026-04-07,2.8783,5.9263,17.86537797827902
2026-04-08,2.9927,6.0407,18.575449631934
2026-04-09,2.9782,6.0262,18.485449291217243
2026-04-10,3.0218,6.0698,18.75607100537246
2026-04-13,3.0113,6.0593,18.690898344853426
2026-04-14,3.0338,6.0818,18.830554045965638
2026-04-15,3.0323,6.0803,18.821243665891494
2026-04-16,3.096,6.144,19.216624473040287
2026-04-17,3.1009,6.1489,19.247038381282504
2026-04-20,3.1111,6.1591,19.310348965786705
2026-04-21,3.1351,6.1831,19.459315046973064
2026-04-22,3.1631,6.2111,19.633108808357147
2026-04-23,3.1641,6.2121,19.63931572840658
2026-04-24,3.1595,6.2075,19.610763896179193
2026-04-27,3.1602,6.2082,19.6151087402138
2026-04-28,3.1407,6.1887,19.49407379924988
2026-04-29,3.1766,6.2246,19.716902229024477
2026-04-30,3.188,6.236,19.787661117587998
2026-05-06,3.2412,6.2892,20.11786926421776
2026-05-07,3.2579,6.3059,20.221524829043265
2026-05-08,3.2368,6.2848,20.09055881600026
2026-05-11,3.2773,6.3253,20.341939078002238
2026-05-12,3.276,6.324,20.333870081937974
2026-05-13,3.3096,6.3576,20.54242259559888
2026-05-14,3.2346,6.2826,20.076903591891508
2026-05-15,3.2167,6.2647,19.965799723006683
2026-05-18,3.2034,6.2514,19.88324768634924
2026-05-19,3.2341,6.2821,20.073800131866793
2026-05-20,3.228,6.276,20.03593791956526
2026-05-21,3.164,6.212,19.638695036401636
2026-05-22,3.2004,6.2484,19.864626926200945
2026-05-25,3.2344,6.2824,20.07566220788162
2026-05-26,3.2169,6.2649,19.967041107016566
2026-05-27,3.2017,6.2497,19.87269592226521
2026-05-28,3.2157,6.2637,19.95959280295725
2026-05-29,3.169,6.217,19.669729636648793
2026-06-01,3.1555,6.2035,19.585936215981466
2026-06-02,3.201,6.249,19.868351078230607
2026-06-03,3.1784,6.2264,19.72807468511345
2026-06-04,3.1873,6.2353,19.783316273553396
2026-06-05,3.1375,6.1855,19.4742116550917
2026-06-08,3.0705,6.1185,19.05834801177978
2026-06-09,3.1394,6.1874,19.486004803185622
2026-06-10,3.0991,6.1471,19.23586592519353
2026-06-11,3.0888,6.1368,19.171934648684385
2026-06-12,3.1026,6.1506,19.257590145366542
2026-06-15,3.1736,6.2216,19.69828146887619
2026-06-16,3.1569,6.2049,19.59462590405068
2026-06-17,3.1874,6.2354,19.783936965558347
2026-06-18,3.2042,6.2522,19.8882132223888
2026-06-22,3.2697,6.3177,20.294766485626567
2026-06-23,3.2029,6.2509,19.88014422632454
2026-06-24,3.2063,6.2543,19.901247754492605
2026-06-25,3.2474,6.2954,20.156352168524243
2026-06-26,3.1898,6.2378,19.798833573676983
2026-06-29,3.2261,6.2741,20.02414477147135
2026-06-30,3.2688,6.3168,20.28918025758208
2026-07-01,3.3017,6.3497,20.493387927208378
2026-07-02,3.2396,6.2876,20.107938192138676
2026-07-03,3.2809,6.3289,20.364283990180205
2026-07-06,3.3024,6.3504,20.497732771242987
2026-07-07,3.2732,6.3212,20.316490705799584
2026-07-08,3.2155,6.2635,19.95835141894738
2026-07-09,3.2908,6.3388,20.42573249866958
2026-07-10,3.1905,6.2385,19.80317841771159
2026-07-13,3.1583,6.2063,19.60331559211989
2026-07-14,3.2088,6.2568,19.91676505461619
2026-07-15,3.1812,6.2292,19.745454061251877
2026-07-16,3.1444,6.1924,19.517039403432793
2026-07-17,3.0181,6.0661,18.73310540118958
2026-07-20,3.0493,6.0973,18.926761306731848
2026-07-21,3.1354,6.1834,19.461177122987912
2026-07-22,3.0988,6.1468,19.234003849178716
2026-07-23,3.1433,6.1913,19.51021179137842
2026-07-24,3.109,6.157,19.297314433682914
2026-07-27,3.1891,6.2371,19.794488729642385
2026-07-28,3.0791,6.1271,19.11172752420491
2026-07-29,3.1122,6.1602,19.317176577841096
2026-07-30,3.0354,6.0834,18.840485118044747
2026-07-31,3.0742,6.1222,19.081313615962692
2026-08-03,3.018,6.066,18.732484709184636
2026-08-04,3.0739,6.1219,19.079451539947865
2026-08-05,3.1278,6.1758,19.414004530612228
2026-08-06,3.1294,6.1774,19.42393560269132
2026-08-07,3.1581,6.2061,19.602074208110007
