股票代码,industry_name,sw_class_code,start_date,source
000002,房地产,430101,1991-01-29 00:00:00,swsresearch_xls+constituents
000003,综合,510101,1991-04-14 00:00:00,swsresearch_xls+constituents
600606,房地产,430101,1992-03-27 00:00:00,swsresearch_xls+constituents
600607,医药生物,370201,1992-03-27 00:00:00,swsresearch_xls+constituents
000011,房地产,430101,1992-03-30 00:00:00,swsresearch_xls+constituents
000015,综合,510101,1992-06-25 00:00:00,swsresearch_xls+constituents
600618,基础化工,220202,1992-11-13 00:00:00,swsresearch_xls+constituents
600625,家用电器,330103,1993-01-06 00:00:00,swsresearch_xls+constituents
000508,农林牧渔,110601,1993-01-30 00:04:00,swsresearch_xls+constituents
600632,商贸零售,450101,1993-02-19 00:00:00,swsresearch_xls+constituents
600631,商贸零售,450101,1993-02-19 00:00:00,swsresearch_xls+constituents
600638,房地产,430101,1993-03-26 00:00:00,swsresearch_xls+constituents
600642,公用事业,410101,1993-04-16 00:00:00,swsresearch_xls+constituents
000022,交通运输,420101,1993-05-05 00:00:00,swsresearch_xls+constituents
000510,基础化工,220202,1993-05-07 00:00:00,swsresearch_xls+constituents
600659,综合,510101,1993-05-28 00:00:00,swsresearch_xls+constituents
600665,房地产,430101,1993-07-09 00:00:00,swsresearch_xls+constituents
000515,基础化工,220203,1993-07-12 00:00:00,swsresearch_xls+constituents
000514,房地产,430101,1993-07-12 00:00:00,swsresearch_xls+constituents
600670,医药生物,370301,1993-08-09 00:00:00,swsresearch_xls+constituents
600671,医药生物,370201,1993-08-23 00:00:00,swsresearch_xls+constituents
000027,公用事业,410101,1993-09-03 00:00:00,swsresearch_xls+constituents
000029,房地产,430101,1993-09-15 00:00:00,swsresearch_xls+constituents
600672,农林牧渔,110601,1993-09-17 00:00:00,swsresearch_xls+constituents
600675,房地产,430101,1993-09-24 00:00:00,swsresearch_xls+constituents
000522,医药生物,370102,1993-11-08 00:00:00,swsresearch_xls+constituents
000527,家用电器,330102,1993-11-12 00:00:00,swsresearch_xls+constituents
000539,公用事业,410101,1993-11-26 00:00:00,swsresearch_xls+constituents
000535,钢铁,230201,1993-11-30 00:00:00,swsresearch_xls+constituents
000538,医药生物,370201,1993-12-15 00:00:00,swsresearch_xls+constituents
000543,公用事业,410101,1993-12-20 00:00:00,swsresearch_xls+constituents
000033,社会服务,460201,1994-01-03 00:00:00,swsresearch_xls+constituents
600842,医药生物,370102,1994-03-11 00:00:00,swsresearch_xls+constituents
600839,家用电器,330201,1994-03-11 00:00:00,swsresearch_xls+constituents
000569,钢铁,230102,1994-04-25 00:00:00,swsresearch_xls+constituents
600863,公用事业,410101,1994-05-20 00:00:00,swsresearch_xls+constituents
000556,综合,510101,1994-05-25 00:00:00,swsresearch_xls+constituents
000573,房地产,430101,1994-08-15 00:00:00,swsresearch_xls+constituents
000042,房地产,430101,1994-09-21 00:00:00,swsresearch_xls+constituents
000047,房地产,430101,1994-10-21 00:00:00,swsresearch_xls+constituents
600878,综合,510101,1995-10-13 00:00:00,swsresearch_xls+constituents
000590,医药生物,370201,1996-01-19 00:00:00,swsresearch_xls+constituents
000588,农林牧渔,110202,1996-01-23 00:00:00,swsresearch_xls+constituents
600700,综合,510101,1996-04-30 00:00:00,swsresearch_xls+constituents
600707,电子,270301,1996-05-20 00:00:00,swsresearch_xls+constituents
600709,农林牧渔,110202,1996-06-18 00:00:00,swsresearch_xls+constituents
000405,有色金属,240101,1996-06-20 00:00:00,swsresearch_xls+constituents
600726,公用事业,410101,1996-07-01 00:00:00,swsresearch_xls+constituents
000412,综合,510101,1996-07-15 00:00:00,swsresearch_xls+constituents
600719,公用事业,410104,1996-07-16 00:00:00,swsresearch_xls+constituents
000423,医药生物,370201,1996-07-29 00:00:00,swsresearch_xls+constituents
000420,基础化工,220403,1996-08-02 00:00:00,swsresearch_xls+constituents
600750,医药生物,370201,1996-08-29 00:00:00,swsresearch_xls+constituents
600744,公用事业,410101,1996-09-05 00:00:00,swsresearch_xls+constituents
000413,电子,270301,1996-09-25 00:00:00,swsresearch_xls+constituents
600752,医药生物,370501,1996-09-25 00:00:00,swsresearch_xls+constituents
000618,基础化工,220101,1996-10-15 00:00:00,swsresearch_xls+constituents
600772,基础化工,220103,1996-11-04 00:00:00,swsresearch_xls+constituents
000651,家用电器,330102,1996-11-18 00:00:00,swsresearch_xls+constituents
000653,商贸零售,450201,1996-11-26 00:00:00,swsresearch_xls+constituents
000658,综合,510101,1996-12-18 00:00:00,swsresearch_xls+constituents
000675,基础化工,220302,1996-12-26 00:00:00,swsresearch_xls+constituents
600788,轻工制造,360301,1996-12-30 00:00:00,swsresearch_xls+constituents
000689,有色金属,240101,1996-12-31 00:00:00,swsresearch_xls+constituents
000692,公用事业,410104,1997-02-27 00:00:00,swsresearch_xls+constituents
000699,轻工制造,360101,1997-03-10 00:00:00,swsresearch_xls+constituents
600795,公用事业,410101,1997-03-18 00:00:00,swsresearch_xls+constituents
000418,家用电器,330103,1997-03-28 00:00:00,swsresearch_xls+constituents
000707,基础化工,220201,1997-04-15 00:00:00,swsresearch_xls+constituents
600060,家用电器,330201,1997-04-22 00:00:00,swsresearch_xls+constituents
000713,农林牧渔,110101,1997-04-22 00:00:00,swsresearch_xls+constituents
600069,轻工制造,360101,1997-04-30 00:00:00,swsresearch_xls+constituents
000727,电子,270301,1997-05-20 00:00:00,swsresearch_xls+constituents
000730,公用事业,410401,1997-05-22 00:00:00,swsresearch_xls+constituents
600065,基础化工,220101,1997-05-23 00:00:00,swsresearch_xls+constituents
600058,商贸零售,450201,1997-05-28 00:00:00,swsresearch_xls+constituents
000767,公用事业,410101,1997-06-09 00:00:00,swsresearch_xls+constituents
600087,交通运输,420601,1997-06-12 00:00:00,swsresearch_xls+constituents
600085,医药生物,370201,1997-06-25 00:00:00,swsresearch_xls+constituents
600092,有色金属,240101,1997-06-26 00:00:00,swsresearch_xls+constituents
600091,基础化工,220202,1997-07-04 00:00:00,swsresearch_xls+constituents
600098,公用事业,410101,1997-07-18 00:00:00,swsresearch_xls+constituents
000756,医药生物,370101,1997-08-06 00:00:00,swsresearch_xls+constituents
600102,钢铁,230101,1997-08-28 00:00:00,swsresearch_xls+constituents
000763,基础化工,220101,1997-09-15 00:00:00,swsresearch_xls+constituents
600129,医药生物,370201,1997-11-18 00:00:00,swsresearch_xls+constituents
000899,公用事业,410101,1997-11-26 00:00:00,swsresearch_xls+constituents
600001,钢铁,230101,1998-01-22 00:00:00,swsresearch_xls+constituents
001896,公用事业,410101,1998-01-22 00:00:00,swsresearch_xls+constituents
000798,农林牧渔,110201,1998-02-12 00:00:00,swsresearch_xls+constituents
000790,医药生物,370201,1998-03-27 00:00:00,swsresearch_xls+constituents
600002,基础化工,220101,1998-04-08 00:00:00,swsresearch_xls+constituents
600127,农林牧渔,110502,1998-05-06 00:00:00,swsresearch_xls+constituents
000801,家用电器,330202,1998-05-06 00:00:00,swsresearch_xls+constituents
000866,基础化工,220101,1998-05-12 00:00:00,swsresearch_xls+constituents
000822,基础化工,220201,1998-07-03 00:00:00,swsresearch_xls+constituents
000832,基础化工,220401,1998-08-25 00:00:00,swsresearch_xls+constituents
000850,纺织服饰,350102,1998-10-07 00:00:00,swsresearch_xls+constituents
000897,房地产,430101,1999-01-01 00:00:00,swsresearch_xls+constituents
600167,公用事业,410104,1999-01-28 00:00:00,swsresearch_xls+constituents
600359,农林牧渔,110103,1999-04-29 00:00:00,swsresearch_xls+constituents
600205,有色金属,240101,1999-06-30 00:00:00,swsresearch_xls+constituents
600005,钢铁,230101,1999-08-03 00:00:00,swsresearch_xls+constituents
600003,交通运输,420201,1999-08-10 00:00:00,swsresearch_xls+constituents
000936,基础化工,220401,1999-08-10 00:00:00,swsresearch_xls+constituents
000916,交通运输,420201,1999-09-27 00:00:00,swsresearch_xls+constituents
600216,医药生物,370101,1999-10-21 00:00:00,swsresearch_xls+constituents
600222,医药生物,370201,1999-11-05 00:00:00,swsresearch_xls+constituents
000952,医药生物,370101,1999-11-12 00:00:00,swsresearch_xls+constituents
000966,公用事业,410101,2000-02-24 13:51:00,swsresearch_xls+constituents
000999,医药生物,370201,2000-03-09 00:00:00,swsresearch_xls+constituents
600236,公用事业,410102,2000-03-23 00:00:00,swsresearch_xls+constituents
600257,农林牧渔,110202,2000-06-12 00:00:00,swsresearch_xls+constituents
000989,医药生物,370201,2000-06-28 00:00:00,swsresearch_xls+constituents
000998,农林牧渔,110101,2000-06-29 14:08:00,swsresearch_xls+constituents
600278,商贸零售,450201,2000-07-12 00:00:00,swsresearch_xls+constituents
600296,有色金属,240101,2000-07-19 00:00:00,swsresearch_xls+constituents
000993,公用事业,410102,2000-07-31 00:00:00,swsresearch_xls+constituents
600265,农林牧渔,110301,2000-08-25 00:00:00,swsresearch_xls+constituents
600287,商贸零售,450201,2000-09-01 00:00:00,swsresearch_xls+constituents
000153,医药生物,370102,2000-09-18 16:07:00,swsresearch_xls+constituents
600285,医药生物,370201,2000-10-18 00:00:00,swsresearch_xls+constituents
600422,医药生物,370201,2000-12-06 00:00:00,swsresearch_xls+constituents
600333,公用事业,410301,2000-12-11 00:00:00,swsresearch_xls+constituents
600328,基础化工,220203,2000-12-22 00:00:00,swsresearch_xls+constituents
000726,纺织服饰,350102,2000-12-25 00:00:00,swsresearch_xls+constituents
000725,电子,270301,2001-01-12 00:00:00,swsresearch_xls+constituents
600317,交通运输,420101,2001-01-31 00:00:00,swsresearch_xls+constituents
600332,医药生物,370201,2001-02-06 00:00:00,swsresearch_xls+constituents
600383,房地产,430101,2001-02-08 13:41:00,swsresearch_xls+constituents
600376,房地产,430101,2001-02-09 14:35:00,swsresearch_xls+constituents
600393,房地产,430101,2001-03-19 00:00:00,swsresearch_xls+constituents
600367,基础化工,220203,2001-03-20 00:00:00,swsresearch_xls+constituents
000540,房地产,430101,2001-05-01 00:00:00,swsresearch_xls+constituents
000014,房地产,430101,2001-05-01 00:00:00,swsresearch_xls+constituents
600329,医药生物,370201,2001-06-06 00:00:00,swsresearch_xls+constituents
600322,房地产,430101,2001-08-06 00:00:00,swsresearch_xls+constituents
600266,房地产,430101,2001-09-01 00:00:00,swsresearch_xls+constituents
600448,纺织服饰,350104,2001-09-03 00:00:00,swsresearch_xls+constituents
600011,公用事业,410101,2001-12-06 00:00:00,swsresearch_xls+constituents
600533,房地产,430101,2002-03-01 00:00:00,swsresearch_xls+constituents
600823,房地产,430101,2002-05-01 00:00:00,swsresearch_xls+constituents
000024,房地产,430101,2002-05-01 00:00:00,swsresearch_xls+constituents
600791,房地产,430101,2002-05-01 00:00:00,swsresearch_xls+constituents
600357,钢铁,230101,2002-08-20 00:00:00,swsresearch_xls+constituents
600535,医药生物,370201,2002-08-23 00:00:00,swsresearch_xls+constituents
600246,房地产,430101,2002-09-01 00:00:00,swsresearch_xls+constituents
000739,医药生物,370101,2002-09-01 00:00:00,swsresearch_xls+constituents
600557,医药生物,370201,2002-09-18 00:00:00,swsresearch_xls+constituents
600351,医药生物,370201,2002-09-20 00:00:00,swsresearch_xls+constituents
600591,交通运输,420401,2002-10-01 00:00:00,swsresearch_xls+constituents
600513,医药生物,370102,2003-03-19 00:00:00,swsresearch_xls+constituents
000013,基础化工,220501,2003-05-01 00:00:00,swsresearch_xls+constituents
600840,房地产,430101,2003-05-01 00:00:00,swsresearch_xls+constituents
600748,房地产,430101,2003-05-01 00:00:00,swsresearch_xls+constituents
000667,房地产,430101,2003-05-01 00:00:00,swsresearch_xls+constituents
600436,医药生物,370201,2003-06-16 00:00:00,swsresearch_xls+constituents
600021,公用事业,410101,2003-10-27 00:00:00,swsresearch_xls+constituents
600900,公用事业,410102,2003-11-11 00:00:00,swsresearch_xls+constituents
600540,农林牧渔,110103,2004-01-02 00:00:00,swsresearch_xls+constituents
600325,房地产,430101,2004-02-25 00:00:00,swsresearch_xls+constituents
600479,医药生物,370201,2004-03-10 00:00:00,swsresearch_xls+constituents
600594,医药生物,370201,2004-03-19 00:00:00,swsresearch_xls+constituents
600467,农林牧渔,110202,2004-04-01 00:00:00,swsresearch_xls+constituents
600572,医药生物,370201,2004-04-09 00:00:00,swsresearch_xls+constituents
600976,医药生物,370201,2004-04-19 00:00:00,swsresearch_xls+constituents
600493,纺织服饰,350102,2004-04-20 00:00:00,swsresearch_xls+constituents
600993,医药生物,370201,2004-05-13 00:00:00,swsresearch_xls+constituents
600981,商贸零售,450201,2004-06-28 00:00:00,swsresearch_xls+constituents
600987,纺织服饰,350104,2004-08-06 00:00:00,swsresearch_xls+constituents
600027,公用事业,410101,2005-02-03 00:00:00,swsresearch_xls+constituents
002039,公用事业,410102,2005-03-02 00:00:00,swsresearch_xls+constituents
002041,农林牧渔,110101,2005-03-24 00:00:00,swsresearch_xls+constituents
002042,纺织服饰,350102,2005-03-30 00:00:00,swsresearch_xls+constituents
600472,有色金属,240101,2005-04-06 00:00:00,swsresearch_xls+constituents
600982,公用事业,410104,2005-07-01 00:00:00,swsresearch_xls+constituents
600048,房地产,430101,2006-07-11 00:00:00,swsresearch_xls+constituents
600240,房地产,430101,2006-09-01 00:00:00,swsresearch_xls+constituents
000769,农林牧渔,110601,2006-09-01 00:00:00,swsresearch_xls+constituents
000090,房地产,430101,2006-09-01 00:00:00,swsresearch_xls+constituents
000652,综合,510101,2006-09-01 00:00:00,swsresearch_xls+constituents
600669,综合,510101,2006-09-01 00:00:00,swsresearch_xls+constituents
000718,房地产,430101,2006-09-01 00:00:00,swsresearch_xls+constituents
600159,房地产,430101,2006-09-01 00:00:00,swsresearch_xls+constituents
000600,公用事业,410101,2006-09-07 00:00:00,swsresearch_xls+constituents
002069,农林牧渔,110202,2006-09-19 00:00:00,swsresearch_xls+constituents
601588,房地产,430101,2006-10-16 00:00:00,swsresearch_xls+constituents
002083,纺织服饰,350102,2006-11-21 00:00:00,swsresearch_xls+constituents
002087,纺织服饰,350102,2006-11-29 00:00:00,swsresearch_xls+constituents
002092,基础化工,220202,2006-12-07 00:00:00,swsresearch_xls+constituents
601991,公用事业,410101,2006-12-19 00:00:00,swsresearch_xls+constituents
002099,医药生物,370101,2006-12-26 00:00:00,swsresearch_xls+constituents
000594,交通运输,420701,2007-01-02 00:00:00,swsresearch_xls+constituents
002106,电子,270301,2007-01-12 00:00:00,swsresearch_xls+constituents
002107,医药生物,370201,2007-01-24 00:00:00,swsresearch_xls+constituents
002108,基础化工,220501,2007-01-24 00:00:00,swsresearch_xls+constituents
002118,医药生物,370201,2007-03-01 00:00:00,swsresearch_xls+constituents
002133,房地产,430101,2007-04-27 00:00:00,swsresearch_xls+constituents
000609,房地产,430101,2007-07-02 00:00:00,swsresearch_xls+constituents
000043,房地产,430101,2007-07-02 00:00:00,swsresearch_xls+constituents
000632,综合,510101,2007-07-02 00:00:00,swsresearch_xls+constituents
000671,房地产,430101,2007-07-02 00:00:00,swsresearch_xls+constituents
000635,基础化工,220202,2007-07-02 00:00:00,swsresearch_xls+constituents
600051,综合,510101,2007-07-02 00:00:00,swsresearch_xls+constituents
000650,医药生物,370201,2007-07-02 00:00:00,swsresearch_xls+constituents
002091,商贸零售,450201,2007-07-02 00:00:00,swsresearch_xls+constituents
000656,房地产,430101,2007-07-02 00:00:00,swsresearch_xls+constituents
000736,房地产,430101,2007-07-02 00:00:00,swsresearch_xls+constituents
600354,农林牧渔,110101,2007-07-02 00:00:00,swsresearch_xls+constituents
000972,农林牧渔,110501,2007-07-02 00:00:00,swsresearch_xls+constituents
000797,房地产,430101,2007-07-02 00:00:00,swsresearch_xls+constituents
000965,房地产,430101,2007-07-02 00:00:00,swsresearch_xls+constituents
600208,房地产,430101,2007-07-02 00:00:00,swsresearch_xls+constituents
002146,房地产,430101,2007-08-07 00:00:00,swsresearch_xls+constituents
002198,医药生物,370201,2007-12-17 00:00:00,swsresearch_xls+constituents
000961,房地产,430101,2008-01-02 00:00:00,swsresearch_xls+constituents
000566,医药生物,370102,2008-01-02 00:00:00,swsresearch_xls+constituents
002206,基础化工,220401,2008-01-02 00:00:00,swsresearch_xls+constituents
002208,房地产,430101,2008-01-02 00:00:00,swsresearch_xls+constituents
600062,医药生物,370102,2008-01-02 00:00:00,swsresearch_xls+constituents
600736,房地产,430101,2008-01-02 00:00:00,swsresearch_xls+constituents
000513,医药生物,370102,2008-01-02 00:00:00,swsresearch_xls+constituents
600276,医药生物,370102,2008-01-02 00:00:00,swsresearch_xls+constituents
600075,基础化工,220202,2008-01-02 00:00:00,swsresearch_xls+constituents
002244,房地产,430101,2008-01-08 00:00:00,swsresearch_xls+constituents
002267,公用事业,410301,2008-01-22 00:00:00,swsresearch_xls+constituents
600253,医药生物,370101,2008-06-02 00:00:00,swsresearch_xls+constituents
002119,电子,270103,2008-06-02 00:00:00,swsresearch_xls+constituents
002224,基础化工,220602,2008-06-02 00:00:00,swsresearch_xls+constituents
002054,基础化工,220308,2008-06-02 00:00:00,swsresearch_xls+constituents
002064,基础化工,220405,2008-06-02 00:00:00,swsresearch_xls+constituents
002226,基础化工,220307,2008-06-02 00:00:00,swsresearch_xls+constituents
600466,房地产,430101,2008-06-02 00:00:00,swsresearch_xls+constituents
002037,基础化工,220307,2008-06-02 00:00:00,swsresearch_xls+constituents
000795,有色金属,240202,2008-06-02 00:00:00,swsresearch_xls+constituents
600352,基础化工,220308,2008-06-02 00:00:00,swsresearch_xls+constituents
002096,基础化工,220307,2008-06-02 00:00:00,swsresearch_xls+constituents
600360,电子,270102,2008-06-02 00:00:00,swsresearch_xls+constituents
002262,医药生物,370102,2008-10-07 00:00:00,swsresearch_xls+constituents
600664,医药生物,370102,2008-10-07 00:00:00,swsresearch_xls+constituents
002161,电子,270401,2009-01-01 00:00:00,swsresearch_xls+constituents
600657,房地产,430101,2009-01-01 00:00:00,swsresearch_xls+constituents
000838,房地产,430101,2009-01-01 00:00:00,swsresearch_xls+constituents
000909,房地产,430101,2009-01-01 00:00:00,swsresearch_xls+constituents
600503,房地产,430101,2009-01-01 00:00:00,swsresearch_xls+constituents
601139,公用事业,410301,2009-01-04 00:00:00,swsresearch_xls+constituents
002287,医药生物,370201,2009-01-12 00:00:00,swsresearch_xls+constituents
300016,医药生物,370102,2009-01-12 00:00:00,swsresearch_xls+constituents
600518,医药生物,370201,2009-01-15 00:00:00,swsresearch_xls+constituents
002289,电子,270301,2009-01-17 00:00:00,swsresearch_xls+constituents
300006,医药生物,370102,2009-01-22 00:00:00,swsresearch_xls+constituents
002317,医药生物,370201,2009-01-23 00:00:00,swsresearch_xls+constituents
002319,基础化工,220305,2009-01-23 00:00:00,swsresearch_xls+constituents
300039,医药生物,370201,2009-01-25 00:00:00,swsresearch_xls+constituents
002275,医药生物,370201,2009-01-29 00:00:00,swsresearch_xls+constituents
000578,基础化工,220306,2009-06-01 00:00:00,swsresearch_xls+constituents
000970,有色金属,240202,2010-01-01 00:00:00,swsresearch_xls+constituents
000050,电子,270301,2010-01-01 00:00:00,swsresearch_xls+constituents
000517,房地产,430101,2010-01-01 00:00:00,swsresearch_xls+constituents
600649,房地产,430101,2010-01-01 00:00:00,swsresearch_xls+constituents
002437,医药生物,370102,2010-01-01 00:00:00,swsresearch_xls+constituents
600716,房地产,430101,2010-01-01 00:00:00,swsresearch_xls+constituents
600773,房地产,430101,2010-01-01 00:00:00,swsresearch_xls+constituents
600097,农林牧渔,110201,2010-01-01 00:00:00,swsresearch_xls+constituents
002016,房地产,430101,2010-01-01 00:00:00,swsresearch_xls+constituents
600173,房地产,430101,2010-01-01 00:00:00,swsresearch_xls+constituents
000926,房地产,430101,2010-01-01 00:00:00,swsresearch_xls+constituents
600366,有色金属,240202,2010-01-02 00:00:00,swsresearch_xls+constituents
002455,基础化工,220309,2010-01-02 00:00:00,swsresearch_xls+constituents
002360,基础化工,220307,2010-01-03 00:00:00,swsresearch_xls+constituents
300147,医药生物,370201,2010-01-06 00:00:00,swsresearch_xls+constituents
002393,医药生物,370102,2010-01-06 00:00:00,swsresearch_xls+constituents
002394,纺织服饰,350102,2010-01-06 00:00:00,swsresearch_xls+constituents
002427,基础化工,220401,2010-01-07 00:00:00,swsresearch_xls+constituents
002525,食品饮料,340303,2010-01-08 00:00:00,swsresearch_xls+constituents
000036,房地产,430101,2010-01-08 00:00:00,swsresearch_xls+constituents
002365,医药生物,370101,2010-01-09 00:00:00,swsresearch_xls+constituents
300109,基础化工,220309,2010-01-09 00:00:00,swsresearch_xls+constituents
300067,基础化工,220308,2010-01-09 00:00:00,swsresearch_xls+constituents
300110,医药生物,370102,2010-01-10 00:00:00,swsresearch_xls+constituents
002440,基础化工,220308,2010-01-10 00:00:00,swsresearch_xls+constituents
300087,农林牧渔,110101,2010-01-12 00:00:00,swsresearch_xls+constituents
300086,医药生物,370102,2010-01-12 00:00:00,swsresearch_xls+constituents
002412,医药生物,370201,2010-01-12 00:00:00,swsresearch_xls+constituents
002349,医药生物,370201,2010-01-14 00:00:00,swsresearch_xls+constituents
002453,基础化工,220309,2010-01-16 00:00:00,swsresearch_xls+constituents
000918,房地产,430101,2010-01-17 00:00:00,swsresearch_xls+constituents
000979,房地产,430101,2010-01-17 00:00:00,swsresearch_xls+constituents
002381,基础化工,220602,2010-01-17 00:00:00,swsresearch_xls+constituents
002424,医药生物,370201,2010-01-20 00:00:00,swsresearch_xls+constituents
002422,医药生物,370102,2010-01-20 00:00:00,swsresearch_xls+constituents
300076,电子,270301,2010-01-22 00:00:00,swsresearch_xls+constituents
002386,基础化工,220202,2010-01-22 00:00:00,swsresearch_xls+constituents
002370,医药生物,370102,2010-01-23 00:00:00,swsresearch_xls+constituents
002388,电子,270401,2010-01-23 00:00:00,swsresearch_xls+constituents
300088,电子,270301,2010-01-25 00:00:00,swsresearch_xls+constituents
300156,公用事业,410401,2010-01-27 00:00:00,swsresearch_xls+constituents
002433,医药生物,370201,2010-01-28 00:00:00,swsresearch_xls+constituents
601118,农林牧渔,110103,2010-01-28 00:00:00,swsresearch_xls+constituents
300094,农林牧渔,110202,2010-01-29 00:00:00,swsresearch_xls+constituents
300127,有色金属,240202,2010-01-30 00:00:00,swsresearch_xls+constituents
000151,商贸零售,450201,2010-10-08 00:00:00,swsresearch_xls+constituents
300189,农林牧渔,110101,2011-01-07 00:00:00,swsresearch_xls+constituents
300230,基础化工,220501,2011-01-07 00:00:00,swsresearch_xls+constituents
300254,医药生物,370102,2011-01-08 00:00:00,swsresearch_xls+constituents
002566,医药生物,370201,2011-01-09 00:00:00,swsresearch_xls+constituents
600420,医药生物,370102,2011-01-10 00:00:00,swsresearch_xls+constituents
300046,电子,270102,2011-01-10 00:00:00,swsresearch_xls+constituents
600083,综合,510101,2011-01-10 00:00:00,swsresearch_xls+constituents
000732,房地产,430101,2011-01-10 00:00:00,swsresearch_xls+constituents
600789,医药生物,370102,2011-01-10 00:00:00,swsresearch_xls+constituents
000565,基础化工,220305,2011-01-10 00:00:00,swsresearch_xls+constituents
600770,综合,510101,2011-01-10 00:00:00,swsresearch_xls+constituents
600371,农林牧渔,110101,2011-01-10 00:00:00,swsresearch_xls+constituents
600380,医药生物,370102,2011-01-10 00:00:00,swsresearch_xls+constituents
300184,电子,270401,2011-01-10 00:00:00,swsresearch_xls+constituents
600962,农林牧渔,110501,2011-01-10 00:00:00,swsresearch_xls+constituents
000536,电子,270301,2011-01-10 00:00:00,swsresearch_xls+constituents
601216,基础化工,220202,2011-01-10 00:00:00,swsresearch_xls+constituents
600270,交通运输,420801,2011-01-10 00:00:00,swsresearch_xls+constituents
600162,房地产,430101,2011-01-10 00:00:00,swsresearch_xls+constituents
600108,农林牧渔,110103,2011-01-10 00:00:00,swsresearch_xls+constituents
002429,家用电器,330201,2011-01-10 00:00:00,swsresearch_xls+constituents
000915,医药生物,370102,2011-01-10 00:00:00,swsresearch_xls+constituents
600565,房地产,430101,2011-01-10 00:00:00,swsresearch_xls+constituents
600683,房地产,430101,2011-01-10 00:00:00,swsresearch_xls+constituents
002294,医药生物,370102,2011-01-10 00:00:00,swsresearch_xls+constituents
600079,医药生物,370102,2011-01-10 00:00:00,swsresearch_xls+constituents
600252,医药生物,370201,2011-01-10 00:00:00,swsresearch_xls+constituents
000969,有色金属,240201,2011-01-10 00:00:00,swsresearch_xls+constituents
600598,农林牧渔,110102,2011-01-10 00:00:00,swsresearch_xls+constituents
300181,医药生物,370201,2011-01-10 00:00:00,swsresearch_xls+constituents
600674,公用事业,410102,2011-01-10 00:00:00,swsresearch_xls+constituents
002644,医药生物,370201,2011-01-13 00:00:00,swsresearch_xls+constituents
300194,医药生物,370102,2011-01-14 00:00:00,swsresearch_xls+constituents
300267,医药生物,370101,2011-01-15 00:00:00,swsresearch_xls+constituents
002603,医药生物,370201,2011-01-19 00:00:00,swsresearch_xls+constituents
300225,基础化工,220305,2011-01-23 00:00:00,swsresearch_xls+constituents
300224,有色金属,240202,2011-01-23 00:00:00,swsresearch_xls+constituents
300174,基础化工,220309,2011-01-24 00:00:00,swsresearch_xls+constituents
300175,农林牧渔,110501,2011-01-27 00:00:00,swsresearch_xls+constituents
300199,医药生物,370102,2011-01-28 00:00:00,swsresearch_xls+constituents
000636,电子,270203,2011-10-10 00:00:00,swsresearch_xls+constituents
002587,电子,270302,2011-10-10 00:00:00,swsresearch_xls+constituents
600160,基础化工,220311,2011-10-10 00:00:00,swsresearch_xls+constituents
300102,电子,270302,2011-10-10 00:00:00,swsresearch_xls+constituents
002604,农林牧渔,110504,2011-10-10 00:00:00,swsresearch_xls+constituents
002515,食品饮料,340401,2011-10-10 00:00:00,swsresearch_xls+constituents
600183,电子,270202,2011-10-10 00:00:00,swsresearch_xls+constituents
600143,基础化工,220503,2011-10-10 00:00:00,swsresearch_xls+constituents
300119,农林牧渔,110801,2011-10-10 00:00:00,swsresearch_xls+constituents
002579,电子,270202,2011-10-10 00:00:00,swsresearch_xls+constituents
002618,电子,270202,2011-10-10 00:00:00,swsresearch_xls+constituents
002549,基础化工,220309,2011-10-10 00:00:00,swsresearch_xls+constituents
600703,电子,270302,2011-10-10 00:00:00,swsresearch_xls+constituents
000930,农林牧渔,110504,2011-10-10 00:00:00,swsresearch_xls+constituents
000911,农林牧渔,110504,2011-10-10 00:00:00,swsresearch_xls+constituents
002273,电子,270303,2011-10-10 00:00:00,swsresearch_xls+constituents
000955,纺织服饰,350106,2011-10-10 00:00:00,swsresearch_xls+constituents
002286,农林牧渔,110504,2011-10-10 00:00:00,swsresearch_xls+constituents
002288,电子,270202,2011-10-10 00:00:00,swsresearch_xls+constituents
002293,纺织服饰,350206,2011-10-10 00:00:00,swsresearch_xls+constituents
300268,农林牧渔,110504,2011-10-10 00:00:00,swsresearch_xls+constituents
002144,纺织服饰,350106,2011-10-10 00:00:00,swsresearch_xls+constituents
002138,电子,270203,2011-10-10 00:00:00,swsresearch_xls+constituents
002134,电子,270202,2011-10-10 00:00:00,swsresearch_xls+constituents
002199,电子,270203,2011-10-10 00:00:00,swsresearch_xls+constituents
002068,基础化工,220603,2011-10-10 00:00:00,swsresearch_xls+constituents
002220,农林牧渔,110504,2011-10-10 00:00:00,swsresearch_xls+constituents
600563,电子,270203,2011-10-10 00:00:00,swsresearch_xls+constituents
002098,纺织服饰,350105,2011-10-10 00:00:00,swsresearch_xls+constituents
002324,基础化工,220503,2011-10-10 00:00:00,swsresearch_xls+constituents
002003,纺织服饰,350105,2011-10-10 00:00:00,swsresearch_xls+constituents
002326,基础化工,220311,2011-10-10 00:00:00,swsresearch_xls+constituents
300186,农林牧渔,110801,2011-10-10 00:00:00,swsresearch_xls+constituents
002436,电子,270202,2011-10-10 00:00:00,swsresearch_xls+constituents
002407,基础化工,220311,2011-10-10 00:00:00,swsresearch_xls+constituents
600237,电子,270203,2011-10-10 00:00:00,swsresearch_xls+constituents
002442,基础化工,220603,2011-10-10 00:00:00,swsresearch_xls+constituents
002397,纺织服饰,350206,2011-10-10 00:00:00,swsresearch_xls+constituents
000823,电子,270202,2011-10-10 00:00:00,swsresearch_xls+constituents
002484,电子,270203,2011-10-10 00:00:00,swsresearch_xls+constituents
300138,农林牧渔,110504,2011-10-10 00:00:00,swsresearch_xls+constituents
600201,农林牧渔,110801,2011-10-10 00:00:00,swsresearch_xls+constituents
600195,农林牧渔,110801,2011-10-10 00:00:00,swsresearch_xls+constituents
600191,农林牧渔,110504,2011-10-10 00:00:00,swsresearch_xls+constituents
002477,农林牧渔,110701,2011-10-10 00:00:00,swsresearch_xls+constituents
300162,电子,270302,2011-10-10 00:00:00,swsresearch_xls+constituents
002449,电子,270302,2011-10-10 00:00:00,swsresearch_xls+constituents
002456,电子,270303,2011-10-10 00:00:00,swsresearch_xls+constituents
002463,电子,270202,2011-10-10 00:00:00,swsresearch_xls+constituents
300232,电子,270302,2011-10-10 00:00:00,swsresearch_xls+constituents
300219,电子,270302,2011-10-10 00:00:00,swsresearch_xls+constituents
300221,基础化工,220503,2011-10-10 00:00:00,swsresearch_xls+constituents
000895,食品饮料,340401,2011-10-10 00:00:00,swsresearch_xls+constituents
002327,纺织服饰,350206,2011-10-10 00:00:00,swsresearch_xls+constituents
002330,食品饮料,340401,2011-10-10 00:00:00,swsresearch_xls+constituents
300241,电子,270302,2011-10-10 00:00:00,swsresearch_xls+constituents
002636,电子,270202,2011-11-16 00:00:00,swsresearch_xls+constituents
300296,电子,270302,2012-01-05 00:00:00,swsresearch_xls+constituents
002688,农林牧渔,110801,2012-01-05 00:00:00,swsresearch_xls+constituents
000620,房地产,430101,2012-01-08 00:00:00,swsresearch_xls+constituents
002653,医药生物,370102,2012-01-09 00:00:00,swsresearch_xls+constituents
300303,电子,270302,2012-01-09 00:00:00,swsresearch_xls+constituents
002700,公用事业,410301,2012-01-11 00:00:00,swsresearch_xls+constituents
300301,电子,270302,2012-01-12 00:00:00,swsresearch_xls+constituents
002666,基础化工,220309,2012-01-14 00:00:00,swsresearch_xls+constituents
603001,纺织服饰,350205,2012-01-18 00:00:00,swsresearch_xls+constituents
300325,基础化工,220501,2012-01-22 00:00:00,swsresearch_xls+constituents
300323,电子,270302,2012-01-22 00:00:00,swsresearch_xls+constituents
002679,农林牧渔,110301,2012-01-23 00:00:00,swsresearch_xls+constituents
300320,基础化工,220602,2012-01-24 00:00:00,swsresearch_xls+constituents
002683,基础化工,220307,2012-01-30 00:00:00,swsresearch_xls+constituents
601339,纺织服饰,350102,2012-01-31 00:00:00,swsresearch_xls+constituents
600094,房地产,430101,2012-07-02 00:00:00,swsresearch_xls+constituents
002674,纺织服饰,350105,2012-07-02 00:00:00,swsresearch_xls+constituents
000791,公用事业,410102,2013-01-01 00:00:00,swsresearch_xls+constituents
300090,公用事业,410401,2013-01-01 00:00:00,swsresearch_xls+constituents
000722,公用事业,410102,2013-01-01 00:00:00,swsresearch_xls+constituents
600780,公用事业,410101,2013-01-01 00:00:00,swsresearch_xls+constituents
000669,公用事业,410301,2013-01-01 00:00:00,swsresearch_xls+constituents
000333,家用电器,330102,2013-01-18 00:00:00,swsresearch_xls+constituents
600023,公用事业,410101,2013-01-19 00:00:00,swsresearch_xls+constituents
000602,公用事业,410101,2013-07-01 00:00:00,swsresearch_xls+constituents
000511,有色金属,240203,2014-01-01 00:00:00,swsresearch_xls+constituents
300163,基础化工,220309,2014-01-01 00:00:00,swsresearch_xls+constituents
300169,基础化工,220309,2014-01-01 00:00:00,swsresearch_xls+constituents
000045,电子,270301,2014-01-01 00:00:00,swsresearch_xls+constituents
600622,房地产,430101,2014-01-01 00:00:00,swsresearch_xls+constituents
600617,公用事业,410301,2014-01-01 00:00:00,swsresearch_xls+constituents
000592,农林牧渔,110301,2014-01-01 00:00:00,swsresearch_xls+constituents
300361,医药生物,370102,2014-01-08 00:00:00,swsresearch_xls+constituents
002710,医药生物,370601,2014-01-08 00:00:00,swsresearch_xls+constituents
300373,电子,270102,2014-01-08 00:00:00,swsresearch_xls+constituents
600917,公用事业,410301,2014-01-10 00:00:00,swsresearch_xls+constituents
603188,基础化工,220308,2014-01-10 00:00:00,swsresearch_xls+constituents
002729,电子,270401,2014-01-16 00:00:00,swsresearch_xls+constituents
002737,医药生物,370201,2014-01-19 00:00:00,swsresearch_xls+constituents
002726,食品饮料,340401,2014-01-20 00:00:00,swsresearch_xls+constituents
603168,医药生物,370102,2014-01-20 00:00:00,swsresearch_xls+constituents
002720,纺织服饰,350105,2014-01-22 00:00:00,swsresearch_xls+constituents
300405,基础化工,220309,2014-01-24 00:00:00,swsresearch_xls+constituents
300408,电子,270203,2014-01-25 00:00:00,swsresearch_xls+constituents
603998,医药生物,370201,2014-01-25 00:00:00,swsresearch_xls+constituents
300401,医药生物,370101,2014-01-26 00:00:00,swsresearch_xls+constituents
300389,电子,270302,2014-01-31 00:00:00,swsresearch_xls+constituents
603123,商贸零售,450301,2014-02-21 00:00:00,swsresearch_xls+constituents
601668,建筑装饰,620101,2014-02-21 00:00:00,swsresearch_xls+constituents
300154,机械设备,640106,2014-02-21 00:00:00,swsresearch_xls+constituents
300411,机械设备,640209,2014-02-21 00:00:00,swsresearch_xls+constituents
002482,建筑装饰,620201,2014-02-21 00:00:00,swsresearch_xls+constituents
300145,机械设备,640106,2014-02-21 00:00:00,swsresearch_xls+constituents
601618,建筑装饰,620404,2014-02-21 00:00:00,swsresearch_xls+constituents
600628,商贸零售,450301,2014-02-21 00:00:00,swsresearch_xls+constituents
601628,非银金融,490201,2014-02-21 00:00:00,swsresearch_xls+constituents
002469,建筑装饰,620402,2014-02-21 00:00:00,swsresearch_xls+constituents
601636,建筑材料,610201,2014-02-21 00:00:00,swsresearch_xls+constituents
002160,有色金属,240301,2014-02-21 00:00:00,swsresearch_xls+constituents
002158,机械设备,640105,2014-02-21 00:00:00,swsresearch_xls+constituents
002598,机械设备,640106,2014-02-21 00:00:00,swsresearch_xls+constituents
000060,有色金属,240303,2014-02-21 00:00:00,swsresearch_xls+constituents
002155,有色金属,240401,2014-02-21 00:00:00,swsresearch_xls+constituents
600677,国防军工,650101,2014-02-21 00:00:00,swsresearch_xls+constituents
002428,有色金属,240504,2014-02-21 00:00:00,swsresearch_xls+constituents
601727,电力设备,630301,2014-02-21 00:00:00,swsresearch_xls+constituents
601766,机械设备,640501,2014-02-21 00:00:00,swsresearch_xls+constituents
601677,有色金属,240301,2014-02-21 00:00:00,swsresearch_xls+constituents
002457,建筑材料,610302,2014-02-21 00:00:00,swsresearch_xls+constituents
300161,机械设备,640101,2014-02-21 00:00:00,swsresearch_xls+constituents
601688,非银金融,490101,2014-02-21 00:00:00,swsresearch_xls+constituents
300064,机械设备,640103,2014-02-21 00:00:00,swsresearch_xls+constituents
002444,机械设备,640106,2014-02-21 00:00:00,swsresearch_xls+constituents
601601,非银金融,490201,2014-02-21 00:00:00,swsresearch_xls+constituents
002542,建筑装饰,620404,2014-02-21 00:00:00,swsresearch_xls+constituents
002541,建筑装饰,620401,2014-02-21 00:00:00,swsresearch_xls+constituents
300099,机械设备,640203,2014-02-21 00:00:00,swsresearch_xls+constituents
002576,电力设备,630101,2014-02-21 00:00:00,swsresearch_xls+constituents
002540,有色金属,240301,2014-02-21 00:00:00,swsresearch_xls+constituents
300104,传媒,720301,2014-02-21 00:00:00,swsresearch_xls+constituents
002535,机械设备,640203,2014-02-21 00:00:00,swsresearch_xls+constituents
601336,非银金融,490201,2014-02-21 00:00:00,swsresearch_xls+constituents
300103,机械设备,640209,2014-02-21 00:00:00,swsresearch_xls+constituents
002559,机械设备,640101,2014-02-21 00:00:00,swsresearch_xls+constituents
002561,商贸零售,450301,2014-02-21 00:00:00,swsresearch_xls+constituents
600778,商贸零售,450303,2014-02-21 00:00:00,swsresearch_xls+constituents
002171,有色金属,240302,2014-02-21 00:00:00,swsresearch_xls+constituents
603169,机械设备,640203,2014-02-21 00:00:00,swsresearch_xls+constituents
601318,非银金融,490201,2014-02-21 00:00:00,swsresearch_xls+constituents
601313,机械设备,640204,2014-02-21 00:00:00,swsresearch_xls+constituents
601226,建筑装饰,620404,2014-02-21 00:00:00,swsresearch_xls+constituents
300091,机械设备,640106,2014-02-21 00:00:00,swsresearch_xls+constituents
601299,机械设备,640501,2014-02-21 00:00:00,swsresearch_xls+constituents
002578,有色金属,240301,2014-02-21 00:00:00,swsresearch_xls+constituents
002500,非银金融,490101,2014-02-21 00:00:00,swsresearch_xls+constituents
002501,有色金属,240301,2014-02-21 00:00:00,swsresearch_xls+constituents
300126,机械设备,640106,2014-02-21 00:00:00,swsresearch_xls+constituents
002167,有色金属,240504,2014-02-21 00:00:00,swsresearch_xls+constituents
601558,电力设备,630302,2014-02-21 00:00:00,swsresearch_xls+constituents
002490,机械设备,640203,2014-02-21 00:00:00,swsresearch_xls+constituents
601600,有色金属,240301,2014-02-21 00:00:00,swsresearch_xls+constituents
002165,基础化工,220313,2014-02-21 00:00:00,swsresearch_xls+constituents
000401,建筑材料,610101,2014-02-21 00:00:00,swsresearch_xls+constituents
002187,商贸零售,450301,2014-02-21 00:00:00,swsresearch_xls+constituents
002509,机械设备,640204,2014-02-21 00:00:00,swsresearch_xls+constituents
601388,有色金属,240301,2014-02-21 00:00:00,swsresearch_xls+constituents
002526,机械设备,640203,2014-02-21 00:00:00,swsresearch_xls+constituents
601377,非银金融,490101,2014-02-21 00:00:00,swsresearch_xls+constituents
002529,机械设备,640209,2014-02-21 00:00:00,swsresearch_xls+constituents
002520,机械设备,640101,2014-02-21 00:00:00,swsresearch_xls+constituents
600768,有色金属,240301,2014-02-21 00:00:00,swsresearch_xls+constituents
601555,非银金融,490101,2014-02-21 00:00:00,swsresearch_xls+constituents
300257,机械设备,640106,2014-02-21 00:00:00,swsresearch_xls+constituents
002225,建筑材料,610301,2014-02-21 00:00:00,swsresearch_xls+constituents
300337,有色金属,240301,2014-02-21 00:00:00,swsresearch_xls+constituents
002233,建筑材料,610101,2014-02-21 00:00:00,swsresearch_xls+constituents
600723,商贸零售,450301,2014-02-21 00:00:00,swsresearch_xls+constituents
600693,商贸零售,450301,2014-02-21 00:00:00,swsresearch_xls+constituents
002325,建筑装饰,620201,2014-02-21 00:00:00,swsresearch_xls+constituents
002333,建筑材料,610303,2014-02-21 00:00:00,swsresearch_xls+constituents
600694,商贸零售,450303,2014-02-21 00:00:00,swsresearch_xls+constituents
603088,机械设备,640101,2014-02-21 00:00:00,swsresearch_xls+constituents
601989,国防军工,650401,2014-02-21 00:00:00,swsresearch_xls+constituents
600697,商贸零售,450303,2014-02-21 00:00:00,swsresearch_xls+constituents
600729,商贸零售,450303,2014-02-21 00:00:00,swsresearch_xls+constituents
002237,有色金属,240401,2014-02-21 00:00:00,swsresearch_xls+constituents
002297,国防军工,650201,2014-02-21 00:00:00,swsresearch_xls+constituents
300307,机械设备,640206,2014-02-21 00:00:00,swsresearch_xls+constituents
002251,商贸零售,450302,2014-02-21 00:00:00,swsresearch_xls+constituents
600712,商贸零售,450301,2014-02-21 00:00:00,swsresearch_xls+constituents
300293,机械设备,640209,2014-02-21 00:00:00,swsresearch_xls+constituents
300281,机械设备,640209,2014-02-21 00:00:00,swsresearch_xls+constituents
002249,电力设备,630101,2014-02-21 00:00:00,swsresearch_xls+constituents
002295,有色金属,240302,2014-02-21 00:00:00,swsresearch_xls+constituents
002282,机械设备,640103,2014-02-21 00:00:00,swsresearch_xls+constituents
002277,商贸零售,450301,2014-02-21 00:00:00,swsresearch_xls+constituents
002278,机械设备,640203,2014-02-21 00:00:00,swsresearch_xls+constituents
002248,机械设备,640101,2014-02-21 00:00:00,swsresearch_xls+constituents
000065,建筑装饰,620403,2014-02-21 00:00:00,swsresearch_xls+constituents
002336,商贸零售,450302,2014-02-21 00:00:00,swsresearch_xls+constituents
603111,机械设备,640501,2014-02-21 00:00:00,swsresearch_xls+constituents
300200,基础化工,220313,2014-02-21 00:00:00,swsresearch_xls+constituents
002392,建筑材料,610301,2014-02-21 00:00:00,swsresearch_xls+constituents
300198,建筑材料,610302,2014-02-21 00:00:00,swsresearch_xls+constituents
002398,建筑材料,610303,2014-02-21 00:00:00,swsresearch_xls+constituents
300195,机械设备,640208,2014-02-21 00:00:00,swsresearch_xls+constituents
002203,有色金属,240302,2014-02-21 00:00:00,swsresearch_xls+constituents
002379,有色金属,240301,2014-02-21 00:00:00,swsresearch_xls+constituents
300372,电力设备,630306,2014-02-21 00:00:00,swsresearch_xls+constituents
300382,机械设备,640209,2014-02-21 00:00:00,swsresearch_xls+constituents
300193,机械设备,640106,2014-02-21 00:00:00,swsresearch_xls+constituents
600679,汽车,280401,2014-02-21 00:00:00,swsresearch_xls+constituents
002196,电力设备,630101,2014-02-21 00:00:00,swsresearch_xls+constituents
601788,非银金融,490101,2014-02-21 00:00:00,swsresearch_xls+constituents
300179,机械设备,640103,2014-02-21 00:00:00,swsresearch_xls+constituents
002416,商贸零售,450401,2014-02-21 00:00:00,swsresearch_xls+constituents
601798,机械设备,640203,2014-02-21 00:00:00,swsresearch_xls+constituents
601789,建筑装饰,620101,2014-02-21 00:00:00,swsresearch_xls+constituents
002378,有色金属,240502,2014-02-21 00:00:00,swsresearch_xls+constituents
002209,机械设备,640208,2014-02-21 00:00:00,swsresearch_xls+constituents
002353,机械设备,640203,2014-02-21 00:00:00,swsresearch_xls+constituents
601901,非银金融,490101,2014-02-21 00:00:00,swsresearch_xls+constituents
600687,有色金属,240401,2014-02-21 00:00:00,swsresearch_xls+constituents
002337,机械设备,640209,2014-02-21 00:00:00,swsresearch_xls+constituents
300351,机械设备,640501,2014-02-21 00:00:00,swsresearch_xls+constituents
300234,建筑材料,610303,2014-02-21 00:00:00,swsresearch_xls+constituents
601933,商贸零售,450302,2014-02-21 00:00:00,swsresearch_xls+constituents
002375,建筑装饰,620201,2014-02-21 00:00:00,swsresearch_xls+constituents
600685,国防军工,650401,2014-02-21 00:00:00,swsresearch_xls+constituents
002372,建筑材料,610302,2014-02-21 00:00:00,swsresearch_xls+constituents
601890,国防军工,650401,2014-02-21 00:00:00,swsresearch_xls+constituents
601886,建筑装饰,620201,2014-02-21 00:00:00,swsresearch_xls+constituents
002367,机械设备,640204,2014-02-21 00:00:00,swsresearch_xls+constituents
600372,国防军工,650201,2014-02-21 00:00:00,swsresearch_xls+constituents
600391,国防军工,650201,2014-02-21 00:00:00,swsresearch_xls+constituents
000686,非银金融,490101,2014-02-21 00:00:00,swsresearch_xls+constituents
600392,有色金属,240501,2014-02-21 00:00:00,swsresearch_xls+constituents
600111,有色金属,240501,2014-02-21 00:00:00,swsresearch_xls+constituents
600859,商贸零售,450301,2014-02-21 00:00:00,swsresearch_xls+constituents
600425,建筑材料,610101,2014-02-21 00:00:00,swsresearch_xls+constituents
600109,非银金融,490101,2014-02-21 00:00:00,swsresearch_xls+constituents
600858,商贸零售,450303,2014-02-21 00:00:00,swsresearch_xls+constituents
600401,电力设备,630303,2014-02-21 00:00:00,swsresearch_xls+constituents
000960,有色金属,240504,2014-02-21 00:00:00,swsresearch_xls+constituents
000693,传媒,720303,2014-02-21 00:00:00,swsresearch_xls+constituents
600118,国防军工,650101,2014-02-21 00:00:00,swsresearch_xls+constituents
600362,有色金属,240302,2014-02-21 00:00:00,swsresearch_xls+constituents
600369,非银金融,490101,2014-02-21 00:00:00,swsresearch_xls+constituents
600338,有色金属,240303,2014-02-21 00:00:00,swsresearch_xls+constituents
600432,有色金属,240504,2014-02-21 00:00:00,swsresearch_xls+constituents
600435,国防军工,650301,2014-02-21 00:00:00,swsresearch_xls+constituents
600489,有色金属,240401,2014-02-21 00:00:00,swsresearch_xls+constituents
600490,有色金属,240302,2014-02-21 00:00:00,swsresearch_xls+constituents
600491,建筑装饰,620101,2014-02-21 00:00:00,swsresearch_xls+constituents
600495,机械设备,640501,2014-02-21 00:00:00,swsresearch_xls+constituents
600496,建筑装饰,620401,2014-02-21 00:00:00,swsresearch_xls+constituents
600497,有色金属,240303,2014-02-21 00:00:00,swsresearch_xls+constituents
002713,建筑装饰,620201,2014-02-21 00:00:00,swsresearch_xls+constituents
600499,机械设备,640209,2014-02-21 00:00:00,swsresearch_xls+constituents
600837,非银金融,490101,2014-02-21 00:00:00,swsresearch_xls+constituents
600838,商贸零售,450303,2014-02-21 00:00:00,swsresearch_xls+constituents
600894,机械设备,640204,2014-02-21 00:00:00,swsresearch_xls+constituents
002047,建筑装饰,620201,2014-02-21 00:00:00,swsresearch_xls+constituents
600501,机械设备,640209,2014-02-21 00:00:00,swsresearch_xls+constituents
600843,机械设备,640206,2014-02-21 00:00:00,swsresearch_xls+constituents
600988,有色金属,240401,2014-02-21 00:00:00,swsresearch_xls+constituents
002043,建筑材料,610303,2014-02-21 00:00:00,swsresearch_xls+constituents
002718,建筑材料,610303,2014-02-21 00:00:00,swsresearch_xls+constituents
002009,机械设备,640209,2014-02-21 00:00:00,swsresearch_xls+constituents
600459,有色金属,240504,2014-02-21 00:00:00,swsresearch_xls+constituents
600456,有色金属,240504,2014-02-21 00:00:00,swsresearch_xls+constituents
600449,建筑材料,610101,2014-02-21 00:00:00,swsresearch_xls+constituents
002023,国防军工,650201,2014-02-21 00:00:00,swsresearch_xls+constituents
002021,机械设备,640206,2014-02-21 00:00:00,swsresearch_xls+constituents
600477,建筑装饰,620401,2014-02-21 00:00:00,swsresearch_xls+constituents
002013,国防军工,650201,2014-02-21 00:00:00,swsresearch_xls+constituents
600316,国防军工,650201,2014-02-21 00:00:00,swsresearch_xls+constituents
000783,非银金融,490101,2014-02-21 00:00:00,swsresearch_xls+constituents
000786,建筑材料,610303,2014-02-21 00:00:00,swsresearch_xls+constituents
600888,有色金属,240301,2014-02-21 00:00:00,swsresearch_xls+constituents
000789,建筑材料,610101,2014-02-21 00:00:00,swsresearch_xls+constituents
000807,有色金属,240301,2014-02-21 00:00:00,swsresearch_xls+constituents
000811,机械设备,640105,2014-02-21 00:00:00,swsresearch_xls+constituents
600209,建筑装饰,620201,2014-02-21 00:00:00,swsresearch_xls+constituents
000831,有色金属,240501,2014-02-21 00:00:00,swsresearch_xls+constituents
000829,商贸零售,450401,2014-02-21 00:00:00,swsresearch_xls+constituents
000712,非银金融,490101,2014-02-21 00:00:00,swsresearch_xls+constituents
000715,商贸零售,450301,2014-02-21 00:00:00,swsresearch_xls+constituents
600219,有色金属,240301,2014-02-21 00:00:00,swsresearch_xls+constituents
600184,国防军工,650301,2014-02-21 00:00:00,swsresearch_xls+constituents
000750,非银金融,490101,2014-02-21 00:00:00,swsresearch_xls+constituents
000748,计算机,710101,2014-02-21 00:00:00,swsresearch_xls+constituents
000738,国防军工,650201,2014-02-21 00:00:00,swsresearch_xls+constituents
000751,有色金属,240303,2014-02-21 00:00:00,swsresearch_xls+constituents
600150,国防军工,650401,2014-02-21 00:00:00,swsresearch_xls+constituents
600893,国防军工,650201,2014-02-21 00:00:00,swsresearch_xls+constituents
000562,非银金融,490101,2014-02-21 00:00:00,swsresearch_xls+constituents
600970,建筑装饰,620403,2014-02-21 00:00:00,swsresearch_xls+constituents
000728,非银金融,490101,2014-02-21 00:00:00,swsresearch_xls+constituents
600230,基础化工,220313,2014-02-21 00:00:00,swsresearch_xls+constituents
600169,机械设备,640203,2014-02-21 00:00:00,swsresearch_xls+constituents
000776,非银金融,490101,2014-02-21 00:00:00,swsresearch_xls+constituents
000768,国防军工,650201,2014-02-21 00:00:00,swsresearch_xls+constituents
000564,商贸零售,450301,2014-02-21 00:00:00,swsresearch_xls+constituents
000758,有色金属,240303,2014-02-21 00:00:00,swsresearch_xls+constituents
600172,机械设备,640103,2014-02-21 00:00:00,swsresearch_xls+constituents
600170,建筑装饰,620101,2014-02-21 00:00:00,swsresearch_xls+constituents
000759,商贸零售,450302,2014-02-21 00:00:00,swsresearch_xls+constituents
600875,电力设备,630301,2014-02-21 00:00:00,swsresearch_xls+constituents
000922,电力设备,630101,2014-02-21 00:00:00,swsresearch_xls+constituents
600291,非银金融,490201,2014-02-21 00:00:00,swsresearch_xls+constituents
002730,机械设备,640203,2014-02-21 00:00:00,swsresearch_xls+constituents
600311,有色金属,240401,2014-02-21 00:00:00,swsresearch_xls+constituents
600309,基础化工,220313,2014-02-21 00:00:00,swsresearch_xls+constituents
600280,商贸零售,450301,2014-02-21 00:00:00,swsresearch_xls+constituents
600122,商贸零售,450401,2014-02-21 00:00:00,swsresearch_xls+constituents
600302,机械设备,640206,2014-02-21 00:00:00,swsresearch_xls+constituents
600876,建筑材料,610201,2014-02-21 00:00:00,swsresearch_xls+constituents
000878,有色金属,240302,2014-02-21 00:00:00,swsresearch_xls+constituents
000877,建筑材料,610101,2014-02-21 00:00:00,swsresearch_xls+constituents
603988,电力设备,630101,2014-02-21 00:00:00,swsresearch_xls+constituents
000856,机械设备,640209,2014-02-21 00:00:00,swsresearch_xls+constituents
000852,机械设备,640203,2014-02-21 00:00:00,swsresearch_xls+constituents
000837,机械设备,640101,2014-02-21 00:00:00,swsresearch_xls+constituents
000530,机械设备,640105,2014-02-21 00:00:00,swsresearch_xls+constituents
002736,非银金融,490101,2014-02-21 00:00:00,swsresearch_xls+constituents
600879,国防军工,650101,2014-02-21 00:00:00,swsresearch_xls+constituents
600259,有色金属,240501,2014-02-21 00:00:00,swsresearch_xls+constituents
600801,建筑材料,610101,2014-02-21 00:00:00,swsresearch_xls+constituents
002114,有色金属,240303,2014-02-21 00:00:00,swsresearch_xls+constituents
002641,建筑材料,610302,2014-02-21 00:00:00,swsresearch_xls+constituents
000419,商贸零售,450303,2014-02-21 00:00:00,swsresearch_xls+constituents
002639,机械设备,640105,2014-02-21 00:00:00,swsresearch_xls+constituents
600579,机械设备,640209,2014-02-21 00:00:00,swsresearch_xls+constituents
600961,有色金属,240303,2014-02-21 00:00:00,swsresearch_xls+constituents
000630,有色金属,240302,2014-02-21 00:00:00,swsresearch_xls+constituents
600835,机械设备,640204,2014-02-21 00:00:00,swsresearch_xls+constituents
002652,建筑材料,610303,2014-02-21 00:00:00,swsresearch_xls+constituents
300022,商贸零售,450401,2014-02-21 00:00:00,swsresearch_xls+constituents
300028,通信,730201,2014-02-21 00:00:00,swsresearch_xls+constituents
002105,汽车,280401,2014-02-21 00:00:00,swsresearch_xls+constituents
600802,建筑材料,610101,2014-02-21 00:00:00,swsresearch_xls+constituents
601038,机械设备,640207,2014-02-21 00:00:00,swsresearch_xls+constituents
600560,机械设备,640203,2014-02-21 00:00:00,swsresearch_xls+constituents
000619,建筑材料,610303,2014-02-21 00:00:00,swsresearch_xls+constituents
002135,建筑装饰,620401,2014-02-21 00:00:00,swsresearch_xls+constituents
600595,有色金属,240301,2014-02-21 00:00:00,swsresearch_xls+constituents
002140,建筑装饰,620402,2014-02-21 00:00:00,swsresearch_xls+constituents
000612,有色金属,240301,2014-02-21 00:00:00,swsresearch_xls+constituents
000410,机械设备,640101,2014-02-21 00:00:00,swsresearch_xls+constituents
600785,商贸零售,450303,2014-02-21 00:00:00,swsresearch_xls+constituents
601099,非银金融,490101,2014-02-21 00:00:00,swsresearch_xls+constituents
600580,电力设备,630101,2014-02-21 00:00:00,swsresearch_xls+constituents
601106,机械设备,640203,2014-02-21 00:00:00,swsresearch_xls+constituents
002630,电力设备,630304,2014-02-21 00:00:00,swsresearch_xls+constituents
600582,机械设备,640203,2014-02-21 00:00:00,swsresearch_xls+constituents
601116,商贸零售,450302,2014-02-21 00:00:00,swsresearch_xls+constituents
600585,建筑材料,610101,2014-02-21 00:00:00,swsresearch_xls+constituents
002620,建筑装饰,620201,2014-02-21 00:00:00,swsresearch_xls+constituents
600586,建筑材料,610201,2014-02-21 00:00:00,swsresearch_xls+constituents
601117,建筑装饰,620402,2014-02-21 00:00:00,swsresearch_xls+constituents
600999,非银金融,490101,2014-02-21 00:00:00,swsresearch_xls+constituents
600819,建筑材料,610201,2014-02-21 00:00:00,swsresearch_xls+constituents
002073,机械设备,640209,2014-02-21 00:00:00,swsresearch_xls+constituents
600099,汽车,280401,2014-02-21 00:00:00,swsresearch_xls+constituents
000426,有色金属,240303,2014-02-21 00:00:00,swsresearch_xls+constituents
000672,建筑材料,610101,2014-02-21 00:00:00,swsresearch_xls+constituents
603328,电子,270202,2014-02-21 00:00:00,swsresearch_xls+constituents
600531,有色金属,240303,2014-02-21 00:00:00,swsresearch_xls+constituents
600814,商贸零售,450301,2014-02-21 00:00:00,swsresearch_xls+constituents
002689,机械设备,640204,2014-02-21 00:00:00,swsresearch_xls+constituents
002051,建筑装饰,620403,2014-02-21 00:00:00,swsresearch_xls+constituents
600832,传媒,720104,2014-02-21 00:00:00,swsresearch_xls+constituents
002697,商贸零售,450302,2014-02-21 00:00:00,swsresearch_xls+constituents
002694,建筑材料,610302,2014-02-21 00:00:00,swsresearch_xls+constituents
600828,商贸零售,450301,2014-02-21 00:00:00,swsresearch_xls+constituents
002691,机械设备,640203,2014-02-21 00:00:00,swsresearch_xls+constituents
002066,建筑材料,610301,2014-02-21 00:00:00,swsresearch_xls+constituents
002690,机械设备,640209,2014-02-21 00:00:00,swsresearch_xls+constituents
600827,商贸零售,450303,2014-02-21 00:00:00,swsresearch_xls+constituents
002081,建筑装饰,620201,2014-02-21 00:00:00,swsresearch_xls+constituents
002667,机械设备,640203,2014-02-21 00:00:00,swsresearch_xls+constituents
000012,建筑材料,610201,2014-02-21 00:00:00,swsresearch_xls+constituents
300008,国防军工,650401,2014-02-21 00:00:00,swsresearch_xls+constituents
600549,有色金属,240502,2014-02-21 00:00:00,swsresearch_xls+constituents
600806,机械设备,640101,2014-02-21 00:00:00,swsresearch_xls+constituents
000657,有色金属,240502,2014-02-21 00:00:00,swsresearch_xls+constituents
600038,国防军工,650201,2014-02-21 00:00:00,swsresearch_xls+constituents
002088,建筑材料,610301,2014-02-21 00:00:00,swsresearch_xls+constituents
000603,有色金属,240303,2014-02-21 00:00:00,swsresearch_xls+constituents
300004,机械设备,640209,2014-02-21 00:00:00,swsresearch_xls+constituents
600547,有色金属,240401,2014-02-21 00:00:00,swsresearch_xls+constituents
002673,非银金融,490101,2014-02-21 00:00:00,swsresearch_xls+constituents
600030,非银金融,490101,2014-02-21 00:00:00,swsresearch_xls+constituents
600656,公用事业,410401,2014-07-01 00:00:00,swsresearch_xls+constituents
002753,基础化工,220603,2015-01-06 00:05:00,swsresearch_xls+constituents
300452,医药生物,370101,2015-01-06 00:05:00,swsresearch_xls+constituents
603989,电子,270203,2015-01-06 00:05:00,swsresearch_xls+constituents
300460,电子,270203,2015-01-06 00:05:00,swsresearch_xls+constituents
603227,基础化工,220307,2015-01-06 00:05:00,swsresearch_xls+constituents
300374,建筑材料,610301,2015-01-09 00:03:00,swsresearch_xls+constituents
603030,建筑装饰,620201,2015-01-09 00:03:00,swsresearch_xls+constituents
603789,机械设备,640207,2015-01-13 00:04:00,swsresearch_xls+constituents
603567,医药生物,370201,2015-01-13 00:04:00,swsresearch_xls+constituents
601069,有色金属,240401,2015-01-15 00:00:00,swsresearch_xls+constituents
300415,机械设备,640209,2015-01-15 00:00:00,swsresearch_xls+constituents
002745,电子,270302,2015-01-15 00:02:00,swsresearch_xls+constituents
002743,建筑装饰,620401,2015-01-15 00:02:00,swsresearch_xls+constituents
300420,机械设备,640106,2015-01-15 00:02:00,swsresearch_xls+constituents
603828,建筑装饰,620201,2015-01-15 00:02:00,swsresearch_xls+constituents
300470,机械设备,640106,2015-01-15 00:06:00,swsresearch_xls+constituents
300472,机械设备,640209,2015-01-15 00:06:00,swsresearch_xls+constituents
300476,电子,270202,2015-01-15 00:06:00,swsresearch_xls+constituents
002750,医药生物,370201,2015-01-16 00:03:00,swsresearch_xls+constituents
300480,机械设备,640203,2015-01-18 00:06:00,swsresearch_xls+constituents
002768,基础化工,220503,2015-01-18 00:06:00,swsresearch_xls+constituents
603116,纺织服饰,350205,2015-01-18 00:06:00,swsresearch_xls+constituents
601211,非银金融,490101,2015-01-18 00:06:00,swsresearch_xls+constituents
600958,非银金融,490101,2015-01-18 00:08:00,swsresearch_xls+constituents
000166,非银金融,490101,2015-01-18 00:08:00,swsresearch_xls+constituents
600635,公用事业,410301,2015-01-18 00:08:00,swsresearch_xls+constituents
601198,非银金融,490101,2015-01-18 00:08:00,swsresearch_xls+constituents
603566,农林牧渔,110801,2015-01-24 00:06:00,swsresearch_xls+constituents
002757,机械设备,640209,2015-01-25 00:05:00,swsresearch_xls+constituents
603669,医药生物,370102,2015-01-25 00:05:00,swsresearch_xls+constituents
300431,传媒,720301,2015-03-09 00:00:00,swsresearch_xls+constituents
603012,机械设备,640203,2015-03-16 00:00:00,swsresearch_xls+constituents
600074,电子,270401,2015-04-01 00:00:00,swsresearch_xls+constituents
300441,机械设备,640106,2015-04-13 00:00:00,swsresearch_xls+constituents
300424,国防军工,650201,2015-04-13 00:00:00,swsresearch_xls+constituents
603901,机械设备,640208,2015-05-26 00:00:00,swsresearch_xls+constituents
300471,机械设备,640209,2015-06-15 00:00:00,swsresearch_xls+constituents
000928,建筑装饰,620403,2015-07-01 00:00:00,swsresearch_xls+constituents
000908,医药生物,370102,2015-07-01 00:00:00,swsresearch_xls+constituents
600273,基础化工,220309,2015-07-01 00:00:00,swsresearch_xls+constituents
000925,机械设备,640501,2015-07-01 00:00:00,swsresearch_xls+constituents
002390,医药生物,370201,2015-07-01 00:00:00,swsresearch_xls+constituents
002504,建筑装饰,620201,2015-07-01 00:00:00,swsresearch_xls+constituents
300084,机械设备,640203,2015-07-01 00:00:00,swsresearch_xls+constituents
000008,机械设备,640501,2015-07-01 00:00:00,swsresearch_xls+constituents
000683,基础化工,220201,2015-07-01 00:00:00,swsresearch_xls+constituents
002217,电子,270301,2015-10-31 00:00:00,swsresearch_xls+constituents
600862,国防军工,650201,2015-11-02 00:00:00,swsresearch_xls+constituents
600708,房地产,430101,2015-11-03 00:00:00,swsresearch_xls+constituents
002781,建筑装饰,620201,2015-11-05 00:00:00,swsresearch_xls+constituents
002783,基础化工,220307,2015-12-15 00:00:00,swsresearch_xls+constituents
603800,机械设备,640203,2015-12-23 00:00:00,swsresearch_xls+constituents
603936,电子,270202,2015-12-23 00:00:00,swsresearch_xls+constituents
300497,医药生物,370101,2015-12-24 00:00:00,swsresearch_xls+constituents
002785,建筑材料,610303,2015-12-24 00:00:00,swsresearch_xls+constituents
300499,机械设备,640209,2016-02-03 00:00:00,swsresearch_xls+constituents
603608,纺织服饰,350205,2016-02-22 00:00:00,swsresearch_xls+constituents
300503,机械设备,640106,2016-03-04 00:00:00,swsresearch_xls+constituents
603520,医药生物,370101,2016-03-04 00:00:00,swsresearch_xls+constituents
002789,建筑装饰,620201,2016-03-23 00:00:00,swsresearch_xls+constituents
300509,机械设备,640208,2016-04-18 00:00:00,swsresearch_xls+constituents
300506,建筑装饰,620201,2016-04-18 00:00:00,swsresearch_xls+constituents
002791,建筑材料,610303,2016-04-18 00:00:00,swsresearch_xls+constituents
603822,基础化工,220309,2016-04-18 00:00:00,swsresearch_xls+constituents
002797,非银金融,490101,2016-04-26 00:00:00,swsresearch_xls+constituents
300512,机械设备,640208,2016-05-09 00:00:00,swsresearch_xls+constituents
603339,机械设备,640105,2016-05-09 00:00:00,swsresearch_xls+constituents
603959,建筑装饰,620402,2016-05-09 00:00:00,swsresearch_xls+constituents
300516,电子,270401,2016-05-25 00:00:00,swsresearch_xls+constituents
600077,房地产,430101,2016-05-25 00:00:00,swsresearch_xls+constituents
603131,机械设备,640106,2016-05-25 00:00:00,swsresearch_xls+constituents
002801,电力设备,630101,2016-06-24 00:00:00,swsresearch_xls+constituents
002802,基础化工,220309,2016-06-24 00:00:00,swsresearch_xls+constituents
603958,纺织服饰,350205,2016-06-24 00:00:00,swsresearch_xls+constituents
300517,建筑装饰,620401,2016-06-24 00:00:00,swsresearch_xls+constituents
300519,医药生物,370201,2016-06-24 00:00:00,swsresearch_xls+constituents
300521,机械设备,640208,2016-06-24 00:00:00,swsresearch_xls+constituents
603159,机械设备,640209,2016-08-04 00:00:00,swsresearch_xls+constituents
603090,机械设备,640106,2016-08-23 00:00:00,swsresearch_xls+constituents
000991,电子,270301,2016-08-23 00:00:00,swsresearch_xls+constituents
600349,电力设备,630404,2016-08-23 00:00:00,swsresearch_xls+constituents
601206,医药生物,370501,2016-08-23 00:00:00,swsresearch_xls+constituents
002810,基础化工,220309,2016-08-23 00:00:00,swsresearch_xls+constituents
002809,基础化工,220309,2016-08-23 00:00:00,swsresearch_xls+constituents
002811,建筑装饰,620201,2016-08-23 00:00:00,swsresearch_xls+constituents
603393,公用事业,410301,2016-08-31 00:00:00,swsresearch_xls+constituents
300534,医药生物,370201,2016-09-07 00:00:00,swsresearch_xls+constituents
603067,基础化工,220203,2016-09-07 00:00:00,swsresearch_xls+constituents
300545,电子,270301,2016-10-12 00:00:00,swsresearch_xls+constituents
603738,电子,270203,2016-10-12 00:00:00,swsresearch_xls+constituents
002815,电子,270202,2016-10-12 00:00:00,swsresearch_xls+constituents
002816,机械设备,640209,2016-10-17 00:00:00,swsresearch_xls+constituents
300558,医药生物,370102,2016-10-28 21:33:00,swsresearch_xls+constituents
601882,机械设备,640101,2016-10-28 21:56:00,swsresearch_xls+constituents
603336,农林牧渔,110103,2016-11-06 18:27:00,swsresearch_xls+constituents
603819,电力设备,630101,2016-11-06 18:30:00,swsresearch_xls+constituents
603858,医药生物,370201,2016-11-06 18:30:00,swsresearch_xls+constituents
002822,建筑装饰,620201,2016-12-01 17:59:00,swsresearch_xls+constituents
002827,基础化工,220307,2016-12-01 18:00:00,swsresearch_xls+constituents
002823,电力设备,630101,2016-12-01 18:00:00,swsresearch_xls+constituents
600909,非银金融,490101,2016-12-01 21:05:00,swsresearch_xls+constituents
603033,基础化工,220602,2016-12-01 21:06:00,swsresearch_xls+constituents
603036,机械设备,640203,2016-12-01 21:07:00,swsresearch_xls+constituents
603098,建筑装饰,620401,2016-12-01 21:08:00,swsresearch_xls+constituents
603708,商贸零售,450302,2016-12-01 21:21:00,swsresearch_xls+constituents
002829,国防军工,650101,2016-12-11 16:14:00,swsresearch_xls+constituents
002833,机械设备,640209,2016-12-11 16:15:00,swsresearch_xls+constituents
002830,建筑装饰,620201,2016-12-11 16:15:00,swsresearch_xls+constituents
300582,电子,270302,2016-12-11 16:17:00,swsresearch_xls+constituents
601375,非银金融,490101,2016-12-11 16:17:00,swsresearch_xls+constituents
603823,基础化工,220305,2016-12-11 16:19:00,swsresearch_xls+constituents
603929,建筑装饰,620404,2016-12-13 15:47:00,swsresearch_xls+constituents
002825,基础化工,220501,2016-12-19 00:00:00,swsresearch_xls+constituents
002838,基础化工,220503,2016-12-19 12:05:00,swsresearch_xls+constituents
002837,机械设备,640209,2016-12-19 12:05:00,swsresearch_xls+constituents
603689,公用事业,410301,2016-12-19 12:05:00,swsresearch_xls+constituents
603228,电子,270202,2016-12-19 12:05:00,swsresearch_xls+constituents
002840,食品饮料,340401,2016-12-19 12:06:00,swsresearch_xls+constituents
603186,电子,270202,2016-12-19 12:06:00,swsresearch_xls+constituents
300587,基础化工,220602,2016-12-19 12:07:00,swsresearch_xls+constituents
002824,有色金属,240301,2016-12-25 12:06:00,swsresearch_xls+constituents
300591,纺织服饰,350205,2016-12-25 12:07:00,swsresearch_xls+constituents
300583,医药生物,370101,2016-12-25 12:07:00,swsresearch_xls+constituents
601881,非银金融,490101,2016-12-28 15:56:00,swsresearch_xls+constituents
002842,有色金属,240502,2016-12-28 15:57:00,swsresearch_xls+constituents
300584,医药生物,370102,2017-01-05 21:38:00,swsresearch_xls+constituents
300589,国防军工,650401,2017-01-05 21:38:00,swsresearch_xls+constituents
603038,建筑材料,610303,2017-01-05 21:40:00,swsresearch_xls+constituents
002845,电子,270301,2017-01-14 18:14:00,swsresearch_xls+constituents
300599,建筑材料,610302,2017-01-14 18:21:00,swsresearch_xls+constituents
300606,机械设备,640103,2017-01-14 18:30:00,swsresearch_xls+constituents
600939,建筑装饰,620101,2017-01-14 18:31:00,swsresearch_xls+constituents
603637,建筑装饰,620402,2017-01-14 19:40:00,swsresearch_xls+constituents
002852,农林牧渔,110502,2017-02-24 13:08:00,swsresearch_xls+constituents
300622,商贸零售,450401,2017-02-24 13:09:00,swsresearch_xls+constituents
300621,建筑装饰,620201,2017-02-24 13:10:00,swsresearch_xls+constituents
300623,电子,270102,2017-02-24 13:10:00,swsresearch_xls+constituents
603811,医药生物,370102,2017-02-24 13:21:00,swsresearch_xls+constituents
002851,电力设备,630306,2017-02-24 13:38:00,swsresearch_xls+constituents
002856,建筑装饰,620201,2017-03-01 14:30:00,swsresearch_xls+constituents
300626,电力设备,630101,2017-03-10 17:03:00,swsresearch_xls+constituents
002774,机械设备,640204,2017-03-10 17:03:00,swsresearch_xls+constituents
300630,医药生物,370102,2017-03-10 17:05:00,swsresearch_xls+constituents
603656,机械设备,640209,2017-03-10 17:05:00,swsresearch_xls+constituents
300632,电子,270302,2017-03-18 14:36:00,swsresearch_xls+constituents
603041,基础化工,220313,2017-03-18 14:38:00,swsresearch_xls+constituents
603538,医药生物,370101,2017-03-18 14:40:00,swsresearch_xls+constituents
300636,医药生物,370101,2017-03-18 14:42:00,swsresearch_xls+constituents
601366,商贸零售,450303,2017-03-30 17:26:00,swsresearch_xls+constituents
300641,基础化工,220309,2017-03-30 17:26:00,swsresearch_xls+constituents
603139,医药生物,370201,2017-03-30 17:30:00,swsresearch_xls+constituents
603225,基础化工,220401,2017-03-30 17:30:00,swsresearch_xls+constituents
002868,农林牧渔,110801,2017-04-19 16:42:00,swsresearch_xls+constituents
300554,机械设备,640103,2017-04-19 16:47:00,swsresearch_xls+constituents
300646,基础化工,220309,2017-04-19 16:48:00,swsresearch_xls+constituents
603229,医药生物,370101,2017-04-19 16:49:00,swsresearch_xls+constituents
603320,电力设备,630101,2017-04-19 16:50:00,swsresearch_xls+constituents
603920,电子,270202,2017-04-19 16:51:00,swsresearch_xls+constituents
601952,农林牧渔,110102,2017-05-04 10:02:00,swsresearch_xls+constituents
603269,机械设备,640106,2017-05-04 10:05:00,swsresearch_xls+constituents
603680,机械设备,640501,2017-05-04 10:06:00,swsresearch_xls+constituents
603728,电力设备,630101,2017-05-04 10:07:00,swsresearch_xls+constituents
603896,医药生物,370201,2017-05-04 10:09:00,swsresearch_xls+constituents
603855,机械设备,640209,2017-05-04 10:43:00,swsresearch_xls+constituents
002873,医药生物,370201,2017-05-11 13:40:00,swsresearch_xls+constituents
300656,电子,270401,2017-05-11 13:41:00,swsresearch_xls+constituents
002680,医药生物,370301,2017-05-20 01:32:00,swsresearch_xls+constituents
600251,农林牧渔,110501,2017-05-20 01:33:00,swsresearch_xls+constituents
000939,公用事业,410105,2017-05-20 01:33:00,swsresearch_xls+constituents
002876,电子,270301,2017-05-22 13:45:00,swsresearch_xls+constituents
300660,电力设备,630101,2017-05-22 13:46:00,swsresearch_xls+constituents
601878,非银金融,490101,2017-05-22 13:47:00,swsresearch_xls+constituents
603580,基础化工,220501,2017-05-22 13:49:00,swsresearch_xls+constituents
600681,公用事业,410301,2017-05-26 09:59:00,swsresearch_xls+constituents
600396,公用事业,410101,2017-05-26 10:00:00,swsresearch_xls+constituents
000601,公用事业,410102,2017-05-26 10:00:00,swsresearch_xls+constituents
300665,基础化工,220305,2017-06-05 14:07:00,swsresearch_xls+constituents
603980,基础化工,220308,2017-06-05 14:11:00,swsresearch_xls+constituents
603679,电子,270302,2017-06-05 14:11:00,swsresearch_xls+constituents
300669,机械设备,640204,2017-06-15 21:21:00,swsresearch_xls+constituents
002886,基础化工,220503,2017-06-20 10:05:00,swsresearch_xls+constituents
603331,机械设备,640106,2017-06-20 10:08:00,swsresearch_xls+constituents
603617,机械设备,640106,2017-06-20 10:09:00,swsresearch_xls+constituents
300600,国防军工,650401,2017-06-27 00:00:00,swsresearch_xls+constituents
603757,机械设备,640106,2017-06-28 10:11:00,swsresearch_xls+constituents
002018,综合,510101,2017-06-29 00:00:00,swsresearch_xls+constituents
000501,商贸零售,450301,2017-06-29 00:00:00,swsresearch_xls+constituents
002070,有色金属,240503,2017-06-29 00:00:00,swsresearch_xls+constituents
002031,机械设备,640209,2017-06-29 00:00:00,swsresearch_xls+constituents
002006,机械设备,640209,2017-06-29 00:00:00,swsresearch_xls+constituents
600805,综合,510101,2017-06-29 00:00:00,swsresearch_xls+constituents
600864,非银金融,490101,2017-06-29 00:00:00,swsresearch_xls+constituents
600680,通信,730201,2017-06-29 00:00:00,swsresearch_xls+constituents
600737,农林牧渔,110504,2017-06-29 00:00:00,swsresearch_xls+constituents
600865,商贸零售,450301,2017-06-29 00:00:00,swsresearch_xls+constituents
000976,机械设备,640501,2017-06-29 00:00:00,swsresearch_xls+constituents
600747,综合,510101,2017-06-29 00:00:00,swsresearch_xls+constituents
002670,非银金融,490101,2017-06-29 00:00:00,swsresearch_xls+constituents
002675,医药生物,370102,2017-06-29 00:00:00,swsresearch_xls+constituents
002002,基础化工,220202,2017-06-29 00:00:00,swsresearch_xls+constituents
600444,机械设备,640209,2017-06-29 00:00:00,swsresearch_xls+constituents
000062,电子,270401,2017-06-29 00:00:00,swsresearch_xls+constituents
000519,国防军工,650301,2017-06-29 00:00:00,swsresearch_xls+constituents
300026,医药生物,370201,2017-06-29 00:00:00,swsresearch_xls+constituents
600156,纺织服饰,350106,2017-06-29 00:00:00,swsresearch_xls+constituents
600155,非银金融,490101,2017-06-29 00:00:00,swsresearch_xls+constituents
002808,电子,270303,2017-06-29 00:00:00,swsresearch_xls+constituents
600701,计算机,710201,2017-06-29 00:00:00,swsresearch_xls+constituents
300151,机械设备,640209,2017-06-29 00:00:00,swsresearch_xls+constituents
600886,公用事业,410102,2017-06-29 00:00:00,swsresearch_xls+constituents
300549,机械设备,640209,2017-06-29 00:00:00,swsresearch_xls+constituents
300540,机械设备,640209,2017-06-29 00:00:00,swsresearch_xls+constituents
300539,基础化工,220501,2017-06-29 00:00:00,swsresearch_xls+constituents
002595,机械设备,640209,2017-06-29 00:00:00,swsresearch_xls+constituents
300566,电子,270303,2017-06-29 00:00:00,swsresearch_xls+constituents
600714,基础化工,220203,2017-06-29 00:00:00,swsresearch_xls+constituents
000627,非银金融,490201,2017-06-29 00:00:00,swsresearch_xls+constituents
600967,国防军工,650301,2017-06-29 00:00:00,swsresearch_xls+constituents
000006,房地产,430101,2017-06-29 00:00:00,swsresearch_xls+constituents
600771,医药生物,370201,2017-06-29 00:00:00,swsresearch_xls+constituents
002760,机械设备,640103,2017-06-29 00:00:00,swsresearch_xls+constituents
300108,医药生物,370201,2017-06-29 00:00:00,swsresearch_xls+constituents
300436,医药生物,370102,2017-06-29 00:00:00,swsresearch_xls+constituents
002786,机械设备,640209,2017-06-29 00:00:00,swsresearch_xls+constituents
603011,机械设备,640209,2017-06-29 00:00:00,swsresearch_xls+constituents
002246,基础化工,220307,2017-06-29 00:00:00,swsresearch_xls+constituents
002779,机械设备,640209,2017-06-29 00:00:00,swsresearch_xls+constituents
000818,基础化工,220202,2017-06-29 00:00:00,swsresearch_xls+constituents
002419,商贸零售,450301,2017-06-29 00:00:00,swsresearch_xls+constituents
600243,机械设备,640106,2017-06-29 00:00:00,swsresearch_xls+constituents
600520,机械设备,640209,2017-06-29 00:00:00,swsresearch_xls+constituents
000531,公用事业,410101,2017-06-29 00:00:00,swsresearch_xls+constituents
600578,公用事业,410101,2017-06-29 00:00:00,swsresearch_xls+constituents
600277,基础化工,220202,2017-06-29 00:00:00,swsresearch_xls+constituents
300581,国防军工,650201,2017-06-29 00:00:00,swsresearch_xls+constituents
002884,机械设备,640106,2017-07-12 01:47:00,swsresearch_xls+constituents
603676,医药生物,370102,2017-07-12 01:56:00,swsresearch_xls+constituents
002890,机械设备,640207,2017-07-26 21:06:00,swsresearch_xls+constituents
002892,电力设备,630101,2017-08-07 22:19:00,swsresearch_xls+constituents
603557,纺织服饰,350205,2017-08-07 22:23:00,swsresearch_xls+constituents
603978,有色金属,240201,2017-08-07 22:25:00,swsresearch_xls+constituents
002893,公用事业,410104,2017-08-15 17:50:00,swsresearch_xls+constituents
300696,国防军工,650201,2017-08-15 17:51:00,swsresearch_xls+constituents
300697,有色金属,240302,2017-08-26 09:16:00,swsresearch_xls+constituents
300700,机械设备,640103,2017-08-26 09:17:00,swsresearch_xls+constituents
603386,电子,270202,2017-08-26 09:19:00,swsresearch_xls+constituents
603500,机械设备,640501,2017-08-26 09:22:00,swsresearch_xls+constituents
603527,有色金属,240302,2017-08-26 09:23:00,swsresearch_xls+constituents
002900,医药生物,370102,2017-09-07 14:54:00,swsresearch_xls+constituents
300701,电子,270303,2017-09-07 14:55:00,swsresearch_xls+constituents
603321,机械设备,640204,2017-09-07 14:57:00,swsresearch_xls+constituents
603963,医药生物,370201,2017-09-07 14:58:00,swsresearch_xls+constituents
300705,医药生物,370102,2017-09-21 17:21:00,swsresearch_xls+constituents
601086,商贸零售,450301,2017-09-21 17:22:00,swsresearch_xls+constituents
002903,机械设备,640101,2017-09-25 10:46:00,swsresearch_xls+constituents
300708,电子,270302,2017-09-25 11:02:00,swsresearch_xls+constituents
603110,基础化工,220305,2017-09-25 11:03:00,swsresearch_xls+constituents
601108,非银金融,490101,2017-10-10 13:23:00,swsresearch_xls+constituents
002907,医药生物,370201,2017-10-10 13:31:00,swsresearch_xls+constituents
300719,国防军工,650201,2017-10-30 14:49:00,swsresearch_xls+constituents
600903,公用事业,410301,2017-10-30 14:50:00,swsresearch_xls+constituents
603289,机械设备,640209,2017-10-30 14:51:00,swsresearch_xls+constituents
603856,建筑材料,610302,2017-10-30 14:53:00,swsresearch_xls+constituents
002911,公用事业,410301,2017-11-08 14:10:00,swsresearch_xls+constituents
002864,医药生物,370201,2017-11-08 14:10:00,swsresearch_xls+constituents
300717,基础化工,220501,2017-11-08 14:11:00,swsresearch_xls+constituents
300721,基础化工,220309,2017-11-08 14:11:00,swsresearch_xls+constituents
300723,医药生物,370102,2017-11-08 14:12:00,swsresearch_xls+constituents
300722,国防军工,650101,2017-11-08 14:12:00,swsresearch_xls+constituents
603076,机械设备,640209,2017-11-08 14:14:00,swsresearch_xls+constituents
603365,纺织服饰,350206,2017-11-08 14:15:00,swsresearch_xls+constituents
603916,基础化工,220309,2017-11-08 14:17:00,swsresearch_xls+constituents
002913,电子,270202,2017-11-21 13:27:00,swsresearch_xls+constituents
002915,基础化工,220311,2017-11-21 13:41:00,swsresearch_xls+constituents
600025,公用事业,410102,2017-11-21 13:45:00,swsresearch_xls+constituents
300728,基础化工,220314,2017-11-21 13:45:00,swsresearch_xls+constituents
603685,电子,270302,2017-11-21 13:45:00,swsresearch_xls+constituents
002916,电子,270202,2017-12-08 15:01:00,swsresearch_xls+constituents
002917,基础化工,220307,2017-12-08 15:01:00,swsresearch_xls+constituents
600175,综合,510101,2017-12-11 18:00:00,swsresearch_xls+constituents
000407,公用事业,410301,2017-12-15 01:36:00,swsresearch_xls+constituents
002923,医药生物,370102,2017-12-20 21:55:00,swsresearch_xls+constituents
603080,公用事业,410301,2017-12-20 21:56:00,swsresearch_xls+constituents
600545,机械设备,640206,2017-12-22 00:00:00,swsresearch_xls+constituents
002102,医药生物,370101,2017-12-26 00:00:00,swsresearch_xls+constituents
300736,电子,270401,2018-01-07 22:49:00,swsresearch_xls+constituents
603356,机械设备,640204,2018-01-07 22:50:00,swsresearch_xls+constituents
002926,非银金融,490101,2018-01-29 19:37:00,swsresearch_xls+constituents
300644,基础化工,220503,2018-01-29 19:37:00,swsresearch_xls+constituents
300739,电子,270202,2018-01-29 19:38:00,swsresearch_xls+constituents
603895,机械设备,640209,2018-01-29 19:58:00,swsresearch_xls+constituents
603214,商贸零售,450401,2018-04-03 10:01:00,swsresearch_xls+constituents
603773,电子,270301,2018-04-03 10:02:00,swsresearch_xls+constituents
603876,有色金属,240301,2018-04-03 10:02:00,swsresearch_xls+constituents
000810,家用电器,330202,2018-04-20 01:43:00,swsresearch_xls+constituents
600306,商贸零售,450301,2018-04-20 01:43:00,swsresearch_xls+constituents
601990,非银金融,490101,2018-05-05 17:28:00,swsresearch_xls+constituents
603045,有色金属,240201,2018-05-05 17:42:00,swsresearch_xls+constituents
000593,公用事业,410301,2018-06-19 16:11:00,swsresearch_xls+constituents
600620,综合,510101,2018-06-19 16:12:00,swsresearch_xls+constituents
000933,有色金属,240301,2018-06-19 16:13:00,swsresearch_xls+constituents
000633,有色金属,240201,2018-06-19 16:13:00,swsresearch_xls+constituents
600851,医药生物,370102,2018-06-19 16:13:00,swsresearch_xls+constituents
601066,非银金融,490101,2018-06-26 15:14:00,swsresearch_xls+constituents
603706,公用事业,410301,2018-07-06 15:59:00,swsresearch_xls+constituents
000505,农林牧渔,110502,2018-07-13 00:00:00,swsresearch_xls+constituents
600552,电子,270301,2018-07-13 00:00:00,swsresearch_xls+constituents
600070,综合,510101,2018-07-13 00:00:00,swsresearch_xls+constituents
300434,医药生物,370102,2018-07-13 00:00:00,swsresearch_xls+constituents
600353,电子,270401,2018-07-13 00:00:00,swsresearch_xls+constituents
002259,公用事业,410301,2018-07-13 00:00:00,swsresearch_xls+constituents
600608,商贸零售,450201,2018-07-13 00:00:00,swsresearch_xls+constituents
002608,公用事业,410101,2018-07-13 00:00:00,swsresearch_xls+constituents
300573,医药生物,370102,2018-07-13 00:00:00,swsresearch_xls+constituents
000018,建筑装饰,620403,2018-07-13 00:00:00,swsresearch_xls+constituents
600500,基础化工,220309,2018-07-13 00:00:00,swsresearch_xls+constituents
600710,商贸零售,450201,2018-07-13 00:00:00,swsresearch_xls+constituents
600891,轻工制造,360304,2018-07-13 00:00:00,swsresearch_xls+constituents
300538,基础化工,220503,2018-07-13 00:00:00,swsresearch_xls+constituents
300527,国防军工,650301,2018-07-13 00:00:00,swsresearch_xls+constituents
002435,医药生物,370102,2018-07-13 00:00:00,swsresearch_xls+constituents
000628,建筑装饰,620101,2018-07-13 00:00:00,swsresearch_xls+constituents
600193,建筑装饰,620201,2018-07-13 00:00:00,swsresearch_xls+constituents
002314,房地产,430101,2018-07-13 00:00:00,swsresearch_xls+constituents
300522,基础化工,220305,2018-07-13 00:00:00,swsresearch_xls+constituents
600692,房地产,430101,2018-07-13 00:00:00,swsresearch_xls+constituents
600275,农林牧渔,110202,2018-07-13 00:00:00,swsresearch_xls+constituents
600566,医药生物,370201,2018-07-13 00:00:00,swsresearch_xls+constituents
600812,医药生物,370102,2018-07-13 00:00:00,swsresearch_xls+constituents
603977,基础化工,220307,2018-07-13 00:00:00,swsresearch_xls+constituents
600857,商贸零售,450301,2018-07-13 00:00:00,swsresearch_xls+constituents
600760,国防军工,650201,2018-07-13 00:00:00,swsresearch_xls+constituents
300657,电子,270202,2018-07-13 00:00:00,swsresearch_xls+constituents
600262,机械设备,640203,2018-07-13 00:00:00,swsresearch_xls+constituents
002933,国防军工,650201,2018-08-09 16:43:00,swsresearch_xls+constituents
603192,基础化工,220313,2018-08-09 16:44:00,swsresearch_xls+constituents
601068,建筑装饰,620404,2018-08-09 16:44:00,swsresearch_xls+constituents
601606,国防军工,650301,2018-08-09 16:44:00,swsresearch_xls+constituents
603297,电子,270303,2018-08-31 16:17:00,swsresearch_xls+constituents
603790,基础化工,220308,2018-08-31 16:24:00,swsresearch_xls+constituents
603055,纺织服饰,350106,2018-09-17 00:00:00,swsresearch_xls+constituents
002938,电子,270202,2018-09-18 14:51:00,swsresearch_xls+constituents
601162,非银金融,490101,2018-09-18 14:52:00,swsresearch_xls+constituents
002939,非银金融,490101,2018-09-18 14:53:00,swsresearch_xls+constituents
300748,有色金属,240202,2018-09-18 14:54:00,swsresearch_xls+constituents
002940,医药生物,370102,2018-10-12 15:48:00,swsresearch_xls+constituents
601319,非银金融,490201,2018-10-30 09:41:00,swsresearch_xls+constituents
603187,机械设备,640105,2018-11-28 11:32:00,swsresearch_xls+constituents
300752,电子,270302,2018-11-28 11:33:00,swsresearch_xls+constituents
002943,机械设备,640101,2018-11-28 11:33:00,swsresearch_xls+constituents
002945,非银金融,490101,2018-12-11 15:40:00,swsresearch_xls+constituents
300755,商贸零售,450401,2018-12-21 15:41:00,swsresearch_xls+constituents
600313,农林牧渔,110101,2018-12-24 00:00:00,swsresearch_xls+constituents
603332,基础化工,220401,2019-01-04 10:00:00,swsresearch_xls+constituents
300758,基础化工,220305,2019-01-24 08:53:00,swsresearch_xls+constituents
603351,医药生物,370101,2019-01-24 08:54:00,swsresearch_xls+constituents
603956,机械设备,640209,2019-02-18 14:08:00,swsresearch_xls+constituents
300765,医药生物,370101,2019-03-06 14:50:00,swsresearch_xls+constituents
002952,电子,270301,2019-03-18 08:56:00,swsresearch_xls+constituents
300767,基础化工,220602,2019-03-18 08:57:00,swsresearch_xls+constituents
603379,基础化工,220311,2019-03-18 08:57:00,swsresearch_xls+constituents
000100,电子,270301,2019-04-22 00:00:00,swsresearch_xls+constituents
300775,国防军工,650201,2019-05-06 14:46:00,swsresearch_xls+constituents
002955,电子,270301,2019-05-06 14:46:00,swsresearch_xls+constituents
603217,基础化工,220309,2019-05-20 09:36:00,swsresearch_xls+constituents
601236,非银金融,490101,2019-05-29 11:18:00,swsresearch_xls+constituents
300594,机械设备,640501,2019-06-06 10:34:00,swsresearch_xls+constituents
601698,国防军工,650101,2019-06-14 14:48:00,swsresearch_xls+constituents
603867,基础化工,220309,2019-06-14 14:49:00,swsresearch_xls+constituents
688009,机械设备,640501,2019-07-08 09:42:00,swsresearch_xls+constituents
688010,电子,270303,2019-07-08 09:42:00,swsresearch_xls+constituents
688015,机械设备,640501,2019-07-11 13:42:00,swsresearch_xls+constituents
688022,机械设备,640209,2019-07-11 13:42:00,swsresearch_xls+constituents
688028,机械设备,640103,2019-07-11 13:43:00,swsresearch_xls+constituents
688033,机械设备,640501,2019-07-11 13:43:00,swsresearch_xls+constituents
002149,有色金属,240504,2019-07-24 00:00:00,swsresearch_xls+constituents
600200,医药生物,370102,2019-07-24 00:00:00,swsresearch_xls+constituents
002389,国防军工,650201,2019-07-24 00:00:00,swsresearch_xls+constituents
002550,医药生物,370102,2019-07-24 00:00:00,swsresearch_xls+constituents
000766,医药生物,370102,2019-07-24 00:00:00,swsresearch_xls+constituents
300065,国防军工,650401,2019-07-24 00:00:00,swsresearch_xls+constituents
000813,医药生物,370102,2019-07-24 00:00:00,swsresearch_xls+constituents
300120,电子,270301,2019-07-24 00:00:00,swsresearch_xls+constituents
002387,电子,270301,2019-07-24 00:00:00,swsresearch_xls+constituents
000788,医药生物,370102,2019-07-24 00:00:00,swsresearch_xls+constituents
002020,医药生物,370102,2019-07-24 00:00:00,swsresearch_xls+constituents
600621,非银金融,490101,2019-07-24 00:00:00,swsresearch_xls+constituents
600613,医药生物,370102,2019-07-24 00:00:00,swsresearch_xls+constituents
600073,食品饮料,340401,2019-07-24 00:00:00,swsresearch_xls+constituents
000697,国防军工,650201,2019-07-24 00:00:00,swsresearch_xls+constituents
002755,医药生物,370102,2019-07-24 00:00:00,swsresearch_xls+constituents
600765,国防军工,650201,2019-07-24 00:00:00,swsresearch_xls+constituents
000687,国防军工,650201,2019-07-24 00:00:00,swsresearch_xls+constituents
600521,医药生物,370102,2019-07-24 00:00:00,swsresearch_xls+constituents
600145,商贸零售,450201,2019-07-24 00:00:00,swsresearch_xls+constituents
600781,医药生物,370102,2019-07-24 00:00:00,swsresearch_xls+constituents
601678,基础化工,220202,2019-07-24 00:00:00,swsresearch_xls+constituents
300153,电力设备,630306,2019-07-24 00:00:00,swsresearch_xls+constituents
600165,基础化工,220309,2019-07-24 00:00:00,swsresearch_xls+constituents
300412,机械设备,640209,2019-07-24 00:00:00,swsresearch_xls+constituents
000561,国防军工,650201,2019-07-24 00:00:00,swsresearch_xls+constituents
601992,建筑材料,610101,2019-07-24 00:00:00,swsresearch_xls+constituents
600510,房地产,430101,2019-07-24 00:00:00,swsresearch_xls+constituents
002593,建筑装饰,620401,2019-07-24 00:00:00,swsresearch_xls+constituents
000975,有色金属,240401,2019-07-24 00:00:00,swsresearch_xls+constituents
603277,机械设备,640105,2019-07-24 00:00:00,swsresearch_xls+constituents
300666,电子,270103,2019-07-24 00:00:00,swsresearch_xls+constituents
000881,基础化工,220309,2019-07-24 00:00:00,swsresearch_xls+constituents
002384,电子,270202,2019-07-24 00:00:00,swsresearch_xls+constituents
300233,医药生物,370102,2019-07-24 00:00:00,swsresearch_xls+constituents
300216,机械设备,640209,2019-07-24 00:00:00,swsresearch_xls+constituents
600326,建筑材料,610101,2019-07-24 00:00:00,swsresearch_xls+constituents
300731,基础化工,220602,2019-07-24 00:00:00,swsresearch_xls+constituents
000597,医药生物,370102,2019-07-24 00:00:00,swsresearch_xls+constituents
000963,医药生物,370102,2019-07-24 00:00:00,swsresearch_xls+constituents
600319,基础化工,220202,2019-07-24 00:00:00,swsresearch_xls+constituents
002728,医药生物,370201,2019-07-24 00:00:00,swsresearch_xls+constituents
600870,商贸零售,450201,2019-07-24 00:00:00,swsresearch_xls+constituents
000931,医药生物,370102,2019-07-24 00:00:00,swsresearch_xls+constituents
300384,建筑装饰,620402,2019-07-24 00:00:00,swsresearch_xls+constituents
300706,电子,270103,2019-07-24 00:00:00,swsresearch_xls+constituents
000863,房地产,430101,2019-07-24 00:00:00,swsresearch_xls+constituents
600601,电子,270202,2019-07-24 00:00:00,swsresearch_xls+constituents
603488,机械设备,640204,2019-07-24 00:00:00,swsresearch_xls+constituents
600528,机械设备,640501,2019-07-24 00:00:00,swsresearch_xls+constituents
002960,机械设备,640204,2019-07-24 14:07:00,swsresearch_xls+constituents
688321,医药生物,370102,2019-07-24 14:08:00,swsresearch_xls+constituents
002962,电子,270303,2019-09-02 09:38:00,swsresearch_xls+constituents
002963,建筑装饰,620201,2019-09-19 09:23:00,swsresearch_xls+constituents
603489,电力设备,630101,2019-09-27 10:46:00,swsresearch_xls+constituents
688098,农林牧渔,110801,2019-10-11 08:39:00,swsresearch_xls+constituents
300798,基础化工,220308,2019-10-21 08:42:00,swsresearch_xls+constituents
688199,基础化工,220309,2019-10-21 08:43:00,swsresearch_xls+constituents
688299,电子,270301,2019-10-21 08:44:00,swsresearch_xls+constituents
688128,机械设备,640209,2019-10-23 10:00:00,swsresearch_xls+constituents
300801,基础化工,220309,2019-10-28 13:11:00,swsresearch_xls+constituents
688196,基础化工,220309,2019-11-09 14:35:00,swsresearch_xls+constituents
688138,电子,270103,2019-11-09 14:35:00,swsresearch_xls+constituents
300808,电子,270302,2019-11-14 08:58:00,swsresearch_xls+constituents
300809,机械设备,640101,2019-11-20 14:29:00,swsresearch_xls+constituents
300810,国防军工,650401,2019-11-29 09:37:00,swsresearch_xls+constituents
603053,公用事业,410301,2019-11-29 09:37:00,swsresearch_xls+constituents
002971,基础化工,220309,2019-12-05 11:38:00,swsresearch_xls+constituents
002972,机械设备,640501,2019-12-12 13:30:00,swsresearch_xls+constituents
300811,有色金属,240202,2019-12-23 09:13:00,swsresearch_xls+constituents
688181,电子,270301,2019-12-23 09:13:00,swsresearch_xls+constituents
688266,医药生物,370102,2020-01-08 15:41:00,swsresearch_xls+constituents
300813,机械设备,640209,2020-01-13 14:08:00,swsresearch_xls+constituents
688398,基础化工,220309,2020-01-22 17:05:00,swsresearch_xls+constituents
300818,机械设备,640103,2020-02-04 22:03:00,swsresearch_xls+constituents
300819,纺织服饰,350106,2020-02-04 22:03:00,swsresearch_xls+constituents
601696,非银金融,490101,2020-02-04 22:04:00,swsresearch_xls+constituents
688233,电子,270103,2020-02-04 22:05:00,swsresearch_xls+constituents
603948,基础化工,220309,2020-02-17 08:53:00,swsresearch_xls+constituents
688189,医药生物,370102,2020-03-10 08:53:00,swsresearch_xls+constituents
300823,机械设备,640209,2020-03-10 08:53:00,swsresearch_xls+constituents
603095,机械设备,640206,2020-04-02 14:31:00,swsresearch_xls+constituents
688126,电子,270103,2020-04-02 14:31:00,swsresearch_xls+constituents
601609,有色金属,240302,2020-04-08 09:07:00,swsresearch_xls+constituents
002985,国防军工,650201,2020-04-13 08:53:00,swsresearch_xls+constituents
002983,电子,270302,2020-04-13 08:53:00,swsresearch_xls+constituents
603439,医药生物,370201,2020-04-13 08:54:00,swsresearch_xls+constituents
300831,电子,270102,2020-04-16 00:00:00,swsresearch_xls+constituents
600918,非银金融,490101,2020-04-27 08:38:00,swsresearch_xls+constituents
688566,医药生物,370102,2020-04-27 08:40:00,swsresearch_xls+constituents
300833,机械设备,640209,2020-05-05 19:51:00,swsresearch_xls+constituents
002988,有色金属,240301,2020-05-05 19:51:00,swsresearch_xls+constituents
002989,建筑装饰,620201,2020-05-05 19:51:00,swsresearch_xls+constituents
605001,机械设备,640501,2020-05-05 19:52:00,swsresearch_xls+constituents
688360,机械设备,640106,2020-05-18 18:06:00,swsresearch_xls+constituents
300835,有色金属,240202,2020-05-18 18:06:00,swsresearch_xls+constituents
300836,机械设备,640209,2020-05-23 14:13:00,swsresearch_xls+constituents
300837,机械设备,640203,2020-05-23 14:13:00,swsresearch_xls+constituents
688157,基础化工,220305,2020-05-23 14:14:00,swsresearch_xls+constituents
688312,机械设备,640209,2020-05-23 14:14:00,swsresearch_xls+constituents
002793,医药生物,370102,2020-06-01 00:00:00,swsresearch_xls+constituents
688505,医药生物,370102,2020-06-02 08:39:00,swsresearch_xls+constituents
002409,电子,270103,2020-06-08 00:00:00,swsresearch_xls+constituents
688558,机械设备,640101,2020-06-12 08:38:00,swsresearch_xls+constituents
002611,机械设备,640208,2020-06-17 00:00:00,swsresearch_xls+constituents
300848,基础化工,220313,2020-06-18 10:50:00,swsresearch_xls+constituents
688377,机械设备,640203,2020-06-18 10:51:00,swsresearch_xls+constituents
000576,国防军工,650301,2020-06-22 00:00:00,swsresearch_xls+constituents
605199,医药生物,370201,2020-06-24 08:36:00,swsresearch_xls+constituents
605188,商贸零售,450302,2020-06-24 08:36:00,swsresearch_xls+constituents
300851,机械设备,640501,2020-06-29 08:44:00,swsresearch_xls+constituents
300852,电子,270202,2020-06-29 08:44:00,swsresearch_xls+constituents
688077,有色金属,240202,2020-07-06 18:23:00,swsresearch_xls+constituents
300855,有色金属,240201,2020-07-06 18:24:00,swsresearch_xls+constituents
600095,非银金融,490101,2020-07-09 00:00:00,swsresearch_xls+constituents
601456,非银金融,490101,2020-07-21 08:25:00,swsresearch_xls+constituents
605318,建筑材料,610303,2020-07-21 08:26:00,swsresearch_xls+constituents
688586,国防军工,650201,2020-07-21 08:27:00,swsresearch_xls+constituents
002015,公用事业,410104,2020-07-22 00:00:00,swsresearch_xls+constituents
300059,非银金融,490101,2020-07-23 00:00:00,swsresearch_xls+constituents
833994,电子,270301,2020-07-27 00:00:00,swsresearch_xls+constituents
920946,医药生物,370101,2020-07-27 00:00:00,swsresearch_xls+constituents
920433,医药生物,370201,2020-07-27 00:00:00,swsresearch_xls+constituents
832317,国防军工,650201,2020-07-27 00:00:00,swsresearch_xls+constituents
920729,农林牧渔,110801,2020-07-27 00:00:00,swsresearch_xls+constituents
920010,公用事业,410301,2020-07-27 00:00:00,swsresearch_xls+constituents
920266,医药生物,370201,2020-07-27 00:00:00,swsresearch_xls+constituents
920475,机械设备,640209,2020-07-27 00:00:00,swsresearch_xls+constituents
920489,基础化工,220204,2020-07-27 00:00:00,swsresearch_xls+constituents
605366,基础化工,220309,2020-07-27 08:35:00,swsresearch_xls+constituents
688065,基础化工,220309,2020-07-27 08:36:00,swsresearch_xls+constituents
300861,机械设备,640103,2020-07-31 15:44:00,swsresearch_xls+constituents
605003,纺织服饰,350206,2020-07-31 15:45:00,swsresearch_xls+constituents
688055,电子,270301,2020-07-31 15:45:00,swsresearch_xls+constituents
688519,电子,270202,2020-07-31 15:46:00,swsresearch_xls+constituents
300865,机械设备,640203,2020-08-04 23:28:00,swsresearch_xls+constituents
688596,机械设备,640209,2020-08-04 23:30:00,swsresearch_xls+constituents
300871,农林牧渔,110801,2020-08-07 08:32:00,swsresearch_xls+constituents
300870,电力设备,630306,2020-08-07 08:32:00,swsresearch_xls+constituents
605008,基础化工,220501,2020-08-07 08:33:00,swsresearch_xls+constituents
300875,国防军工,650301,2020-08-07 08:33:00,swsresearch_xls+constituents
300876,基础化工,220404,2020-08-07 08:33:00,swsresearch_xls+constituents
300877,纺织服饰,350106,2020-08-08 15:07:00,swsresearch_xls+constituents
605123,国防军工,650201,2020-08-08 15:08:00,swsresearch_xls+constituents
688356,医药生物,370101,2020-08-08 15:08:00,swsresearch_xls+constituents
300878,医药生物,370201,2020-08-08 15:08:00,swsresearch_xls+constituents
002996,有色金属,240301,2020-08-14 14:55:00,swsresearch_xls+constituents
688569,机械设备,640501,2020-08-14 14:56:00,swsresearch_xls+constituents
688513,医药生物,370102,2020-08-14 14:56:00,swsresearch_xls+constituents
002998,基础化工,220401,2020-08-21 23:01:00,swsresearch_xls+constituents
601702,有色金属,240301,2020-08-21 23:02:00,swsresearch_xls+constituents
600803,公用事业,410301,2020-08-31 00:00:00,swsresearch_xls+constituents
688577,机械设备,640101,2020-08-31 09:43:00,swsresearch_xls+constituents
003001,建筑装饰,620404,2020-08-31 09:43:00,swsresearch_xls+constituents
300889,电子,270302,2020-08-31 09:44:00,swsresearch_xls+constituents
002761,建筑装饰,620101,2020-09-03 00:00:00,swsresearch_xls+constituents
003002,基础化工,220307,2020-09-04 10:01:00,swsresearch_xls+constituents
605116,医药生物,370101,2020-09-04 10:02:00,swsresearch_xls+constituents
688127,电子,270303,2020-09-04 10:02:00,swsresearch_xls+constituents
688526,农林牧渔,110801,2020-09-09 13:54:00,swsresearch_xls+constituents
003009,国防军工,650101,2020-09-09 13:55:00,swsresearch_xls+constituents
605111,电子,270102,2020-09-09 13:55:00,swsresearch_xls+constituents
605198,农林牧渔,110501,2020-09-09 13:56:00,swsresearch_xls+constituents
688093,电子,270401,2020-09-14 08:38:00,swsresearch_xls+constituents
605218,电子,270301,2020-09-14 08:38:00,swsresearch_xls+constituents
300999,农林牧渔,110502,2020-09-21 19:15:00,swsresearch_xls+constituents
601568,基础化工,220202,2020-09-24 09:01:00,swsresearch_xls+constituents
605058,电子,270202,2020-09-24 09:01:00,swsresearch_xls+constituents
003015,电子,270303,2020-09-30 13:26:00,swsresearch_xls+constituents
003017,基础化工,220203,2020-10-16 16:00:00,swsresearch_xls+constituents
300900,国防军工,650201,2020-10-16 16:01:00,swsresearch_xls+constituents
300902,机械设备,640209,2020-10-16 16:01:00,swsresearch_xls+constituents
601995,非银金融,490101,2020-10-16 16:01:00,swsresearch_xls+constituents
605169,公用事业,410301,2020-10-16 16:01:00,swsresearch_xls+constituents
688221,医药生物,370102,2020-10-16 16:02:00,swsresearch_xls+constituents
688133,基础化工,220309,2020-10-16 16:02:00,swsresearch_xls+constituents
688179,基础化工,220309,2020-10-16 16:02:00,swsresearch_xls+constituents
688129,基础化工,220305,2020-10-16 16:02:00,swsresearch_xls+constituents
300903,电子,270202,2020-10-26 19:16:00,swsresearch_xls+constituents
688529,机械设备,640209,2020-10-26 19:16:00,swsresearch_xls+constituents
003019,电子,270301,2020-10-29 15:23:00,swsresearch_xls+constituents
688219,基础化工,220503,2020-10-29 15:24:00,swsresearch_xls+constituents
689009,汽车,280401,2020-10-30 20:51:00,swsresearch_xls+constituents
300907,电力设备,630101,2020-11-10 10:04:00,swsresearch_xls+constituents
300909,电子,270301,2020-11-10 10:05:00,swsresearch_xls+constituents
003020,医药生物,370102,2020-11-10 10:05:00,swsresearch_xls+constituents
605177,医药生物,370101,2020-11-21 09:37:00,swsresearch_xls+constituents
300910,基础化工,220309,2020-11-21 09:37:00,swsresearch_xls+constituents
688557,机械设备,640106,2020-11-21 09:38:00,swsresearch_xls+constituents
605258,电子,270202,2020-11-21 09:38:00,swsresearch_xls+constituents
688578,医药生物,370102,2020-11-21 09:38:00,swsresearch_xls+constituents
003021,电力设备,630101,2020-11-25 14:39:00,swsresearch_xls+constituents
605183,基础化工,220603,2020-11-25 14:41:00,swsresearch_xls+constituents
688571,基础化工,220305,2020-11-25 14:42:00,swsresearch_xls+constituents
003025,机械设备,640101,2020-12-01 13:53:00,swsresearch_xls+constituents
688510,国防军工,650201,2020-12-01 13:54:00,swsresearch_xls+constituents
003026,电子,270103,2020-12-05 11:13:00,swsresearch_xls+constituents
300920,基础化工,220501,2020-12-14 14:42:00,swsresearch_xls+constituents
300922,国防军工,650301,2020-12-14 14:43:00,swsresearch_xls+constituents
300923,机械设备,640501,2020-12-14 14:43:00,swsresearch_xls+constituents
688658,医药生物,370102,2020-12-14 14:45:00,swsresearch_xls+constituents
300927,基础化工,220204,2020-12-23 10:23:00,swsresearch_xls+constituents
688669,基础化工,220503,2021-01-08 14:25:00,swsresearch_xls+constituents
688689,电子,270102,2021-01-08 14:25:00,swsresearch_xls+constituents
300931,机械设备,640204,2021-01-08 14:26:00,swsresearch_xls+constituents
300930,有色金属,240201,2021-01-11 13:14:00,swsresearch_xls+constituents
605368,公用事业,410301,2021-01-14 22:06:00,swsresearch_xls+constituents
688350,基础化工,220309,2021-01-14 22:06:00,swsresearch_xls+constituents
920275,农林牧渔,110801,2021-01-25 00:00:00,swsresearch_xls+constituents
300940,电子,270302,2021-01-25 09:13:00,swsresearch_xls+constituents
300939,电子,270301,2021-01-25 09:13:00,swsresearch_xls+constituents
688070,国防军工,650201,2021-01-25 09:16:00,swsresearch_xls+constituents
300936,电子,270202,2021-01-26 15:59:00,swsresearch_xls+constituents
003038,有色金属,240301,2021-01-29 22:07:00,swsresearch_xls+constituents
003036,机械设备,640206,2021-02-04 11:20:00,swsresearch_xls+constituents
605298,机械设备,640501,2021-02-05 18:01:00,swsresearch_xls+constituents
688183,电子,270202,2021-02-05 18:02:00,swsresearch_xls+constituents
920735,医药生物,370102,2021-02-19 00:00:00,swsresearch_xls+constituents
688079,电子,270303,2021-02-19 15:24:00,swsresearch_xls+constituents
605208,有色金属,240301,2021-02-19 15:24:00,swsresearch_xls+constituents
688328,机械设备,640209,2021-02-19 15:25:00,swsresearch_xls+constituents
920225,基础化工,220602,2021-02-25 00:00:00,swsresearch_xls+constituents
688092,机械设备,640209,2021-03-05 19:19:00,swsresearch_xls+constituents
605286,机械设备,640204,2021-03-05 19:19:00,swsresearch_xls+constituents
688609,家用电器,330202,2021-03-05 19:20:00,swsresearch_xls+constituents
688195,电子,270303,2021-03-12 20:17:00,swsresearch_xls+constituents
688633,机械设备,640203,2021-03-12 20:17:00,swsresearch_xls+constituents
688630,机械设备,640209,2021-03-19 09:03:00,swsresearch_xls+constituents
688659,基础化工,220309,2021-03-19 09:03:00,swsresearch_xls+constituents
688662,电子,270401,2021-03-19 09:03:00,swsresearch_xls+constituents
003041,纺织服饰,350206,2021-03-20 10:42:00,swsresearch_xls+constituents
300963,有色金属,240201,2021-03-25 09:11:00,swsresearch_xls+constituents
300966,医药生物,370101,2021-03-25 09:12:00,swsresearch_xls+constituents
300965,国防军工,650201,2021-03-25 09:12:00,swsresearch_xls+constituents
300960,机械设备,640501,2021-03-29 15:18:00,swsresearch_xls+constituents
300980,基础化工,220501,2021-04-05 18:40:00,swsresearch_xls+constituents
600906,非银金融,490101,2021-04-15 08:50:00,swsresearch_xls+constituents
605180,纺织服饰,350106,2021-04-15 08:50:00,swsresearch_xls+constituents
688383,机械设备,640209,2021-04-15 08:51:00,swsresearch_xls+constituents
688113,机械设备,640209,2021-04-21 16:02:00,swsresearch_xls+constituents
688655,电子,270202,2021-04-21 16:02:00,swsresearch_xls+constituents
300990,机械设备,640105,2021-04-26 15:58:00,swsresearch_xls+constituents
688685,国防军工,650201,2021-04-26 16:01:00,swsresearch_xls+constituents
300992,机械设备,640106,2021-05-08 15:53:00,swsresearch_xls+constituents
605090,公用事业,410301,2021-05-08 15:53:00,swsresearch_xls+constituents
300995,基础化工,220503,2021-05-12 08:58:00,swsresearch_xls+constituents
688538,电子,270301,2021-05-12 08:58:00,swsresearch_xls+constituents
688117,医药生物,370102,2021-05-18 11:27:00,swsresearch_xls+constituents
301003,基础化工,220503,2021-05-21 09:51:00,swsresearch_xls+constituents
688625,基础化工,220309,2021-05-21 09:52:00,swsresearch_xls+constituents
603529,汽车,280401,2021-05-29 21:10:00,swsresearch_xls+constituents
688700,机械设备,640209,2021-05-29 21:11:00,swsresearch_xls+constituents
001207,基础化工,220603,2021-06-06 21:30:00,swsresearch_xls+constituents
605028,公用事业,410104,2021-06-06 21:31:00,swsresearch_xls+constituents
688690,医药生物,370101,2021-06-06 21:32:00,swsresearch_xls+constituents
301013,机械设备,640209,2021-06-09 16:31:00,swsresearch_xls+constituents
688367,机械设备,640501,2021-06-09 16:31:00,swsresearch_xls+constituents
301016,机械设备,640501,2021-06-14 10:01:00,swsresearch_xls+constituents
605011,公用事业,410104,2021-06-14 10:02:00,swsresearch_xls+constituents
301019,基础化工,220501,2021-06-22 18:13:00,swsresearch_xls+constituents
605162,公用事业,410104,2021-06-22 18:14:00,swsresearch_xls+constituents
605287,建筑装饰,620201,2021-06-22 18:14:00,swsresearch_xls+constituents
688239,国防军工,650201,2021-06-22 18:15:00,swsresearch_xls+constituents
001210,公用事业,410104,2021-06-22 18:16:00,swsresearch_xls+constituents
605020,基础化工,220311,2021-06-30 18:04:00,swsresearch_xls+constituents
688789,机械设备,640206,2021-06-30 18:05:00,swsresearch_xls+constituents
688305,机械设备,640101,2021-06-30 18:05:00,swsresearch_xls+constituents
688799,医药生物,370102,2021-06-30 18:06:00,swsresearch_xls+constituents
301026,有色金属,240504,2021-07-05 08:46:00,swsresearch_xls+constituents
301028,机械设备,640106,2021-07-05 08:47:00,swsresearch_xls+constituents
301023,电力设备,630101,2021-07-05 08:48:00,swsresearch_xls+constituents
605167,建筑装饰,620402,2021-07-09 14:07:00,swsresearch_xls+constituents
301036,基础化工,220305,2021-07-12 18:01:00,swsresearch_xls+constituents
688071,机械设备,640209,2021-07-12 18:02:00,swsresearch_xls+constituents
600080,医药生物,370201,2021-07-19 00:00:00,swsresearch_xls+constituents
300994,汽车,280401,2021-07-23 11:13:00,swsresearch_xls+constituents
001212,建筑材料,610303,2021-07-23 11:13:00,swsresearch_xls+constituents
605507,医药生物,370101,2021-07-23 11:14:00,swsresearch_xls+constituents
300964,电子,270202,2021-07-27 13:28:00,swsresearch_xls+constituents
301041,电子,270202,2021-07-27 13:28:00,swsresearch_xls+constituents
300814,电子,270202,2021-07-27 13:28:00,swsresearch_xls+constituents
002340,电力设备,630702,2021-07-30 00:00:00,swsresearch_xls+constituents
601958,有色金属,240505,2021-07-30 00:00:00,swsresearch_xls+constituents
002311,农林牧渔,110403,2021-07-30 00:00:00,swsresearch_xls+constituents
601916,银行,480301,2021-07-30 00:00:00,swsresearch_xls+constituents
601928,传媒,720901,2021-07-30 00:00:00,swsresearch_xls+constituents
601985,公用事业,410108,2021-07-30 00:00:00,swsresearch_xls+constituents
002305,房地产,430102,2021-07-30 00:00:00,swsresearch_xls+constituents
002318,钢铁,230501,2021-07-30 00:00:00,swsresearch_xls+constituents
002348,轻工制造,360502,2021-07-30 00:00:00,swsresearch_xls+constituents
002341,基础化工,220505,2021-07-30 00:00:00,swsresearch_xls+constituents
601963,银行,480401,2021-07-30 00:00:00,swsresearch_xls+constituents
002338,国防军工,650501,2021-07-30 00:00:00,swsresearch_xls+constituents
002321,农林牧渔,110704,2021-07-30 00:00:00,swsresearch_xls+constituents
002350,电力设备,630802,2021-07-30 00:00:00,swsresearch_xls+constituents
601975,交通运输,421101,2021-07-30 00:00:00,swsresearch_xls+constituents
002304,食品饮料,340501,2021-07-30 00:00:00,swsresearch_xls+constituents
002352,交通运输,420804,2021-07-30 00:00:00,swsresearch_xls+constituents
601939,银行,480201,2021-07-30 00:00:00,swsresearch_xls+constituents
601969,钢铁,230301,2021-07-30 00:00:00,swsresearch_xls+constituents
002322,计算机,710401,2021-07-30 00:00:00,swsresearch_xls+constituents
601999,传媒,720902,2021-07-30 00:00:00,swsresearch_xls+constituents
002351,电子,270503,2021-07-30 00:00:00,swsresearch_xls+constituents
002303,轻工制造,360205,2021-07-30 00:00:00,swsresearch_xls+constituents
601908,公用事业,410106,2021-07-30 00:00:00,swsresearch_xls+constituents
002320,交通运输,421101,2021-07-30 00:00:00,swsresearch_xls+constituents
601949,传媒,720902,2021-07-30 00:00:00,swsresearch_xls+constituents
601998,银行,480301,2021-07-30 00:00:00,swsresearch_xls+constituents
002308,计算机,710103,2021-07-30 00:00:00,swsresearch_xls+constituents
002315,商贸零售,450602,2021-07-30 00:00:00,swsresearch_xls+constituents
601921,传媒,720901,2021-07-30 00:00:00,swsresearch_xls+constituents
601965,汽车,280303,2021-07-30 00:00:00,swsresearch_xls+constituents
002307,建筑装饰,620306,2021-07-30 00:00:00,swsresearch_xls+constituents
601988,银行,480201,2021-07-30 00:00:00,swsresearch_xls+constituents
002345,纺织服饰,350301,2021-07-30 00:00:00,swsresearch_xls+constituents
002339,电力设备,630803,2021-07-30 00:00:00,swsresearch_xls+constituents
002328,汽车,280205,2021-07-30 00:00:00,swsresearch_xls+constituents
002335,电力设备,630306,2021-07-30 00:00:00,swsresearch_xls+constituents
601966,汽车,280204,2021-07-30 00:00:00,swsresearch_xls+constituents
601997,银行,480401,2021-07-30 00:00:00,swsresearch_xls+constituents
601956,家用电器,330601,2021-07-30 00:00:00,swsresearch_xls+constituents
002313,通信,730206,2021-07-30 00:00:00,swsresearch_xls+constituents
002344,商贸零售,450304,2021-07-30 00:00:00,swsresearch_xls+constituents
601919,交通运输,421101,2021-07-30 00:00:00,swsresearch_xls+constituents
002334,机械设备,640702,2021-07-30 00:00:00,swsresearch_xls+constituents
002312,基础化工,220802,2021-07-30 00:00:00,swsresearch_xls+constituents
002329,食品饮料,340702,2021-07-30 00:00:00,swsresearch_xls+constituents
002343,传媒,720601,2021-07-30 00:00:00,swsresearch_xls+constituents
601918,煤炭,740101,2021-07-30 00:00:00,swsresearch_xls+constituents
601968,轻工制造,360203,2021-07-30 00:00:00,swsresearch_xls+constituents
601929,传媒,721001,2021-07-30 00:00:00,swsresearch_xls+constituents
002331,计算机,710301,2021-07-30 00:00:00,swsresearch_xls+constituents
002347,机械设备,640108,2021-07-30 00:00:00,swsresearch_xls+constituents
002342,机械设备,640108,2021-07-30 00:00:00,swsresearch_xls+constituents
002230,计算机,710402,2021-07-30 00:00:00,swsresearch_xls+constituents
603000,传媒,720704,2021-07-30 00:00:00,swsresearch_xls+constituents
603221,轻工制造,360306,2021-07-30 00:00:00,swsresearch_xls+constituents
002147,机械设备,640106,2021-07-30 00:00:00,swsresearch_xls+constituents
603220,通信,730103,2021-07-30 00:00:00,swsresearch_xls+constituents
603218,电力设备,630602,2021-07-30 00:00:00,swsresearch_xls+constituents
002145,基础化工,220206,2021-07-30 00:00:00,swsresearch_xls+constituents
603212,电力设备,630504,2021-07-30 00:00:00,swsresearch_xls+constituents
002151,国防军工,650501,2021-07-30 00:00:00,swsresearch_xls+constituents
603203,机械设备,640702,2021-07-30 00:00:00,swsresearch_xls+constituents
002152,计算机,710103,2021-07-30 00:00:00,swsresearch_xls+constituents
603200,环保,760102,2021-07-30 00:00:00,swsresearch_xls+constituents
002153,计算机,710401,2021-07-30 00:00:00,swsresearch_xls+constituents
603199,社会服务,461003,2021-07-30 00:00:00,swsresearch_xls+constituents
603208,轻工制造,360308,2021-07-30 00:00:00,swsresearch_xls+constituents
002154,纺织服饰,350209,2021-07-30 00:00:00,swsresearch_xls+constituents
603222,医药生物,370503,2021-07-30 00:00:00,swsresearch_xls+constituents
603256,建筑材料,610202,2021-07-30 00:00:00,swsresearch_xls+constituents
002130,电子,270401,2021-07-30 00:00:00,swsresearch_xls+constituents
603239,汽车,280205,2021-07-30 00:00:00,swsresearch_xls+constituents
603236,通信,730206,2021-07-30 00:00:00,swsresearch_xls+constituents
002143,传媒,720501,2021-07-30 00:00:00,swsresearch_xls+constituents
002132,机械设备,640108,2021-07-30 00:00:00,swsresearch_xls+constituents
002136,基础化工,220206,2021-07-30 00:00:00,swsresearch_xls+constituents
603232,计算机,710401,2021-07-30 00:00:00,swsresearch_xls+constituents
002139,电子,270504,2021-07-30 00:00:00,swsresearch_xls+constituents
603226,轻工制造,360306,2021-07-30 00:00:00,swsresearch_xls+constituents
002142,银行,480401,2021-07-30 00:00:00,swsresearch_xls+constituents
603233,医药生物,370403,2021-07-30 00:00:00,swsresearch_xls+constituents
603198,食品饮料,340501,2021-07-30 00:00:00,swsresearch_xls+constituents
002156,电子,270107,2021-07-30 00:00:00,swsresearch_xls+constituents
603197,汽车,280205,2021-07-30 00:00:00,swsresearch_xls+constituents
603177,环保,760101,2021-07-30 00:00:00,swsresearch_xls+constituents
002174,传媒,720401,2021-07-30 00:00:00,swsresearch_xls+constituents
603171,计算机,710301,2021-07-30 00:00:00,swsresearch_xls+constituents
603167,交通运输,421101,2021-07-30 00:00:00,swsresearch_xls+constituents
603166,汽车,280203,2021-07-30 00:00:00,swsresearch_xls+constituents
002173,医药生物,370604,2021-07-30 00:00:00,swsresearch_xls+constituents
603165,轻工制造,360102,2021-07-30 00:00:00,swsresearch_xls+constituents
603161,汽车,280203,2021-07-30 00:00:00,swsresearch_xls+constituents
603160,电子,270105,2021-07-30 00:00:00,swsresearch_xls+constituents
002178,计算机,710401,2021-07-30 00:00:00,swsresearch_xls+constituents
002179,国防军工,650501,2021-07-30 00:00:00,swsresearch_xls+constituents
603158,汽车,280203,2021-07-30 00:00:00,swsresearch_xls+constituents
603178,汽车,280203,2021-07-30 00:00:00,swsresearch_xls+constituents
603179,汽车,280206,2021-07-30 00:00:00,swsresearch_xls+constituents
002170,基础化工,220805,2021-07-30 00:00:00,swsresearch_xls+constituents
002157,农林牧渔,110702,2021-07-30 00:00:00,swsresearch_xls+constituents
603196,纺织服饰,350209,2021-07-30 00:00:00,swsresearch_xls+constituents
002159,社会服务,461003,2021-07-30 00:00:00,swsresearch_xls+constituents
603195,轻工制造,360311,2021-07-30 00:00:00,swsresearch_xls+constituents
002162,轻工制造,360306,2021-07-30 00:00:00,swsresearch_xls+constituents
603189,计算机,710401,2021-07-30 00:00:00,swsresearch_xls+constituents
002164,机械设备,640108,2021-07-30 00:00:00,swsresearch_xls+constituents
603183,社会服务,460802,2021-07-30 00:00:00,swsresearch_xls+constituents
002169,电力设备,630803,2021-07-30 00:00:00,swsresearch_xls+constituents
603180,轻工制造,360308,2021-07-30 00:00:00,swsresearch_xls+constituents
002129,电力设备,630501,2021-07-30 00:00:00,swsresearch_xls+constituents
603258,传媒,720401,2021-07-30 00:00:00,swsresearch_xls+constituents
002128,煤炭,740101,2021-07-30 00:00:00,swsresearch_xls+constituents
603259,医药生物,370603,2021-07-30 00:00:00,swsresearch_xls+constituents
002084,轻工制造,360309,2021-07-30 00:00:00,swsresearch_xls+constituents
002085,汽车,280204,2021-07-30 00:00:00,swsresearch_xls+constituents
603319,汽车,280203,2021-07-30 00:00:00,swsresearch_xls+constituents
603318,公用事业,410301,2021-07-30 00:00:00,swsresearch_xls+constituents
603317,食品饮料,340901,2021-07-30 00:00:00,swsresearch_xls+constituents
002089,通信,730204,2021-07-30 00:00:00,swsresearch_xls+constituents
603322,通信,730103,2021-07-30 00:00:00,swsresearch_xls+constituents
603313,轻工制造,360307,2021-07-30 00:00:00,swsresearch_xls+constituents
603311,家用电器,330601,2021-07-30 00:00:00,swsresearch_xls+constituents
002094,美容护理,770201,2021-07-30 00:00:00,swsresearch_xls+constituents
603309,医药生物,370503,2021-07-30 00:00:00,swsresearch_xls+constituents
002090,电力设备,630803,2021-07-30 00:00:00,swsresearch_xls+constituents
603323,银行,480501,2021-07-30 00:00:00,swsresearch_xls+constituents
603324,环保,760201,2021-07-30 00:00:00,swsresearch_xls+constituents
002067,轻工制造,360102,2021-07-30 00:00:00,swsresearch_xls+constituents
603335,汽车,280204,2021-07-30 00:00:00,swsresearch_xls+constituents
002071,传媒,720601,2021-07-30 00:00:00,swsresearch_xls+constituents
603333,电力设备,630805,2021-07-30 00:00:00,swsresearch_xls+constituents
002074,电力设备,630701,2021-07-30 00:00:00,swsresearch_xls+constituents
002075,钢铁,230501,2021-07-30 00:00:00,swsresearch_xls+constituents
603330,基础化工,220501,2021-07-30 00:00:00,swsresearch_xls+constituents
002076,家用电器,330501,2021-07-30 00:00:00,swsresearch_xls+constituents
603329,交通运输,420802,2021-07-30 00:00:00,swsresearch_xls+constituents
002077,电子,270107,2021-07-30 00:00:00,swsresearch_xls+constituents
002078,轻工制造,360102,2021-07-30 00:00:00,swsresearch_xls+constituents
603327,电子,270504,2021-07-30 00:00:00,swsresearch_xls+constituents
603326,轻工制造,360308,2021-07-30 00:00:00,swsresearch_xls+constituents
002080,建筑材料,610202,2021-07-30 00:00:00,swsresearch_xls+constituents
002095,传媒,720704,2021-07-30 00:00:00,swsresearch_xls+constituents
603157,纺织服饰,350209,2021-07-30 00:00:00,swsresearch_xls+constituents
603308,机械设备,640108,2021-07-30 00:00:00,swsresearch_xls+constituents
603306,汽车,280202,2021-07-30 00:00:00,swsresearch_xls+constituents
603283,机械设备,640702,2021-07-30 00:00:00,swsresearch_xls+constituents
002117,轻工制造,360202,2021-07-30 00:00:00,swsresearch_xls+constituents
002120,交通运输,420804,2021-07-30 00:00:00,swsresearch_xls+constituents
603278,机械设备,640108,2021-07-30 00:00:00,swsresearch_xls+constituents
002121,电力设备,630804,2021-07-30 00:00:00,swsresearch_xls+constituents
002116,建筑装饰,620404,2021-07-30 00:00:00,swsresearch_xls+constituents
002124,农林牧渔,110702,2021-07-30 00:00:00,swsresearch_xls+constituents
603267,国防军工,650501,2021-07-30 00:00:00,swsresearch_xls+constituents
002126,汽车,280203,2021-07-30 00:00:00,swsresearch_xls+constituents
002127,商贸零售,450603,2021-07-30 00:00:00,swsresearch_xls+constituents
002123,通信,730104,2021-07-30 00:00:00,swsresearch_xls+constituents
603286,汽车,280203,2021-07-30 00:00:00,swsresearch_xls+constituents
002115,通信,730103,2021-07-30 00:00:00,swsresearch_xls+constituents
603288,食品饮料,340901,2021-07-30 00:00:00,swsresearch_xls+constituents
002100,农林牧渔,110402,2021-07-30 00:00:00,swsresearch_xls+constituents
603305,汽车,280203,2021-07-30 00:00:00,swsresearch_xls+constituents
002101,汽车,280205,2021-07-30 00:00:00,swsresearch_xls+constituents
603303,家用电器,330501,2021-07-30 00:00:00,swsresearch_xls+constituents
603301,医药生物,370503,2021-07-30 00:00:00,swsresearch_xls+constituents
603300,非银金融,490305,2021-07-30 00:00:00,swsresearch_xls+constituents
002104,通信,730206,2021-07-30 00:00:00,swsresearch_xls+constituents
603299,基础化工,220203,2021-07-30 00:00:00,swsresearch_xls+constituents
002109,基础化工,220204,2021-07-30 00:00:00,swsresearch_xls+constituents
603298,机械设备,640601,2021-07-30 00:00:00,swsresearch_xls+constituents
002110,钢铁,230401,2021-07-30 00:00:00,swsresearch_xls+constituents
603290,电子,270102,2021-07-30 00:00:00,swsresearch_xls+constituents
002112,电力设备,630801,2021-07-30 00:00:00,swsresearch_xls+constituents
002113,传媒,720401,2021-07-30 00:00:00,swsresearch_xls+constituents
002097,机械设备,640601,2021-07-30 00:00:00,swsresearch_xls+constituents
002181,传媒,720902,2021-07-30 00:00:00,swsresearch_xls+constituents
603156,食品饮料,340701,2021-07-30 00:00:00,swsresearch_xls+constituents
002182,有色金属,240504,2021-07-30 00:00:00,swsresearch_xls+constituents
002256,公用事业,410106,2021-07-30 00:00:00,swsresearch_xls+constituents
002258,基础化工,220803,2021-07-30 00:00:00,swsresearch_xls+constituents
002260,家用电器,330301,2021-07-30 00:00:00,swsresearch_xls+constituents
002263,基础化工,220505,2021-07-30 00:00:00,swsresearch_xls+constituents
002255,电力设备,630304,2021-07-30 00:00:00,swsresearch_xls+constituents
603028,机械设备,640108,2021-07-30 00:00:00,swsresearch_xls+constituents
603026,电力设备,630702,2021-07-30 00:00:00,swsresearch_xls+constituents
002265,汽车,280203,2021-07-30 00:00:00,swsresearch_xls+constituents
603025,机械设备,640702,2021-07-30 00:00:00,swsresearch_xls+constituents
603023,汽车,280206,2021-07-30 00:00:00,swsresearch_xls+constituents
002266,环保,760103,2021-07-30 00:00:00,swsresearch_xls+constituents
603022,轻工制造,360206,2021-07-30 00:00:00,swsresearch_xls+constituents
603027,食品饮料,340901,2021-07-30 00:00:00,swsresearch_xls+constituents
603035,汽车,280202,2021-07-30 00:00:00,swsresearch_xls+constituents
002253,计算机,710401,2021-07-30 00:00:00,swsresearch_xls+constituents
603037,汽车,280203,2021-07-30 00:00:00,swsresearch_xls+constituents
002238,传媒,721001,2021-07-30 00:00:00,swsresearch_xls+constituents
002239,汽车,280206,2021-07-30 00:00:00,swsresearch_xls+constituents
002240,有色金属,240603,2021-07-30 00:00:00,swsresearch_xls+constituents
603050,电力设备,630803,2021-07-30 00:00:00,swsresearch_xls+constituents
002241,电子,270504,2021-07-30 00:00:00,swsresearch_xls+constituents
002242,家用电器,330301,2021-07-30 00:00:00,swsresearch_xls+constituents
603043,食品饮料,340802,2021-07-30 00:00:00,swsresearch_xls+constituents
603042,通信,730205,2021-07-30 00:00:00,swsresearch_xls+constituents
002245,电力设备,630701,2021-07-30 00:00:00,swsresearch_xls+constituents
603040,汽车,280203,2021-07-30 00:00:00,swsresearch_xls+constituents
603039,计算机,710402,2021-07-30 00:00:00,swsresearch_xls+constituents
002250,基础化工,220803,2021-07-30 00:00:00,swsresearch_xls+constituents
002252,医药生物,370302,2021-07-30 00:00:00,swsresearch_xls+constituents
002268,计算机,710103,2021-07-30 00:00:00,swsresearch_xls+constituents
002236,计算机,710102,2021-07-30 00:00:00,swsresearch_xls+constituents
603021,轻工制造,360311,2021-07-30 00:00:00,swsresearch_xls+constituents
603020,基础化工,220315,2021-07-30 00:00:00,swsresearch_xls+constituents
002285,房地产,430302,2021-07-30 00:00:00,swsresearch_xls+constituents
002290,家用电器,330601,2021-07-30 00:00:00,swsresearch_xls+constituents
603006,汽车,280205,2021-07-30 00:00:00,swsresearch_xls+constituents
002291,传媒,720501,2021-07-30 00:00:00,swsresearch_xls+constituents
603005,电子,270107,2021-07-30 00:00:00,swsresearch_xls+constituents
603008,轻工制造,360307,2021-07-30 00:00:00,swsresearch_xls+constituents
002292,传媒,720601,2021-07-30 00:00:00,swsresearch_xls+constituents
002296,通信,730204,2021-07-30 00:00:00,swsresearch_xls+constituents
002298,计算机,710401,2021-07-30 00:00:00,swsresearch_xls+constituents
002299,农林牧渔,110703,2021-07-30 00:00:00,swsresearch_xls+constituents
002300,电力设备,630805,2021-07-30 00:00:00,swsresearch_xls+constituents
002301,轻工制造,360501,2021-07-30 00:00:00,swsresearch_xls+constituents
603003,计算机,710301,2021-07-30 00:00:00,swsresearch_xls+constituents
002284,汽车,280203,2021-07-30 00:00:00,swsresearch_xls+constituents
603009,汽车,280203,2021-07-30 00:00:00,swsresearch_xls+constituents
002283,汽车,280203,2021-07-30 00:00:00,swsresearch_xls+constituents
002270,电力设备,630801,2021-07-30 00:00:00,swsresearch_xls+constituents
603019,计算机,710103,2021-07-30 00:00:00,swsresearch_xls+constituents
002271,建筑材料,610304,2021-07-30 00:00:00,swsresearch_xls+constituents
603018,建筑装饰,620601,2021-07-30 00:00:00,swsresearch_xls+constituents
603017,建筑装饰,620601,2021-07-30 00:00:00,swsresearch_xls+constituents
603016,电力设备,630802,2021-07-30 00:00:00,swsresearch_xls+constituents
603015,机械设备,640702,2021-07-30 00:00:00,swsresearch_xls+constituents
603013,汽车,280203,2021-07-30 00:00:00,swsresearch_xls+constituents
002276,电力设备,630805,2021-07-30 00:00:00,swsresearch_xls+constituents
002279,计算机,710402,2021-07-30 00:00:00,swsresearch_xls+constituents
002280,商贸零售,450602,2021-07-30 00:00:00,swsresearch_xls+constituents
002281,通信,730204,2021-07-30 00:00:00,swsresearch_xls+constituents
002269,纺织服饰,350209,2021-07-30 00:00:00,swsresearch_xls+constituents
002302,建筑材料,610102,2021-07-30 00:00:00,swsresearch_xls+constituents
603058,轻工制造,360205,2021-07-30 00:00:00,swsresearch_xls+constituents
603117,交通运输,420805,2021-07-30 00:00:00,swsresearch_xls+constituents
002194,通信,730204,2021-07-30 00:00:00,swsresearch_xls+constituents
002195,计算机,710301,2021-07-30 00:00:00,swsresearch_xls+constituents
002197,计算机,710103,2021-07-30 00:00:00,swsresearch_xls+constituents
002200,建筑装饰,620307,2021-07-30 00:00:00,swsresearch_xls+constituents
603112,家用电器,330601,2021-07-30 00:00:00,swsresearch_xls+constituents
002202,电力设备,630601,2021-07-30 00:00:00,swsresearch_xls+constituents
603109,汽车,280205,2021-07-30 00:00:00,swsresearch_xls+constituents
002204,机械设备,640203,2021-07-30 00:00:00,swsresearch_xls+constituents
603106,计算机,710103,2021-07-30 00:00:00,swsresearch_xls+constituents
002201,建筑材料,610202,2021-07-30 00:00:00,swsresearch_xls+constituents
603118,通信,730206,2021-07-30 00:00:00,swsresearch_xls+constituents
603121,汽车,280203,2021-07-30 00:00:00,swsresearch_xls+constituents
603155,基础化工,220316,2021-07-30 00:00:00,swsresearch_xls+constituents
603138,计算机,710301,2021-07-30 00:00:00,swsresearch_xls+constituents
002184,机械设备,640702,2021-07-30 00:00:00,swsresearch_xls+constituents
603133,电子,270504,2021-07-30 00:00:00,swsresearch_xls+constituents
002185,电子,270107,2021-07-30 00:00:00,swsresearch_xls+constituents
002186,社会服务,460902,2021-07-30 00:00:00,swsresearch_xls+constituents
603129,汽车,280402,2021-07-30 00:00:00,swsresearch_xls+constituents
603128,交通运输,420805,2021-07-30 00:00:00,swsresearch_xls+constituents
603127,医药生物,370603,2021-07-30 00:00:00,swsresearch_xls+constituents
002189,国防军工,650501,2021-07-30 00:00:00,swsresearch_xls+constituents
002191,轻工制造,360205,2021-07-30 00:00:00,swsresearch_xls+constituents
603105,公用事业,410106,2021-07-30 00:00:00,swsresearch_xls+constituents
002235,轻工制造,360103,2021-07-30 00:00:00,swsresearch_xls+constituents
603103,传媒,720602,2021-07-30 00:00:00,swsresearch_xls+constituents
002223,医药生物,370502,2021-07-30 00:00:00,swsresearch_xls+constituents
603078,电子,270601,2021-07-30 00:00:00,swsresearch_xls+constituents
002228,轻工制造,360205,2021-07-30 00:00:00,swsresearch_xls+constituents
603069,交通运输,420902,2021-07-30 00:00:00,swsresearch_xls+constituents
002222,电子,270303,2021-07-30 00:00:00,swsresearch_xls+constituents
603068,电子,270105,2021-07-30 00:00:00,swsresearch_xls+constituents
603063,电力设备,630602,2021-07-30 00:00:00,swsresearch_xls+constituents
603060,社会服务,460802,2021-07-30 00:00:00,swsresearch_xls+constituents
002232,计算机,710301,2021-07-30 00:00:00,swsresearch_xls+constituents
603059,美容护理,770102,2021-07-30 00:00:00,swsresearch_xls+constituents
002234,农林牧渔,110703,2021-07-30 00:00:00,swsresearch_xls+constituents
002221,石油石化,750303,2021-07-30 00:00:00,swsresearch_xls+constituents
603083,通信,730206,2021-07-30 00:00:00,swsresearch_xls+constituents
002219,医药生物,370604,2021-07-30 00:00:00,swsresearch_xls+constituents
603100,机械设备,640107,2021-07-30 00:00:00,swsresearch_xls+constituents
002211,基础化工,220316,2021-07-30 00:00:00,swsresearch_xls+constituents
603099,社会服务,461003,2021-07-30 00:00:00,swsresearch_xls+constituents
002212,计算机,710402,2021-07-30 00:00:00,swsresearch_xls+constituents
603096,传媒,720902,2021-07-30 00:00:00,swsresearch_xls+constituents
603093,非银金融,490303,2021-07-30 00:00:00,swsresearch_xls+constituents
002214,国防军工,650501,2021-07-30 00:00:00,swsresearch_xls+constituents
603089,汽车,280203,2021-07-30 00:00:00,swsresearch_xls+constituents
002216,食品饮料,340406,2021-07-30 00:00:00,swsresearch_xls+constituents
603087,医药生物,370304,2021-07-30 00:00:00,swsresearch_xls+constituents
603086,基础化工,220803,2021-07-30 00:00:00,swsresearch_xls+constituents
603085,汽车,280202,2021-07-30 00:00:00,swsresearch_xls+constituents
002207,石油石化,750201,2021-07-30 00:00:00,swsresearch_xls+constituents
601900,传媒,720901,2021-07-30 00:00:00,swsresearch_xls+constituents
600081,汽车,280202,2021-07-30 00:00:00,swsresearch_xls+constituents
601899,有色金属,240302,2021-07-30 00:00:00,swsresearch_xls+constituents
601018,交通运输,421102,2021-07-30 00:00:00,swsresearch_xls+constituents
002655,电子,270504,2021-07-30 00:00:00,swsresearch_xls+constituents
601019,传媒,720901,2021-07-30 00:00:00,swsresearch_xls+constituents
002654,电子,270302,2021-07-30 00:00:00,swsresearch_xls+constituents
601021,交通运输,421001,2021-07-30 00:00:00,swsresearch_xls+constituents
002650,食品饮料,340901,2021-07-30 00:00:00,swsresearch_xls+constituents
002649,计算机,710301,2021-07-30 00:00:00,swsresearch_xls+constituents
601058,汽车,280204,2021-07-30 00:00:00,swsresearch_xls+constituents
002647,非银金融,490306,2021-07-30 00:00:00,swsresearch_xls+constituents
002646,食品饮料,340501,2021-07-30 00:00:00,swsresearch_xls+constituents
002645,环保,760201,2021-07-30 00:00:00,swsresearch_xls+constituents
002643,电子,270601,2021-07-30 00:00:00,swsresearch_xls+constituents
601077,银行,480501,2021-07-30 00:00:00,swsresearch_xls+constituents
002642,计算机,710301,2021-07-30 00:00:00,swsresearch_xls+constituents
002640,商贸零售,450602,2021-07-30 00:00:00,swsresearch_xls+constituents
601088,煤炭,740101,2021-07-30 00:00:00,swsresearch_xls+constituents
601098,传媒,720901,2021-07-30 00:00:00,swsresearch_xls+constituents
002637,基础化工,220309,2021-07-30 00:00:00,swsresearch_xls+constituents
002635,电子,270504,2021-07-30 00:00:00,swsresearch_xls+constituents
601100,机械设备,640602,2021-07-30 00:00:00,swsresearch_xls+constituents
002656,纺织服饰,350209,2021-07-30 00:00:00,swsresearch_xls+constituents
601016,公用事业,410107,2021-07-30 00:00:00,swsresearch_xls+constituents
002657,计算机,710301,2021-07-30 00:00:00,swsresearch_xls+constituents
601015,煤炭,740201,2021-07-30 00:00:00,swsresearch_xls+constituents
601002,机械设备,640108,2021-07-30 00:00:00,swsresearch_xls+constituents
002681,电子,270504,2021-07-30 00:00:00,swsresearch_xls+constituents
601003,钢铁,230402,2021-07-30 00:00:00,swsresearch_xls+constituents
002678,轻工制造,360502,2021-07-30 00:00:00,swsresearch_xls+constituents
002677,家用电器,330401,2021-07-30 00:00:00,swsresearch_xls+constituents
002676,家用电器,330601,2021-07-30 00:00:00,swsresearch_xls+constituents
601005,钢铁,230402,2021-07-30 00:00:00,swsresearch_xls+constituents
002672,环保,760103,2021-07-30 00:00:00,swsresearch_xls+constituents
601006,交通运输,420903,2021-07-30 00:00:00,swsresearch_xls+constituents
002671,建筑材料,610102,2021-07-30 00:00:00,swsresearch_xls+constituents
601007,社会服务,460901,2021-07-30 00:00:00,swsresearch_xls+constituents
002669,基础化工,220317,2021-07-30 00:00:00,swsresearch_xls+constituents
002633,机械设备,640108,2021-07-30 00:00:00,swsresearch_xls+constituents
601008,交通运输,421102,2021-07-30 00:00:00,swsresearch_xls+constituents
002665,电力设备,630306,2021-07-30 00:00:00,swsresearch_xls+constituents
601009,银行,480401,2021-07-30 00:00:00,swsresearch_xls+constituents
002664,汽车,280206,2021-07-30 00:00:00,swsresearch_xls+constituents
002663,建筑装饰,620307,2021-07-30 00:00:00,swsresearch_xls+constituents
002662,汽车,280202,2021-07-30 00:00:00,swsresearch_xls+constituents
601010,商贸零售,450303,2021-07-30 00:00:00,swsresearch_xls+constituents
601011,煤炭,740201,2021-07-30 00:00:00,swsresearch_xls+constituents
002660,电子,270504,2021-07-30 00:00:00,swsresearch_xls+constituents
002659,社会服务,461101,2021-07-30 00:00:00,swsresearch_xls+constituents
002658,环保,760201,2021-07-30 00:00:00,swsresearch_xls+constituents
002668,家用电器,330106,2021-07-30 00:00:00,swsresearch_xls+constituents
002682,交通运输,420807,2021-07-30 00:00:00,swsresearch_xls+constituents
601101,煤炭,740101,2021-07-30 00:00:00,swsresearch_xls+constituents
002606,电力设备,630805,2021-07-30 00:00:00,swsresearch_xls+constituents
601163,汽车,280204,2021-07-30 00:00:00,swsresearch_xls+constituents
601166,银行,480301,2021-07-30 00:00:00,swsresearch_xls+constituents
002602,传媒,720401,2021-07-30 00:00:00,swsresearch_xls+constituents
002601,基础化工,220206,2021-07-30 00:00:00,swsresearch_xls+constituents
002600,电子,270504,2021-07-30 00:00:00,swsresearch_xls+constituents
002599,轻工制造,360202,2021-07-30 00:00:00,swsresearch_xls+constituents
002597,基础化工,220315,2021-07-30 00:00:00,swsresearch_xls+constituents
601168,有色金属,240302,2021-07-30 00:00:00,swsresearch_xls+constituents
002596,建筑材料,610102,2021-07-30 00:00:00,swsresearch_xls+constituents
601169,银行,480401,2021-07-30 00:00:00,swsresearch_xls+constituents
002594,汽车,280501,2021-07-30 00:00:00,swsresearch_xls+constituents
002592,汽车,280203,2021-07-30 00:00:00,swsresearch_xls+constituents
601177,机械设备,640108,2021-07-30 00:00:00,swsresearch_xls+constituents
601179,电力设备,630801,2021-07-30 00:00:00,swsresearch_xls+constituents
002590,汽车,280203,2021-07-30 00:00:00,swsresearch_xls+constituents
002589,医药生物,370402,2021-07-30 00:00:00,swsresearch_xls+constituents
002588,基础化工,220805,2021-07-30 00:00:00,swsresearch_xls+constituents
601186,建筑装饰,620306,2021-07-30 00:00:00,swsresearch_xls+constituents
601187,银行,480401,2021-07-30 00:00:00,swsresearch_xls+constituents
002586,建筑装饰,620306,2021-07-30 00:00:00,swsresearch_xls+constituents
601188,交通运输,420901,2021-07-30 00:00:00,swsresearch_xls+constituents
002585,基础化工,220505,2021-07-30 00:00:00,swsresearch_xls+constituents
002607,社会服务,461102,2021-07-30 00:00:00,swsresearch_xls+constituents
601158,环保,760102,2021-07-30 00:00:00,swsresearch_xls+constituents
002609,计算机,710301,2021-07-30 00:00:00,swsresearch_xls+constituents
601156,交通运输,420805,2021-07-30 00:00:00,swsresearch_xls+constituents
601107,交通运输,420901,2021-07-30 00:00:00,swsresearch_xls+constituents
002629,石油石化,750201,2021-07-30 00:00:00,swsresearch_xls+constituents
002628,建筑装饰,620306,2021-07-30 00:00:00,swsresearch_xls+constituents
601111,交通运输,421001,2021-07-30 00:00:00,swsresearch_xls+constituents
002626,食品饮料,340407,2021-07-30 00:00:00,swsresearch_xls+constituents
002625,国防军工,650201,2021-07-30 00:00:00,swsresearch_xls+constituents
002624,传媒,720401,2021-07-30 00:00:00,swsresearch_xls+constituents
002623,电力设备,630504,2021-07-30 00:00:00,swsresearch_xls+constituents
002621,社会服务,461102,2021-07-30 00:00:00,swsresearch_xls+constituents
002632,基础化工,220505,2021-07-30 00:00:00,swsresearch_xls+constituents
002619,传媒,720401,2021-07-30 00:00:00,swsresearch_xls+constituents
002617,公用事业,410106,2021-07-30 00:00:00,swsresearch_xls+constituents
002616,公用事业,410109,2021-07-30 00:00:00,swsresearch_xls+constituents
601128,银行,480501,2021-07-30 00:00:00,swsresearch_xls+constituents
002615,轻工制造,360311,2021-07-30 00:00:00,swsresearch_xls+constituents
002614,家用电器,330701,2021-07-30 00:00:00,swsresearch_xls+constituents
601137,有色金属,240201,2021-07-30 00:00:00,swsresearch_xls+constituents
002613,建筑材料,610201,2021-07-30 00:00:00,swsresearch_xls+constituents
601138,电子,270504,2021-07-30 00:00:00,swsresearch_xls+constituents
002612,纺织服饰,350209,2021-07-30 00:00:00,swsresearch_xls+constituents
002610,电力设备,630504,2021-07-30 00:00:00,swsresearch_xls+constituents
601155,房地产,430102,2021-07-30 00:00:00,swsresearch_xls+constituents
601126,电力设备,630803,2021-07-30 00:00:00,swsresearch_xls+constituents
002584,电子,270601,2021-07-30 00:00:00,swsresearch_xls+constituents
002684,汽车,280303,2021-07-30 00:00:00,swsresearch_xls+constituents
601000,交通运输,421102,2021-07-30 00:00:00,swsresearch_xls+constituents
600956,公用事业,410107,2021-07-30 00:00:00,swsresearch_xls+constituents
002777,计算机,710301,2021-07-30 00:00:00,swsresearch_xls+constituents
002776,纺织服饰,350209,2021-07-30 00:00:00,swsresearch_xls+constituents
600959,传媒,721001,2021-07-30 00:00:00,swsresearch_xls+constituents
002775,建筑装饰,620307,2021-07-30 00:00:00,swsresearch_xls+constituents
002772,农林牧渔,110104,2021-07-30 00:00:00,swsresearch_xls+constituents
600960,汽车,280203,2021-07-30 00:00:00,swsresearch_xls+constituents
002771,计算机,710301,2021-07-30 00:00:00,swsresearch_xls+constituents
002770,食品饮料,340702,2021-07-30 00:00:00,swsresearch_xls+constituents
002769,交通运输,420803,2021-07-30 00:00:00,swsresearch_xls+constituents
002767,机械设备,640107,2021-07-30 00:00:00,swsresearch_xls+constituents
002766,汽车,280206,2021-07-30 00:00:00,swsresearch_xls+constituents
600963,轻工制造,360102,2021-07-30 00:00:00,swsresearch_xls+constituents
600965,农林牧渔,110704,2021-07-30 00:00:00,swsresearch_xls+constituents
002762,纺织服饰,350209,2021-07-30 00:00:00,swsresearch_xls+constituents
600966,轻工制造,360102,2021-07-30 00:00:00,swsresearch_xls+constituents
002759,电力设备,630702,2021-07-30 00:00:00,swsresearch_xls+constituents
600968,石油石化,750201,2021-07-30 00:00:00,swsresearch_xls+constituents
600969,公用事业,410110,2021-07-30 00:00:00,swsresearch_xls+constituents
002752,轻工制造,360203,2021-07-30 00:00:00,swsresearch_xls+constituents
600936,传媒,721001,2021-07-30 00:00:00,swsresearch_xls+constituents
600933,汽车,280203,2021-07-30 00:00:00,swsresearch_xls+constituents
002780,纺织服饰,350208,2021-07-30 00:00:00,swsresearch_xls+constituents
600929,基础化工,220203,2021-07-30 00:00:00,swsresearch_xls+constituents
002818,商贸零售,450304,2021-07-30 00:00:00,swsresearch_xls+constituents
600895,房地产,430103,2021-07-30 00:00:00,swsresearch_xls+constituents
002813,汽车,280206,2021-07-30 00:00:00,swsresearch_xls+constituents
002812,电力设备,630702,2021-07-30 00:00:00,swsresearch_xls+constituents
600896,医药生物,370604,2021-07-30 00:00:00,swsresearch_xls+constituents
002807,银行,480501,2021-07-30 00:00:00,swsresearch_xls+constituents
600897,交通运输,421002,2021-07-30 00:00:00,swsresearch_xls+constituents
002803,商贸零售,450602,2021-07-30 00:00:00,swsresearch_xls+constituents
600898,电子,270504,2021-07-30 00:00:00,swsresearch_xls+constituents
002799,轻工制造,360205,2021-07-30 00:00:00,swsresearch_xls+constituents
002751,社会服务,460803,2021-07-30 00:00:00,swsresearch_xls+constituents
002798,轻工制造,360306,2021-07-30 00:00:00,swsresearch_xls+constituents
600905,公用事业,410107,2021-07-30 00:00:00,swsresearch_xls+constituents
600908,银行,480501,2021-07-30 00:00:00,swsresearch_xls+constituents
002795,机械设备,640108,2021-07-30 00:00:00,swsresearch_xls+constituents
600916,纺织服饰,350301,2021-07-30 00:00:00,swsresearch_xls+constituents
002792,通信,730204,2021-07-30 00:00:00,swsresearch_xls+constituents
002790,轻工制造,360309,2021-07-30 00:00:00,swsresearch_xls+constituents
002788,医药生物,370402,2021-07-30 00:00:00,swsresearch_xls+constituents
600919,银行,480401,2021-07-30 00:00:00,swsresearch_xls+constituents
002787,轻工制造,360203,2021-07-30 00:00:00,swsresearch_xls+constituents
600926,银行,480401,2021-07-30 00:00:00,swsresearch_xls+constituents
600928,银行,480401,2021-07-30 00:00:00,swsresearch_xls+constituents
600901,非银金融,490305,2021-07-30 00:00:00,swsresearch_xls+constituents
601001,煤炭,740101,2021-07-30 00:00:00,swsresearch_xls+constituents
002749,基础化工,220803,2021-07-30 00:00:00,swsresearch_xls+constituents
002748,基础化工,220202,2021-07-30 00:00:00,swsresearch_xls+constituents
002714,农林牧渔,110702,2021-07-30 00:00:00,swsresearch_xls+constituents
002712,传媒,720501,2021-07-30 00:00:00,swsresearch_xls+constituents
002711,交通运输,420802,2021-07-30 00:00:00,swsresearch_xls+constituents
002709,电力设备,630702,2021-07-30 00:00:00,swsresearch_xls+constituents
002708,汽车,280203,2021-07-30 00:00:00,swsresearch_xls+constituents
600989,基础化工,220205,2021-07-30 00:00:00,swsresearch_xls+constituents
002707,社会服务,461004,2021-07-30 00:00:00,swsresearch_xls+constituents
002706,电力设备,630802,2021-07-30 00:00:00,swsresearch_xls+constituents
002705,家用电器,330301,2021-07-30 00:00:00,swsresearch_xls+constituents
600990,国防军工,650501,2021-07-30 00:00:00,swsresearch_xls+constituents
002703,汽车,280203,2021-07-30 00:00:00,swsresearch_xls+constituents
002702,食品饮料,340406,2021-07-30 00:00:00,swsresearch_xls+constituents
002701,轻工制造,360203,2021-07-30 00:00:00,swsresearch_xls+constituents
002699,传媒,720601,2021-07-30 00:00:00,swsresearch_xls+constituents
600992,机械设备,640108,2021-07-30 00:00:00,swsresearch_xls+constituents
002698,机械设备,640701,2021-07-30 00:00:00,swsresearch_xls+constituents
600995,公用事业,410110,2021-07-30 00:00:00,swsresearch_xls+constituents
002695,食品饮料,340803,2021-07-30 00:00:00,swsresearch_xls+constituents
600996,传媒,721001,2021-07-30 00:00:00,swsresearch_xls+constituents
600998,医药生物,370402,2021-07-30 00:00:00,swsresearch_xls+constituents
002692,电力设备,630805,2021-07-30 00:00:00,swsresearch_xls+constituents
002687,纺织服饰,350209,2021-07-30 00:00:00,swsresearch_xls+constituents
002686,机械设备,640105,2021-07-30 00:00:00,swsresearch_xls+constituents
002715,汽车,280203,2021-07-30 00:00:00,swsresearch_xls+constituents
600986,传媒,720501,2021-07-30 00:00:00,swsresearch_xls+constituents
002716,有色金属,240402,2021-07-30 00:00:00,swsresearch_xls+constituents
002717,建筑装饰,620307,2021-07-30 00:00:00,swsresearch_xls+constituents
002747,机械设备,640701,2021-07-30 00:00:00,swsresearch_xls+constituents
600973,电力设备,630805,2021-07-30 00:00:00,swsresearch_xls+constituents
002746,农林牧渔,110703,2021-07-30 00:00:00,swsresearch_xls+constituents
600975,农林牧渔,110702,2021-07-30 00:00:00,swsresearch_xls+constituents
002741,电子,270601,2021-07-30 00:00:00,swsresearch_xls+constituents
600977,传媒,720601,2021-07-30 00:00:00,swsresearch_xls+constituents
002740,纺织服饰,350301,2021-07-30 00:00:00,swsresearch_xls+constituents
002739,传媒,720602,2021-07-30 00:00:00,swsresearch_xls+constituents
600978,轻工制造,360307,2021-07-30 00:00:00,swsresearch_xls+constituents
002738,有色金属,240504,2021-07-30 00:00:00,swsresearch_xls+constituents
600979,公用事业,410110,2021-07-30 00:00:00,swsresearch_xls+constituents
600971,煤炭,740101,2021-07-30 00:00:00,swsresearch_xls+constituents
002735,轻工制造,360204,2021-07-30 00:00:00,swsresearch_xls+constituents
002733,电力设备,630705,2021-07-30 00:00:00,swsresearch_xls+constituents
002732,食品饮料,340702,2021-07-30 00:00:00,swsresearch_xls+constituents
002731,纺织服饰,350301,2021-07-30 00:00:00,swsresearch_xls+constituents
002727,医药生物,370403,2021-07-30 00:00:00,swsresearch_xls+constituents
600983,家用电器,330106,2021-07-30 00:00:00,swsresearch_xls+constituents
002725,汽车,280204,2021-07-30 00:00:00,swsresearch_xls+constituents
002723,家用电器,330501,2021-07-30 00:00:00,swsresearch_xls+constituents
600984,机械设备,640601,2021-07-30 00:00:00,swsresearch_xls+constituents
002721,纺织服饰,350301,2021-07-30 00:00:00,swsresearch_xls+constituents
600985,煤炭,740102,2021-07-30 00:00:00,swsresearch_xls+constituents
002734,基础化工,220803,2021-07-30 00:00:00,swsresearch_xls+constituents
002355,汽车,280204,2021-07-30 00:00:00,swsresearch_xls+constituents
601199,环保,760102,2021-07-30 00:00:00,swsresearch_xls+constituents
601200,环保,760103,2021-07-30 00:00:00,swsresearch_xls+constituents
002448,汽车,280203,2021-07-30 00:00:00,swsresearch_xls+constituents
002065,计算机,710301,2021-07-30 00:00:00,swsresearch_xls+constituents
002447,传媒,720401,2021-07-30 00:00:00,swsresearch_xls+constituents
002446,国防军工,650501,2021-07-30 00:00:00,swsresearch_xls+constituents
601689,汽车,280203,2021-07-30 00:00:00,swsresearch_xls+constituents
002443,钢铁,230501,2021-07-30 00:00:00,swsresearch_xls+constituents
601699,煤炭,740102,2021-07-30 00:00:00,swsresearch_xls+constituents
002441,电力设备,630802,2021-07-30 00:00:00,swsresearch_xls+constituents
002439,计算机,710402,2021-07-30 00:00:00,swsresearch_xls+constituents
601700,电力设备,630805,2021-07-30 00:00:00,swsresearch_xls+constituents
002438,机械设备,640108,2021-07-30 00:00:00,swsresearch_xls+constituents
002434,汽车,280203,2021-07-30 00:00:00,swsresearch_xls+constituents
601717,机械设备,640203,2021-07-30 00:00:00,swsresearch_xls+constituents
002431,建筑装饰,620307,2021-07-30 00:00:00,swsresearch_xls+constituents
601718,纺织服饰,350209,2021-07-30 00:00:00,swsresearch_xls+constituents
002425,传媒,720401,2021-07-30 00:00:00,swsresearch_xls+constituents
002423,非银金融,490302,2021-07-30 00:00:00,swsresearch_xls+constituents
002421,计算机,710301,2021-07-30 00:00:00,swsresearch_xls+constituents
601777,汽车,280402,2021-07-30 00:00:00,swsresearch_xls+constituents
601778,公用事业,410106,2021-07-30 00:00:00,swsresearch_xls+constituents
002418,家用电器,330601,2021-07-30 00:00:00,swsresearch_xls+constituents
601686,钢铁,230403,2021-07-30 00:00:00,swsresearch_xls+constituents
002450,基础化工,220505,2021-07-30 00:00:00,swsresearch_xls+constituents
002451,电力设备,630805,2021-07-30 00:00:00,swsresearch_xls+constituents
002452,电力设备,630801,2021-07-30 00:00:00,swsresearch_xls+constituents
601616,电力设备,630802,2021-07-30 00:00:00,swsresearch_xls+constituents
002479,公用事业,410104,2021-07-30 00:00:00,swsresearch_xls+constituents
002478,钢铁,230501,2021-07-30 00:00:00,swsresearch_xls+constituents
002476,石油石化,750303,2021-07-30 00:00:00,swsresearch_xls+constituents
002475,电子,270504,2021-07-30 00:00:00,swsresearch_xls+constituents
601619,公用事业,410107,2021-07-30 00:00:00,swsresearch_xls+constituents
002474,计算机,710301,2021-07-30 00:00:00,swsresearch_xls+constituents
002473,家用电器,330301,2021-07-30 00:00:00,swsresearch_xls+constituents
002472,汽车,280203,2021-07-30 00:00:00,swsresearch_xls+constituents
002471,电力设备,630805,2021-07-30 00:00:00,swsresearch_xls+constituents
601633,汽车,280502,2021-07-30 00:00:00,swsresearch_xls+constituents
002470,基础化工,220805,2021-07-30 00:00:00,swsresearch_xls+constituents
002417,计算机,710301,2021-07-30 00:00:00,swsresearch_xls+constituents
002468,交通运输,420804,2021-07-30 00:00:00,swsresearch_xls+constituents
601658,银行,480201,2021-07-30 00:00:00,swsresearch_xls+constituents
601665,银行,480401,2021-07-30 00:00:00,swsresearch_xls+constituents
002466,有色金属,240603,2021-07-30 00:00:00,swsresearch_xls+constituents
601666,煤炭,740102,2021-07-30 00:00:00,swsresearch_xls+constituents
002465,国防军工,650501,2021-07-30 00:00:00,swsresearch_xls+constituents
002464,传媒,720401,2021-07-30 00:00:00,swsresearch_xls+constituents
002462,医药生物,370402,2021-07-30 00:00:00,swsresearch_xls+constituents
002461,食品饮料,340601,2021-07-30 00:00:00,swsresearch_xls+constituents
002459,电力设备,630502,2021-07-30 00:00:00,swsresearch_xls+constituents
601669,建筑装饰,620306,2021-07-30 00:00:00,swsresearch_xls+constituents
002458,农林牧渔,110703,2021-07-30 00:00:00,swsresearch_xls+constituents
002454,汽车,280206,2021-07-30 00:00:00,swsresearch_xls+constituents
002467,通信,730104,2021-07-30 00:00:00,swsresearch_xls+constituents
002415,计算机,710102,2021-07-30 00:00:00,swsresearch_xls+constituents
002413,国防军工,650501,2021-07-30 00:00:00,swsresearch_xls+constituents
601865,电力设备,630504,2021-07-30 00:00:00,swsresearch_xls+constituents
002380,计算机,710301,2021-07-30 00:00:00,swsresearch_xls+constituents
601866,交通运输,421101,2021-07-30 00:00:00,swsresearch_xls+constituents
601869,通信,730205,2021-07-30 00:00:00,swsresearch_xls+constituents
601872,交通运输,421101,2021-07-30 00:00:00,swsresearch_xls+constituents
002376,计算机,710103,2021-07-30 00:00:00,swsresearch_xls+constituents
002374,轻工制造,360203,2021-07-30 00:00:00,swsresearch_xls+constituents
601877,电力设备,630802,2021-07-30 00:00:00,swsresearch_xls+constituents
002373,计算机,710301,2021-07-30 00:00:00,swsresearch_xls+constituents
002371,电子,270108,2021-07-30 00:00:00,swsresearch_xls+constituents
601880,交通运输,421102,2021-07-30 00:00:00,swsresearch_xls+constituents
002369,电子,270504,2021-07-30 00:00:00,swsresearch_xls+constituents
002368,计算机,710301,2021-07-30 00:00:00,swsresearch_xls+constituents
002366,电力设备,630306,2021-07-30 00:00:00,swsresearch_xls+constituents
002364,电力设备,630306,2021-07-30 00:00:00,swsresearch_xls+constituents
002363,汽车,280203,2021-07-30 00:00:00,swsresearch_xls+constituents
601888,商贸零售,450701,2021-07-30 00:00:00,swsresearch_xls+constituents
002362,计算机,710401,2021-07-30 00:00:00,swsresearch_xls+constituents
002361,基础化工,220504,2021-07-30 00:00:00,swsresearch_xls+constituents
002359,通信,730102,2021-07-30 00:00:00,swsresearch_xls+constituents
601898,煤炭,740101,2021-07-30 00:00:00,swsresearch_xls+constituents
002358,电力设备,630801,2021-07-30 00:00:00,swsresearch_xls+constituents
002357,交通运输,420902,2021-07-30 00:00:00,swsresearch_xls+constituents
002356,商贸零售,450303,2021-07-30 00:00:00,swsresearch_xls+constituents
002382,医药生物,370503,2021-07-30 00:00:00,swsresearch_xls+constituents
601860,银行,480501,2021-07-30 00:00:00,swsresearch_xls+constituents
002383,国防军工,650501,2021-07-30 00:00:00,swsresearch_xls+constituents
601858,传媒,720902,2021-07-30 00:00:00,swsresearch_xls+constituents
002410,计算机,710401,2021-07-30 00:00:00,swsresearch_xls+constituents
002408,石油石化,750303,2021-07-30 00:00:00,swsresearch_xls+constituents
002406,汽车,280203,2021-07-30 00:00:00,swsresearch_xls+constituents
601800,建筑装饰,620306,2021-07-30 00:00:00,swsresearch_xls+constituents
002405,计算机,710401,2021-07-30 00:00:00,swsresearch_xls+constituents
601801,传媒,720902,2021-07-30 00:00:00,swsresearch_xls+constituents
002403,家用电器,330301,2021-07-30 00:00:00,swsresearch_xls+constituents
601808,石油石化,750201,2021-07-30 00:00:00,swsresearch_xls+constituents
601811,传媒,720901,2021-07-30 00:00:00,swsresearch_xls+constituents
002414,国防军工,650501,2021-07-30 00:00:00,swsresearch_xls+constituents
002401,计算机,710301,2021-07-30 00:00:00,swsresearch_xls+constituents
002400,传媒,720501,2021-07-30 00:00:00,swsresearch_xls+constituents
601818,银行,480301,2021-07-30 00:00:00,swsresearch_xls+constituents
601825,银行,480501,2021-07-30 00:00:00,swsresearch_xls+constituents
601827,环保,760103,2021-07-30 00:00:00,swsresearch_xls+constituents
002396,通信,730204,2021-07-30 00:00:00,swsresearch_xls+constituents
601828,商贸零售,450304,2021-07-30 00:00:00,swsresearch_xls+constituents
002395,基础化工,220504,2021-07-30 00:00:00,swsresearch_xls+constituents
601838,银行,480401,2021-07-30 00:00:00,swsresearch_xls+constituents
002391,基础化工,220803,2021-07-30 00:00:00,swsresearch_xls+constituents
601857,石油石化,750301,2021-07-30 00:00:00,swsresearch_xls+constituents
002385,农林牧渔,110402,2021-07-30 00:00:00,swsresearch_xls+constituents
601816,交通运输,420903,2021-07-30 00:00:00,swsresearch_xls+constituents
002583,通信,730204,2021-07-30 00:00:00,swsresearch_xls+constituents
601615,电力设备,630601,2021-07-30 00:00:00,swsresearch_xls+constituents
601611,建筑装饰,620306,2021-07-30 00:00:00,swsresearch_xls+constituents
601279,汽车,280205,2021-07-30 00:00:00,swsresearch_xls+constituents
002557,食品饮料,340801,2021-07-30 00:00:00,swsresearch_xls+constituents
002556,农林牧渔,110901,2021-07-30 00:00:00,swsresearch_xls+constituents
601288,银行,480201,2021-07-30 00:00:00,swsresearch_xls+constituents
002555,传媒,720401,2021-07-30 00:00:00,swsresearch_xls+constituents
601298,交通运输,421102,2021-07-30 00:00:00,swsresearch_xls+constituents
002554,石油石化,750202,2021-07-30 00:00:00,swsresearch_xls+constituents
002553,汽车,280203,2021-07-30 00:00:00,swsresearch_xls+constituents
601311,电力设备,630705,2021-07-30 00:00:00,swsresearch_xls+constituents
002551,医药生物,370503,2021-07-30 00:00:00,swsresearch_xls+constituents
002548,农林牧渔,110402,2021-07-30 00:00:00,swsresearch_xls+constituents
002546,电力设备,630804,2021-07-30 00:00:00,swsresearch_xls+constituents
601326,交通运输,421102,2021-07-30 00:00:00,swsresearch_xls+constituents
002544,通信,730103,2021-07-30 00:00:00,swsresearch_xls+constituents
601328,银行,480201,2021-07-30 00:00:00,swsresearch_xls+constituents
002543,家用电器,330402,2021-07-30 00:00:00,swsresearch_xls+constituents
601330,环保,760103,2021-07-30 00:00:00,swsresearch_xls+constituents
002539,基础化工,220805,2021-07-30 00:00:00,swsresearch_xls+constituents
601333,交通运输,420903,2021-07-30 00:00:00,swsresearch_xls+constituents
002538,基础化工,220805,2021-07-30 00:00:00,swsresearch_xls+constituents
002537,汽车,280202,2021-07-30 00:00:00,swsresearch_xls+constituents
002536,汽车,280203,2021-07-30 00:00:00,swsresearch_xls+constituents
601268,机械设备,640203,2021-07-30 00:00:00,swsresearch_xls+constituents
002558,传媒,720401,2021-07-30 00:00:00,swsresearch_xls+constituents
002560,电力设备,630805,2021-07-30 00:00:00,swsresearch_xls+constituents
601258,汽车,280302,2021-07-30 00:00:00,swsresearch_xls+constituents
002582,食品饮料,340801,2021-07-30 00:00:00,swsresearch_xls+constituents
002581,医药生物,370304,2021-07-30 00:00:00,swsresearch_xls+constituents
601208,基础化工,220505,2021-07-30 00:00:00,swsresearch_xls+constituents
002580,电力设备,630705,2021-07-30 00:00:00,swsresearch_xls+constituents
002577,计算机,710103,2021-07-30 00:00:00,swsresearch_xls+constituents
002574,纺织服饰,350301,2021-07-30 00:00:00,swsresearch_xls+constituents
601218,电力设备,630602,2021-07-30 00:00:00,swsresearch_xls+constituents
002572,轻工制造,360308,2021-07-30 00:00:00,swsresearch_xls+constituents
002534,电力设备,630304,2021-07-30 00:00:00,swsresearch_xls+constituents
601225,煤炭,740101,2021-07-30 00:00:00,swsresearch_xls+constituents
002570,食品饮料,340702,2021-07-30 00:00:00,swsresearch_xls+constituents
601228,交通运输,421102,2021-07-30 00:00:00,swsresearch_xls+constituents
002569,纺织服饰,350209,2021-07-30 00:00:00,swsresearch_xls+constituents
601229,银行,480401,2021-07-30 00:00:00,swsresearch_xls+constituents
002568,食品饮料,340602,2021-07-30 00:00:00,swsresearch_xls+constituents
601231,电子,270504,2021-07-30 00:00:00,swsresearch_xls+constituents
002567,农林牧渔,110402,2021-07-30 00:00:00,swsresearch_xls+constituents
601233,石油石化,750303,2021-07-30 00:00:00,swsresearch_xls+constituents
002565,轻工制造,360205,2021-07-30 00:00:00,swsresearch_xls+constituents
601238,汽车,280502,2021-07-30 00:00:00,swsresearch_xls+constituents
002563,纺织服饰,350209,2021-07-30 00:00:00,swsresearch_xls+constituents
002562,基础化工,220315,2021-07-30 00:00:00,swsresearch_xls+constituents
002571,轻工制造,360311,2021-07-30 00:00:00,swsresearch_xls+constituents
002481,农林牧渔,110504,2021-07-30 00:00:00,swsresearch_xls+constituents
601360,计算机,710402,2021-07-30 00:00:00,swsresearch_xls+constituents
002532,有色金属,240301,2021-07-30 00:00:00,swsresearch_xls+constituents
002503,纺织服饰,350209,2021-07-30 00:00:00,swsresearch_xls+constituents
601566,纺织服饰,350209,2021-07-30 00:00:00,swsresearch_xls+constituents
601577,银行,480401,2021-07-30 00:00:00,swsresearch_xls+constituents
002498,电力设备,630805,2021-07-30 00:00:00,swsresearch_xls+constituents
601579,食品饮料,340602,2021-07-30 00:00:00,swsresearch_xls+constituents
601595,传媒,720601,2021-07-30 00:00:00,swsresearch_xls+constituents
002496,基础化工,220803,2021-07-30 00:00:00,swsresearch_xls+constituents
601598,交通运输,420805,2021-07-30 00:00:00,swsresearch_xls+constituents
002495,食品饮料,340901,2021-07-30 00:00:00,swsresearch_xls+constituents
002494,纺织服饰,350209,2021-07-30 00:00:00,swsresearch_xls+constituents
601599,纺织服饰,350106,2021-07-30 00:00:00,swsresearch_xls+constituents
002493,石油石化,750301,2021-07-30 00:00:00,swsresearch_xls+constituents
002492,交通运输,420806,2021-07-30 00:00:00,swsresearch_xls+constituents
002491,通信,730205,2021-07-30 00:00:00,swsresearch_xls+constituents
002489,轻工制造,360307,2021-07-30 00:00:00,swsresearch_xls+constituents
002488,汽车,280204,2021-07-30 00:00:00,swsresearch_xls+constituents
002487,电力设备,630602,2021-07-30 00:00:00,swsresearch_xls+constituents
601607,医药生物,370402,2021-07-30 00:00:00,swsresearch_xls+constituents
601608,机械设备,640203,2021-07-30 00:00:00,swsresearch_xls+constituents
002483,机械设备,640203,2021-07-30 00:00:00,swsresearch_xls+constituents
002505,农林牧渔,110704,2021-07-30 00:00:00,swsresearch_xls+constituents
002506,电力设备,630502,2021-07-30 00:00:00,swsresearch_xls+constituents
002507,食品饮料,340901,2021-07-30 00:00:00,swsresearch_xls+constituents
601528,银行,480501,2021-07-30 00:00:00,swsresearch_xls+constituents
601368,环保,760102,2021-07-30 00:00:00,swsresearch_xls+constituents
002531,电力设备,630602,2021-07-30 00:00:00,swsresearch_xls+constituents
002528,计算机,710102,2021-07-30 00:00:00,swsresearch_xls+constituents
002524,医药生物,370604,2021-07-30 00:00:00,swsresearch_xls+constituents
002523,机械设备,640203,2021-07-30 00:00:00,swsresearch_xls+constituents
002522,基础化工,220505,2021-07-30 00:00:00,swsresearch_xls+constituents
002521,轻工制造,360103,2021-07-30 00:00:00,swsresearch_xls+constituents
601390,建筑装饰,620306,2021-07-30 00:00:00,swsresearch_xls+constituents
002518,电力设备,630306,2021-07-30 00:00:00,swsresearch_xls+constituents
601398,银行,480201,2021-07-30 00:00:00,swsresearch_xls+constituents
002533,电力设备,630805,2021-07-30 00:00:00,swsresearch_xls+constituents
601399,机械设备,640203,2021-07-30 00:00:00,swsresearch_xls+constituents
002516,汽车,280202,2021-07-30 00:00:00,swsresearch_xls+constituents
601500,汽车,280204,2021-07-30 00:00:00,swsresearch_xls+constituents
002514,机械设备,640108,2021-07-30 00:00:00,swsresearch_xls+constituents
601512,房地产,430103,2021-07-30 00:00:00,swsresearch_xls+constituents
002513,基础化工,220803,2021-07-30 00:00:00,swsresearch_xls+constituents
601515,轻工制造,360205,2021-07-30 00:00:00,swsresearch_xls+constituents
002512,计算机,710103,2021-07-30 00:00:00,swsresearch_xls+constituents
601518,交通运输,420901,2021-07-30 00:00:00,swsresearch_xls+constituents
002511,美容护理,770101,2021-07-30 00:00:00,swsresearch_xls+constituents
002510,汽车,280205,2021-07-30 00:00:00,swsresearch_xls+constituents
002508,家用电器,330401,2021-07-30 00:00:00,swsresearch_xls+constituents
601519,计算机,710401,2021-07-30 00:00:00,swsresearch_xls+constituents
002517,传媒,720401,2021-07-30 00:00:00,swsresearch_xls+constituents
603337,机械设备,640206,2021-07-30 00:00:00,swsresearch_xls+constituents
603758,汽车,280203,2021-07-30 00:00:00,swsresearch_xls+constituents
603338,机械设备,640601,2021-07-30 00:00:00,swsresearch_xls+constituents
688108,医药生物,370503,2021-07-30 00:00:00,swsresearch_xls+constituents
688109,计算机,710401,2021-07-30 00:00:00,swsresearch_xls+constituents
000551,环保,760201,2021-07-30 00:00:00,swsresearch_xls+constituents
688111,计算机,710402,2021-07-30 00:00:00,swsresearch_xls+constituents
000550,汽车,280601,2021-07-30 00:00:00,swsresearch_xls+constituents
688116,电力设备,630702,2021-07-30 00:00:00,swsresearch_xls+constituents
000548,交通运输,420901,2021-07-30 00:00:00,swsresearch_xls+constituents
688118,计算机,710401,2021-07-30 00:00:00,swsresearch_xls+constituents
000547,国防军工,650501,2021-07-30 00:00:00,swsresearch_xls+constituents
688122,国防军工,650201,2021-07-30 00:00:00,swsresearch_xls+constituents
688123,电子,270104,2021-07-30 00:00:00,swsresearch_xls+constituents
000552,煤炭,740101,2021-07-30 00:00:00,swsresearch_xls+constituents
000545,基础化工,220206,2021-07-30 00:00:00,swsresearch_xls+constituents
688135,电子,270107,2021-07-30 00:00:00,swsresearch_xls+constituents
688136,医药生物,370304,2021-07-30 00:00:00,swsresearch_xls+constituents
000541,家用电器,330501,2021-07-30 00:00:00,swsresearch_xls+constituents
688139,医药生物,370502,2021-07-30 00:00:00,swsresearch_xls+constituents
000534,医药生物,370304,2021-07-30 00:00:00,swsresearch_xls+constituents
688155,电力设备,630703,2021-07-30 00:00:00,swsresearch_xls+constituents
000533,电力设备,630801,2021-07-30 00:00:00,swsresearch_xls+constituents
000532,非银金融,490307,2021-07-30 00:00:00,swsresearch_xls+constituents
688158,计算机,710301,2021-07-30 00:00:00,swsresearch_xls+constituents
688159,通信,730206,2021-07-30 00:00:00,swsresearch_xls+constituents
000544,环保,760102,2021-07-30 00:00:00,swsresearch_xls+constituents
688106,电子,270601,2021-07-30 00:00:00,swsresearch_xls+constituents
000553,基础化工,220803,2021-07-30 00:00:00,swsresearch_xls+constituents
688101,环保,760102,2021-07-30 00:00:00,swsresearch_xls+constituents
000581,汽车,280203,2021-07-30 00:00:00,swsresearch_xls+constituents
688080,通信,730207,2021-07-30 00:00:00,swsresearch_xls+constituents
000572,汽车,280502,2021-07-30 00:00:00,swsresearch_xls+constituents
688081,国防军工,650501,2021-07-30 00:00:00,swsresearch_xls+constituents
688083,计算机,710401,2021-07-30 00:00:00,swsresearch_xls+constituents
000571,煤炭,740101,2021-07-30 00:00:00,swsresearch_xls+constituents
688085,医药生物,370503,2021-07-30 00:00:00,swsresearch_xls+constituents
000570,汽车,280203,2021-07-30 00:00:00,swsresearch_xls+constituents
688086,计算机,710103,2021-07-30 00:00:00,swsresearch_xls+constituents
000568,食品饮料,340501,2021-07-30 00:00:00,swsresearch_xls+constituents
688088,计算机,710301,2021-07-30 00:00:00,swsresearch_xls+constituents
000567,非银金融,490307,2021-07-30 00:00:00,swsresearch_xls+constituents
688089,基础化工,220315,2021-07-30 00:00:00,swsresearch_xls+constituents
000563,非银金融,490304,2021-07-30 00:00:00,swsresearch_xls+constituents
688090,机械设备,640701,2021-07-30 00:00:00,swsresearch_xls+constituents
688095,计算机,710402,2021-07-30 00:00:00,swsresearch_xls+constituents
000560,房地产,430302,2021-07-30 00:00:00,swsresearch_xls+constituents
688096,环保,760102,2021-07-30 00:00:00,swsresearch_xls+constituents
688097,机械设备,640704,2021-07-30 00:00:00,swsresearch_xls+constituents
000559,汽车,280203,2021-07-30 00:00:00,swsresearch_xls+constituents
688099,电子,270104,2021-07-30 00:00:00,swsresearch_xls+constituents
000557,交通运输,420903,2021-07-30 00:00:00,swsresearch_xls+constituents
000555,计算机,710301,2021-07-30 00:00:00,swsresearch_xls+constituents
688100,通信,730206,2021-07-30 00:00:00,swsresearch_xls+constituents
000554,石油石化,750302,2021-07-30 00:00:00,swsresearch_xls+constituents
688160,机械设备,640702,2021-07-30 00:00:00,swsresearch_xls+constituents
688161,医药生物,370503,2021-07-30 00:00:00,swsresearch_xls+constituents
688165,机械设备,640701,2021-07-30 00:00:00,swsresearch_xls+constituents
688217,医药生物,370504,2021-07-30 00:00:00,swsresearch_xls+constituents
000502,房地产,430301,2021-07-30 00:00:00,swsresearch_xls+constituents
688218,机械设备,640701,2021-07-30 00:00:00,swsresearch_xls+constituents
000498,建筑装饰,620306,2021-07-30 00:00:00,swsresearch_xls+constituents
688222,医药生物,370603,2021-07-30 00:00:00,swsresearch_xls+constituents
688226,电力设备,630805,2021-07-30 00:00:00,swsresearch_xls+constituents
000488,轻工制造,360102,2021-07-30 00:00:00,swsresearch_xls+constituents
688228,计算机,710301,2021-07-30 00:00:00,swsresearch_xls+constituents
000430,社会服务,461003,2021-07-30 00:00:00,swsresearch_xls+constituents
688229,计算机,710301,2021-07-30 00:00:00,swsresearch_xls+constituents
000429,交通运输,420901,2021-07-30 00:00:00,swsresearch_xls+constituents
688216,电子,270107,2021-07-30 00:00:00,swsresearch_xls+constituents
000428,社会服务,460901,2021-07-30 00:00:00,swsresearch_xls+constituents
000425,机械设备,640601,2021-07-30 00:00:00,swsresearch_xls+constituents
688258,计算机,710301,2021-07-30 00:00:00,swsresearch_xls+constituents
688260,电子,270504,2021-07-30 00:00:00,swsresearch_xls+constituents
688268,电子,270601,2021-07-30 00:00:00,swsresearch_xls+constituents
688276,医药生物,370303,2021-07-30 00:00:00,swsresearch_xls+constituents
688277,医药生物,370502,2021-07-30 00:00:00,swsresearch_xls+constituents
000416,非银金融,490302,2021-07-30 00:00:00,swsresearch_xls+constituents
688278,医药生物,370304,2021-07-30 00:00:00,swsresearch_xls+constituents
000415,非银金融,490305,2021-07-30 00:00:00,swsresearch_xls+constituents
688286,电子,270105,2021-07-30 00:00:00,swsresearch_xls+constituents
000411,医药生物,370402,2021-07-30 00:00:00,swsresearch_xls+constituents
688256,电子,270104,2021-07-30 00:00:00,swsresearch_xls+constituents
688215,机械设备,640704,2021-07-30 00:00:00,swsresearch_xls+constituents
688208,计算机,710103,2021-07-30 00:00:00,swsresearch_xls+constituents
000503,计算机,710401,2021-07-30 00:00:00,swsresearch_xls+constituents
000528,机械设备,640601,2021-07-30 00:00:00,swsresearch_xls+constituents
000526,社会服务,461102,2021-07-30 00:00:00,swsresearch_xls+constituents
688168,计算机,710402,2021-07-30 00:00:00,swsresearch_xls+constituents
000525,基础化工,220803,2021-07-30 00:00:00,swsresearch_xls+constituents
688169,家用电器,330302,2021-07-30 00:00:00,swsresearch_xls+constituents
000524,社会服务,461004,2021-07-30 00:00:00,swsresearch_xls+constituents
688177,医药生物,370304,2021-07-30 00:00:00,swsresearch_xls+constituents
688180,医药生物,370304,2021-07-30 00:00:00,swsresearch_xls+constituents
000521,家用电器,330106,2021-07-30 00:00:00,swsresearch_xls+constituents
000520,交通运输,421101,2021-07-30 00:00:00,swsresearch_xls+constituents
688185,医药生物,370303,2021-07-30 00:00:00,swsresearch_xls+constituents
000518,医药生物,370304,2021-07-30 00:00:00,swsresearch_xls+constituents
000516,医药生物,370604,2021-07-30 00:00:00,swsresearch_xls+constituents
688188,计算机,710103,2021-07-30 00:00:00,swsresearch_xls+constituents
688191,电力设备,630803,2021-07-30 00:00:00,swsresearch_xls+constituents
688198,医药生物,370503,2021-07-30 00:00:00,swsresearch_xls+constituents
688200,电子,270108,2021-07-30 00:00:00,swsresearch_xls+constituents
688201,计算机,710402,2021-07-30 00:00:00,swsresearch_xls+constituents
000504,医药生物,370605,2021-07-30 00:00:00,swsresearch_xls+constituents
688202,医药生物,370603,2021-07-30 00:00:00,swsresearch_xls+constituents
688288,计算机,710103,2021-07-30 00:00:00,swsresearch_xls+constituents
000582,交通运输,421102,2021-07-30 00:00:00,swsresearch_xls+constituents
605365,家用电器,330501,2021-07-30 00:00:00,swsresearch_xls+constituents
605369,医药生物,370503,2021-07-30 00:00:00,swsresearch_xls+constituents
605377,轻工制造,360103,2021-07-30 00:00:00,swsresearch_xls+constituents
605378,电力设备,630705,2021-07-30 00:00:00,swsresearch_xls+constituents
605388,食品饮料,340702,2021-07-30 00:00:00,swsresearch_xls+constituents
605389,机械设备,640602,2021-07-30 00:00:00,swsresearch_xls+constituents
605398,计算机,710301,2021-07-30 00:00:00,swsresearch_xls+constituents
000666,非银金融,490304,2021-07-30 00:00:00,swsresearch_xls+constituents
605399,基础化工,220316,2021-07-30 00:00:00,swsresearch_xls+constituents
605499,食品饮料,340701,2021-07-30 00:00:00,swsresearch_xls+constituents
605500,轻工制造,360102,2021-07-30 00:00:00,swsresearch_xls+constituents
605358,电子,270103,2021-07-30 00:00:00,swsresearch_xls+constituents
605577,传媒,720901,2021-07-30 00:00:00,swsresearch_xls+constituents
688001,机械设备,640107,2021-07-30 00:00:00,swsresearch_xls+constituents
688002,国防军工,650501,2021-07-30 00:00:00,swsresearch_xls+constituents
688003,机械设备,640704,2021-07-30 00:00:00,swsresearch_xls+constituents
000662,计算机,710401,2021-07-30 00:00:00,swsresearch_xls+constituents
688004,计算机,710301,2021-07-30 00:00:00,swsresearch_xls+constituents
000661,医药生物,370304,2021-07-30 00:00:00,swsresearch_xls+constituents
688005,电力设备,630702,2021-07-30 00:00:00,swsresearch_xls+constituents
000659,轻工制造,360204,2021-07-30 00:00:00,swsresearch_xls+constituents
688006,电力设备,630703,2021-07-30 00:00:00,swsresearch_xls+constituents
000655,钢铁,230301,2021-07-30 00:00:00,swsresearch_xls+constituents
000665,传媒,721001,2021-07-30 00:00:00,swsresearch_xls+constituents
605339,食品饮料,340802,2021-07-30 00:00:00,swsresearch_xls+constituents
605338,食品饮料,340406,2021-07-30 00:00:00,swsresearch_xls+constituents
605337,食品饮料,340701,2021-07-30 00:00:00,swsresearch_xls+constituents
605179,食品饮料,340702,2021-07-30 00:00:00,swsresearch_xls+constituents
605186,机械设备,640704,2021-07-30 00:00:00,swsresearch_xls+constituents
000677,基础化工,220403,2021-07-30 00:00:00,swsresearch_xls+constituents
605189,纺织服饰,350104,2021-07-30 00:00:00,swsresearch_xls+constituents
605196,电力设备,630805,2021-07-30 00:00:00,swsresearch_xls+constituents
000676,传媒,720501,2021-07-30 00:00:00,swsresearch_xls+constituents
000673,传媒,720601,2021-07-30 00:00:00,swsresearch_xls+constituents
605222,电力设备,630805,2021-07-30 00:00:00,swsresearch_xls+constituents
605228,汽车,280202,2021-07-30 00:00:00,swsresearch_xls+constituents
605255,汽车,280203,2021-07-30 00:00:00,swsresearch_xls+constituents
605259,机械设备,640209,2021-07-30 00:00:00,swsresearch_xls+constituents
605266,医药生物,370403,2021-07-30 00:00:00,swsresearch_xls+constituents
605268,轻工制造,360308,2021-07-30 00:00:00,swsresearch_xls+constituents
605277,电子,270504,2021-07-30 00:00:00,swsresearch_xls+constituents
605288,机械设备,640702,2021-07-30 00:00:00,swsresearch_xls+constituents
605289,建筑装饰,620404,2021-07-30 00:00:00,swsresearch_xls+constituents
605296,农林牧渔,110702,2021-07-30 00:00:00,swsresearch_xls+constituents
605299,轻工制造,360502,2021-07-30 00:00:00,swsresearch_xls+constituents
605300,食品饮料,340702,2021-07-30 00:00:00,swsresearch_xls+constituents
605303,建筑装饰,620307,2021-07-30 00:00:00,swsresearch_xls+constituents
605305,机械设备,640601,2021-07-30 00:00:00,swsresearch_xls+constituents
605319,汽车,280205,2021-07-30 00:00:00,swsresearch_xls+constituents
605333,汽车,280206,2021-07-30 00:00:00,swsresearch_xls+constituents
605336,家用电器,330401,2021-07-30 00:00:00,swsresearch_xls+constituents
688007,电子,270503,2021-07-30 00:00:00,swsresearch_xls+constituents
000584,机械设备,640701,2021-07-30 00:00:00,swsresearch_xls+constituents
688008,电子,270104,2021-07-30 00:00:00,swsresearch_xls+constituents
688037,电子,270108,2021-07-30 00:00:00,swsresearch_xls+constituents
688038,计算机,710401,2021-07-30 00:00:00,swsresearch_xls+constituents
000599,汽车,280204,2021-07-30 00:00:00,swsresearch_xls+constituents
688039,计算机,710301,2021-07-30 00:00:00,swsresearch_xls+constituents
000598,环保,760102,2021-07-30 00:00:00,swsresearch_xls+constituents
688050,医药生物,370503,2021-07-30 00:00:00,swsresearch_xls+constituents
000596,食品饮料,340501,2021-07-30 00:00:00,swsresearch_xls+constituents
688051,计算机,710301,2021-07-30 00:00:00,swsresearch_xls+constituents
688056,机械设备,640107,2021-07-30 00:00:00,swsresearch_xls+constituents
688057,环保,760102,2021-07-30 00:00:00,swsresearch_xls+constituents
000605,环保,760102,2021-07-30 00:00:00,swsresearch_xls+constituents
000591,公用事业,410106,2021-07-30 00:00:00,swsresearch_xls+constituents
688060,计算机,710103,2021-07-30 00:00:00,swsresearch_xls+constituents
688063,电力设备,630701,2021-07-30 00:00:00,swsresearch_xls+constituents
000589,汽车,280204,2021-07-30 00:00:00,swsresearch_xls+constituents
000587,纺织服饰,350301,2021-07-30 00:00:00,swsresearch_xls+constituents
688066,计算机,710301,2021-07-30 00:00:00,swsresearch_xls+constituents
688067,医药生物,370504,2021-07-30 00:00:00,swsresearch_xls+constituents
000586,通信,730205,2021-07-30 00:00:00,swsresearch_xls+constituents
688068,医药生物,370504,2021-07-30 00:00:00,swsresearch_xls+constituents
000585,电力设备,630801,2021-07-30 00:00:00,swsresearch_xls+constituents
688069,环保,760102,2021-07-30 00:00:00,swsresearch_xls+constituents
688059,机械设备,640108,2021-07-30 00:00:00,swsresearch_xls+constituents
688036,电子,270503,2021-07-30 00:00:00,swsresearch_xls+constituents
000606,计算机,710301,2021-07-30 00:00:00,swsresearch_xls+constituents
000607,传媒,720502,2021-07-30 00:00:00,swsresearch_xls+constituents
688011,国防军工,650501,2021-07-30 00:00:00,swsresearch_xls+constituents
000637,石油石化,750303,2021-07-30 00:00:00,swsresearch_xls+constituents
688012,电子,270108,2021-07-30 00:00:00,swsresearch_xls+constituents
688013,医药生物,370503,2021-07-30 00:00:00,swsresearch_xls+constituents
000629,钢铁,230302,2021-07-30 00:00:00,swsresearch_xls+constituents
688016,医药生物,370503,2021-07-30 00:00:00,swsresearch_xls+constituents
688017,机械设备,640701,2021-07-30 00:00:00,swsresearch_xls+constituents
000626,交通运输,420802,2021-07-30 00:00:00,swsresearch_xls+constituents
688018,电子,270104,2021-07-30 00:00:00,swsresearch_xls+constituents
000625,汽车,280502,2021-07-30 00:00:00,swsresearch_xls+constituents
688019,电子,270601,2021-07-30 00:00:00,swsresearch_xls+constituents
688020,电子,270202,2021-07-30 00:00:00,swsresearch_xls+constituents
000622,综合,510101,2021-07-30 00:00:00,swsresearch_xls+constituents
688021,汽车,280205,2021-07-30 00:00:00,swsresearch_xls+constituents
000617,非银金融,490302,2021-07-30 00:00:00,swsresearch_xls+constituents
688023,计算机,710402,2021-07-30 00:00:00,swsresearch_xls+constituents
000615,美容护理,770302,2021-07-30 00:00:00,swsresearch_xls+constituents
688025,机械设备,640703,2021-07-30 00:00:00,swsresearch_xls+constituents
000613,社会服务,460901,2021-07-30 00:00:00,swsresearch_xls+constituents
000611,煤炭,740101,2021-07-30 00:00:00,swsresearch_xls+constituents
688027,通信,730206,2021-07-30 00:00:00,swsresearch_xls+constituents
688029,医药生物,370503,2021-07-30 00:00:00,swsresearch_xls+constituents
000608,房地产,430102,2021-07-30 00:00:00,swsresearch_xls+constituents
688030,计算机,710402,2021-07-30 00:00:00,swsresearch_xls+constituents
688289,医药生物,370504,2021-07-30 00:00:00,swsresearch_xls+constituents
688296,计算机,710401,2021-07-30 00:00:00,swsresearch_xls+constituents
688298,医药生物,370504,2021-07-30 00:00:00,swsresearch_xls+constituents
688665,机械设备,640107,2021-07-30 00:00:00,swsresearch_xls+constituents
688667,汽车,280206,2021-07-30 00:00:00,swsresearch_xls+constituents
688668,通信,730204,2021-07-30 00:00:00,swsresearch_xls+constituents
688670,医药生物,370303,2021-07-30 00:00:00,swsresearch_xls+constituents
688676,电力设备,630801,2021-07-30 00:00:00,swsresearch_xls+constituents
688677,医药生物,370502,2021-07-30 00:00:00,swsresearch_xls+constituents
688678,电子,270504,2021-07-30 00:00:00,swsresearch_xls+constituents
688679,环保,760103,2021-07-30 00:00:00,swsresearch_xls+constituents
688680,电力设备,630504,2021-07-30 00:00:00,swsresearch_xls+constituents
688660,电力设备,630601,2021-07-30 00:00:00,swsresearch_xls+constituents
688681,电力设备,630803,2021-07-30 00:00:00,swsresearch_xls+constituents
688686,机械设备,640704,2021-07-30 00:00:00,swsresearch_xls+constituents
688687,医药生物,370304,2021-07-30 00:00:00,swsresearch_xls+constituents
688698,机械设备,640702,2021-07-30 00:00:00,swsresearch_xls+constituents
688699,电子,270105,2021-07-30 00:00:00,swsresearch_xls+constituents
688718,基础化工,220505,2021-07-30 00:00:00,swsresearch_xls+constituents
688768,机械设备,640107,2021-07-30 00:00:00,swsresearch_xls+constituents
688777,机械设备,640702,2021-07-30 00:00:00,swsresearch_xls+constituents
688788,国防军工,650501,2021-07-30 00:00:00,swsresearch_xls+constituents
688793,家用电器,330303,2021-07-30 00:00:00,swsresearch_xls+constituents
688798,电子,270105,2021-07-30 00:00:00,swsresearch_xls+constituents
688682,国防军工,650501,2021-07-30 00:00:00,swsresearch_xls+constituents
688656,医药生物,370504,2021-07-30 00:00:00,swsresearch_xls+constituents
688639,基础化工,220315,2021-07-30 00:00:00,swsresearch_xls+constituents
688636,国防军工,650501,2021-07-30 00:00:00,swsresearch_xls+constituents
000026,纺织服饰,350301,2021-07-30 00:00:00,swsresearch_xls+constituents
688588,计算机,710401,2021-07-30 00:00:00,swsresearch_xls+constituents
688589,电子,270104,2021-07-30 00:00:00,swsresearch_xls+constituents
688590,计算机,710401,2021-07-30 00:00:00,swsresearch_xls+constituents
688597,电力设备,630804,2021-07-30 00:00:00,swsresearch_xls+constituents
000023,建筑材料,610102,2021-07-30 00:00:00,swsresearch_xls+constituents
688599,电力设备,630502,2021-07-30 00:00:00,swsresearch_xls+constituents
000021,电子,270504,2021-07-30 00:00:00,swsresearch_xls+constituents
688601,电子,270105,2021-07-30 00:00:00,swsresearch_xls+constituents
688606,医药生物,370504,2021-07-30 00:00:00,swsresearch_xls+constituents
688607,医药生物,370502,2021-07-30 00:00:00,swsresearch_xls+constituents
688608,电子,270104,2021-07-30 00:00:00,swsresearch_xls+constituents
688611,电力设备,630803,2021-07-30 00:00:00,swsresearch_xls+constituents
688613,医药生物,370503,2021-07-30 00:00:00,swsresearch_xls+constituents
688616,电力设备,630804,2021-07-30 00:00:00,swsresearch_xls+constituents
688617,医药生物,370503,2021-07-30 00:00:00,swsresearch_xls+constituents
688618,通信,730204,2021-07-30 00:00:00,swsresearch_xls+constituents
688619,计算机,710102,2021-07-30 00:00:00,swsresearch_xls+constituents
688621,医药生物,370603,2021-07-30 00:00:00,swsresearch_xls+constituents
688626,医药生物,370502,2021-07-30 00:00:00,swsresearch_xls+constituents
688628,机械设备,640107,2021-07-30 00:00:00,swsresearch_xls+constituents
688800,电子,270401,2021-07-30 00:00:00,swsresearch_xls+constituents
000028,医药生物,370402,2021-07-30 00:00:00,swsresearch_xls+constituents
688819,电力设备,630705,2021-07-30 00:00:00,swsresearch_xls+constituents
688981,电子,270106,2021-07-30 00:00:00,swsresearch_xls+constituents
000005,环保,760104,2021-07-30 00:00:00,swsresearch_xls+constituents
000004,计算机,710402,2021-07-30 00:00:00,swsresearch_xls+constituents
920509,机械设备,640107,2021-07-30 00:00:00,swsresearch_xls+constituents
920523,电力设备,630701,2021-07-30 00:00:00,swsresearch_xls+constituents
920599,机械设备,640601,2021-07-30 00:00:00,swsresearch_xls+constituents
920640,通信,730205,2021-07-30 00:00:00,swsresearch_xls+constituents
920670,医药生物,370603,2021-07-30 00:00:00,swsresearch_xls+constituents
920675,基础化工,220901,2021-07-30 00:00:00,swsresearch_xls+constituents
920682,电力设备,630805,2021-07-30 00:00:00,swsresearch_xls+constituents
920445,轻工制造,360308,2021-07-30 00:00:00,swsresearch_xls+constituents
920726,食品饮料,340901,2021-07-30 00:00:00,swsresearch_xls+constituents
920768,家用电器,330601,2021-07-30 00:00:00,swsresearch_xls+constituents
920799,计算机,710401,2021-07-30 00:00:00,swsresearch_xls+constituents
920819,基础化工,220803,2021-07-30 00:00:00,swsresearch_xls+constituents
920826,食品饮料,340406,2021-07-30 00:00:00,swsresearch_xls+constituents
920832,基础化工,220901,2021-07-30 00:00:00,swsresearch_xls+constituents
920839,机械设备,640602,2021-07-30 00:00:00,swsresearch_xls+constituents
920885,机械设备,640702,2021-07-30 00:00:00,swsresearch_xls+constituents
000001,银行,480301,2021-07-30 00:00:00,swsresearch_xls+constituents
920964,农林牧渔,110901,2021-07-30 00:00:00,swsresearch_xls+constituents
920765,轻工制造,360308,2021-07-30 00:00:00,swsresearch_xls+constituents
000007,商贸零售,450304,2021-07-30 00:00:00,swsresearch_xls+constituents
920427,建筑装饰,620601,2021-07-30 00:00:00,swsresearch_xls+constituents
920418,汽车,280203,2021-07-30 00:00:00,swsresearch_xls+constituents
000019,农林牧渔,110502,2021-07-30 00:00:00,swsresearch_xls+constituents
833874,汽车,280203,2021-07-30 00:00:00,swsresearch_xls+constituents
920000,汽车,280203,2021-07-30 00:00:00,swsresearch_xls+constituents
000010,建筑装饰,620307,2021-07-30 00:00:00,swsresearch_xls+constituents
920021,传媒,721001,2021-07-30 00:00:00,swsresearch_xls+constituents
920030,汽车,280302,2021-07-30 00:00:00,swsresearch_xls+constituents
920047,医药生物,370304,2021-07-30 00:00:00,swsresearch_xls+constituents
920146,汽车,280203,2021-07-30 00:00:00,swsresearch_xls+constituents
920149,建筑装饰,620601,2021-07-30 00:00:00,swsresearch_xls+constituents
920163,轻工制造,360206,2021-07-30 00:00:00,swsresearch_xls+constituents
920167,电力设备,630504,2021-07-30 00:00:00,swsresearch_xls+constituents
920185,电力设备,630702,2021-07-30 00:00:00,swsresearch_xls+constituents
920198,计算机,710102,2021-07-30 00:00:00,swsresearch_xls+constituents
920212,电子,270504,2021-07-30 00:00:00,swsresearch_xls+constituents
920239,电力设备,630701,2021-07-30 00:00:00,swsresearch_xls+constituents
920242,汽车,280203,2021-07-30 00:00:00,swsresearch_xls+constituents
920263,环保,760101,2021-07-30 00:00:00,swsresearch_xls+constituents
000009,电力设备,630702,2021-07-30 00:00:00,swsresearch_xls+constituents
920278,医药生物,370502,2021-07-30 00:00:00,swsresearch_xls+constituents
920344,医药生物,370304,2021-07-30 00:00:00,swsresearch_xls+constituents
920368,电力设备,630505,2021-07-30 00:00:00,swsresearch_xls+constituents
920370,环保,760103,2021-07-30 00:00:00,swsresearch_xls+constituents
920396,机械设备,640704,2021-07-30 00:00:00,swsresearch_xls+constituents
920415,计算机,710401,2021-07-30 00:00:00,swsresearch_xls+constituents
000020,电子,270301,2021-07-30 00:00:00,swsresearch_xls+constituents
688585,基础化工,220504,2021-07-30 00:00:00,swsresearch_xls+constituents
688580,医药生物,370502,2021-07-30 00:00:00,swsresearch_xls+constituents
000030,汽车,280203,2021-07-30 00:00:00,swsresearch_xls+constituents
000157,机械设备,640601,2021-07-30 00:00:00,swsresearch_xls+constituents
688339,电力设备,630704,2021-07-30 00:00:00,swsresearch_xls+constituents
688345,电力设备,630701,2021-07-30 00:00:00,swsresearch_xls+constituents
688355,机械设备,640108,2021-07-30 00:00:00,swsresearch_xls+constituents
000156,传媒,721001,2021-07-30 00:00:00,swsresearch_xls+constituents
000155,公用事业,410107,2021-07-30 00:00:00,swsresearch_xls+constituents
688358,医药生物,370502,2021-07-30 00:00:00,swsresearch_xls+constituents
688359,电子,270601,2021-07-30 00:00:00,swsresearch_xls+constituents
000150,医药生物,370604,2021-07-30 00:00:00,swsresearch_xls+constituents
000099,交通运输,421001,2021-07-30 00:00:00,swsresearch_xls+constituents
688338,医药生物,370504,2021-07-30 00:00:00,swsresearch_xls+constituents
688363,美容护理,770301,2021-07-30 00:00:00,swsresearch_xls+constituents
688365,计算机,710301,2021-07-30 00:00:00,swsresearch_xls+constituents
000089,交通运输,421002,2021-07-30 00:00:00,swsresearch_xls+constituents
688366,医药生物,370503,2021-07-30 00:00:00,swsresearch_xls+constituents
688368,电子,270105,2021-07-30 00:00:00,swsresearch_xls+constituents
688369,计算机,710402,2021-07-30 00:00:00,swsresearch_xls+constituents
000078,医药生物,370402,2021-07-30 00:00:00,swsresearch_xls+constituents
688379,机械设备,640108,2021-07-30 00:00:00,swsresearch_xls+constituents
688385,电子,270104,2021-07-30 00:00:00,swsresearch_xls+constituents
688386,基础化工,220505,2021-07-30 00:00:00,swsresearch_xls+constituents
000070,通信,730205,2021-07-30 00:00:00,swsresearch_xls+constituents
000096,石油石化,750302,2021-07-30 00:00:00,swsresearch_xls+constituents
000158,计算机,710301,2021-07-30 00:00:00,swsresearch_xls+constituents
688336,医药生物,370304,2021-07-30 00:00:00,swsresearch_xls+constituents
688300,基础化工,220901,2021-07-30 00:00:00,swsresearch_xls+constituents
688301,医药生物,370502,2021-07-30 00:00:00,swsresearch_xls+constituents
688303,电力设备,630501,2021-07-30 00:00:00,swsresearch_xls+constituents
688308,机械设备,640108,2021-07-30 00:00:00,swsresearch_xls+constituents
688309,环保,760201,2021-07-30 00:00:00,swsresearch_xls+constituents
000404,家用电器,330601,2021-07-30 00:00:00,swsresearch_xls+constituents
688310,机械设备,640704,2021-07-30 00:00:00,swsresearch_xls+constituents
000403,医药生物,370302,2021-07-30 00:00:00,swsresearch_xls+constituents
688311,国防军工,650501,2021-07-30 00:00:00,swsresearch_xls+constituents
000402,房地产,430102,2021-07-30 00:00:00,swsresearch_xls+constituents
000400,电力设备,630803,2021-07-30 00:00:00,swsresearch_xls+constituents
688313,通信,730204,2021-07-30 00:00:00,swsresearch_xls+constituents
688314,医药生物,370503,2021-07-30 00:00:00,swsresearch_xls+constituents
688315,医药生物,370605,2021-07-30 00:00:00,swsresearch_xls+constituents
688316,计算机,710301,2021-07-30 00:00:00,swsresearch_xls+constituents
688317,医药生物,370504,2021-07-30 00:00:00,swsresearch_xls+constituents
000338,汽车,280203,2021-07-30 00:00:00,swsresearch_xls+constituents
688318,计算机,710401,2021-07-30 00:00:00,swsresearch_xls+constituents
688319,医药生物,370303,2021-07-30 00:00:00,swsresearch_xls+constituents
000301,石油石化,750301,2021-07-30 00:00:00,swsresearch_xls+constituents
688323,基础化工,220505,2021-07-30 00:00:00,swsresearch_xls+constituents
688329,机械设备,640704,2021-07-30 00:00:00,swsresearch_xls+constituents
688330,电力设备,630803,2021-07-30 00:00:00,swsresearch_xls+constituents
688335,环保,760102,2021-07-30 00:00:00,swsresearch_xls+constituents
000069,房地产,430102,2021-07-30 00:00:00,swsresearch_xls+constituents
688389,医药生物,370504,2021-07-30 00:00:00,swsresearch_xls+constituents
688390,电力设备,630503,2021-07-30 00:00:00,swsresearch_xls+constituents
688393,医药生物,370504,2021-07-30 00:00:00,swsresearch_xls+constituents
688520,医药生物,370304,2021-07-30 00:00:00,swsresearch_xls+constituents
000040,公用事业,410106,2021-07-30 00:00:00,swsresearch_xls+constituents
688521,电子,270104,2021-07-30 00:00:00,swsresearch_xls+constituents
000039,机械设备,640108,2021-07-30 00:00:00,swsresearch_xls+constituents
688528,机械设备,640107,2021-07-30 00:00:00,swsresearch_xls+constituents
688533,汽车,280206,2021-07-30 00:00:00,swsresearch_xls+constituents
688536,电子,270105,2021-07-30 00:00:00,swsresearch_xls+constituents
688550,电子,270601,2021-07-30 00:00:00,swsresearch_xls+constituents
688551,电力设备,630306,2021-07-30 00:00:00,swsresearch_xls+constituents
000038,综合,510101,2021-07-30 00:00:00,swsresearch_xls+constituents
688555,计算机,710401,2021-07-30 00:00:00,swsresearch_xls+constituents
688556,电力设备,630505,2021-07-30 00:00:00,swsresearch_xls+constituents
688559,机械设备,640703,2021-07-30 00:00:00,swsresearch_xls+constituents
688560,电力设备,630504,2021-07-30 00:00:00,swsresearch_xls+constituents
000035,环保,760103,2021-07-30 00:00:00,swsresearch_xls+constituents
688561,计算机,710402,2021-07-30 00:00:00,swsresearch_xls+constituents
688565,环保,760102,2021-07-30 00:00:00,swsresearch_xls+constituents
000034,计算机,710301,2021-07-30 00:00:00,swsresearch_xls+constituents
688567,电力设备,630701,2021-07-30 00:00:00,swsresearch_xls+constituents
688568,计算机,710301,2021-07-30 00:00:00,swsresearch_xls+constituents
688575,医药生物,370504,2021-07-30 00:00:00,swsresearch_xls+constituents
000031,房地产,430102,2021-07-30 00:00:00,swsresearch_xls+constituents
688579,计算机,710401,2021-07-30 00:00:00,swsresearch_xls+constituents
000046,房地产,430101,2021-07-30 00:00:00,swsresearch_xls+constituents
605168,传媒,720501,2021-07-30 00:00:00,swsresearch_xls+constituents
688518,机械设备,640703,2021-07-30 00:00:00,swsresearch_xls+constituents
688517,电力设备,630802,2021-07-30 00:00:00,swsresearch_xls+constituents
688395,机械设备,640702,2021-07-30 00:00:00,swsresearch_xls+constituents
000068,环保,760104,2021-07-30 00:00:00,swsresearch_xls+constituents
688396,电子,270106,2021-07-30 00:00:00,swsresearch_xls+constituents
000066,计算机,710103,2021-07-30 00:00:00,swsresearch_xls+constituents
000063,通信,730204,2021-07-30 00:00:00,swsresearch_xls+constituents
688399,医药生物,370504,2021-07-30 00:00:00,swsresearch_xls+constituents
688408,电力设备,630504,2021-07-30 00:00:00,swsresearch_xls+constituents
000061,商贸零售,450304,2021-07-30 00:00:00,swsresearch_xls+constituents
688418,通信,730207,2021-07-30 00:00:00,swsresearch_xls+constituents
688425,机械设备,640601,2021-07-30 00:00:00,swsresearch_xls+constituents
000059,石油石化,750301,2021-07-30 00:00:00,swsresearch_xls+constituents
688466,环保,760102,2021-07-30 00:00:00,swsresearch_xls+constituents
688468,医药生物,370504,2021-07-30 00:00:00,swsresearch_xls+constituents
000058,商贸零售,450304,2021-07-30 00:00:00,swsresearch_xls+constituents
688488,医药生物,370304,2021-07-30 00:00:00,swsresearch_xls+constituents
688499,电力设备,630703,2021-07-30 00:00:00,swsresearch_xls+constituents
000056,房地产,430301,2021-07-30 00:00:00,swsresearch_xls+constituents
688500,计算机,710301,2021-07-30 00:00:00,swsresearch_xls+constituents
688501,环保,760201,2021-07-30 00:00:00,swsresearch_xls+constituents
000055,建筑材料,610303,2021-07-30 00:00:00,swsresearch_xls+constituents
000049,电力设备,630701,2021-07-30 00:00:00,swsresearch_xls+constituents
688508,电子,270105,2021-07-30 00:00:00,swsresearch_xls+constituents
688509,计算机,710301,2021-07-30 00:00:00,swsresearch_xls+constituents
688511,国防军工,650501,2021-07-30 00:00:00,swsresearch_xls+constituents
688516,电力设备,630505,2021-07-30 00:00:00,swsresearch_xls+constituents
002063,计算机,710401,2021-07-30 00:00:00,swsresearch_xls+constituents
000678,汽车,280203,2021-07-30 00:00:00,swsresearch_xls+constituents
603657,家用电器,330601,2021-07-30 00:00:00,swsresearch_xls+constituents
603658,医药生物,370504,2021-07-30 00:00:00,swsresearch_xls+constituents
603659,电力设备,630702,2021-07-30 00:00:00,swsresearch_xls+constituents
603660,计算机,710103,2021-07-30 00:00:00,swsresearch_xls+constituents
603661,轻工制造,360307,2021-07-30 00:00:00,swsresearch_xls+constituents
603662,机械设备,640107,2021-07-30 00:00:00,swsresearch_xls+constituents
603663,基础化工,220203,2021-07-30 00:00:00,swsresearch_xls+constituents
603665,纺织服饰,350205,2021-07-30 00:00:00,swsresearch_xls+constituents
603666,机械设备,640701,2021-07-30 00:00:00,swsresearch_xls+constituents
603667,机械设备,640108,2021-07-30 00:00:00,swsresearch_xls+constituents
603668,农林牧渔,110403,2021-07-30 00:00:00,swsresearch_xls+constituents
603655,汽车,280205,2021-07-30 00:00:00,swsresearch_xls+constituents
603677,家用电器,330601,2021-07-30 00:00:00,swsresearch_xls+constituents
603681,基础化工,220317,2021-07-30 00:00:00,swsresearch_xls+constituents
603682,商贸零售,450304,2021-07-30 00:00:00,swsresearch_xls+constituents
603683,基础化工,220317,2021-07-30 00:00:00,swsresearch_xls+constituents
603687,轻工制造,360205,2021-07-30 00:00:00,swsresearch_xls+constituents
603688,基础化工,220901,2021-07-30 00:00:00,swsresearch_xls+constituents
603690,电子,270108,2021-07-30 00:00:00,swsresearch_xls+constituents
603693,公用事业,410107,2021-07-30 00:00:00,swsresearch_xls+constituents
603696,食品饮料,340901,2021-07-30 00:00:00,swsresearch_xls+constituents
603697,食品饮料,340801,2021-07-30 00:00:00,swsresearch_xls+constituents
603698,机械设备,640203,2021-07-30 00:00:00,swsresearch_xls+constituents
603678,国防军工,650501,2021-07-30 00:00:00,swsresearch_xls+constituents
603650,基础化工,220604,2021-07-30 00:00:00,swsresearch_xls+constituents
603648,交通运输,420803,2021-07-30 00:00:00,swsresearch_xls+constituents
603639,基础化工,220803,2021-07-30 00:00:00,swsresearch_xls+constituents
603598,传媒,720501,2021-07-30 00:00:00,swsresearch_xls+constituents
603599,基础化工,220803,2021-07-30 00:00:00,swsresearch_xls+constituents
603600,轻工制造,360307,2021-07-30 00:00:00,swsresearch_xls+constituents
603601,建筑材料,610202,2021-07-30 00:00:00,swsresearch_xls+constituents
603603,环保,760102,2021-07-30 00:00:00,swsresearch_xls+constituents
603605,美容护理,770202,2021-07-30 00:00:00,swsresearch_xls+constituents
603606,电力设备,630805,2021-07-30 00:00:00,swsresearch_xls+constituents
603607,轻工制造,360206,2021-07-30 00:00:00,swsresearch_xls+constituents
603609,农林牧渔,110402,2021-07-30 00:00:00,swsresearch_xls+constituents
603610,轻工制造,360307,2021-07-30 00:00:00,swsresearch_xls+constituents
603612,基础化工,220901,2021-07-30 00:00:00,swsresearch_xls+constituents
603613,商贸零售,450601,2021-07-30 00:00:00,swsresearch_xls+constituents
603615,轻工制造,360311,2021-07-30 00:00:00,swsresearch_xls+constituents
603616,建筑材料,610102,2021-07-30 00:00:00,swsresearch_xls+constituents
603618,电力设备,630805,2021-07-30 00:00:00,swsresearch_xls+constituents
603619,石油石化,750201,2021-07-30 00:00:00,swsresearch_xls+constituents
603626,电子,270504,2021-07-30 00:00:00,swsresearch_xls+constituents
603628,电力设备,630504,2021-07-30 00:00:00,swsresearch_xls+constituents
603629,电子,270504,2021-07-30 00:00:00,swsresearch_xls+constituents
603630,美容护理,770202,2021-07-30 00:00:00,swsresearch_xls+constituents
603633,电子,270504,2021-07-30 00:00:00,swsresearch_xls+constituents
603636,计算机,710301,2021-07-30 00:00:00,swsresearch_xls+constituents
603638,机械设备,640602,2021-07-30 00:00:00,swsresearch_xls+constituents
603699,机械设备,640108,2021-07-30 00:00:00,swsresearch_xls+constituents
603596,汽车,280203,2021-07-30 00:00:00,swsresearch_xls+constituents
603700,机械设备,640107,2021-07-30 00:00:00,swsresearch_xls+constituents
603703,电子,270302,2021-07-30 00:00:00,swsresearch_xls+constituents
000983,煤炭,740102,2021-07-30 00:00:00,swsresearch_xls+constituents
603737,建筑材料,610305,2021-07-30 00:00:00,swsresearch_xls+constituents
000980,汽车,280206,2021-07-30 00:00:00,swsresearch_xls+constituents
603755,食品饮料,340901,2021-07-30 00:00:00,swsresearch_xls+constituents
000978,社会服务,461003,2021-07-30 00:00:00,swsresearch_xls+constituents
000977,计算机,710103,2021-07-30 00:00:00,swsresearch_xls+constituents
002819,机械设备,640107,2021-07-30 00:00:00,swsresearch_xls+constituents
603759,环保,760102,2021-07-30 00:00:00,swsresearch_xls+constituents
000973,基础化工,220505,2021-07-30 00:00:00,swsresearch_xls+constituents
000971,通信,730104,2021-07-30 00:00:00,swsresearch_xls+constituents
603766,汽车,280402,2021-07-30 00:00:00,swsresearch_xls+constituents
603733,轻工制造,360103,2021-07-30 00:00:00,swsresearch_xls+constituents
000968,石油石化,750101,2021-07-30 00:00:00,swsresearch_xls+constituents
000967,环保,760201,2021-07-30 00:00:00,swsresearch_xls+constituents
603768,汽车,280205,2021-07-30 00:00:00,swsresearch_xls+constituents
000962,有色金属,240504,2021-07-30 00:00:00,swsresearch_xls+constituents
000959,钢铁,230402,2021-07-30 00:00:00,swsresearch_xls+constituents
603776,汽车,280402,2021-07-30 00:00:00,swsresearch_xls+constituents
603777,食品饮料,340801,2021-07-30 00:00:00,swsresearch_xls+constituents
603779,食品饮料,340602,2021-07-30 00:00:00,swsresearch_xls+constituents
603786,汽车,280206,2021-07-30 00:00:00,swsresearch_xls+constituents
000957,汽车,280602,2021-07-30 00:00:00,swsresearch_xls+constituents
603767,汽车,280203,2021-07-30 00:00:00,swsresearch_xls+constituents
000985,石油石化,750303,2021-07-30 00:00:00,swsresearch_xls+constituents
603730,汽车,280202,2021-07-30 00:00:00,swsresearch_xls+constituents
000987,非银金融,490302,2021-07-30 00:00:00,swsresearch_xls+constituents
001209,纺织服饰,350209,2021-07-30 00:00:00,swsresearch_xls+constituents
603707,医药生物,370102,2021-07-30 00:00:00,swsresearch_xls+constituents
001208,电力设备,630805,2021-07-30 00:00:00,swsresearch_xls+constituents
603709,轻工制造,360307,2021-07-30 00:00:00,swsresearch_xls+constituents
603711,食品饮料,340701,2021-07-30 00:00:00,swsresearch_xls+constituents
001206,美容护理,770101,2021-07-30 00:00:00,swsresearch_xls+constituents
603712,国防军工,650501,2021-07-30 00:00:00,swsresearch_xls+constituents
001205,交通运输,421101,2021-07-30 00:00:00,swsresearch_xls+constituents
603713,交通运输,420806,2021-07-30 00:00:00,swsresearch_xls+constituents
603716,医药生物,370402,2021-07-30 00:00:00,swsresearch_xls+constituents
001203,钢铁,230301,2021-07-30 00:00:00,swsresearch_xls+constituents
001202,交通运输,420802,2021-07-30 00:00:00,swsresearch_xls+constituents
603719,食品饮料,340801,2021-07-30 00:00:00,swsresearch_xls+constituents
603721,传媒,720601,2021-07-30 00:00:00,swsresearch_xls+constituents
001201,农林牧渔,110702,2021-07-30 00:00:00,swsresearch_xls+constituents
000997,计算机,710103,2021-07-30 00:00:00,swsresearch_xls+constituents
000996,汽车,280302,2021-07-30 00:00:00,swsresearch_xls+constituents
603726,家用电器,330601,2021-07-30 00:00:00,swsresearch_xls+constituents
000995,食品饮料,340501,2021-07-30 00:00:00,swsresearch_xls+constituents
603727,石油石化,750202,2021-07-30 00:00:00,swsresearch_xls+constituents
000990,基础化工,220205,2021-07-30 00:00:00,swsresearch_xls+constituents
000988,机械设备,640703,2021-07-30 00:00:00,swsresearch_xls+constituents
603729,传媒,720501,2021-07-30 00:00:00,swsresearch_xls+constituents
603701,汽车,280203,2021-07-30 00:00:00,swsresearch_xls+constituents
603787,汽车,280402,2021-07-30 00:00:00,swsresearch_xls+constituents
603595,电子,270504,2021-07-30 00:00:00,swsresearch_xls+constituents
603589,食品饮料,340501,2021-07-30 00:00:00,swsresearch_xls+constituents
603383,计算机,710401,2021-07-30 00:00:00,swsresearch_xls+constituents
603385,轻工制造,360309,2021-07-30 00:00:00,swsresearch_xls+constituents
002036,电子,270303,2021-07-30 00:00:00,swsresearch_xls+constituents
603387,医药生物,370504,2021-07-30 00:00:00,swsresearch_xls+constituents
002035,家用电器,330401,2021-07-30 00:00:00,swsresearch_xls+constituents
603388,建筑装饰,620307,2021-07-30 00:00:00,swsresearch_xls+constituents
002034,环保,760103,2021-07-30 00:00:00,swsresearch_xls+constituents
603389,轻工制造,360307,2021-07-30 00:00:00,swsresearch_xls+constituents
002033,社会服务,461003,2021-07-30 00:00:00,swsresearch_xls+constituents
603390,汽车,280206,2021-07-30 00:00:00,swsresearch_xls+constituents
002040,交通运输,421102,2021-07-30 00:00:00,swsresearch_xls+constituents
002032,家用电器,330301,2021-07-30 00:00:00,swsresearch_xls+constituents
002030,医药生物,370504,2021-07-30 00:00:00,swsresearch_xls+constituents
002029,纺织服饰,350209,2021-07-30 00:00:00,swsresearch_xls+constituents
603396,电力设备,630505,2021-07-30 00:00:00,swsresearch_xls+constituents
002028,电力设备,630801,2021-07-30 00:00:00,swsresearch_xls+constituents
002027,传媒,720502,2021-07-30 00:00:00,swsresearch_xls+constituents
002026,机械设备,640108,2021-07-30 00:00:00,swsresearch_xls+constituents
002025,国防军工,650501,2021-07-30 00:00:00,swsresearch_xls+constituents
603408,轻工制造,360309,2021-07-30 00:00:00,swsresearch_xls+constituents
002024,商贸零售,450601,2021-07-30 00:00:00,swsresearch_xls+constituents
603380,电子,270504,2021-07-30 00:00:00,swsresearch_xls+constituents
002044,医药生物,370604,2021-07-30 00:00:00,swsresearch_xls+constituents
002045,电子,270503,2021-07-30 00:00:00,swsresearch_xls+constituents
002062,建筑装饰,620306,2021-07-30 00:00:00,swsresearch_xls+constituents
002061,建筑装饰,620306,2021-07-30 00:00:00,swsresearch_xls+constituents
603345,食品饮料,340406,2021-07-30 00:00:00,swsresearch_xls+constituents
603348,汽车,280205,2021-07-30 00:00:00,swsresearch_xls+constituents
603353,石油石化,750302,2021-07-30 00:00:00,swsresearch_xls+constituents
002059,社会服务,461002,2021-07-30 00:00:00,swsresearch_xls+constituents
603355,家用电器,330302,2021-07-30 00:00:00,swsresearch_xls+constituents
603357,建筑装饰,620601,2021-07-30 00:00:00,swsresearch_xls+constituents
603358,汽车,280205,2021-07-30 00:00:00,swsresearch_xls+constituents
603359,建筑装饰,620307,2021-07-30 00:00:00,swsresearch_xls+constituents
603360,基础化工,220803,2021-07-30 00:00:00,swsresearch_xls+constituents
002055,电子,270504,2021-07-30 00:00:00,swsresearch_xls+constituents
603363,农林牧渔,110402,2021-07-30 00:00:00,swsresearch_xls+constituents
603366,家用电器,330402,2021-07-30 00:00:00,swsresearch_xls+constituents
002050,家用电器,330601,2021-07-30 00:00:00,swsresearch_xls+constituents
603367,医药生物,370102,2021-07-30 00:00:00,swsresearch_xls+constituents
002049,电子,270104,2021-07-30 00:00:00,swsresearch_xls+constituents
603368,医药生物,370402,2021-07-30 00:00:00,swsresearch_xls+constituents
002048,汽车,280202,2021-07-30 00:00:00,swsresearch_xls+constituents
603369,食品饮料,340501,2021-07-30 00:00:00,swsresearch_xls+constituents
603377,社会服务,461102,2021-07-30 00:00:00,swsresearch_xls+constituents
603378,建筑材料,610305,2021-07-30 00:00:00,swsresearch_xls+constituents
603416,机械设备,640701,2021-07-30 00:00:00,swsresearch_xls+constituents
603590,医药生物,370304,2021-07-30 00:00:00,swsresearch_xls+constituents
002022,医药生物,370504,2021-07-30 00:00:00,swsresearch_xls+constituents
002019,医药生物,370102,2021-07-30 00:00:00,swsresearch_xls+constituents
603517,食品饮料,340803,2021-07-30 00:00:00,swsresearch_xls+constituents
603518,纺织服饰,350209,2021-07-30 00:00:00,swsresearch_xls+constituents
603519,家用电器,330601,2021-07-30 00:00:00,swsresearch_xls+constituents
603528,计算机,710401,2021-07-30 00:00:00,swsresearch_xls+constituents
603530,电力设备,630805,2021-07-30 00:00:00,swsresearch_xls+constituents
603533,传媒,720705,2021-07-30 00:00:00,swsresearch_xls+constituents
603535,交通运输,420805,2021-07-30 00:00:00,swsresearch_xls+constituents
603536,食品饮料,340406,2021-07-30 00:00:00,swsresearch_xls+constituents
603551,家用电器,330402,2021-07-30 00:00:00,swsresearch_xls+constituents
603555,纺织服饰,350208,2021-07-30 00:00:00,swsresearch_xls+constituents
603556,电力设备,630804,2021-07-30 00:00:00,swsresearch_xls+constituents
603516,计算机,710103,2021-07-30 00:00:00,swsresearch_xls+constituents
603558,纺织服饰,350102,2021-07-30 00:00:00,swsresearch_xls+constituents
603565,交通运输,421101,2021-07-30 00:00:00,swsresearch_xls+constituents
603568,环保,760103,2021-07-30 00:00:00,swsresearch_xls+constituents
603569,交通运输,420807,2021-07-30 00:00:00,swsresearch_xls+constituents
603577,电力设备,630805,2021-07-30 00:00:00,swsresearch_xls+constituents
603578,家用电器,330601,2021-07-30 00:00:00,swsresearch_xls+constituents
603579,家用电器,330701,2021-07-30 00:00:00,swsresearch_xls+constituents
603583,机械设备,640702,2021-07-30 00:00:00,swsresearch_xls+constituents
603585,基础化工,220803,2021-07-30 00:00:00,swsresearch_xls+constituents
603586,汽车,280203,2021-07-30 00:00:00,swsresearch_xls+constituents
603587,纺织服饰,350209,2021-07-30 00:00:00,swsresearch_xls+constituents
603588,环保,760103,2021-07-30 00:00:00,swsresearch_xls+constituents
603559,通信,730103,2021-07-30 00:00:00,swsresearch_xls+constituents
603515,家用电器,330501,2021-07-30 00:00:00,swsresearch_xls+constituents
603508,计算机,710102,2021-07-30 00:00:00,swsresearch_xls+constituents
002017,通信,730206,2021-07-30 00:00:00,swsresearch_xls+constituents
603429,轻工制造,360205,2021-07-30 00:00:00,swsresearch_xls+constituents
002014,轻工制造,360204,2021-07-30 00:00:00,swsresearch_xls+constituents
002012,轻工制造,360103,2021-07-30 00:00:00,swsresearch_xls+constituents
603444,传媒,720401,2021-07-30 00:00:00,swsresearch_xls+constituents
002011,家用电器,330601,2021-07-30 00:00:00,swsresearch_xls+constituents
002010,交通运输,420807,2021-07-30 00:00:00,swsresearch_xls+constituents
603458,建筑装饰,620601,2021-07-30 00:00:00,swsresearch_xls+constituents
002008,机械设备,640703,2021-07-30 00:00:00,swsresearch_xls+constituents
002005,家用电器,330301,2021-07-30 00:00:00,swsresearch_xls+constituents
002004,医药生物,370102,2021-07-30 00:00:00,swsresearch_xls+constituents
603486,家用电器,330302,2021-07-30 00:00:00,swsresearch_xls+constituents
001979,房地产,430102,2021-07-30 00:00:00,swsresearch_xls+constituents
001965,交通运输,420901,2021-07-30 00:00:00,swsresearch_xls+constituents
603496,计算机,710103,2021-07-30 00:00:00,swsresearch_xls+constituents
001914,房地产,430301,2021-07-30 00:00:00,swsresearch_xls+constituents
603499,轻工制造,360205,2021-07-30 00:00:00,swsresearch_xls+constituents
001872,交通运输,421102,2021-07-30 00:00:00,swsresearch_xls+constituents
001696,机械设备,640106,2021-07-30 00:00:00,swsresearch_xls+constituents
603501,电子,270104,2021-07-30 00:00:00,swsresearch_xls+constituents
603505,基础化工,220311,2021-07-30 00:00:00,swsresearch_xls+constituents
603506,房地产,430301,2021-07-30 00:00:00,swsresearch_xls+constituents
603507,电力设备,630602,2021-07-30 00:00:00,swsresearch_xls+constituents
603421,通信,730204,2021-07-30 00:00:00,swsresearch_xls+constituents
603788,汽车,280203,2021-07-30 00:00:00,swsresearch_xls+constituents
000951,汽车,280601,2021-07-30 00:00:00,swsresearch_xls+constituents
000755,交通运输,420901,2021-07-30 00:00:00,swsresearch_xls+constituents
000753,综合,510101,2021-07-30 00:00:00,swsresearch_xls+constituents
000752,食品饮料,340601,2021-07-30 00:00:00,swsresearch_xls+constituents
000735,农林牧渔,110702,2021-07-30 00:00:00,swsresearch_xls+constituents
603966,机械设备,640203,2021-07-30 00:00:00,swsresearch_xls+constituents
000733,国防军工,650501,2021-07-30 00:00:00,swsresearch_xls+constituents
603967,交通运输,420805,2021-07-30 00:00:00,swsresearch_xls+constituents
000731,基础化工,220801,2021-07-30 00:00:00,swsresearch_xls+constituents
603968,基础化工,220315,2021-07-30 00:00:00,swsresearch_xls+constituents
000757,汽车,280303,2021-07-30 00:00:00,swsresearch_xls+constituents
000729,食品饮料,340601,2021-07-30 00:00:00,swsresearch_xls+constituents
000723,煤炭,740201,2021-07-30 00:00:00,swsresearch_xls+constituents
603970,基础化工,220803,2021-07-30 00:00:00,swsresearch_xls+constituents
000721,社会服务,460902,2021-07-30 00:00:00,swsresearch_xls+constituents
603976,医药生物,370503,2021-07-30 00:00:00,swsresearch_xls+constituents
000719,传媒,720902,2021-07-30 00:00:00,swsresearch_xls+constituents
000717,钢铁,230401,2021-07-30 00:00:00,swsresearch_xls+constituents
603982,汽车,280203,2021-07-30 00:00:00,swsresearch_xls+constituents
603983,美容护理,770202,2021-07-30 00:00:00,swsresearch_xls+constituents
603969,机械设备,640108,2021-07-30 00:00:00,swsresearch_xls+constituents
603955,建筑装饰,620307,2021-07-30 00:00:00,swsresearch_xls+constituents
000760,汽车,280203,2021-07-30 00:00:00,swsresearch_xls+constituents
603950,汽车,280203,2021-07-30 00:00:00,swsresearch_xls+constituents
000802,传媒,720601,2021-07-30 00:00:00,swsresearch_xls+constituents
603922,汽车,280205,2021-07-30 00:00:00,swsresearch_xls+constituents
000800,汽车,280601,2021-07-30 00:00:00,swsresearch_xls+constituents
603926,汽车,280203,2021-07-30 00:00:00,swsresearch_xls+constituents
000799,食品饮料,340501,2021-07-30 00:00:00,swsresearch_xls+constituents
603927,计算机,710401,2021-07-30 00:00:00,swsresearch_xls+constituents
000796,社会服务,461004,2021-07-30 00:00:00,swsresearch_xls+constituents
603928,基础化工,220504,2021-07-30 00:00:00,swsresearch_xls+constituents
000793,传媒,720902,2021-07-30 00:00:00,swsresearch_xls+constituents
603931,电子,270601,2021-07-30 00:00:00,swsresearch_xls+constituents
000792,基础化工,220804,2021-07-30 00:00:00,swsresearch_xls+constituents
603933,电子,270401,2021-07-30 00:00:00,swsresearch_xls+constituents
000785,商贸零售,450304,2021-07-30 00:00:00,swsresearch_xls+constituents
000782,基础化工,220406,2021-07-30 00:00:00,swsresearch_xls+constituents
603937,有色金属,240301,2021-07-30 00:00:00,swsresearch_xls+constituents
000780,煤炭,740101,2021-07-30 00:00:00,swsresearch_xls+constituents
000779,建筑装饰,620601,2021-07-30 00:00:00,swsresearch_xls+constituents
000778,钢铁,230403,2021-07-30 00:00:00,swsresearch_xls+constituents
603939,医药生物,370403,2021-07-30 00:00:00,swsresearch_xls+constituents
000777,机械设备,640108,2021-07-30 00:00:00,swsresearch_xls+constituents
000762,有色金属,240603,2021-07-30 00:00:00,swsresearch_xls+constituents
603949,汽车,280203,2021-07-30 00:00:00,swsresearch_xls+constituents
000761,钢铁,230402,2021-07-30 00:00:00,swsresearch_xls+constituents
603919,食品饮料,340501,2021-07-30 00:00:00,swsresearch_xls+constituents
605068,汽车,280202,2021-07-30 00:00:00,swsresearch_xls+constituents
605077,基础化工,220315,2021-07-30 00:00:00,swsresearch_xls+constituents
605080,轻工制造,360502,2021-07-30 00:00:00,swsresearch_xls+constituents
605081,环保,760102,2021-07-30 00:00:00,swsresearch_xls+constituents
605086,基础化工,220901,2021-07-30 00:00:00,swsresearch_xls+constituents
000685,环保,760102,2021-07-30 00:00:00,swsresearch_xls+constituents
605088,汽车,280203,2021-07-30 00:00:00,swsresearch_xls+constituents
605089,食品饮料,340406,2021-07-30 00:00:00,swsresearch_xls+constituents
605098,社会服务,461102,2021-07-30 00:00:00,swsresearch_xls+constituents
605099,轻工制造,360311,2021-07-30 00:00:00,swsresearch_xls+constituents
000682,电力设备,630803,2021-07-30 00:00:00,swsresearch_xls+constituents
605066,电力设备,630802,2021-07-30 00:00:00,swsresearch_xls+constituents
605100,机械设备,640108,2021-07-30 00:00:00,swsresearch_xls+constituents
605108,社会服务,460902,2021-07-30 00:00:00,swsresearch_xls+constituents
000680,机械设备,640601,2021-07-30 00:00:00,swsresearch_xls+constituents
605118,计算机,710102,2021-07-30 00:00:00,swsresearch_xls+constituents
605122,建筑材料,610102,2021-07-30 00:00:00,swsresearch_xls+constituents
605128,汽车,280202,2021-07-30 00:00:00,swsresearch_xls+constituents
605133,汽车,280203,2021-07-30 00:00:00,swsresearch_xls+constituents
605136,商贸零售,450603,2021-07-30 00:00:00,swsresearch_xls+constituents
605155,轻工制造,360311,2021-07-30 00:00:00,swsresearch_xls+constituents
000681,传媒,720703,2021-07-30 00:00:00,swsresearch_xls+constituents
605060,机械设备,640106,2021-07-30 00:00:00,swsresearch_xls+constituents
605056,机械设备,640107,2021-07-30 00:00:00,swsresearch_xls+constituents
605055,纺织服饰,350104,2021-07-30 00:00:00,swsresearch_xls+constituents
603987,医药生物,370503,2021-07-30 00:00:00,swsresearch_xls+constituents
000709,钢铁,230402,2021-07-30 00:00:00,swsresearch_xls+constituents
000708,钢铁,230501,2021-07-30 00:00:00,swsresearch_xls+constituents
000705,医药生物,370402,2021-07-30 00:00:00,swsresearch_xls+constituents
603990,计算机,710401,2021-07-30 00:00:00,swsresearch_xls+constituents
000703,石油石化,750301,2021-07-30 00:00:00,swsresearch_xls+constituents
000702,农林牧渔,110402,2021-07-30 00:00:00,swsresearch_xls+constituents
603992,轻工制造,360309,2021-07-30 00:00:00,swsresearch_xls+constituents
603995,钢铁,230501,2021-07-30 00:00:00,swsresearch_xls+constituents
000700,汽车,280202,2021-07-30 00:00:00,swsresearch_xls+constituents
603996,电子,270503,2021-07-30 00:00:00,swsresearch_xls+constituents
000698,石油石化,750301,2021-07-30 00:00:00,swsresearch_xls+constituents
603997,汽车,280202,2021-07-30 00:00:00,swsresearch_xls+constituents
603999,传媒,720902,2021-07-30 00:00:00,swsresearch_xls+constituents
000690,公用事业,410101,2021-07-30 00:00:00,swsresearch_xls+constituents
605005,汽车,280206,2021-07-30 00:00:00,swsresearch_xls+constituents
605006,建筑材料,610202,2021-07-30 00:00:00,swsresearch_xls+constituents
605007,轻工制造,360103,2021-07-30 00:00:00,swsresearch_xls+constituents
605009,美容护理,770101,2021-07-30 00:00:00,swsresearch_xls+constituents
605016,基础化工,220315,2021-07-30 00:00:00,swsresearch_xls+constituents
605018,汽车,280205,2021-07-30 00:00:00,swsresearch_xls+constituents
605050,交通运输,420802,2021-07-30 00:00:00,swsresearch_xls+constituents
603986,电子,270104,2021-07-30 00:00:00,swsresearch_xls+constituents
603918,计算机,710301,2021-07-30 00:00:00,swsresearch_xls+constituents
000806,电力设备,630801,2021-07-30 00:00:00,swsresearch_xls+constituents
603917,汽车,280205,2021-07-30 00:00:00,swsresearch_xls+constituents
000906,交通运输,420802,2021-07-30 00:00:00,swsresearch_xls+constituents
603825,传媒,720501,2021-07-30 00:00:00,swsresearch_xls+constituents
000905,交通运输,421102,2021-07-30 00:00:00,swsresearch_xls+constituents
603826,基础化工,220901,2021-07-30 00:00:00,swsresearch_xls+constituents
000903,汽车,280203,2021-07-30 00:00:00,swsresearch_xls+constituents
000902,基础化工,220805,2021-07-30 00:00:00,swsresearch_xls+constituents
603829,电力设备,630802,2021-07-30 00:00:00,swsresearch_xls+constituents
603833,轻工制造,360308,2021-07-30 00:00:00,swsresearch_xls+constituents
603836,交通运输,420805,2021-07-30 00:00:00,swsresearch_xls+constituents
603838,轻工制造,360311,2021-07-30 00:00:00,swsresearch_xls+constituents
000910,轻工制造,360306,2021-07-30 00:00:00,swsresearch_xls+constituents
000900,交通运输,420901,2021-07-30 00:00:00,swsresearch_xls+constituents
000898,钢铁,230402,2021-07-30 00:00:00,swsresearch_xls+constituents
603843,建筑装饰,620306,2021-07-30 00:00:00,swsresearch_xls+constituents
000893,基础化工,220804,2021-07-30 00:00:00,swsresearch_xls+constituents
603848,轻工制造,360307,2021-07-30 00:00:00,swsresearch_xls+constituents
000892,传媒,720601,2021-07-30 00:00:00,swsresearch_xls+constituents
000889,通信,730103,2021-07-30 00:00:00,swsresearch_xls+constituents
000888,社会服务,461003,2021-07-30 00:00:00,swsresearch_xls+constituents
603860,建筑装饰,620601,2021-07-30 00:00:00,swsresearch_xls+constituents
000887,汽车,280205,2021-07-30 00:00:00,swsresearch_xls+constituents
603839,纺织服饰,350209,2021-07-30 00:00:00,swsresearch_xls+constituents
000912,基础化工,220801,2021-07-30 00:00:00,swsresearch_xls+constituents
603818,轻工制造,360307,2021-07-30 00:00:00,swsresearch_xls+constituents
000913,汽车,280402,2021-07-30 00:00:00,swsresearch_xls+constituents
000950,医药生物,370402,2021-07-30 00:00:00,swsresearch_xls+constituents
603797,环保,760102,2021-07-30 00:00:00,swsresearch_xls+constituents
603798,石油石化,750303,2021-07-30 00:00:00,swsresearch_xls+constituents
000948,计算机,710401,2021-07-30 00:00:00,swsresearch_xls+constituents
603799,有色金属,240601,2021-07-30 00:00:00,swsresearch_xls+constituents
000938,计算机,710301,2021-07-30 00:00:00,swsresearch_xls+constituents
000937,煤炭,740102,2021-07-30 00:00:00,swsresearch_xls+constituents
603801,轻工制造,360308,2021-07-30 00:00:00,swsresearch_xls+constituents
603803,通信,730206,2021-07-30 00:00:00,swsresearch_xls+constituents
000932,钢铁,230402,2021-07-30 00:00:00,swsresearch_xls+constituents
603806,电力设备,630504,2021-07-30 00:00:00,swsresearch_xls+constituents
000929,食品饮料,340601,2021-07-30 00:00:00,swsresearch_xls+constituents
603808,纺织服饰,350209,2021-07-30 00:00:00,swsresearch_xls+constituents
603809,汽车,280203,2021-07-30 00:00:00,swsresearch_xls+constituents
603810,基础化工,220803,2021-07-30 00:00:00,swsresearch_xls+constituents
000923,钢铁,230301,2021-07-30 00:00:00,swsresearch_xls+constituents
000921,家用电器,330102,2021-07-30 00:00:00,swsresearch_xls+constituents
603813,交通运输,420807,2021-07-30 00:00:00,swsresearch_xls+constituents
603815,建筑装饰,620306,2021-07-30 00:00:00,swsresearch_xls+constituents
603816,轻工制造,360307,2021-07-30 00:00:00,swsresearch_xls+constituents
000917,传媒,721001,2021-07-30 00:00:00,swsresearch_xls+constituents
603817,环保,760102,2021-07-30 00:00:00,swsresearch_xls+constituents
603861,电力设备,630802,2021-07-30 00:00:00,swsresearch_xls+constituents
603863,轻工制造,360102,2021-07-30 00:00:00,swsresearch_xls+constituents
603866,食品饮料,340802,2021-07-30 00:00:00,swsresearch_xls+constituents
000848,食品饮料,340701,2021-07-30 00:00:00,swsresearch_xls+constituents
603890,电子,270504,2021-07-30 00:00:00,swsresearch_xls+constituents
603893,电子,270104,2021-07-30 00:00:00,swsresearch_xls+constituents
000836,通信,730205,2021-07-30 00:00:00,swsresearch_xls+constituents
000835,传媒,720401,2021-07-30 00:00:00,swsresearch_xls+constituents
000833,综合,510101,2021-07-30 00:00:00,swsresearch_xls+constituents
603897,电力设备,630805,2021-07-30 00:00:00,swsresearch_xls+constituents
000830,基础化工,220205,2021-07-30 00:00:00,swsresearch_xls+constituents
603898,轻工制造,360308,2021-07-30 00:00:00,swsresearch_xls+constituents
000828,交通运输,420901,2021-07-30 00:00:00,swsresearch_xls+constituents
000826,环保,760104,2021-07-30 00:00:00,swsresearch_xls+constituents
603899,轻工制造,360501,2021-07-30 00:00:00,swsresearch_xls+constituents
000825,钢铁,230501,2021-07-30 00:00:00,swsresearch_xls+constituents
603900,纺织服饰,350301,2021-07-30 00:00:00,swsresearch_xls+constituents
603903,环保,760102,2021-07-30 00:00:00,swsresearch_xls+constituents
000819,石油石化,750303,2021-07-30 00:00:00,swsresearch_xls+constituents
603908,纺织服饰,350205,2021-07-30 00:00:00,swsresearch_xls+constituents
000816,汽车,280203,2021-07-30 00:00:00,swsresearch_xls+constituents
603909,建筑装饰,620601,2021-07-30 00:00:00,swsresearch_xls+constituents
603912,机械设备,640105,2021-07-30 00:00:00,swsresearch_xls+constituents
603915,机械设备,640108,2021-07-30 00:00:00,swsresearch_xls+constituents
000812,轻工制造,360205,2021-07-30 00:00:00,swsresearch_xls+constituents
603889,纺织服饰,350106,2021-07-30 00:00:00,swsresearch_xls+constituents
605166,基础化工,220406,2021-07-30 00:00:00,swsresearch_xls+constituents
000851,通信,730204,2021-07-30 00:00:00,swsresearch_xls+constituents
000858,食品饮料,340501,2021-07-30 00:00:00,swsresearch_xls+constituents
603868,家用电器,330303,2021-07-30 00:00:00,swsresearch_xls+constituents
000883,公用事业,410110,2021-07-30 00:00:00,swsresearch_xls+constituents
603869,计算机,710301,2021-07-30 00:00:00,swsresearch_xls+constituents
603871,交通运输,420805,2021-07-30 00:00:00,swsresearch_xls+constituents
603877,纺织服饰,350209,2021-07-30 00:00:00,swsresearch_xls+constituents
603878,钢铁,230403,2021-07-30 00:00:00,swsresearch_xls+constituents
603879,基础化工,220504,2021-07-30 00:00:00,swsresearch_xls+constituents
603880,医药生物,370503,2021-07-30 00:00:00,swsresearch_xls+constituents
000875,公用事业,410110,2021-07-30 00:00:00,swsresearch_xls+constituents
000869,食品饮料,340602,2021-07-30 00:00:00,swsresearch_xls+constituents
000868,汽车,280602,2021-07-30 00:00:00,swsresearch_xls+constituents
603882,医药生物,370602,2021-07-30 00:00:00,swsresearch_xls+constituents
000862,公用事业,410107,2021-07-30 00:00:00,swsresearch_xls+constituents
603883,医药生物,370403,2021-07-30 00:00:00,swsresearch_xls+constituents
000861,商贸零售,450304,2021-07-30 00:00:00,swsresearch_xls+constituents
603885,交通运输,421001,2021-07-30 00:00:00,swsresearch_xls+constituents
000860,食品饮料,340501,2021-07-30 00:00:00,swsresearch_xls+constituents
603886,食品饮料,340802,2021-07-30 00:00:00,swsresearch_xls+constituents
000859,基础化工,220505,2021-07-30 00:00:00,swsresearch_xls+constituents
603887,计算机,710301,2021-07-30 00:00:00,swsresearch_xls+constituents
603888,传媒,720704,2021-07-30 00:00:00,swsresearch_xls+constituents
002820,食品饮料,340802,2021-07-30 00:00:00,swsresearch_xls+constituents
002460,有色金属,240603,2021-07-30 00:00:00,swsresearch_xls+constituents
002826,医药生物,370102,2021-07-30 00:00:00,swsresearch_xls+constituents
300593,电力设备,630306,2021-07-30 00:00:00,swsresearch_xls+constituents
600609,汽车,280202,2021-07-30 00:00:00,swsresearch_xls+constituents
600207,电力设备,630504,2021-07-30 00:00:00,swsresearch_xls+constituents
300590,通信,730206,2021-07-30 00:00:00,swsresearch_xls+constituents
300588,计算机,710102,2021-07-30 00:00:00,swsresearch_xls+constituents
600206,电子,270103,2021-07-30 00:00:00,swsresearch_xls+constituents
600610,基础化工,220204,2021-07-30 00:00:00,swsresearch_xls+constituents
300586,基础化工,220503,2021-07-30 00:00:00,swsresearch_xls+constituents
600611,交通运输,420902,2021-07-30 00:00:00,swsresearch_xls+constituents
300585,汽车,280203,2021-07-30 00:00:00,swsresearch_xls+constituents
300580,汽车,280203,2021-07-30 00:00:00,swsresearch_xls+constituents
300579,计算机,710401,2021-07-30 00:00:00,swsresearch_xls+constituents
600612,纺织服饰,350301,2021-07-30 00:00:00,swsresearch_xls+constituents
300578,通信,730104,2021-07-30 00:00:00,swsresearch_xls+constituents
300577,纺织服饰,350205,2021-07-30 00:00:00,swsresearch_xls+constituents
300576,电子,270601,2021-07-30 00:00:00,swsresearch_xls+constituents
600203,电子,270504,2021-07-30 00:00:00,swsresearch_xls+constituents
300575,基础化工,220803,2021-07-30 00:00:00,swsresearch_xls+constituents
300595,医药生物,370503,2021-07-30 00:00:00,swsresearch_xls+constituents
300597,通信,730103,2021-07-30 00:00:00,swsresearch_xls+constituents
300598,计算机,710401,2021-07-30 00:00:00,swsresearch_xls+constituents
300615,通信,730206,2021-07-30 00:00:00,swsresearch_xls+constituents
600600,食品饮料,340601,2021-07-30 00:00:00,swsresearch_xls+constituents
300614,环保,760103,2021-07-30 00:00:00,swsresearch_xls+constituents
300613,电子,270104,2021-07-30 00:00:00,swsresearch_xls+constituents
300612,传媒,720501,2021-07-30 00:00:00,swsresearch_xls+constituents
300611,汽车,280203,2021-07-30 00:00:00,swsresearch_xls+constituents
600602,计算机,710401,2021-07-30 00:00:00,swsresearch_xls+constituents
300609,计算机,710301,2021-07-30 00:00:00,swsresearch_xls+constituents
300571,通信,730104,2021-07-30 00:00:00,swsresearch_xls+constituents
300608,计算机,710401,2021-07-30 00:00:00,swsresearch_xls+constituents
300607,机械设备,640701,2021-07-30 00:00:00,swsresearch_xls+constituents
600604,房地产,430103,2021-07-30 00:00:00,swsresearch_xls+constituents
300605,计算机,710401,2021-07-30 00:00:00,swsresearch_xls+constituents
300604,电子,270108,2021-07-30 00:00:00,swsresearch_xls+constituents
600605,商贸零售,450304,2021-07-30 00:00:00,swsresearch_xls+constituents
300602,电子,270504,2021-07-30 00:00:00,swsresearch_xls+constituents
300601,医药生物,370303,2021-07-30 00:00:00,swsresearch_xls+constituents
600210,轻工制造,360204,2021-07-30 00:00:00,swsresearch_xls+constituents
600599,非银金融,490302,2021-07-30 00:00:00,swsresearch_xls+constituents
600614,有色金属,240504,2021-07-30 00:00:00,swsresearch_xls+constituents
300569,电力设备,630602,2021-07-30 00:00:00,swsresearch_xls+constituents
300542,计算机,710401,2021-07-30 00:00:00,swsresearch_xls+constituents
600623,基础化工,220205,2021-07-30 00:00:00,swsresearch_xls+constituents
300541,计算机,710301,2021-07-30 00:00:00,swsresearch_xls+constituents
600624,医药生物,370102,2021-07-30 00:00:00,swsresearch_xls+constituents
300537,电子,270601,2021-07-30 00:00:00,swsresearch_xls+constituents
300535,基础化工,220309,2021-07-30 00:00:00,swsresearch_xls+constituents
300533,传媒,720401,2021-07-30 00:00:00,swsresearch_xls+constituents
600626,汽车,280202,2021-07-30 00:00:00,swsresearch_xls+constituents
300532,计算机,710301,2021-07-30 00:00:00,swsresearch_xls+constituents
300531,计算机,710103,2021-07-30 00:00:00,swsresearch_xls+constituents
300529,医药生物,370503,2021-07-30 00:00:00,swsresearch_xls+constituents
600197,食品饮料,340501,2021-07-30 00:00:00,swsresearch_xls+constituents
300528,传媒,720602,2021-07-30 00:00:00,swsresearch_xls+constituents
300526,纺织服饰,350205,2021-07-30 00:00:00,swsresearch_xls+constituents
300525,计算机,710401,2021-07-30 00:00:00,swsresearch_xls+constituents
300523,计算机,710301,2021-07-30 00:00:00,swsresearch_xls+constituents
600629,建筑装饰,620601,2021-07-30 00:00:00,swsresearch_xls+constituents
300546,计算机,710103,2021-07-30 00:00:00,swsresearch_xls+constituents
300547,汽车,280203,2021-07-30 00:00:00,swsresearch_xls+constituents
300548,通信,730204,2021-07-30 00:00:00,swsresearch_xls+constituents
300568,电力设备,630702,2021-07-30 00:00:00,swsresearch_xls+constituents
300567,机械设备,640107,2021-07-30 00:00:00,swsresearch_xls+constituents
300565,通信,730204,2021-07-30 00:00:00,swsresearch_xls+constituents
300564,建筑装饰,620601,2021-07-30 00:00:00,swsresearch_xls+constituents
300563,通信,730205,2021-07-30 00:00:00,swsresearch_xls+constituents
600616,食品饮料,340602,2021-07-30 00:00:00,swsresearch_xls+constituents
300562,医药生物,370502,2021-07-30 00:00:00,swsresearch_xls+constituents
300561,计算机,710401,2021-07-30 00:00:00,swsresearch_xls+constituents
300570,通信,730204,2021-07-30 00:00:00,swsresearch_xls+constituents
300560,通信,730103,2021-07-30 00:00:00,swsresearch_xls+constituents
600199,食品饮料,340501,2021-07-30 00:00:00,swsresearch_xls+constituents
300557,机械设备,640107,2021-07-30 00:00:00,swsresearch_xls+constituents
300556,计算机,710401,2021-07-30 00:00:00,swsresearch_xls+constituents
300555,通信,730206,2021-07-30 00:00:00,swsresearch_xls+constituents
600619,家用电器,330601,2021-07-30 00:00:00,swsresearch_xls+constituents
300553,机械设备,640107,2021-07-30 00:00:00,swsresearch_xls+constituents
300552,计算机,710103,2021-07-30 00:00:00,swsresearch_xls+constituents
300551,计算机,710103,2021-07-30 00:00:00,swsresearch_xls+constituents
300550,计算机,710401,2021-07-30 00:00:00,swsresearch_xls+constituents
300559,计算机,710401,2021-07-30 00:00:00,swsresearch_xls+constituents
300520,计算机,710401,2021-07-30 00:00:00,swsresearch_xls+constituents
300616,轻工制造,360308,2021-07-30 00:00:00,swsresearch_xls+constituents
300618,有色金属,240601,2021-07-30 00:00:00,swsresearch_xls+constituents
300681,汽车,280206,2021-07-30 00:00:00,swsresearch_xls+constituents
300680,汽车,280203,2021-07-30 00:00:00,swsresearch_xls+constituents
300679,电子,270504,2021-07-30 00:00:00,swsresearch_xls+constituents
300678,计算机,710301,2021-07-30 00:00:00,swsresearch_xls+constituents
300677,医药生物,370503,2021-07-30 00:00:00,swsresearch_xls+constituents
600221,交通运输,421001,2021-07-30 00:00:00,swsresearch_xls+constituents
300675,建筑装饰,620601,2021-07-30 00:00:00,swsresearch_xls+constituents
600220,纺织服饰,350106,2021-07-30 00:00:00,swsresearch_xls+constituents
300674,计算机,710301,2021-07-30 00:00:00,swsresearch_xls+constituents
300673,农林牧渔,110404,2021-07-30 00:00:00,swsresearch_xls+constituents
600577,电力设备,630805,2021-07-30 00:00:00,swsresearch_xls+constituents
300672,电子,270104,2021-07-30 00:00:00,swsresearch_xls+constituents
300671,电子,270105,2021-07-30 00:00:00,swsresearch_xls+constituents
300670,电力设备,630802,2021-07-30 00:00:00,swsresearch_xls+constituents
300668,建筑装饰,620601,2021-07-30 00:00:00,swsresearch_xls+constituents
300682,计算机,710301,2021-07-30 00:00:00,swsresearch_xls+constituents
600573,食品饮料,340601,2021-07-30 00:00:00,swsresearch_xls+constituents
300702,医药生物,370101,2021-07-30 00:00:00,swsresearch_xls+constituents
300699,国防军工,650201,2021-07-30 00:00:00,swsresearch_xls+constituents
300698,通信,730204,2021-07-30 00:00:00,swsresearch_xls+constituents
300695,汽车,280204,2021-07-30 00:00:00,swsresearch_xls+constituents
300694,汽车,280203,2021-07-30 00:00:00,swsresearch_xls+constituents
300693,电力设备,630306,2021-07-30 00:00:00,swsresearch_xls+constituents
600229,传媒,720902,2021-07-30 00:00:00,swsresearch_xls+constituents
600567,轻工制造,360102,2021-07-30 00:00:00,swsresearch_xls+constituents
300692,环保,760102,2021-07-30 00:00:00,swsresearch_xls+constituents
300667,机械设备,640107,2021-07-30 00:00:00,swsresearch_xls+constituents
300691,计算机,710102,2021-07-30 00:00:00,swsresearch_xls+constituents
300690,电力设备,630602,2021-07-30 00:00:00,swsresearch_xls+constituents
600569,钢铁,230402,2021-07-30 00:00:00,swsresearch_xls+constituents
300689,通信,730206,2021-07-30 00:00:00,swsresearch_xls+constituents
300688,社会服务,461102,2021-07-30 00:00:00,swsresearch_xls+constituents
300687,计算机,710301,2021-07-30 00:00:00,swsresearch_xls+constituents
600570,计算机,710401,2021-07-30 00:00:00,swsresearch_xls+constituents
300686,电子,270504,2021-07-30 00:00:00,swsresearch_xls+constituents
300685,医药生物,370504,2021-07-30 00:00:00,swsresearch_xls+constituents
600571,计算机,710301,2021-07-30 00:00:00,swsresearch_xls+constituents
600568,医药生物,370604,2021-07-30 00:00:00,swsresearch_xls+constituents
600218,汽车,280203,2021-07-30 00:00:00,swsresearch_xls+constituents
300663,计算机,710401,2021-07-30 00:00:00,swsresearch_xls+constituents
300638,通信,730206,2021-07-30 00:00:00,swsresearch_xls+constituents
300635,建筑装饰,620601,2021-07-30 00:00:00,swsresearch_xls+constituents
300634,计算机,710301,2021-07-30 00:00:00,swsresearch_xls+constituents
600592,机械设备,640108,2021-07-30 00:00:00,swsresearch_xls+constituents
300633,医药生物,370502,2021-07-30 00:00:00,swsresearch_xls+constituents
600593,社会服务,461002,2021-07-30 00:00:00,swsresearch_xls+constituents
600213,汽车,280602,2021-07-30 00:00:00,swsresearch_xls+constituents
300631,环保,760201,2021-07-30 00:00:00,swsresearch_xls+constituents
300628,通信,730206,2021-07-30 00:00:00,swsresearch_xls+constituents
300625,家用电器,330501,2021-07-30 00:00:00,swsresearch_xls+constituents
300624,计算机,710402,2021-07-30 00:00:00,swsresearch_xls+constituents
300620,通信,730204,2021-07-30 00:00:00,swsresearch_xls+constituents
600597,食品饮料,340702,2021-07-30 00:00:00,swsresearch_xls+constituents
300619,电力设备,630703,2021-07-30 00:00:00,swsresearch_xls+constituents
300639,医药生物,370504,2021-07-30 00:00:00,swsresearch_xls+constituents
300640,轻工制造,360311,2021-07-30 00:00:00,swsresearch_xls+constituents
300642,医药生物,370504,2021-07-30 00:00:00,swsresearch_xls+constituents
600581,钢铁,230402,2021-07-30 00:00:00,swsresearch_xls+constituents
300662,社会服务,460801,2021-07-30 00:00:00,swsresearch_xls+constituents
300661,电子,270105,2021-07-30 00:00:00,swsresearch_xls+constituents
300659,计算机,710103,2021-07-30 00:00:00,swsresearch_xls+constituents
300658,美容护理,770101,2021-07-30 00:00:00,swsresearch_xls+constituents
600583,石油石化,750202,2021-07-30 00:00:00,swsresearch_xls+constituents
300655,电子,270601,2021-07-30 00:00:00,swsresearch_xls+constituents
300654,传媒,720901,2021-07-30 00:00:00,swsresearch_xls+constituents
600217,环保,760103,2021-07-30 00:00:00,swsresearch_xls+constituents
300664,环保,760102,2021-07-30 00:00:00,swsresearch_xls+constituents
300653,医药生物,370503,2021-07-30 00:00:00,swsresearch_xls+constituents
300652,汽车,280204,2021-07-30 00:00:00,swsresearch_xls+constituents
300649,建筑装饰,620307,2021-07-30 00:00:00,swsresearch_xls+constituents
600587,医药生物,370502,2021-07-30 00:00:00,swsresearch_xls+constituents
300648,电力设备,630703,2021-07-30 00:00:00,swsresearch_xls+constituents
300647,电子,270504,2021-07-30 00:00:00,swsresearch_xls+constituents
300645,计算机,710103,2021-07-30 00:00:00,swsresearch_xls+constituents
600588,计算机,710402,2021-07-30 00:00:00,swsresearch_xls+constituents
300643,汽车,280205,2021-07-30 00:00:00,swsresearch_xls+constituents
600584,电子,270107,2021-07-30 00:00:00,swsresearch_xls+constituents
300703,轻工制造,360501,2021-07-30 00:00:00,swsresearch_xls+constituents
600630,纺织服饰,350209,2021-07-30 00:00:00,swsresearch_xls+constituents
600196,医药生物,370102,2021-07-30 00:00:00,swsresearch_xls+constituents
600135,基础化工,220505,2021-07-30 00:00:00,swsresearch_xls+constituents
300423,电力设备,630801,2021-07-30 00:00:00,swsresearch_xls+constituents
600132,食品饮料,340601,2021-07-30 00:00:00,swsresearch_xls+constituents
300422,环保,760102,2021-07-30 00:00:00,swsresearch_xls+constituents
300421,机械设备,640108,2021-07-30 00:00:00,swsresearch_xls+constituents
300419,计算机,710301,2021-07-30 00:00:00,swsresearch_xls+constituents
300418,传媒,720401,2021-07-30 00:00:00,swsresearch_xls+constituents
300417,机械设备,640107,2021-07-30 00:00:00,swsresearch_xls+constituents
600131,计算机,710301,2021-07-30 00:00:00,swsresearch_xls+constituents
300414,通信,730207,2021-07-30 00:00:00,swsresearch_xls+constituents
300413,传媒,720701,2021-07-30 00:00:00,swsresearch_xls+constituents
600130,电子,270504,2021-07-30 00:00:00,swsresearch_xls+constituents
300426,传媒,720601,2021-07-30 00:00:00,swsresearch_xls+constituents
600138,社会服务,461002,2021-07-30 00:00:00,swsresearch_xls+constituents
600139,非银金融,490305,2021-07-30 00:00:00,swsresearch_xls+constituents
300427,电力设备,630803,2021-07-30 00:00:00,swsresearch_xls+constituents
300440,计算机,710301,2021-07-30 00:00:00,swsresearch_xls+constituents
300439,医药生物,370504,2021-07-30 00:00:00,swsresearch_xls+constituents
600660,汽车,280202,2021-07-30 00:00:00,swsresearch_xls+constituents
600153,交通运输,420802,2021-07-30 00:00:00,swsresearch_xls+constituents
300438,电力设备,630701,2021-07-30 00:00:00,swsresearch_xls+constituents
300437,环保,760102,2021-07-30 00:00:00,swsresearch_xls+constituents
600152,电力设备,630701,2021-07-30 00:00:00,swsresearch_xls+constituents
600661,社会服务,461102,2021-07-30 00:00:00,swsresearch_xls+constituents
300433,电子,270504,2021-07-30 00:00:00,swsresearch_xls+constituents
600663,房地产,430102,2021-07-30 00:00:00,swsresearch_xls+constituents
600149,公用事业,410104,2021-07-30 00:00:00,swsresearch_xls+constituents
600148,汽车,280203,2021-07-30 00:00:00,swsresearch_xls+constituents
600146,纺织服饰,350209,2021-07-30 00:00:00,swsresearch_xls+constituents
600141,基础化工,220802,2021-07-30 00:00:00,swsresearch_xls+constituents
300429,电子,270601,2021-07-30 00:00:00,swsresearch_xls+constituents
300428,汽车,280204,2021-07-30 00:00:00,swsresearch_xls+constituents
600158,社会服务,460601,2021-07-30 00:00:00,swsresearch_xls+constituents
600128,商贸零售,450201,2021-07-30 00:00:00,swsresearch_xls+constituents
600126,钢铁,230402,2021-07-30 00:00:00,swsresearch_xls+constituents
600115,交通运输,421001,2021-07-30 00:00:00,swsresearch_xls+constituents
600114,机械设备,640108,2021-07-30 00:00:00,swsresearch_xls+constituents
600113,商贸零售,450304,2021-07-30 00:00:00,swsresearch_xls+constituents
600112,电力设备,630801,2021-07-30 00:00:00,swsresearch_xls+constituents
300387,基础化工,220805,2021-07-30 00:00:00,swsresearch_xls+constituents
300386,计算机,710103,2021-07-30 00:00:00,swsresearch_xls+constituents
300385,环保,760101,2021-07-30 00:00:00,swsresearch_xls+constituents
300381,医药生物,370101,2021-07-30 00:00:00,swsresearch_xls+constituents
300380,计算机,710401,2021-07-30 00:00:00,swsresearch_xls+constituents
300379,计算机,710401,2021-07-30 00:00:00,swsresearch_xls+constituents
300378,计算机,710402,2021-07-30 00:00:00,swsresearch_xls+constituents
300377,计算机,710401,2021-07-30 00:00:00,swsresearch_xls+constituents
300376,电力设备,630306,2021-07-30 00:00:00,swsresearch_xls+constituents
300375,汽车,280203,2021-07-30 00:00:00,swsresearch_xls+constituents
300371,机械设备,640107,2021-07-30 00:00:00,swsresearch_xls+constituents
300370,机械设备,640107,2021-07-30 00:00:00,swsresearch_xls+constituents
300388,环保,760102,2021-07-30 00:00:00,swsresearch_xls+constituents
600116,公用事业,410110,2021-07-30 00:00:00,swsresearch_xls+constituents
600117,钢铁,230501,2021-07-30 00:00:00,swsresearch_xls+constituents
300407,电力设备,630803,2021-07-30 00:00:00,swsresearch_xls+constituents
300406,医药生物,370504,2021-07-30 00:00:00,swsresearch_xls+constituents
300404,医药生物,370603,2021-07-30 00:00:00,swsresearch_xls+constituents
300403,家用电器,330601,2021-07-30 00:00:00,swsresearch_xls+constituents
600125,交通运输,420903,2021-07-30 00:00:00,swsresearch_xls+constituents
300402,机械设备,640108,2021-07-30 00:00:00,swsresearch_xls+constituents
300400,机械设备,640704,2021-07-30 00:00:00,swsresearch_xls+constituents
600123,煤炭,740102,2021-07-30 00:00:00,swsresearch_xls+constituents
300399,计算机,710301,2021-07-30 00:00:00,swsresearch_xls+constituents
300409,电力设备,630702,2021-07-30 00:00:00,swsresearch_xls+constituents
300398,电子,270601,2021-07-30 00:00:00,swsresearch_xls+constituents
600121,煤炭,740101,2021-07-30 00:00:00,swsresearch_xls+constituents
300396,医药生物,370504,2021-07-30 00:00:00,swsresearch_xls+constituents
600120,非银金融,490302,2021-07-30 00:00:00,swsresearch_xls+constituents
300395,国防军工,650201,2021-07-30 00:00:00,swsresearch_xls+constituents
300394,通信,730204,2021-07-30 00:00:00,swsresearch_xls+constituents
300393,电力设备,630502,2021-07-30 00:00:00,swsresearch_xls+constituents
300392,传媒,720501,2021-07-30 00:00:00,swsresearch_xls+constituents
600119,交通运输,420805,2021-07-30 00:00:00,swsresearch_xls+constituents
600678,建筑材料,610101,2021-07-30 00:00:00,swsresearch_xls+constituents
300443,电力设备,630602,2021-07-30 00:00:00,swsresearch_xls+constituents
300444,电力设备,630801,2021-07-30 00:00:00,swsresearch_xls+constituents
300491,电力设备,630306,2021-07-30 00:00:00,swsresearch_xls+constituents
600637,传媒,721001,2021-07-30 00:00:00,swsresearch_xls+constituents
600639,房地产,430103,2021-07-30 00:00:00,swsresearch_xls+constituents
600187,环保,760102,2021-07-30 00:00:00,swsresearch_xls+constituents
600186,食品饮料,340901,2021-07-30 00:00:00,swsresearch_xls+constituents
300488,机械设备,640108,2021-07-30 00:00:00,swsresearch_xls+constituents
300487,基础化工,220504,2021-07-30 00:00:00,swsresearch_xls+constituents
300486,机械设备,640704,2021-07-30 00:00:00,swsresearch_xls+constituents
300485,医药生物,370304,2021-07-30 00:00:00,swsresearch_xls+constituents
600643,非银金融,490302,2021-07-30 00:00:00,swsresearch_xls+constituents
300484,机械设备,640702,2021-07-30 00:00:00,swsresearch_xls+constituents
600644,公用事业,410110,2021-07-30 00:00:00,swsresearch_xls+constituents
300483,公用事业,410301,2021-07-30 00:00:00,swsresearch_xls+constituents
300482,医药生物,370504,2021-07-30 00:00:00,swsresearch_xls+constituents
600645,医药生物,370504,2021-07-30 00:00:00,swsresearch_xls+constituents
300481,电子,270601,2021-07-30 00:00:00,swsresearch_xls+constituents
600188,煤炭,740101,2021-07-30 00:00:00,swsresearch_xls+constituents
600189,食品饮料,340701,2021-07-30 00:00:00,swsresearch_xls+constituents
600636,社会服务,461103,2021-07-30 00:00:00,swsresearch_xls+constituents
300515,机械设备,640107,2021-07-30 00:00:00,swsresearch_xls+constituents
300514,电力设备,630804,2021-07-30 00:00:00,swsresearch_xls+constituents
300513,通信,730103,2021-07-30 00:00:00,swsresearch_xls+constituents
300511,农林牧渔,110104,2021-07-30 00:00:00,swsresearch_xls+constituents
600192,电力设备,630801,2021-07-30 00:00:00,swsresearch_xls+constituents
300508,计算机,710103,2021-07-30 00:00:00,swsresearch_xls+constituents
600633,传媒,720401,2021-07-30 00:00:00,swsresearch_xls+constituents
300507,汽车,280203,2021-07-30 00:00:00,swsresearch_xls+constituents
300505,基础化工,220802,2021-07-30 00:00:00,swsresearch_xls+constituents
300479,计算机,710103,2021-07-30 00:00:00,swsresearch_xls+constituents
300504,通信,730206,2021-07-30 00:00:00,swsresearch_xls+constituents
600634,传媒,720401,2021-07-30 00:00:00,swsresearch_xls+constituents
300501,轻工制造,360206,2021-07-30 00:00:00,swsresearch_xls+constituents
300500,建筑装饰,620601,2021-07-30 00:00:00,swsresearch_xls+constituents
300498,农林牧渔,110702,2021-07-30 00:00:00,swsresearch_xls+constituents
300496,计算机,710301,2021-07-30 00:00:00,swsresearch_xls+constituents
300495,建筑装饰,620307,2021-07-30 00:00:00,swsresearch_xls+constituents
600190,交通运输,421102,2021-07-30 00:00:00,swsresearch_xls+constituents
300494,传媒,720401,2021-07-30 00:00:00,swsresearch_xls+constituents
300493,电子,270401,2021-07-30 00:00:00,swsresearch_xls+constituents
300502,通信,730204,2021-07-30 00:00:00,swsresearch_xls+constituents
600658,房地产,430103,2021-07-30 00:00:00,swsresearch_xls+constituents
600182,汽车,280204,2021-07-30 00:00:00,swsresearch_xls+constituents
600176,建筑材料,610202,2021-07-30 00:00:00,swsresearch_xls+constituents
300458,电子,270104,2021-07-30 00:00:00,swsresearch_xls+constituents
300457,电力设备,630703,2021-07-30 00:00:00,swsresearch_xls+constituents
300456,电子,270106,2021-07-30 00:00:00,swsresearch_xls+constituents
300455,计算机,710103,2021-07-30 00:00:00,swsresearch_xls+constituents
300454,计算机,710402,2021-07-30 00:00:00,swsresearch_xls+constituents
300453,医药生物,370503,2021-07-30 00:00:00,swsresearch_xls+constituents
300451,计算机,710401,2021-07-30 00:00:00,swsresearch_xls+constituents
600171,电子,270105,2021-07-30 00:00:00,swsresearch_xls+constituents
600168,环保,760102,2021-07-30 00:00:00,swsresearch_xls+constituents
300450,电力设备,630703,2021-07-30 00:00:00,swsresearch_xls+constituents
600166,汽车,280601,2021-07-30 00:00:00,swsresearch_xls+constituents
300449,计算机,710102,2021-07-30 00:00:00,swsresearch_xls+constituents
300448,计算机,710301,2021-07-30 00:00:00,swsresearch_xls+constituents
300447,国防军工,650501,2021-07-30 00:00:00,swsresearch_xls+constituents
600163,公用事业,410107,2021-07-30 00:00:00,swsresearch_xls+constituents
600161,医药生物,370302,2021-07-30 00:00:00,swsresearch_xls+constituents
300445,机械设备,640107,2021-07-30 00:00:00,swsresearch_xls+constituents
600655,商贸零售,450304,2021-07-30 00:00:00,swsresearch_xls+constituents
300459,传媒,720401,2021-07-30 00:00:00,swsresearch_xls+constituents
300461,机械设备,640704,2021-07-30 00:00:00,swsresearch_xls+constituents
300462,计算机,710103,2021-07-30 00:00:00,swsresearch_xls+constituents
600180,交通运输,420802,2021-07-30 00:00:00,swsresearch_xls+constituents
600648,房地产,430103,2021-07-30 00:00:00,swsresearch_xls+constituents
300474,国防军工,650501,2021-07-30 00:00:00,swsresearch_xls+constituents
600650,交通运输,420902,2021-07-30 00:00:00,swsresearch_xls+constituents
300473,汽车,280205,2021-07-30 00:00:00,swsresearch_xls+constituents
300469,计算机,710401,2021-07-30 00:00:00,swsresearch_xls+constituents
300478,基础化工,220503,2021-07-30 00:00:00,swsresearch_xls+constituents
600178,汽车,280203,2021-07-30 00:00:00,swsresearch_xls+constituents
300467,传媒,720401,2021-07-30 00:00:00,swsresearch_xls+constituents
600177,纺织服饰,350209,2021-07-30 00:00:00,swsresearch_xls+constituents
600652,传媒,720401,2021-07-30 00:00:00,swsresearch_xls+constituents
600653,汽车,280302,2021-07-30 00:00:00,swsresearch_xls+constituents
300465,计算机,710401,2021-07-30 00:00:00,swsresearch_xls+constituents
300464,商贸零售,450602,2021-07-30 00:00:00,swsresearch_xls+constituents
300463,医药生物,370504,2021-07-30 00:00:00,swsresearch_xls+constituents
600654,计算机,710401,2021-07-30 00:00:00,swsresearch_xls+constituents
300468,计算机,710401,2021-07-30 00:00:00,swsresearch_xls+constituents
300369,计算机,710402,2021-07-30 00:00:00,swsresearch_xls+constituents
600231,钢铁,230401,2021-07-30 00:00:00,swsresearch_xls+constituents
300709,电子,270504,2021-07-30 00:00:00,swsresearch_xls+constituents
600398,纺织服饰,350209,2021-07-30 00:00:00,swsresearch_xls+constituents
600399,钢铁,230501,2021-07-30 00:00:00,swsresearch_xls+constituents
300968,电子,270504,2021-07-30 00:00:00,swsresearch_xls+constituents
600400,纺织服饰,350209,2021-07-30 00:00:00,swsresearch_xls+constituents
300967,农林牧渔,110703,2021-07-30 00:00:00,swsresearch_xls+constituents
600403,煤炭,740101,2021-07-30 00:00:00,swsresearch_xls+constituents
300962,社会服务,460804,2021-07-30 00:00:00,swsresearch_xls+constituents
300961,环保,760102,2021-07-30 00:00:00,swsresearch_xls+constituents
600405,电力设备,630306,2021-07-30 00:00:00,swsresearch_xls+constituents
300959,通信,730104,2021-07-30 00:00:00,swsresearch_xls+constituents
600406,电力设备,630803,2021-07-30 00:00:00,swsresearch_xls+constituents
600408,煤炭,740201,2021-07-30 00:00:00,swsresearch_xls+constituents
300958,环保,760104,2021-07-30 00:00:00,swsresearch_xls+constituents
300957,美容护理,770202,2021-07-30 00:00:00,swsresearch_xls+constituents
600410,计算机,710301,2021-07-30 00:00:00,swsresearch_xls+constituents
300956,电子,270504,2021-07-30 00:00:00,swsresearch_xls+constituents
300955,美容护理,770201,2021-07-30 00:00:00,swsresearch_xls+constituents
600415,商贸零售,450304,2021-07-30 00:00:00,swsresearch_xls+constituents
600249,美容护理,770102,2021-07-30 00:00:00,swsresearch_xls+constituents
300970,农林牧渔,110104,2021-07-30 00:00:00,swsresearch_xls+constituents
600381,食品饮料,340407,2021-07-30 00:00:00,swsresearch_xls+constituents
300985,机械设备,640108,2021-07-30 00:00:00,swsresearch_xls+constituents
300984,机械设备,640106,2021-07-30 00:00:00,swsresearch_xls+constituents
300983,建筑装饰,620601,2021-07-30 00:00:00,swsresearch_xls+constituents
600385,医药生物,370102,2021-07-30 00:00:00,swsresearch_xls+constituents
300982,建筑装饰,620306,2021-07-30 00:00:00,swsresearch_xls+constituents
300981,医药生物,370503,2021-07-30 00:00:00,swsresearch_xls+constituents
600386,汽车,280302,2021-07-30 00:00:00,swsresearch_xls+constituents
600387,石油石化,750302,2021-07-30 00:00:00,swsresearch_xls+constituents
300979,纺织服饰,350107,2021-07-30 00:00:00,swsresearch_xls+constituents
600389,基础化工,220803,2021-07-30 00:00:00,swsresearch_xls+constituents
300977,建筑装饰,620601,2021-07-30 00:00:00,swsresearch_xls+constituents
300976,电子,270504,2021-07-30 00:00:00,swsresearch_xls+constituents
600390,非银金融,490302,2021-07-30 00:00:00,swsresearch_xls+constituents
300973,食品饮料,340802,2021-07-30 00:00:00,swsresearch_xls+constituents
300971,机械设备,640209,2021-07-30 00:00:00,swsresearch_xls+constituents
600395,煤炭,740102,2021-07-30 00:00:00,swsresearch_xls+constituents
300978,汽车,280202,2021-07-30 00:00:00,swsresearch_xls+constituents
300987,传媒,720704,2021-07-30 00:00:00,swsresearch_xls+constituents
600418,汽车,280601,2021-07-30 00:00:00,swsresearch_xls+constituents
300932,电力设备,630802,2021-07-30 00:00:00,swsresearch_xls+constituents
600446,计算机,710301,2021-07-30 00:00:00,swsresearch_xls+constituents
300929,环保,760102,2021-07-30 00:00:00,swsresearch_xls+constituents
300928,汽车,280206,2021-07-30 00:00:00,swsresearch_xls+constituents
600452,公用事业,410110,2021-07-30 00:00:00,swsresearch_xls+constituents
300926,汽车,280205,2021-07-30 00:00:00,swsresearch_xls+constituents
300925,计算机,710401,2021-07-30 00:00:00,swsresearch_xls+constituents
600455,计算机,710401,2021-07-30 00:00:00,swsresearch_xls+constituents
300921,通信,730104,2021-07-30 00:00:00,swsresearch_xls+constituents
300919,电力设备,630702,2021-07-30 00:00:00,swsresearch_xls+constituents
300918,纺织服饰,350106,2021-07-30 00:00:00,swsresearch_xls+constituents
300917,房地产,430301,2021-07-30 00:00:00,swsresearch_xls+constituents
300916,电子,270504,2021-07-30 00:00:00,swsresearch_xls+constituents
300915,食品饮料,340702,2021-07-30 00:00:00,swsresearch_xls+constituents
600460,电子,270102,2021-07-30 00:00:00,swsresearch_xls+constituents
300913,通信,730205,2021-07-30 00:00:00,swsresearch_xls+constituents
600461,环保,760102,2021-07-30 00:00:00,swsresearch_xls+constituents
600247,商贸零售,450304,2021-07-30 00:00:00,swsresearch_xls+constituents
300933,电力设备,630805,2021-07-30 00:00:00,swsresearch_xls+constituents
600439,纺织服饰,350303,2021-07-30 00:00:00,swsresearch_xls+constituents
300935,计算机,710401,2021-07-30 00:00:00,swsresearch_xls+constituents
600438,电力设备,630501,2021-07-30 00:00:00,swsresearch_xls+constituents
300951,电子,270504,2021-07-30 00:00:00,swsresearch_xls+constituents
300950,机械设备,640203,2021-07-30 00:00:00,swsresearch_xls+constituents
600419,食品饮料,340702,2021-07-30 00:00:00,swsresearch_xls+constituents
600248,建筑装饰,620101,2021-07-30 00:00:00,swsresearch_xls+constituents
300949,建筑装饰,620307,2021-07-30 00:00:00,swsresearch_xls+constituents
300948,建筑装饰,620307,2021-07-30 00:00:00,swsresearch_xls+constituents
600421,机械设备,640108,2021-07-30 00:00:00,swsresearch_xls+constituents
300947,商贸零售,450304,2021-07-30 00:00:00,swsresearch_xls+constituents
300952,纺织服饰,350205,2021-07-30 00:00:00,swsresearch_xls+constituents
300946,机械设备,640108,2021-07-30 00:00:00,swsresearch_xls+constituents
600428,交通运输,421101,2021-07-30 00:00:00,swsresearch_xls+constituents
300943,机械设备,640108,2021-07-30 00:00:00,swsresearch_xls+constituents
600429,食品饮料,340702,2021-07-30 00:00:00,swsresearch_xls+constituents
300942,医药生物,370504,2021-07-30 00:00:00,swsresearch_xls+constituents
300941,计算机,710103,2021-07-30 00:00:00,swsresearch_xls+constituents
600433,轻工制造,360103,2021-07-30 00:00:00,swsresearch_xls+constituents
300938,社会服务,460802,2021-07-30 00:00:00,swsresearch_xls+constituents
300937,医药生物,370402,2021-07-30 00:00:00,swsresearch_xls+constituents
300945,纺织服饰,350301,2021-07-30 00:00:00,swsresearch_xls+constituents
300912,汽车,280205,2021-07-30 00:00:00,swsresearch_xls+constituents
300988,机械设备,640209,2021-07-30 00:00:00,swsresearch_xls+constituents
300989,建筑装饰,620601,2021-07-30 00:00:00,swsresearch_xls+constituents
600303,汽车,280602,2021-07-30 00:00:00,swsresearch_xls+constituents
600305,食品饮料,340901,2021-07-30 00:00:00,swsresearch_xls+constituents
600307,钢铁,230402,2021-07-30 00:00:00,swsresearch_xls+constituents
600308,轻工制造,360102,2021-07-30 00:00:00,swsresearch_xls+constituents
600310,公用事业,410110,2021-07-30 00:00:00,swsresearch_xls+constituents
600312,电力设备,630801,2021-07-30 00:00:00,swsresearch_xls+constituents
600315,美容护理,770202,2021-07-30 00:00:00,swsresearch_xls+constituents
600318,非银金融,490302,2021-07-30 00:00:00,swsresearch_xls+constituents
600320,机械设备,640203,2021-07-30 00:00:00,swsresearch_xls+constituents
600323,环保,760103,2021-07-30 00:00:00,swsresearch_xls+constituents
301042,计算机,710102,2021-07-30 00:00:00,swsresearch_xls+constituents
301040,电力设备,630602,2021-07-30 00:00:00,swsresearch_xls+constituents
301039,汽车,280601,2021-07-30 00:00:00,swsresearch_xls+constituents
301038,建筑装饰,620601,2021-07-30 00:00:00,swsresearch_xls+constituents
600335,汽车,280302,2021-07-30 00:00:00,swsresearch_xls+constituents
301037,基础化工,220305,2021-07-30 00:00:00,swsresearch_xls+constituents
600336,家用电器,330106,2021-07-30 00:00:00,swsresearch_xls+constituents
600300,食品饮料,340701,2021-07-30 00:00:00,swsresearch_xls+constituents
600299,基础化工,220315,2021-07-30 00:00:00,swsresearch_xls+constituents
600298,食品饮料,340901,2021-07-30 00:00:00,swsresearch_xls+constituents
600297,汽车,280302,2021-07-30 00:00:00,swsresearch_xls+constituents
600261,家用电器,330501,2021-07-30 00:00:00,swsresearch_xls+constituents
600268,电力设备,630803,2021-07-30 00:00:00,swsresearch_xls+constituents
600260,通信,730207,2021-07-30 00:00:00,swsresearch_xls+constituents
600269,交通运输,420901,2021-07-30 00:00:00,swsresearch_xls+constituents
600271,计算机,710301,2021-07-30 00:00:00,swsresearch_xls+constituents
600272,医药生物,370402,2021-07-30 00:00:00,swsresearch_xls+constituents
600279,交通运输,421102,2021-07-30 00:00:00,swsresearch_xls+constituents
600258,社会服务,460901,2021-07-30 00:00:00,swsresearch_xls+constituents
600281,有色金属,240504,2021-07-30 00:00:00,swsresearch_xls+constituents
600337,轻工制造,360307,2021-07-30 00:00:00,swsresearch_xls+constituents
600284,建筑装饰,620306,2021-07-30 00:00:00,swsresearch_xls+constituents
600256,石油石化,750302,2021-07-30 00:00:00,swsresearch_xls+constituents
600289,通信,730103,2021-07-30 00:00:00,swsresearch_xls+constituents
600290,电力设备,630802,2021-07-30 00:00:00,swsresearch_xls+constituents
600255,有色金属,240201,2021-07-30 00:00:00,swsresearch_xls+constituents
301110,商贸零售,450603,2021-07-30 00:00:00,swsresearch_xls+constituents
600293,建筑材料,610201,2021-07-30 00:00:00,swsresearch_xls+constituents
600295,钢铁,230302,2021-07-30 00:00:00,swsresearch_xls+constituents
600283,环保,760102,2021-07-30 00:00:00,swsresearch_xls+constituents
600379,电力设备,630801,2021-07-30 00:00:00,swsresearch_xls+constituents
301035,基础化工,220803,2021-07-30 00:00:00,swsresearch_xls+constituents
301032,机械设备,640106,2021-07-30 00:00:00,swsresearch_xls+constituents
301008,家用电器,330601,2021-07-30 00:00:00,swsresearch_xls+constituents
301007,汽车,280203,2021-07-30 00:00:00,swsresearch_xls+constituents
301006,机械设备,640107,2021-07-30 00:00:00,swsresearch_xls+constituents
301005,汽车,280205,2021-07-30 00:00:00,swsresearch_xls+constituents
301004,轻工制造,360311,2021-07-30 00:00:00,swsresearch_xls+constituents
600368,交通运输,420901,2021-07-30 00:00:00,swsresearch_xls+constituents
301002,电力设备,630801,2021-07-30 00:00:00,swsresearch_xls+constituents
301001,商贸零售,450603,2021-07-30 00:00:00,swsresearch_xls+constituents
301000,汽车,280205,2021-07-30 00:00:00,swsresearch_xls+constituents
300998,汽车,280205,2021-07-30 00:00:00,swsresearch_xls+constituents
300997,食品饮料,340701,2021-07-30 00:00:00,swsresearch_xls+constituents
300996,计算机,710401,2021-07-30 00:00:00,swsresearch_xls+constituents
600373,传媒,720902,2021-07-30 00:00:00,swsresearch_xls+constituents
300993,轻工制造,360311,2021-07-30 00:00:00,swsresearch_xls+constituents
600377,交通运输,420901,2021-07-30 00:00:00,swsresearch_xls+constituents
300991,电子,270401,2021-07-30 00:00:00,swsresearch_xls+constituents
600378,基础化工,220311,2021-07-30 00:00:00,swsresearch_xls+constituents
301009,美容护理,770101,2021-07-30 00:00:00,swsresearch_xls+constituents
301010,建筑材料,610303,2021-07-30 00:00:00,swsresearch_xls+constituents
301012,电力设备,630801,2021-07-30 00:00:00,swsresearch_xls+constituents
600358,传媒,720501,2021-07-30 00:00:00,swsresearch_xls+constituents
301031,电子,270401,2021-07-30 00:00:00,swsresearch_xls+constituents
600339,石油石化,750202,2021-07-30 00:00:00,swsresearch_xls+constituents
600340,房地产,430103,2021-07-30 00:00:00,swsresearch_xls+constituents
301029,机械设备,640704,2021-07-30 00:00:00,swsresearch_xls+constituents
301027,建筑装饰,620601,2021-07-30 00:00:00,swsresearch_xls+constituents
600345,通信,730207,2021-07-30 00:00:00,swsresearch_xls+constituents
301025,传媒,720902,2021-07-30 00:00:00,swsresearch_xls+constituents
600346,石油石化,750301,2021-07-30 00:00:00,swsresearch_xls+constituents
301033,医药生物,370503,2021-07-30 00:00:00,swsresearch_xls+constituents
600348,煤炭,740102,2021-07-30 00:00:00,swsresearch_xls+constituents
600350,交通运输,420901,2021-07-30 00:00:00,swsresearch_xls+constituents
301022,汽车,280205,2021-07-30 00:00:00,swsresearch_xls+constituents
301021,机械设备,640703,2021-07-30 00:00:00,swsresearch_xls+constituents
301020,汽车,280203,2021-07-30 00:00:00,swsresearch_xls+constituents
301018,机械设备,640105,2021-07-30 00:00:00,swsresearch_xls+constituents
301017,医药生物,370403,2021-07-30 00:00:00,swsresearch_xls+constituents
600355,通信,730206,2021-07-30 00:00:00,swsresearch_xls+constituents
301015,医药生物,370402,2021-07-30 00:00:00,swsresearch_xls+constituents
600356,轻工制造,360103,2021-07-30 00:00:00,swsresearch_xls+constituents
301024,建筑装饰,620601,2021-07-30 00:00:00,swsresearch_xls+constituents
300707,汽车,280205,2021-07-30 00:00:00,swsresearch_xls+constituents
600462,通信,730206,2021-07-30 00:00:00,swsresearch_xls+constituents
600463,房地产,430103,2021-07-30 00:00:00,swsresearch_xls+constituents
300779,环保,760103,2021-07-30 00:00:00,swsresearch_xls+constituents
300778,建筑装饰,620601,2021-07-30 00:00:00,swsresearch_xls+constituents
600537,电力设备,630502,2021-07-30 00:00:00,swsresearch_xls+constituents
300777,国防军工,650201,2021-07-30 00:00:00,swsresearch_xls+constituents
300776,电力设备,630505,2021-07-30 00:00:00,swsresearch_xls+constituents
300774,环保,760102,2021-07-30 00:00:00,swsresearch_xls+constituents
600538,医药生物,370402,2021-07-30 00:00:00,swsresearch_xls+constituents
300773,非银金融,490306,2021-07-30 00:00:00,swsresearch_xls+constituents
300772,电力设备,630601,2021-07-30 00:00:00,swsresearch_xls+constituents
300771,计算机,710103,2021-07-30 00:00:00,swsresearch_xls+constituents
300770,传媒,721001,2021-07-30 00:00:00,swsresearch_xls+constituents
300769,电力设备,630702,2021-07-30 00:00:00,swsresearch_xls+constituents
300768,计算机,710402,2021-07-30 00:00:00,swsresearch_xls+constituents
600543,食品饮料,340602,2021-07-30 00:00:00,swsresearch_xls+constituents
300763,电力设备,630503,2021-07-30 00:00:00,swsresearch_xls+constituents
300762,国防军工,650501,2021-07-30 00:00:00,swsresearch_xls+constituents
300761,农林牧渔,110703,2021-07-30 00:00:00,swsresearch_xls+constituents
300780,机械设备,640108,2021-07-30 00:00:00,swsresearch_xls+constituents
600536,计算机,710301,2021-07-30 00:00:00,swsresearch_xls+constituents
300781,传媒,720501,2021-07-30 00:00:00,swsresearch_xls+constituents
300782,电子,270105,2021-07-30 00:00:00,swsresearch_xls+constituents
300802,机械设备,640704,2021-07-30 00:00:00,swsresearch_xls+constituents
300800,环保,760201,2021-07-30 00:00:00,swsresearch_xls+constituents
600526,环保,760201,2021-07-30 00:00:00,swsresearch_xls+constituents
300799,计算机,710402,2021-07-30 00:00:00,swsresearch_xls+constituents
600527,纺织服饰,350106,2021-07-30 00:00:00,swsresearch_xls+constituents
300796,基础化工,220803,2021-07-30 00:00:00,swsresearch_xls+constituents
300795,社会服务,460803,2021-07-30 00:00:00,swsresearch_xls+constituents
300793,电子,270504,2021-07-30 00:00:00,swsresearch_xls+constituents
300792,商贸零售,450603,2021-07-30 00:00:00,swsresearch_xls+constituents
300760,医药生物,370502,2021-07-30 00:00:00,swsresearch_xls+constituents
600529,医药生物,370503,2021-07-30 00:00:00,swsresearch_xls+constituents
600530,食品饮料,340407,2021-07-30 00:00:00,swsresearch_xls+constituents
300790,计算机,710102,2021-07-30 00:00:00,swsresearch_xls+constituents
300789,计算机,710103,2021-07-30 00:00:00,swsresearch_xls+constituents
300788,传媒,720902,2021-07-30 00:00:00,swsresearch_xls+constituents
300787,电子,270504,2021-07-30 00:00:00,swsresearch_xls+constituents
300786,环保,760201,2021-07-30 00:00:00,swsresearch_xls+constituents
600532,煤炭,740101,2021-07-30 00:00:00,swsresearch_xls+constituents
300785,传媒,720704,2021-07-30 00:00:00,swsresearch_xls+constituents
300783,食品饮料,340801,2021-07-30 00:00:00,swsresearch_xls+constituents
300791,食品饮料,340407,2021-07-30 00:00:00,swsresearch_xls+constituents
300803,计算机,710401,2021-07-30 00:00:00,swsresearch_xls+constituents
600546,煤炭,740101,2021-07-30 00:00:00,swsresearch_xls+constituents
300757,机械设备,640704,2021-07-30 00:00:00,swsresearch_xls+constituents
600556,传媒,720501,2021-07-30 00:00:00,swsresearch_xls+constituents
300727,基础化工,220316,2021-07-30 00:00:00,swsresearch_xls+constituents
300726,国防军工,650501,2021-07-30 00:00:00,swsresearch_xls+constituents
300725,医药生物,370603,2021-07-30 00:00:00,swsresearch_xls+constituents
600235,轻工制造,360103,2021-07-30 00:00:00,swsresearch_xls+constituents
300724,电力设备,630505,2021-07-30 00:00:00,swsresearch_xls+constituents
600558,机械设备,640108,2021-07-30 00:00:00,swsresearch_xls+constituents
300720,机械设备,640107,2021-07-30 00:00:00,swsresearch_xls+constituents
600559,食品饮料,340501,2021-07-30 00:00:00,swsresearch_xls+constituents
600233,交通运输,420804,2021-07-30 00:00:00,swsresearch_xls+constituents
300715,建筑材料,610304,2021-07-30 00:00:00,swsresearch_xls+constituents
600561,交通运输,420902,2021-07-30 00:00:00,swsresearch_xls+constituents
300713,电力设备,630306,2021-07-30 00:00:00,swsresearch_xls+constituents
300712,建筑装饰,620404,2021-07-30 00:00:00,swsresearch_xls+constituents
300711,通信,730207,2021-07-30 00:00:00,swsresearch_xls+constituents
600232,机械设备,640206,2021-07-30 00:00:00,swsresearch_xls+constituents
600562,国防军工,650501,2021-07-30 00:00:00,swsresearch_xls+constituents
300710,通信,730204,2021-07-30 00:00:00,swsresearch_xls+constituents
300729,轻工制造,360311,2021-07-30 00:00:00,swsresearch_xls+constituents
300730,计算机,710401,2021-07-30 00:00:00,swsresearch_xls+constituents
600555,社会服务,461004,2021-07-30 00:00:00,swsresearch_xls+constituents
300732,建筑装饰,620601,2021-07-30 00:00:00,swsresearch_xls+constituents
600548,交通运输,420901,2021-07-30 00:00:00,swsresearch_xls+constituents
300753,医药生物,370502,2021-07-30 00:00:00,swsresearch_xls+constituents
300751,电力设备,630505,2021-07-30 00:00:00,swsresearch_xls+constituents
300750,电力设备,630701,2021-07-30 00:00:00,swsresearch_xls+constituents
300749,轻工制造,360308,2021-07-30 00:00:00,swsresearch_xls+constituents
300747,机械设备,640703,2021-07-30 00:00:00,swsresearch_xls+constituents
600550,电力设备,630801,2021-07-30 00:00:00,swsresearch_xls+constituents
300746,建筑装饰,620601,2021-07-30 00:00:00,swsresearch_xls+constituents
300759,医药生物,370603,2021-07-30 00:00:00,swsresearch_xls+constituents
300743,计算机,710103,2021-07-30 00:00:00,swsresearch_xls+constituents
300742,汽车,280203,2021-07-30 00:00:00,swsresearch_xls+constituents
300741,基础化工,220315,2021-07-30 00:00:00,swsresearch_xls+constituents
600238,食品饮料,340602,2021-07-30 00:00:00,swsresearch_xls+constituents
300740,美容护理,770202,2021-07-30 00:00:00,swsresearch_xls+constituents
300737,建筑材料,610304,2021-07-30 00:00:00,swsresearch_xls+constituents
300735,电子,270504,2021-07-30 00:00:00,swsresearch_xls+constituents
300733,汽车,280203,2021-07-30 00:00:00,swsresearch_xls+constituents
600551,传媒,720902,2021-07-30 00:00:00,swsresearch_xls+constituents
300911,家用电器,330401,2021-07-30 00:00:00,swsresearch_xls+constituents
600525,电力设备,630801,2021-07-30 00:00:00,swsresearch_xls+constituents
300805,传媒,720501,2021-07-30 00:00:00,swsresearch_xls+constituents
600486,基础化工,220803,2021-07-30 00:00:00,swsresearch_xls+constituents
300887,社会服务,460802,2021-07-30 00:00:00,swsresearch_xls+constituents
600487,通信,730205,2021-07-30 00:00:00,swsresearch_xls+constituents
300885,机械设备,640108,2021-07-30 00:00:00,swsresearch_xls+constituents
300884,计算机,710102,2021-07-30 00:00:00,swsresearch_xls+constituents
300883,轻工制造,360205,2021-07-30 00:00:00,swsresearch_xls+constituents
300882,电力设备,630804,2021-07-30 00:00:00,swsresearch_xls+constituents
300881,钢铁,230501,2021-07-30 00:00:00,swsresearch_xls+constituents
300880,电力设备,630804,2021-07-30 00:00:00,swsresearch_xls+constituents
300873,交通运输,420803,2021-07-30 00:00:00,swsresearch_xls+constituents
300872,计算机,710301,2021-07-30 00:00:00,swsresearch_xls+constituents
600498,通信,730204,2021-07-30 00:00:00,swsresearch_xls+constituents
300869,医药生物,370502,2021-07-30 00:00:00,swsresearch_xls+constituents
600242,传媒,720501,2021-07-30 00:00:00,swsresearch_xls+constituents
300867,环保,760103,2021-07-30 00:00:00,swsresearch_xls+constituents
300866,电子,270503,2021-07-30 00:00:00,swsresearch_xls+constituents
002821,医药生物,370603,2021-07-30 00:00:00,swsresearch_xls+constituents
300864,环保,760104,2021-07-30 00:00:00,swsresearch_xls+constituents
300888,美容护理,770101,2021-07-30 00:00:00,swsresearch_xls+constituents
600485,通信,730103,2021-07-30 00:00:00,swsresearch_xls+constituents
300890,电力设备,630702,2021-07-30 00:00:00,swsresearch_xls+constituents
300891,基础化工,220206,2021-07-30 00:00:00,swsresearch_xls+constituents
300908,食品饮料,340901,2021-07-30 00:00:00,swsresearch_xls+constituents
300906,机械设备,640107,2021-07-30 00:00:00,swsresearch_xls+constituents
600468,电力设备,630802,2021-07-30 00:00:00,swsresearch_xls+constituents
600469,汽车,280204,2021-07-30 00:00:00,swsresearch_xls+constituents
600470,基础化工,220802,2021-07-30 00:00:00,swsresearch_xls+constituents
300901,纺织服饰,350209,2021-07-30 00:00:00,swsresearch_xls+constituents
600476,计算机,710301,2021-07-30 00:00:00,swsresearch_xls+constituents
300899,环保,760102,2021-07-30 00:00:00,swsresearch_xls+constituents
600478,电力设备,630701,2021-07-30 00:00:00,swsresearch_xls+constituents
300897,机械设备,640107,2021-07-30 00:00:00,swsresearch_xls+constituents
300896,美容护理,770301,2021-07-30 00:00:00,swsresearch_xls+constituents
600480,汽车,280205,2021-07-30 00:00:00,swsresearch_xls+constituents
300895,计算机,710301,2021-07-30 00:00:00,swsresearch_xls+constituents
300894,家用电器,330401,2021-07-30 00:00:00,swsresearch_xls+constituents
600483,公用事业,410110,2021-07-30 00:00:00,swsresearch_xls+constituents
300898,食品饮料,340702,2021-07-30 00:00:00,swsresearch_xls+constituents
300863,汽车,280206,2021-07-30 00:00:00,swsresearch_xls+constituents
300860,社会服务,460803,2021-07-30 00:00:00,swsresearch_xls+constituents
300830,计算机,710401,2021-07-30 00:00:00,swsresearch_xls+constituents
300829,基础化工,220315,2021-07-30 00:00:00,swsresearch_xls+constituents
300828,机械设备,640108,2021-07-30 00:00:00,swsresearch_xls+constituents
600519,食品饮料,340501,2021-07-30 00:00:00,swsresearch_xls+constituents
300827,电力设备,630503,2021-07-30 00:00:00,swsresearch_xls+constituents
300826,建筑装饰,620601,2021-07-30 00:00:00,swsresearch_xls+constituents
300825,汽车,280303,2021-07-30 00:00:00,swsresearch_xls+constituents
300824,家用电器,330301,2021-07-30 00:00:00,swsresearch_xls+constituents
300822,电子,270504,2021-07-30 00:00:00,swsresearch_xls+constituents
300821,基础化工,220316,2021-07-30 00:00:00,swsresearch_xls+constituents
300820,电力设备,630306,2021-07-30 00:00:00,swsresearch_xls+constituents
300817,机械设备,640108,2021-07-30 00:00:00,swsresearch_xls+constituents
600522,通信,730205,2021-07-30 00:00:00,swsresearch_xls+constituents
300816,汽车,280205,2021-07-30 00:00:00,swsresearch_xls+constituents
300815,环保,760103,2021-07-30 00:00:00,swsresearch_xls+constituents
600523,汽车,280205,2021-07-30 00:00:00,swsresearch_xls+constituents
300807,计算机,710103,2021-07-30 00:00:00,swsresearch_xls+constituents
300806,基础化工,220505,2021-07-30 00:00:00,swsresearch_xls+constituents
300832,医药生物,370504,2021-07-30 00:00:00,swsresearch_xls+constituents
600516,钢铁,230302,2021-07-30 00:00:00,swsresearch_xls+constituents
300838,机械设备,640108,2021-07-30 00:00:00,swsresearch_xls+constituents
600505,公用事业,410110,2021-07-30 00:00:00,swsresearch_xls+constituents
300859,社会服务,461003,2021-07-30 00:00:00,swsresearch_xls+constituents
300858,基础化工,220315,2021-07-30 00:00:00,swsresearch_xls+constituents
300857,电子,270504,2021-07-30 00:00:00,swsresearch_xls+constituents
300856,美容护理,770201,2021-07-30 00:00:00,swsresearch_xls+constituents
600507,钢铁,230501,2021-07-30 00:00:00,swsresearch_xls+constituents
600508,煤炭,740102,2021-07-30 00:00:00,swsresearch_xls+constituents
600509,公用事业,410101,2021-07-30 00:00:00,swsresearch_xls+constituents
300862,机械设备,640107,2021-07-30 00:00:00,swsresearch_xls+constituents
300850,电力设备,630602,2021-07-30 00:00:00,swsresearch_xls+constituents
600511,医药生物,370402,2021-07-30 00:00:00,swsresearch_xls+constituents
300846,计算机,710301,2021-07-30 00:00:00,swsresearch_xls+constituents
300845,计算机,710103,2021-07-30 00:00:00,swsresearch_xls+constituents
600512,建筑装饰,620306,2021-07-30 00:00:00,swsresearch_xls+constituents
300843,电子,270504,2021-07-30 00:00:00,swsresearch_xls+constituents
300842,电力设备,630504,2021-07-30 00:00:00,swsresearch_xls+constituents
300841,医药生物,370303,2021-07-30 00:00:00,swsresearch_xls+constituents
300840,纺织服饰,350209,2021-07-30 00:00:00,swsresearch_xls+constituents
300839,石油石化,750303,2021-07-30 00:00:00,swsresearch_xls+constituents
300849,美容护理,770201,2021-07-30 00:00:00,swsresearch_xls+constituents
300368,计算机,710103,2021-07-30 00:00:00,swsresearch_xls+constituents
300510,电力设备,630803,2021-07-30 00:00:00,swsresearch_xls+constituents
300137,环保,760201,2021-07-30 00:00:00,swsresearch_xls+constituents
300089,社会服务,461102,2021-07-30 00:00:00,swsresearch_xls+constituents
300085,计算机,710401,2021-07-30 00:00:00,swsresearch_xls+constituents
600777,石油石化,750101,2021-07-30 00:00:00,swsresearch_xls+constituents
300083,机械设备,640702,2021-07-30 00:00:00,swsresearch_xls+constituents
300082,基础化工,220204,2021-07-30 00:00:00,swsresearch_xls+constituents
600026,交通运输,421101,2021-07-30 00:00:00,swsresearch_xls+constituents
300081,通信,730104,2021-07-30 00:00:00,swsresearch_xls+constituents
600779,食品饮料,340501,2021-07-30 00:00:00,swsresearch_xls+constituents
600028,石油石化,750301,2021-07-30 00:00:00,swsresearch_xls+constituents
300079,计算机,710301,2021-07-30 00:00:00,swsresearch_xls+constituents
300078,计算机,710301,2021-07-30 00:00:00,swsresearch_xls+constituents
300077,电子,270104,2021-07-30 00:00:00,swsresearch_xls+constituents
300075,计算机,710401,2021-07-30 00:00:00,swsresearch_xls+constituents
300074,计算机,710401,2021-07-30 00:00:00,swsresearch_xls+constituents
300073,电力设备,630702,2021-07-30 00:00:00,swsresearch_xls+constituents
600782,钢铁,230402,2021-07-30 00:00:00,swsresearch_xls+constituents
300071,传媒,720501,2021-07-30 00:00:00,swsresearch_xls+constituents
002880,医药生物,370302,2021-07-30 00:00:00,swsresearch_xls+constituents
002879,电力设备,630805,2021-07-30 00:00:00,swsresearch_xls+constituents
300106,食品饮料,340702,2021-07-30 00:00:00,swsresearch_xls+constituents
600882,食品饮料,340702,2021-07-30 00:00:00,swsresearch_xls+constituents
600020,交通运输,420901,2021-07-30 00:00:00,swsresearch_xls+constituents
300101,国防军工,650501,2021-07-30 00:00:00,swsresearch_xls+constituents
300100,汽车,280202,2021-07-30 00:00:00,swsresearch_xls+constituents
600022,钢铁,230402,2021-07-30 00:00:00,swsresearch_xls+constituents
600881,综合,510101,2021-07-30 00:00:00,swsresearch_xls+constituents
002871,机械设备,640108,2021-07-30 00:00:00,swsresearch_xls+constituents
300097,机械设备,640704,2021-07-30 00:00:00,swsresearch_xls+constituents
300096,计算机,710301,2021-07-30 00:00:00,swsresearch_xls+constituents
002875,纺织服饰,350209,2021-07-30 00:00:00,swsresearch_xls+constituents
002877,机械设备,640108,2021-07-30 00:00:00,swsresearch_xls+constituents
600775,通信,730206,2021-07-30 00:00:00,swsresearch_xls+constituents
600776,通信,730207,2021-07-30 00:00:00,swsresearch_xls+constituents
300107,基础化工,220308,2021-07-30 00:00:00,swsresearch_xls+constituents
300070,环保,760102,2021-07-30 00:00:00,swsresearch_xls+constituents
002882,电力设备,630805,2021-07-30 00:00:00,swsresearch_xls+constituents
300054,电子,270601,2021-07-30 00:00:00,swsresearch_xls+constituents
002896,机械设备,640108,2021-07-30 00:00:00,swsresearch_xls+constituents
600872,食品饮料,340901,2021-07-30 00:00:00,swsresearch_xls+constituents
002897,通信,730204,2021-07-30 00:00:00,swsresearch_xls+constituents
300052,传媒,720401,2021-07-30 00:00:00,swsresearch_xls+constituents
600790,商贸零售,450304,2021-07-30 00:00:00,swsresearch_xls+constituents
600031,机械设备,640601,2021-07-30 00:00:00,swsresearch_xls+constituents
300049,医药生物,370502,2021-07-30 00:00:00,swsresearch_xls+constituents
600871,石油石化,750201,2021-07-30 00:00:00,swsresearch_xls+constituents
300048,机械设备,640702,2021-07-30 00:00:00,swsresearch_xls+constituents
002899,轻工制造,360502,2021-07-30 00:00:00,swsresearch_xls+constituents
600032,公用事业,410106,2021-07-30 00:00:00,swsresearch_xls+constituents
600792,煤炭,740201,2021-07-30 00:00:00,swsresearch_xls+constituents
300047,计算机,710401,2021-07-30 00:00:00,swsresearch_xls+constituents
600793,轻工制造,360103,2021-07-30 00:00:00,swsresearch_xls+constituents
300045,国防军工,650501,2021-07-30 00:00:00,swsresearch_xls+constituents
002895,基础化工,220802,2021-07-30 00:00:00,swsresearch_xls+constituents
300069,电力设备,630805,2021-07-30 00:00:00,swsresearch_xls+constituents
002891,农林牧渔,110404,2021-07-30 00:00:00,swsresearch_xls+constituents
300068,电力设备,630705,2021-07-30 00:00:00,swsresearch_xls+constituents
002883,建筑装饰,620601,2021-07-30 00:00:00,swsresearch_xls+constituents
300066,机械设备,640107,2021-07-30 00:00:00,swsresearch_xls+constituents
600874,环保,760102,2021-07-30 00:00:00,swsresearch_xls+constituents
002887,环保,760104,2021-07-30 00:00:00,swsresearch_xls+constituents
002888,电子,270503,2021-07-30 00:00:00,swsresearch_xls+constituents
002889,交通运输,420803,2021-07-30 00:00:00,swsresearch_xls+constituents
300063,传媒,720501,2021-07-30 00:00:00,swsresearch_xls+constituents
300367,计算机,710102,2021-07-30 00:00:00,swsresearch_xls+constituents
300062,电力设备,630801,2021-07-30 00:00:00,swsresearch_xls+constituents
300061,传媒,720501,2021-07-30 00:00:00,swsresearch_xls+constituents
600093,非银金融,490308,2021-07-30 00:00:00,swsresearch_xls+constituents
300058,传媒,720501,2021-07-30 00:00:00,swsresearch_xls+constituents
300057,有色金属,240301,2021-07-30 00:00:00,swsresearch_xls+constituents
600029,交通运输,421001,2021-07-30 00:00:00,swsresearch_xls+constituents
300056,环保,760101,2021-07-30 00:00:00,swsresearch_xls+constituents
600787,交通运输,420806,2021-07-30 00:00:00,swsresearch_xls+constituents
300112,机械设备,640107,2021-07-30 00:00:00,swsresearch_xls+constituents
300113,传媒,720401,2021-07-30 00:00:00,swsresearch_xls+constituents
300172,环保,760102,2021-07-30 00:00:00,swsresearch_xls+constituents
300171,医药生物,370502,2021-07-30 00:00:00,swsresearch_xls+constituents
600753,交通运输,420802,2021-07-30 00:00:00,swsresearch_xls+constituents
300170,计算机,710301,2021-07-30 00:00:00,swsresearch_xls+constituents
600754,社会服务,460901,2021-07-30 00:00:00,swsresearch_xls+constituents
600884,电力设备,630702,2021-07-30 00:00:00,swsresearch_xls+constituents
300168,计算机,710301,2021-07-30 00:00:00,swsresearch_xls+constituents
600755,交通运输,420802,2021-07-30 00:00:00,swsresearch_xls+constituents
300167,计算机,710301,2021-07-30 00:00:00,swsresearch_xls+constituents
300166,计算机,710301,2021-07-30 00:00:00,swsresearch_xls+constituents
300165,机械设备,640107,2021-07-30 00:00:00,swsresearch_xls+constituents
300164,石油石化,750202,2021-07-30 00:00:00,swsresearch_xls+constituents
600756,计算机,710301,2021-07-30 00:00:00,swsresearch_xls+constituents
300160,家用电器,330601,2021-07-30 00:00:00,swsresearch_xls+constituents
600757,传媒,720901,2021-07-30 00:00:00,swsresearch_xls+constituents
300155,计算机,710102,2021-07-30 00:00:00,swsresearch_xls+constituents
600758,煤炭,740102,2021-07-30 00:00:00,swsresearch_xls+constituents
300176,汽车,280203,2021-07-30 00:00:00,swsresearch_xls+constituents
300152,环保,760104,2021-07-30 00:00:00,swsresearch_xls+constituents
600015,银行,480301,2021-07-30 00:00:00,swsresearch_xls+constituents
002861,电子,270504,2021-07-30 00:00:00,swsresearch_xls+constituents
300201,机械设备,640601,2021-07-30 00:00:00,swsresearch_xls+constituents
002859,电子,270401,2021-07-30 00:00:00,swsresearch_xls+constituents
300197,建筑装饰,620307,2021-07-30 00:00:00,swsresearch_xls+constituents
300196,建筑材料,610202,2021-07-30 00:00:00,swsresearch_xls+constituents
600012,交通运输,420901,2021-07-30 00:00:00,swsresearch_xls+constituents
300192,社会服务,461102,2021-07-30 00:00:00,swsresearch_xls+constituents
600746,基础化工,220205,2021-07-30 00:00:00,swsresearch_xls+constituents
300191,石油石化,750202,2021-07-30 00:00:00,swsresearch_xls+constituents
300190,环保,760104,2021-07-30 00:00:00,swsresearch_xls+constituents
300188,计算机,710401,2021-07-30 00:00:00,swsresearch_xls+constituents
002860,家用电器,330601,2021-07-30 00:00:00,swsresearch_xls+constituents
300185,电力设备,630602,2021-07-30 00:00:00,swsresearch_xls+constituents
300183,通信,730207,2021-07-30 00:00:00,swsresearch_xls+constituents
300182,传媒,720601,2021-07-30 00:00:00,swsresearch_xls+constituents
600749,社会服务,461003,2021-07-30 00:00:00,swsresearch_xls+constituents
300180,基础化工,220501,2021-07-30 00:00:00,swsresearch_xls+constituents
300178,社会服务,461004,2021-07-30 00:00:00,swsresearch_xls+constituents
300177,国防军工,650501,2021-07-30 00:00:00,swsresearch_xls+constituents
300150,计算机,710301,2021-07-30 00:00:00,swsresearch_xls+constituents
300149,医药生物,370603,2021-07-30 00:00:00,swsresearch_xls+constituents
600759,石油石化,750101,2021-07-30 00:00:00,swsresearch_xls+constituents
600018,交通运输,421102,2021-07-30 00:00:00,swsresearch_xls+constituents
300125,公用事业,410106,2021-07-30 00:00:00,swsresearch_xls+constituents
300124,机械设备,640702,2021-07-30 00:00:00,swsresearch_xls+constituents
002863,汽车,280204,2021-07-30 00:00:00,swsresearch_xls+constituents
300123,国防军工,650501,2021-07-30 00:00:00,swsresearch_xls+constituents
300122,医药生物,370303,2021-07-30 00:00:00,swsresearch_xls+constituents
300121,基础化工,220604,2021-07-30 00:00:00,swsresearch_xls+constituents
300118,电力设备,630502,2021-07-30 00:00:00,swsresearch_xls+constituents
002866,电子,270504,2021-07-30 00:00:00,swsresearch_xls+constituents
300117,建筑装饰,620404,2021-07-30 00:00:00,swsresearch_xls+constituents
300116,电力设备,630701,2021-07-30 00:00:00,swsresearch_xls+constituents
002867,纺织服饰,350301,2021-07-30 00:00:00,swsresearch_xls+constituents
600019,钢铁,230402,2021-07-30 00:00:00,swsresearch_xls+constituents
300115,电子,270504,2021-07-30 00:00:00,swsresearch_xls+constituents
300114,国防军工,650501,2021-07-30 00:00:00,swsresearch_xls+constituents
600769,环保,760102,2021-07-30 00:00:00,swsresearch_xls+constituents
300129,电力设备,630602,2021-07-30 00:00:00,swsresearch_xls+constituents
300130,计算机,710103,2021-07-30 00:00:00,swsresearch_xls+constituents
300132,美容护理,770201,2021-07-30 00:00:00,swsresearch_xls+constituents
300146,食品饮料,340407,2021-07-30 00:00:00,swsresearch_xls+constituents
300144,社会服务,461002,2021-07-30 00:00:00,swsresearch_xls+constituents
300143,医药生物,370604,2021-07-30 00:00:00,swsresearch_xls+constituents
300142,医药生物,370303,2021-07-30 00:00:00,swsresearch_xls+constituents
300141,电力设备,630802,2021-07-30 00:00:00,swsresearch_xls+constituents
600761,机械设备,640601,2021-07-30 00:00:00,swsresearch_xls+constituents
600016,银行,480301,2021-07-30 00:00:00,swsresearch_xls+constituents
300044,计算机,710301,2021-07-30 00:00:00,swsresearch_xls+constituents
002862,轻工制造,360502,2021-07-30 00:00:00,swsresearch_xls+constituents
600763,医药生物,370604,2021-07-30 00:00:00,swsresearch_xls+constituents
300136,电子,270504,2021-07-30 00:00:00,swsresearch_xls+constituents
600096,基础化工,220802,2021-07-30 00:00:00,swsresearch_xls+constituents
300135,石油石化,750303,2021-07-30 00:00:00,swsresearch_xls+constituents
300134,通信,730204,2021-07-30 00:00:00,swsresearch_xls+constituents
600017,交通运输,421102,2021-07-30 00:00:00,swsresearch_xls+constituents
300133,传媒,720601,2021-07-30 00:00:00,swsresearch_xls+constituents
600764,国防军工,650401,2021-07-30 00:00:00,swsresearch_xls+constituents
300043,传媒,720401,2021-07-30 00:00:00,swsresearch_xls+constituents
600794,交通运输,420806,2021-07-30 00:00:00,swsresearch_xls+constituents
300042,计算机,710103,2021-07-30 00:00:00,swsresearch_xls+constituents
600833,医药生物,370403,2021-07-30 00:00:00,swsresearch_xls+constituents
003010,商贸零售,450603,2021-07-30 00:00:00,swsresearch_xls+constituents
600834,交通运输,420902,2021-07-30 00:00:00,swsresearch_xls+constituents
003008,社会服务,460802,2021-07-30 00:00:00,swsresearch_xls+constituents
600063,基础化工,220404,2021-07-30 00:00:00,swsresearch_xls+constituents
003007,计算机,710401,2021-07-30 00:00:00,swsresearch_xls+constituents
600836,轻工制造,360202,2021-07-30 00:00:00,swsresearch_xls+constituents
003006,美容护理,770101,2021-07-30 00:00:00,swsresearch_xls+constituents
003005,计算机,710301,2021-07-30 00:00:00,swsresearch_xls+constituents
600054,社会服务,461003,2021-07-30 00:00:00,swsresearch_xls+constituents
003004,计算机,710102,2021-07-30 00:00:00,swsresearch_xls+constituents
003003,轻工制造,360206,2021-07-30 00:00:00,swsresearch_xls+constituents
002941,建筑装饰,620306,2021-07-30 00:00:00,swsresearch_xls+constituents
002942,基础化工,220803,2021-07-30 00:00:00,swsresearch_xls+constituents
002946,食品饮料,340702,2021-07-30 00:00:00,swsresearch_xls+constituents
002947,电子,270504,2021-07-30 00:00:00,swsresearch_xls+constituents
002948,银行,480401,2021-07-30 00:00:00,swsresearch_xls+constituents
002949,建筑装饰,620601,2021-07-30 00:00:00,swsresearch_xls+constituents
600055,医药生物,370502,2021-07-30 00:00:00,swsresearch_xls+constituents
600860,机械设备,640108,2021-07-30 00:00:00,swsresearch_xls+constituents
003011,轻工制造,360306,2021-07-30 00:00:00,swsresearch_xls+constituents
002929,通信,730103,2021-07-30 00:00:00,swsresearch_xls+constituents
600825,传媒,720902,2021-07-30 00:00:00,swsresearch_xls+constituents
600826,社会服务,460803,2021-07-30 00:00:00,swsresearch_xls+constituents
002930,交通运输,420806,2021-07-30 00:00:00,swsresearch_xls+constituents
003022,电力设备,630504,2021-07-30 00:00:00,swsresearch_xls+constituents
002931,机械设备,640108,2021-07-30 00:00:00,swsresearch_xls+constituents
003018,轻工制造,360204,2021-07-30 00:00:00,swsresearch_xls+constituents
002932,医药生物,370504,2021-07-30 00:00:00,swsresearch_xls+constituents
600829,医药生物,370402,2021-07-30 00:00:00,swsresearch_xls+constituents
003016,纺织服饰,350209,2021-07-30 00:00:00,swsresearch_xls+constituents
600830,非银金融,490302,2021-07-30 00:00:00,swsresearch_xls+constituents
600053,非银金融,490307,2021-07-30 00:00:00,swsresearch_xls+constituents
003013,建筑装饰,620601,2021-07-30 00:00:00,swsresearch_xls+constituents
002935,国防军工,650501,2021-07-30 00:00:00,swsresearch_xls+constituents
600831,传媒,721001,2021-07-30 00:00:00,swsresearch_xls+constituents
003012,轻工制造,360306,2021-07-30 00:00:00,swsresearch_xls+constituents
002936,银行,480401,2021-07-30 00:00:00,swsresearch_xls+constituents
002950,医药生物,370503,2021-07-30 00:00:00,swsresearch_xls+constituents
600086,纺织服饰,350301,2021-07-30 00:00:00,swsresearch_xls+constituents
600056,医药生物,370402,2021-07-30 00:00:00,swsresearch_xls+constituents
002982,农林牧渔,110703,2021-07-30 00:00:00,swsresearch_xls+constituents
002981,电子,270504,2021-07-30 00:00:00,swsresearch_xls+constituents
002980,电力设备,630804,2021-07-30 00:00:00,swsresearch_xls+constituents
600850,计算机,710301,2021-07-30 00:00:00,swsresearch_xls+constituents
002979,机械设备,640701,2021-07-30 00:00:00,swsresearch_xls+constituents
002978,有色金属,240504,2021-07-30 00:00:00,swsresearch_xls+constituents
002977,国防军工,650501,2021-07-30 00:00:00,swsresearch_xls+constituents
002959,家用电器,330301,2021-07-30 00:00:00,swsresearch_xls+constituents
002975,机械设备,640702,2021-07-30 00:00:00,swsresearch_xls+constituents
002973,环保,760103,2021-07-30 00:00:00,swsresearch_xls+constituents
002970,计算机,710103,2021-07-30 00:00:00,swsresearch_xls+constituents
600853,建筑装饰,620306,2021-07-30 00:00:00,swsresearch_xls+constituents
002969,轻工制造,360203,2021-07-30 00:00:00,swsresearch_xls+constituents
002968,房地产,430301,2021-07-30 00:00:00,swsresearch_xls+constituents
002967,社会服务,460802,2021-07-30 00:00:00,swsresearch_xls+constituents
002961,非银金融,490303,2021-07-30 00:00:00,swsresearch_xls+constituents
002966,银行,480401,2021-07-30 00:00:00,swsresearch_xls+constituents
600057,交通运输,420802,2021-07-30 00:00:00,swsresearch_xls+constituents
600848,房地产,430103,2021-07-30 00:00:00,swsresearch_xls+constituents
002958,银行,480501,2021-07-30 00:00:00,swsresearch_xls+constituents
002984,汽车,280204,2021-07-30 00:00:00,swsresearch_xls+constituents
003000,食品饮料,340801,2021-07-30 00:00:00,swsresearch_xls+constituents
600084,食品饮料,340602,2021-07-30 00:00:00,swsresearch_xls+constituents
002953,电力设备,630805,2021-07-30 00:00:00,swsresearch_xls+constituents
002999,基础化工,220805,2021-07-30 00:00:00,swsresearch_xls+constituents
002997,汽车,280205,2021-07-30 00:00:00,swsresearch_xls+constituents
002956,食品饮料,340802,2021-07-30 00:00:00,swsresearch_xls+constituents
600844,基础化工,220205,2021-07-30 00:00:00,swsresearch_xls+constituents
002995,传媒,720501,2021-07-30 00:00:00,swsresearch_xls+constituents
600824,商贸零售,450303,2021-07-30 00:00:00,swsresearch_xls+constituents
002993,电子,270504,2021-07-30 00:00:00,swsresearch_xls+constituents
002991,食品饮料,340801,2021-07-30 00:00:00,swsresearch_xls+constituents
002957,机械设备,640702,2021-07-30 00:00:00,swsresearch_xls+constituents
002990,计算机,710103,2021-07-30 00:00:00,swsresearch_xls+constituents
002987,计算机,710401,2021-07-30 00:00:00,swsresearch_xls+constituents
600847,电力设备,630705,2021-07-30 00:00:00,swsresearch_xls+constituents
600856,石油石化,750101,2021-07-30 00:00:00,swsresearch_xls+constituents
002986,石油石化,750303,2021-07-30 00:00:00,swsresearch_xls+constituents
600845,计算机,710301,2021-07-30 00:00:00,swsresearch_xls+constituents
300202,计算机,710103,2021-07-30 00:00:00,swsresearch_xls+constituents
002928,交通运输,421001,2021-07-30 00:00:00,swsresearch_xls+constituents
600050,通信,730102,2021-07-30 00:00:00,swsresearch_xls+constituents
300027,传媒,720601,2021-07-30 00:00:00,swsresearch_xls+constituents
300025,通信,730103,2021-07-30 00:00:00,swsresearch_xls+constituents
300024,机械设备,640701,2021-07-30 00:00:00,swsresearch_xls+constituents
300023,非银金融,490302,2021-07-30 00:00:00,swsresearch_xls+constituents
300021,农林牧渔,110901,2021-07-30 00:00:00,swsresearch_xls+constituents
300020,计算机,710301,2021-07-30 00:00:00,swsresearch_xls+constituents
600071,电子,270303,2021-07-30 00:00:00,swsresearch_xls+constituents
600068,建筑装饰,620306,2021-07-30 00:00:00,swsresearch_xls+constituents
300019,基础化工,220316,2021-07-30 00:00:00,swsresearch_xls+constituents
300018,电力设备,630803,2021-07-30 00:00:00,swsresearch_xls+constituents
300017,计算机,710301,2021-07-30 00:00:00,swsresearch_xls+constituents
300015,医药生物,370604,2021-07-30 00:00:00,swsresearch_xls+constituents
600804,通信,730102,2021-07-30 00:00:00,swsresearch_xls+constituents
002909,基础化工,220316,2021-07-30 00:00:00,swsresearch_xls+constituents
300014,电力设备,630701,2021-07-30 00:00:00,swsresearch_xls+constituents
300013,交通运输,420803,2021-07-30 00:00:00,swsresearch_xls+constituents
300012,社会服务,460802,2021-07-30 00:00:00,swsresearch_xls+constituents
300011,机械设备,640501,2021-07-30 00:00:00,swsresearch_xls+constituents
002910,食品饮料,340702,2021-07-30 00:00:00,swsresearch_xls+constituents
002906,汽车,280206,2021-07-30 00:00:00,swsresearch_xls+constituents
300031,传媒,720401,2021-07-30 00:00:00,swsresearch_xls+constituents
300041,基础化工,220316,2021-07-30 00:00:00,swsresearch_xls+constituents
002901,医药生物,370503,2021-07-30 00:00:00,swsresearch_xls+constituents
600033,交通运输,420901,2021-07-30 00:00:00,swsresearch_xls+constituents
300038,传媒,720501,2021-07-30 00:00:00,swsresearch_xls+constituents
300037,电力设备,630702,2021-07-30 00:00:00,swsresearch_xls+constituents
600797,计算机,710301,2021-07-30 00:00:00,swsresearch_xls+constituents
002902,通信,730204,2021-07-30 00:00:00,swsresearch_xls+constituents
300036,计算机,710402,2021-07-30 00:00:00,swsresearch_xls+constituents
002905,传媒,720602,2021-07-30 00:00:00,swsresearch_xls+constituents
600035,交通运输,420901,2021-07-30 00:00:00,swsresearch_xls+constituents
600798,交通运输,421101,2021-07-30 00:00:00,swsresearch_xls+constituents
300035,电力设备,630702,2021-07-30 00:00:00,swsresearch_xls+constituents
600869,电力设备,630805,2021-07-30 00:00:00,swsresearch_xls+constituents
300034,国防军工,650201,2021-07-30 00:00:00,swsresearch_xls+constituents
300033,计算机,710401,2021-07-30 00:00:00,swsresearch_xls+constituents
300032,电子,270504,2021-07-30 00:00:00,swsresearch_xls+constituents
600800,石油石化,750303,2021-07-30 00:00:00,swsresearch_xls+constituents
300030,医药生物,370502,2021-07-30 00:00:00,swsresearch_xls+constituents
002912,计算机,710103,2021-07-30 00:00:00,swsresearch_xls+constituents
300009,医药生物,370304,2021-07-30 00:00:00,swsresearch_xls+constituents
003035,公用事业,410110,2021-07-30 00:00:00,swsresearch_xls+constituents
002920,计算机,710401,2021-07-30 00:00:00,swsresearch_xls+constituents
600037,传媒,721001,2021-07-30 00:00:00,swsresearch_xls+constituents
003033,汽车,280402,2021-07-30 00:00:00,swsresearch_xls+constituents
003032,社会服务,461102,2021-07-30 00:00:00,swsresearch_xls+constituents
600064,房地产,430101,2021-07-30 00:00:00,swsresearch_xls+constituents
002921,汽车,280205,2021-07-30 00:00:00,swsresearch_xls+constituents
600820,建筑装饰,620306,2021-07-30 00:00:00,swsresearch_xls+constituents
003031,通信,730206,2021-07-30 00:00:00,swsresearch_xls+constituents
600089,电力设备,630801,2021-07-30 00:00:00,swsresearch_xls+constituents
002922,电子,270401,2021-07-30 00:00:00,swsresearch_xls+constituents
003030,农林牧渔,110504,2021-07-30 00:00:00,swsresearch_xls+constituents
600822,汽车,280302,2021-07-30 00:00:00,swsresearch_xls+constituents
003029,计算机,710401,2021-07-30 00:00:00,swsresearch_xls+constituents
600039,建筑装饰,620306,2021-07-30 00:00:00,swsresearch_xls+constituents
003027,环保,760101,2021-07-30 00:00:00,swsresearch_xls+constituents
002925,电子,270504,2021-07-30 00:00:00,swsresearch_xls+constituents
600036,银行,480301,2021-07-30 00:00:00,swsresearch_xls+constituents
600066,汽车,280602,2021-07-30 00:00:00,swsresearch_xls+constituents
300007,机械设备,640107,2021-07-30 00:00:00,swsresearch_xls+constituents
600867,医药生物,370304,2021-07-30 00:00:00,swsresearch_xls+constituents
600090,医药生物,370402,2021-07-30 00:00:00,swsresearch_xls+constituents
600082,房地产,430103,2021-07-30 00:00:00,swsresearch_xls+constituents
300005,纺织服饰,350208,2021-07-30 00:00:00,swsresearch_xls+constituents
600808,钢铁,230402,2021-07-30 00:00:00,swsresearch_xls+constituents
002918,轻工制造,360306,2021-07-30 00:00:00,swsresearch_xls+constituents
300003,医药生物,370503,2021-07-30 00:00:00,swsresearch_xls+constituents
600809,食品饮料,340501,2021-07-30 00:00:00,swsresearch_xls+constituents
002927,电力设备,630802,2021-07-30 00:00:00,swsresearch_xls+constituents
300002,传媒,720401,2021-07-30 00:00:00,swsresearch_xls+constituents
003816,公用事业,410108,2021-07-30 00:00:00,swsresearch_xls+constituents
600810,基础化工,220406,2021-07-30 00:00:00,swsresearch_xls+constituents
003043,电子,270108,2021-07-30 00:00:00,swsresearch_xls+constituents
600866,基础化工,220315,2021-07-30 00:00:00,swsresearch_xls+constituents
003042,基础化工,220803,2021-07-30 00:00:00,swsresearch_xls+constituents
003040,通信,730206,2021-07-30 00:00:00,swsresearch_xls+constituents
003039,环保,760102,2021-07-30 00:00:00,swsresearch_xls+constituents
600815,机械设备,640601,2021-07-30 00:00:00,swsresearch_xls+constituents
600816,非银金融,490304,2021-07-30 00:00:00,swsresearch_xls+constituents
300001,电力设备,630801,2021-07-30 00:00:00,swsresearch_xls+constituents
600059,食品饮料,340602,2021-07-30 00:00:00,swsresearch_xls+constituents
300319,电子,270203,2021-07-30 00:00:00,swsresearch_xls+constituents
002850,电力设备,630701,2021-07-30 00:00:00,swsresearch_xls+constituents
600105,通信,730205,2021-07-30 00:00:00,swsresearch_xls+constituents
600104,汽车,280502,2021-07-30 00:00:00,swsresearch_xls+constituents
600704,交通运输,420802,2021-07-30 00:00:00,swsresearch_xls+constituents
300317,公用事业,410106,2021-07-30 00:00:00,swsresearch_xls+constituents
600731,基础化工,220803,2021-07-30 00:00:00,swsresearch_xls+constituents
300247,家用电器,330701,2021-07-30 00:00:00,swsresearch_xls+constituents
600730,社会服务,461102,2021-07-30 00:00:00,swsresearch_xls+constituents
300248,计算机,710103,2021-07-30 00:00:00,swsresearch_xls+constituents
002836,轻工制造,360205,2021-07-30 00:00:00,swsresearch_xls+constituents
300249,计算机,710103,2021-07-30 00:00:00,swsresearch_xls+constituents
300250,计算机,710301,2021-07-30 00:00:00,swsresearch_xls+constituents
300316,电力设备,630505,2021-07-30 00:00:00,swsresearch_xls+constituents
600705,非银金融,490302,2021-07-30 00:00:00,swsresearch_xls+constituents
600728,计算机,710301,2021-07-30 00:00:00,swsresearch_xls+constituents
300251,传媒,720601,2021-07-30 00:00:00,swsresearch_xls+constituents
300252,国防军工,650501,2021-07-30 00:00:00,swsresearch_xls+constituents
300315,传媒,720401,2021-07-30 00:00:00,swsresearch_xls+constituents
300314,医药生物,370502,2021-07-30 00:00:00,swsresearch_xls+constituents
002849,机械设备,640107,2021-07-30 00:00:00,swsresearch_xls+constituents
300313,农林牧渔,110704,2021-07-30 00:00:00,swsresearch_xls+constituents
600706,社会服务,461002,2021-07-30 00:00:00,swsresearch_xls+constituents
300253,计算机,710401,2021-07-30 00:00:00,swsresearch_xls+constituents
300255,医药生物,370102,2021-07-30 00:00:00,swsresearch_xls+constituents
300312,通信,730204,2021-07-30 00:00:00,swsresearch_xls+constituents
300311,计算机,710402,2021-07-30 00:00:00,swsresearch_xls+constituents
300256,电子,270504,2021-07-30 00:00:00,swsresearch_xls+constituents
300321,基础化工,220313,2021-07-30 00:00:00,swsresearch_xls+constituents
300322,电子,270504,2021-07-30 00:00:00,swsresearch_xls+constituents
300324,计算机,710103,2021-07-30 00:00:00,swsresearch_xls+constituents
300246,医药生物,370502,2021-07-30 00:00:00,swsresearch_xls+constituents
300238,医药生物,370503,2021-07-30 00:00:00,swsresearch_xls+constituents
300340,电力设备,630702,2021-07-30 00:00:00,swsresearch_xls+constituents
300239,医药生物,370304,2021-07-30 00:00:00,swsresearch_xls+constituents
002835,计算机,710102,2021-07-30 00:00:00,swsresearch_xls+constituents
300339,计算机,710301,2021-07-30 00:00:00,swsresearch_xls+constituents
600721,医药生物,370603,2021-07-30 00:00:00,swsresearch_xls+constituents
300336,传媒,720502,2021-07-30 00:00:00,swsresearch_xls+constituents
300335,公用事业,410104,2021-07-30 00:00:00,swsresearch_xls+constituents
600698,汽车,280203,2021-07-30 00:00:00,swsresearch_xls+constituents
600107,纺织服饰,350209,2021-07-30 00:00:00,swsresearch_xls+constituents
300240,交通运输,420803,2021-07-30 00:00:00,swsresearch_xls+constituents
300334,环保,760102,2021-07-30 00:00:00,swsresearch_xls+constituents
600727,基础化工,220206,2021-07-30 00:00:00,swsresearch_xls+constituents
300333,计算机,710103,2021-07-30 00:00:00,swsresearch_xls+constituents
600699,汽车,280206,2021-07-30 00:00:00,swsresearch_xls+constituents
002853,轻工制造,360308,2021-07-30 00:00:00,swsresearch_xls+constituents
300242,传媒,720501,2021-07-30 00:00:00,swsresearch_xls+constituents
300330,计算机,710103,2021-07-30 00:00:00,swsresearch_xls+constituents
300329,轻工制造,360502,2021-07-30 00:00:00,swsresearch_xls+constituents
300243,基础化工,220501,2021-07-30 00:00:00,swsresearch_xls+constituents
300244,医药生物,370602,2021-07-30 00:00:00,swsresearch_xls+constituents
600702,食品饮料,340501,2021-07-30 00:00:00,swsresearch_xls+constituents
600732,电力设备,630502,2021-07-30 00:00:00,swsresearch_xls+constituents
300327,电子,270104,2021-07-30 00:00:00,swsresearch_xls+constituents
300245,计算机,710301,2021-07-30 00:00:00,swsresearch_xls+constituents
600106,交通运输,420901,2021-07-30 00:00:00,swsresearch_xls+constituents
300326,医药生物,370503,2021-07-30 00:00:00,swsresearch_xls+constituents
300332,公用事业,410301,2021-07-30 00:00:00,swsresearch_xls+constituents
300310,通信,730103,2021-07-30 00:00:00,swsresearch_xls+constituents
300308,通信,730204,2021-07-30 00:00:00,swsresearch_xls+constituents
300283,电力设备,630802,2021-07-30 00:00:00,swsresearch_xls+constituents
300282,社会服务,461103,2021-07-30 00:00:00,swsresearch_xls+constituents
600715,传媒,720401,2021-07-30 00:00:00,swsresearch_xls+constituents
002847,食品饮料,340801,2021-07-30 00:00:00,swsresearch_xls+constituents
300262,环保,760102,2021-07-30 00:00:00,swsresearch_xls+constituents
300280,传媒,720502,2021-07-30 00:00:00,swsresearch_xls+constituents
600101,公用事业,410110,2021-07-30 00:00:00,swsresearch_xls+constituents
300263,机械设备,640106,2021-07-30 00:00:00,swsresearch_xls+constituents
002846,轻工制造,360203,2021-07-30 00:00:00,swsresearch_xls+constituents
300264,计算机,710301,2021-07-30 00:00:00,swsresearch_xls+constituents
300265,电力设备,630805,2021-07-30 00:00:00,swsresearch_xls+constituents
600717,交通运输,421102,2021-07-30 00:00:00,swsresearch_xls+constituents
300266,环保,760102,2021-07-30 00:00:00,swsresearch_xls+constituents
002843,机械设备,640108,2021-07-30 00:00:00,swsresearch_xls+constituents
300278,机械设备,640702,2021-07-30 00:00:00,swsresearch_xls+constituents
300277,计算机,710301,2021-07-30 00:00:00,swsresearch_xls+constituents
300276,机械设备,640701,2021-07-30 00:00:00,swsresearch_xls+constituents
600718,计算机,710301,2021-07-30 00:00:00,swsresearch_xls+constituents
300274,电力设备,630503,2021-07-30 00:00:00,swsresearch_xls+constituents
300273,医药生物,370502,2021-07-30 00:00:00,swsresearch_xls+constituents
600078,基础化工,220802,2021-07-30 00:00:00,swsresearch_xls+constituents
600006,汽车,280601,2021-07-30 00:00:00,swsresearch_xls+constituents
600100,计算机,710103,2021-07-30 00:00:00,swsresearch_xls+constituents
300271,计算机,710301,2021-07-30 00:00:00,swsresearch_xls+constituents
300270,计算机,710102,2021-07-30 00:00:00,swsresearch_xls+constituents
300284,建筑装饰,620601,2021-07-30 00:00:00,swsresearch_xls+constituents
300286,电力设备,630804,2021-07-30 00:00:00,swsresearch_xls+constituents
300287,计算机,710301,2021-07-30 00:00:00,swsresearch_xls+constituents
300306,机械设备,640107,2021-07-30 00:00:00,swsresearch_xls+constituents
002839,银行,480501,2021-07-30 00:00:00,swsresearch_xls+constituents
300305,基础化工,220505,2021-07-30 00:00:00,swsresearch_xls+constituents
600103,轻工制造,360103,2021-07-30 00:00:00,swsresearch_xls+constituents
300258,汽车,280203,2021-07-30 00:00:00,swsresearch_xls+constituents
300304,汽车,280206,2021-07-30 00:00:00,swsresearch_xls+constituents
300302,计算机,710103,2021-07-30 00:00:00,swsresearch_xls+constituents
300300,计算机,710301,2021-07-30 00:00:00,swsresearch_xls+constituents
600887,食品饮料,340702,2021-07-30 00:00:00,swsresearch_xls+constituents
300299,传媒,720401,2021-07-30 00:00:00,swsresearch_xls+constituents
300259,机械设备,640107,2021-07-30 00:00:00,swsresearch_xls+constituents
300298,医药生物,370502,2021-07-30 00:00:00,swsresearch_xls+constituents
600725,煤炭,740201,2021-07-30 00:00:00,swsresearch_xls+constituents
300297,计算机,710301,2021-07-30 00:00:00,swsresearch_xls+constituents
300309,非银金融,490307,2021-07-30 00:00:00,swsresearch_xls+constituents
300260,机械设备,640108,2021-07-30 00:00:00,swsresearch_xls+constituents
300261,基础化工,220803,2021-07-30 00:00:00,swsresearch_xls+constituents
600004,交通运输,421002,2021-07-30 00:00:00,swsresearch_xls+constituents
300295,传媒,720704,2021-07-30 00:00:00,swsresearch_xls+constituents
300294,医药生物,370302,2021-07-30 00:00:00,swsresearch_xls+constituents
300292,通信,730104,2021-07-30 00:00:00,swsresearch_xls+constituents
600713,医药生物,370402,2021-07-30 00:00:00,swsresearch_xls+constituents
600890,房地产,430102,2021-07-30 00:00:00,swsresearch_xls+constituents
300291,传媒,720601,2021-07-30 00:00:00,swsresearch_xls+constituents
600007,房地产,430102,2021-07-30 00:00:00,swsresearch_xls+constituents
300290,计算机,710301,2021-07-30 00:00:00,swsresearch_xls+constituents
300289,医药生物,370504,2021-07-30 00:00:00,swsresearch_xls+constituents
300288,计算机,710301,2021-07-30 00:00:00,swsresearch_xls+constituents
600000,银行,480301,2021-07-30 00:00:00,swsresearch_xls+constituents
002832,纺织服饰,350209,2021-07-30 00:00:00,swsresearch_xls+constituents
300338,社会服务,461102,2021-07-30 00:00:00,swsresearch_xls+constituents
600885,电力设备,630803,2021-07-30 00:00:00,swsresearch_xls+constituents
600892,传媒,720401,2021-07-30 00:00:00,swsresearch_xls+constituents
300215,社会服务,460802,2021-07-30 00:00:00,swsresearch_xls+constituents
002855,电子,270504,2021-07-30 00:00:00,swsresearch_xls+constituents
300228,机械设备,640108,2021-07-30 00:00:00,swsresearch_xls+constituents
300213,通信,730207,2021-07-30 00:00:00,swsresearch_xls+constituents
600735,纺织服饰,350303,2021-07-30 00:00:00,swsresearch_xls+constituents
300349,机械设备,640107,2021-07-30 00:00:00,swsresearch_xls+constituents
300358,医药生物,370502,2021-07-30 00:00:00,swsresearch_xls+constituents
300212,计算机,710301,2021-07-30 00:00:00,swsresearch_xls+constituents
300348,计算机,710401,2021-07-30 00:00:00,swsresearch_xls+constituents
300347,医药生物,370603,2021-07-30 00:00:00,swsresearch_xls+constituents
300359,社会服务,461102,2021-07-30 00:00:00,swsresearch_xls+constituents
600739,医药生物,370303,2021-07-30 00:00:00,swsresearch_xls+constituents
300357,医药生物,370304,2021-07-30 00:00:00,swsresearch_xls+constituents
300356,电力设备,630804,2021-07-30 00:00:00,swsresearch_xls+constituents
600691,基础化工,220801,2021-07-30 00:00:00,swsresearch_xls+constituents
300227,机械设备,640703,2021-07-30 00:00:00,swsresearch_xls+constituents
300354,机械设备,640107,2021-07-30 00:00:00,swsresearch_xls+constituents
002831,轻工制造,360205,2021-07-30 00:00:00,swsresearch_xls+constituents
002828,石油石化,750201,2021-07-30 00:00:00,swsresearch_xls+constituents
300218,基础化工,220501,2021-07-30 00:00:00,swsresearch_xls+constituents
600690,家用电器,330106,2021-07-30 00:00:00,swsresearch_xls+constituents
300352,计算机,710401,2021-07-30 00:00:00,swsresearch_xls+constituents
300217,家用电器,330601,2021-07-30 00:00:00,swsresearch_xls+constituents
300355,建筑装饰,620307,2021-07-30 00:00:00,swsresearch_xls+constituents
300222,电力设备,630803,2021-07-30 00:00:00,swsresearch_xls+constituents
300223,电子,270104,2021-07-30 00:00:00,swsresearch_xls+constituents
600688,石油石化,750301,2021-07-30 00:00:00,swsresearch_xls+constituents
300226,计算机,710401,2021-07-30 00:00:00,swsresearch_xls+constituents
300350,交通运输,420803,2021-07-30 00:00:00,swsresearch_xls+constituents
300229,计算机,710401,2021-07-30 00:00:00,swsresearch_xls+constituents
300353,通信,730207,2021-07-30 00:00:00,swsresearch_xls+constituents
300211,通信,730103,2021-07-30 00:00:00,swsresearch_xls+constituents
600010,钢铁,230402,2021-07-30 00:00:00,swsresearch_xls+constituents
002858,社会服务,460601,2021-07-30 00:00:00,swsresearch_xls+constituents
002857,电力设备,630804,2021-07-30 00:00:00,swsresearch_xls+constituents
600695,非银金融,490307,2021-07-30 00:00:00,swsresearch_xls+constituents
300342,家用电器,330601,2021-07-30 00:00:00,swsresearch_xls+constituents
300205,通信,730206,2021-07-30 00:00:00,swsresearch_xls+constituents
600009,交通运输,421002,2021-07-30 00:00:00,swsresearch_xls+constituents
600008,环保,760102,2021-07-30 00:00:00,swsresearch_xls+constituents
600742,汽车,280202,2021-07-30 00:00:00,swsresearch_xls+constituents
300206,医药生物,370502,2021-07-30 00:00:00,swsresearch_xls+constituents
300366,计算机,710401,2021-07-30 00:00:00,swsresearch_xls+constituents
300207,电力设备,630701,2021-07-30 00:00:00,swsresearch_xls+constituents
300360,电力设备,630804,2021-07-30 00:00:00,swsresearch_xls+constituents
300365,计算机,710401,2021-07-30 00:00:00,swsresearch_xls+constituents
600741,汽车,280202,2021-07-30 00:00:00,swsresearch_xls+constituents
300231,计算机,710301,2021-07-30 00:00:00,swsresearch_xls+constituents
300235,计算机,710401,2021-07-30 00:00:00,swsresearch_xls+constituents
600740,煤炭,740201,2021-07-30 00:00:00,swsresearch_xls+constituents
600734,通信,730206,2021-07-30 00:00:00,swsresearch_xls+constituents
300362,环保,760102,2021-07-30 00:00:00,swsresearch_xls+constituents
300363,医药生物,370603,2021-07-30 00:00:00,swsresearch_xls+constituents
300364,传媒,720902,2021-07-30 00:00:00,swsresearch_xls+constituents
600686,汽车,280602,2021-07-30 00:00:00,swsresearch_xls+constituents
300236,电子,270601,2021-07-30 00:00:00,swsresearch_xls+constituents
300346,电子,270601,2021-07-30 00:00:00,swsresearch_xls+constituents
300209,计算机,710401,2021-07-30 00:00:00,swsresearch_xls+constituents
300208,综合,510101,2021-07-30 00:00:00,swsresearch_xls+constituents
300344,计算机,710401,2021-07-30 00:00:00,swsresearch_xls+constituents
300210,环保,760201,2021-07-30 00:00:00,swsresearch_xls+constituents
688733,电力设备,630702,2021-08-06 00:00:00,swsresearch_xls+constituents
001211,轻工制造,360311,2021-08-06 00:00:00,swsresearch_xls+constituents
605069,环保,760104,2021-08-06 00:00:00,swsresearch_xls+constituents
688779,电力设备,630702,2021-08-06 00:00:00,swsresearch_xls+constituents
300844,建筑装饰,620601,2021-08-06 00:00:00,swsresearch_xls+constituents
301046,建筑装饰,620404,2021-08-06 00:00:00,swsresearch_xls+constituents
688148,电力设备,630702,2021-08-06 00:00:00,swsresearch_xls+constituents
688787,计算机,710301,2021-08-06 00:00:00,swsresearch_xls+constituents
688778,电力设备,630702,2021-08-06 00:00:00,swsresearch_xls+constituents
605588,电子,270303,2021-08-06 00:00:00,swsresearch_xls+constituents
301049,环保,760103,2021-08-13 00:00:00,swsresearch_xls+constituents
301051,电子,270504,2021-08-13 00:00:00,swsresearch_xls+constituents
301048,机械设备,640501,2021-08-13 00:00:00,swsresearch_xls+constituents
601728,通信,730102,2021-08-13 00:00:00,swsresearch_xls+constituents
920566,医药生物,370102,2021-08-13 00:00:00,swsresearch_xls+constituents
605589,基础化工,220504,2021-08-13 00:00:00,swsresearch_xls+constituents
688766,电子,270104,2021-08-13 00:00:00,swsresearch_xls+constituents
301050,国防军工,650501,2021-08-13 00:00:00,swsresearch_xls+constituents
605580,公用事业,410104,2021-08-13 00:00:00,swsresearch_xls+constituents
688728,电子,270104,2021-08-13 00:00:00,swsresearch_xls+constituents
920642,国防军工,650201,2021-08-16 00:00:00,swsresearch_xls+constituents
920039,社会服务,460804,2021-08-18 00:00:00,swsresearch_xls+constituents
301055,轻工制造,360311,2021-08-20 00:00:00,swsresearch_xls+constituents
301053,机械设备,640206,2021-08-20 00:00:00,swsresearch_xls+constituents
301056,机械设备,640204,2021-08-20 00:00:00,swsresearch_xls+constituents
688187,机械设备,640501,2021-08-20 00:00:00,swsresearch_xls+constituents
605598,建筑装饰,620404,2021-08-20 00:00:00,swsresearch_xls+constituents
688711,电子,270102,2021-08-20 00:00:00,swsresearch_xls+constituents
605599,纺织服饰,350301,2021-08-20 00:00:00,swsresearch_xls+constituents
001215,食品饮料,340406,2021-08-20 00:00:00,swsresearch_xls+constituents
301052,传媒,720902,2021-08-20 00:00:00,swsresearch_xls+constituents
688091,医药生物,370102,2021-08-20 00:00:00,swsresearch_xls+constituents
301057,基础化工,220401,2021-08-20 00:00:00,swsresearch_xls+constituents
001213,交通运输,420903,2021-08-20 00:00:00,swsresearch_xls+constituents
600228,传媒,720704,2021-08-20 00:00:00,swsresearch_xls+constituents
688767,医药生物,370504,2021-08-20 00:00:00,swsresearch_xls+constituents
301058,建筑装饰,620601,2021-08-20 00:00:00,swsresearch_xls+constituents
688121,机械设备,640203,2021-08-20 00:00:00,swsresearch_xls+constituents
688776,国防军工,650501,2021-08-20 00:00:00,swsresearch_xls+constituents
605033,基础化工,220803,2021-08-27 00:00:00,swsresearch_xls+constituents
301062,轻工制造,360205,2021-08-27 00:00:00,swsresearch_xls+constituents
300854,环保,760103,2021-08-27 00:00:00,swsresearch_xls+constituents
600955,基础化工,220204,2021-08-27 00:00:00,swsresearch_xls+constituents
301060,医药生物,370602,2021-08-27 00:00:00,swsresearch_xls+constituents
688103,电子,270401,2021-08-27 00:00:00,swsresearch_xls+constituents
301059,基础化工,220309,2021-08-27 00:00:00,swsresearch_xls+constituents
688622,机械设备,640107,2021-08-27 00:00:00,swsresearch_xls+constituents
688701,环保,760104,2021-08-27 00:00:00,swsresearch_xls+constituents
688707,电力设备,630702,2021-08-27 00:00:00,swsresearch_xls+constituents
920077,基础化工,220404,2021-08-31 00:00:00,swsresearch_xls+constituents
001216,轻工制造,360311,2021-09-03 00:00:00,swsresearch_xls+constituents
301068,环保,760103,2021-09-03 00:00:00,swsresearch_xls+constituents
301061,轻工制造,360307,2021-09-03 00:00:00,swsresearch_xls+constituents
301067,电子,270504,2021-09-03 00:00:00,swsresearch_xls+constituents
688697,机械设备,640101,2021-09-03 00:00:00,swsresearch_xls+constituents
301072,汽车,280203,2021-09-10 00:00:00,swsresearch_xls+constituents
001217,基础化工,220204,2021-09-10 00:00:00,swsresearch_xls+constituents
301069,基础化工,220204,2021-09-10 00:00:00,swsresearch_xls+constituents
301073,社会服务,460901,2021-09-10 00:00:00,swsresearch_xls+constituents
001218,基础化工,220309,2021-09-17 00:00:00,swsresearch_xls+constituents
301078,商贸零售,450401,2021-09-17 00:00:00,swsresearch_xls+constituents
301077,基础化工,220309,2021-09-17 00:00:00,swsresearch_xls+constituents
605567,食品饮料,340406,2021-09-17 00:00:00,swsresearch_xls+constituents
605138,纺织服饰,350209,2021-09-17 00:00:00,swsresearch_xls+constituents
301075,医药生物,370102,2021-09-17 00:00:00,swsresearch_xls+constituents
002605,传媒,720401,2021-09-17 00:00:00,swsresearch_xls+constituents
688772,电力设备,630701,2021-09-17 00:00:00,swsresearch_xls+constituents
301076,基础化工,220309,2021-09-17 00:00:00,swsresearch_xls+constituents
688722,基础化工,220404,2021-09-24 00:00:00,swsresearch_xls+constituents
301079,机械设备,640602,2021-09-24 00:00:00,swsresearch_xls+constituents
001219,食品饮料,340802,2021-09-24 00:00:00,swsresearch_xls+constituents
688272,国防军工,650501,2021-09-24 00:00:00,swsresearch_xls+constituents
301091,建筑装饰,620601,2021-09-30 00:00:00,swsresearch_xls+constituents
301082,电力设备,630805,2021-09-30 00:00:00,swsresearch_xls+constituents
688211,机械设备,640209,2021-09-30 00:00:00,swsresearch_xls+constituents
301089,医药生物,370101,2021-09-30 00:00:00,swsresearch_xls+constituents
301088,纺织服饰,350209,2021-09-30 00:00:00,swsresearch_xls+constituents
601868,建筑装饰,620306,2021-09-30 00:00:00,swsresearch_xls+constituents
688553,医药生物,370102,2021-09-30 00:00:00,swsresearch_xls+constituents
688739,医药生物,370303,2021-10-15 00:00:00,swsresearch_xls+constituents
603002,电子,270601,2021-10-15 00:00:00,swsresearch_xls+constituents
301081,环保,760201,2021-10-15 00:00:00,swsresearch_xls+constituents
688737,汽车,280205,2021-10-15 00:00:00,swsresearch_xls+constituents
001288,机械设备,640203,2021-10-15 00:00:00,swsresearch_xls+constituents
688255,机械设备,640701,2021-10-15 00:00:00,swsresearch_xls+constituents
605566,基础化工,220308,2021-10-15 00:00:00,swsresearch_xls+constituents
605555,家用电器,330302,2021-10-15 00:00:00,swsresearch_xls+constituents
301093,医药生物,370503,2021-10-15 00:00:00,swsresearch_xls+constituents
688280,汽车,280203,2021-10-15 00:00:00,swsresearch_xls+constituents
301092,基础化工,220504,2021-10-15 00:00:00,swsresearch_xls+constituents
688285,机械设备,640501,2021-10-15 00:00:00,swsresearch_xls+constituents
688257,机械设备,640108,2021-10-15 00:00:00,swsresearch_xls+constituents
301083,机械设备,640209,2021-10-15 00:00:00,swsresearch_xls+constituents
301086,电子,270504,2021-10-15 00:00:00,swsresearch_xls+constituents
301085,计算机,710301,2021-10-15 00:00:00,swsresearch_xls+constituents
301129,机械设备,640107,2021-10-22 00:00:00,swsresearch_xls+constituents
001317,交通运输,420903,2021-10-22 00:00:00,swsresearch_xls+constituents
301169,社会服务,460804,2021-10-22 00:00:00,swsresearch_xls+constituents
920925,医药生物,370502,2021-10-25 00:00:00,swsresearch_xls+constituents
920892,建筑装饰,620601,2021-10-28 00:00:00,swsresearch_xls+constituents
603213,基础化工,220202,2021-10-29 00:00:00,swsresearch_xls+constituents
688212,医药生物,370502,2021-10-29 00:00:00,swsresearch_xls+constituents
301098,建筑装饰,620307,2021-10-29 00:00:00,swsresearch_xls+constituents
301128,机械设备,640209,2021-10-29 00:00:00,swsresearch_xls+constituents
603048,汽车,280205,2021-10-29 00:00:00,swsresearch_xls+constituents
002231,国防军工,650501,2021-10-29 00:00:00,swsresearch_xls+constituents
688107,电子,270104,2021-10-29 00:00:00,swsresearch_xls+constituents
301149,基础化工,220309,2021-10-29 00:00:00,swsresearch_xls+constituents
920924,通信,730103,2021-11-03 00:00:00,swsresearch_xls+constituents
301133,汽车,280202,2021-11-05 00:00:00,swsresearch_xls+constituents
688082,电子,270108,2021-11-05 00:00:00,swsresearch_xls+constituents
301185,计算机,710301,2021-11-05 00:00:00,swsresearch_xls+constituents
688232,计算机,710401,2021-11-05 00:00:00,swsresearch_xls+constituents
301155,电力设备,630602,2021-11-05 00:00:00,swsresearch_xls+constituents
301178,计算机,710301,2021-11-05 00:00:00,swsresearch_xls+constituents
688075,医药生物,370504,2021-11-05 00:00:00,swsresearch_xls+constituents
301180,电子,270504,2021-11-05 00:00:00,swsresearch_xls+constituents
920405,机械设备,640702,2021-11-05 00:00:00,swsresearch_xls+constituents
603219,家用电器,330302,2021-11-05 00:00:00,swsresearch_xls+constituents
301118,基础化工,220204,2021-11-05 00:00:00,swsresearch_xls+constituents
688182,通信,730204,2021-11-05 00:00:00,swsresearch_xls+constituents
920089,基础化工,220503,2021-11-09 00:00:00,swsresearch_xls+constituents
000088,交通运输,421102,2021-11-12 00:00:00,swsresearch_xls+constituents
600935,基础化工,220202,2021-11-12 00:00:00,swsresearch_xls+constituents
301119,汽车,280203,2021-11-12 00:00:00,swsresearch_xls+constituents
600927,非银金融,490303,2021-11-12 00:00:00,swsresearch_xls+constituents
688190,有色金属,240201,2021-11-12 00:00:00,swsresearch_xls+constituents
688049,电子,270104,2021-11-12 00:00:00,swsresearch_xls+constituents
920454,汽车,280203,2021-11-15 00:00:00,swsresearch_xls+constituents
920981,电子,270203,2021-11-15 00:00:00,swsresearch_xls+constituents
920436,汽车,280206,2021-11-15 00:00:00,swsresearch_xls+constituents
920680,计算机,710401,2021-11-15 00:00:00,swsresearch_xls+constituents
920260,机械设备,640108,2021-11-15 00:00:00,swsresearch_xls+constituents
920171,计算机,710301,2021-11-15 00:00:00,swsresearch_xls+constituents
920873,建筑装饰,620601,2021-11-15 00:00:00,swsresearch_xls+constituents
920145,环保,760201,2021-11-15 00:00:00,swsresearch_xls+constituents
001296,基础化工,220901,2021-11-19 00:00:00,swsresearch_xls+constituents
688230,电子,270102,2021-11-19 00:00:00,swsresearch_xls+constituents
301108,美容护理,770101,2021-11-19 00:00:00,swsresearch_xls+constituents
301198,轻工制造,360204,2021-11-19 00:00:00,swsresearch_xls+constituents
688112,机械设备,640107,2021-11-19 00:00:00,swsresearch_xls+constituents
301126,医药生物,370402,2021-11-19 00:00:00,swsresearch_xls+constituents
301199,机械设备,640701,2021-11-26 00:00:00,swsresearch_xls+constituents
688110,电子,270104,2021-11-26 00:00:00,swsresearch_xls+constituents
301167,建筑装饰,620601,2021-11-26 00:00:00,swsresearch_xls+constituents
301179,电力设备,630803,2021-11-26 00:00:00,swsresearch_xls+constituents
688192,医药生物,370102,2021-11-26 00:00:00,swsresearch_xls+constituents
301193,轻工制造,360311,2021-11-26 00:00:00,swsresearch_xls+constituents
301213,国防军工,650501,2021-11-26 00:00:00,swsresearch_xls+constituents
603216,轻工制造,360308,2021-11-26 00:00:00,swsresearch_xls+constituents
301100,基础化工,220309,2021-12-03 00:00:00,swsresearch_xls+constituents
688246,计算机,710401,2021-12-03 00:00:00,swsresearch_xls+constituents
688248,电力设备,630803,2021-12-03 00:00:00,swsresearch_xls+constituents
688058,计算机,710402,2021-12-03 00:00:00,swsresearch_xls+constituents
301177,纺织服饰,350301,2021-12-03 00:00:00,swsresearch_xls+constituents
301221,汽车,280206,2021-12-03 00:00:00,swsresearch_xls+constituents
301211,医药生物,370101,2021-12-03 00:00:00,swsresearch_xls+constituents
688032,电力设备,630503,2021-12-03 00:00:00,swsresearch_xls+constituents
301096,医药生物,370603,2021-12-03 00:00:00,swsresearch_xls+constituents
301101,轻工制造,360501,2021-12-03 00:00:00,swsresearch_xls+constituents
300627,通信,730206,2021-12-03 00:00:00,swsresearch_xls+constituents
600179,交通运输,421101,2021-12-03 00:00:00,swsresearch_xls+constituents
688265,医药生物,370603,2021-12-10 00:00:00,swsresearch_xls+constituents
688210,电子,270504,2021-12-10 00:00:00,swsresearch_xls+constituents
301186,汽车,280205,2021-12-10 00:00:00,swsresearch_xls+constituents
301113,轻工制造,360311,2021-12-10 00:00:00,swsresearch_xls+constituents
301166,医药生物,370304,2021-12-10 00:00:00,swsresearch_xls+constituents
301189,电子,270503,2021-12-10 00:00:00,swsresearch_xls+constituents
001227,银行,480401,2021-12-10 00:00:00,swsresearch_xls+constituents
301127,环保,760102,2021-12-10 00:00:00,swsresearch_xls+constituents
301071,基础化工,220901,2021-12-13 00:00:00,swsresearch_xls+constituents
688236,医药生物,370503,2021-12-17 00:00:00,swsresearch_xls+constituents
688262,电子,270104,2021-12-17 00:00:00,swsresearch_xls+constituents
600941,通信,730102,2021-12-17 00:00:00,swsresearch_xls+constituents
688227,计算机,710301,2021-12-17 00:00:00,swsresearch_xls+constituents
603176,建筑装饰,620306,2021-12-17 00:00:00,swsresearch_xls+constituents
688176,医药生物,370102,2021-12-17 00:00:00,swsresearch_xls+constituents
301196,基础化工,220501,2021-12-17 00:00:00,swsresearch_xls+constituents
920245,机械设备,640602,2021-12-20 00:00:00,swsresearch_xls+constituents
301117,计算机,710102,2021-12-24 00:00:00,swsresearch_xls+constituents
688220,电子,270105,2021-12-24 00:00:00,swsresearch_xls+constituents
300766,计算机,710402,2021-12-24 00:00:00,swsresearch_xls+constituents
688234,电子,270103,2021-12-24 00:00:00,swsresearch_xls+constituents
688259,电子,270104,2021-12-24 00:00:00,swsresearch_xls+constituents
688062,医药生物,370102,2021-12-24 00:00:00,swsresearch_xls+constituents
301136,建筑装饰,620601,2021-12-24 00:00:00,swsresearch_xls+constituents
301159,计算机,710401,2021-12-24 00:00:00,swsresearch_xls+constituents
920204,轻工制造,360204,2021-12-30 00:00:00,swsresearch_xls+constituents
301158,机械设备,640203,2021-12-31 00:00:00,swsresearch_xls+constituents
301116,农林牧渔,110703,2021-12-31 00:00:00,swsresearch_xls+constituents
301201,医药生物,370603,2021-12-31 00:00:00,swsresearch_xls+constituents
301123,电子,270504,2022-01-07 00:00:00,swsresearch_xls+constituents
603150,基础化工,220501,2022-01-07 00:00:00,swsresearch_xls+constituents
688223,电力设备,630502,2022-01-07 00:00:00,swsresearch_xls+constituents
603122,医药生物,370402,2022-01-07 00:00:00,swsresearch_xls+constituents
688173,电子,270105,2022-01-07 00:00:00,swsresearch_xls+constituents
920371,农林牧渔,110504,2022-01-09 00:00:00,swsresearch_xls+constituents
920950,机械设备,640106,2022-01-09 00:00:00,swsresearch_xls+constituents
920252,电力设备,630701,2022-01-09 00:00:00,swsresearch_xls+constituents
301228,社会服务,460802,2022-01-14 00:00:00,swsresearch_xls+constituents
688261,电子,270102,2022-01-14 00:00:00,swsresearch_xls+constituents
688171,计算机,710401,2022-01-14 00:00:00,swsresearch_xls+constituents
688270,电子,270105,2022-01-14 00:00:00,swsresearch_xls+constituents
688225,计算机,710402,2022-01-14 00:00:00,swsresearch_xls+constituents
301206,基础化工,220315,2022-01-14 00:00:00,swsresearch_xls+constituents
603466,传媒,720706,2022-01-14 00:00:00,swsresearch_xls+constituents
301106,电子,270301,2022-01-14 00:00:00,swsresearch_xls+constituents
301122,医药生物,370503,2022-01-14 00:00:00,swsresearch_xls+constituents
603102,食品饮料,340407,2022-01-14 00:00:00,swsresearch_xls+constituents
002261,计算机,710401,2022-01-21 00:00:00,swsresearch_xls+constituents
001313,农林牧渔,110403,2022-01-21 00:00:00,swsresearch_xls+constituents
688267,基础化工,220309,2022-01-21 00:00:00,swsresearch_xls+constituents
603477,农林牧渔,110702,2022-01-21 00:00:00,swsresearch_xls+constituents
301235,医药生物,370502,2022-01-21 00:00:00,swsresearch_xls+constituents
688283,通信,730207,2022-01-21 00:00:00,swsresearch_xls+constituents
301181,汽车,280205,2022-01-28 00:00:00,swsresearch_xls+constituents
301207,医药生物,370303,2022-01-28 00:00:00,swsresearch_xls+constituents
301130,医药生物,370102,2022-01-28 00:00:00,swsresearch_xls+constituents
603132,有色金属,240303,2022-01-28 00:00:00,swsresearch_xls+constituents
603215,家用电器,330301,2022-01-28 00:00:00,swsresearch_xls+constituents
301200,机械设备,640209,2022-01-28 00:00:00,swsresearch_xls+constituents
920346,电子,270504,2022-02-08 00:00:00,swsresearch_xls+constituents
920857,电子,270504,2022-02-11 00:00:00,swsresearch_xls+constituents
001266,机械设备,640702,2022-02-11 00:00:00,swsresearch_xls+constituents
603209,交通运输,421101,2022-02-18 00:00:00,swsresearch_xls+constituents
001289,公用事业,410107,2022-02-18 00:00:00,swsresearch_xls+constituents
603266,汽车,280202,2022-02-18 00:00:00,swsresearch_xls+constituents
301215,汽车,280303,2022-02-18 00:00:00,swsresearch_xls+constituents
688281,国防军工,650201,2022-02-18 00:00:00,swsresearch_xls+constituents
920419,农林牧渔,110404,2022-02-24 00:00:00,swsresearch_xls+constituents
688163,医药生物,370304,2022-02-25 00:00:00,swsresearch_xls+constituents
301236,计算机,710301,2022-02-25 00:00:00,swsresearch_xls+constituents
688207,计算机,710301,2022-02-25 00:00:00,swsresearch_xls+constituents
688115,机械设备,640107,2022-02-25 00:00:00,swsresearch_xls+constituents
301222,电力设备,630705,2022-02-25 00:00:00,swsresearch_xls+constituents
603070,电力设备,630802,2022-02-25 00:00:00,swsresearch_xls+constituents
688175,国防军工,650501,2022-02-25 00:00:00,swsresearch_xls+constituents
301218,计算机,710301,2022-02-25 00:00:00,swsresearch_xls+constituents
301131,基础化工,220503,2022-03-04 00:00:00,swsresearch_xls+constituents
301219,有色金属,240601,2022-03-04 00:00:00,swsresearch_xls+constituents
688150,电子,270601,2022-03-04 00:00:00,swsresearch_xls+constituents
301237,基础化工,220505,2022-03-04 00:00:00,swsresearch_xls+constituents
688197,医药生物,370102,2022-03-04 00:00:00,swsresearch_xls+constituents
001308,电子,270301,2022-03-04 00:00:00,swsresearch_xls+constituents
688282,国防军工,650101,2022-03-04 00:00:00,swsresearch_xls+constituents
301256,基础化工,220203,2022-03-04 00:00:00,swsresearch_xls+constituents
688238,医药生物,370603,2022-03-04 00:00:00,swsresearch_xls+constituents
301102,传媒,720502,2022-03-04 00:00:00,swsresearch_xls+constituents
603261,国防军工,650201,2022-03-04 00:00:00,swsresearch_xls+constituents
301137,机械设备,640108,2022-03-04 00:00:00,swsresearch_xls+constituents
301103,医药生物,370604,2022-03-04 00:00:00,swsresearch_xls+constituents
688306,机械设备,640704,2022-03-04 00:00:00,swsresearch_xls+constituents
301263,医药生物,370102,2022-03-11 00:00:00,swsresearch_xls+constituents
301258,医药生物,370101,2022-03-11 00:00:00,swsresearch_xls+constituents
603051,基础化工,220317,2022-03-11 00:00:00,swsresearch_xls+constituents
301226,电力设备,630101,2022-03-11 00:00:00,swsresearch_xls+constituents
688193,医药生物,370504,2022-03-11 00:00:00,swsresearch_xls+constituents
603191,电力设备,630801,2022-03-18 00:00:00,swsresearch_xls+constituents
301097,医药生物,370503,2022-03-18 00:00:00,swsresearch_xls+constituents
301268,机械设备,640108,2022-03-18 00:00:00,swsresearch_xls+constituents
688337,机械设备,640107,2022-03-18 00:00:00,swsresearch_xls+constituents
688295,基础化工,220404,2022-03-18 00:00:00,swsresearch_xls+constituents
301151,机械设备,640108,2022-03-18 00:00:00,swsresearch_xls+constituents
688048,电子,270102,2022-03-18 00:00:00,swsresearch_xls+constituents
920689,机械设备,640106,2022-03-21 00:00:00,swsresearch_xls+constituents
301212,基础化工,220309,2022-03-25 00:00:00,swsresearch_xls+constituents
688331,医药生物,370304,2022-03-25 00:00:00,swsresearch_xls+constituents
301120,电力设备,630801,2022-03-25 00:00:00,swsresearch_xls+constituents
000927,机械设备,640501,2022-03-25 00:00:00,swsresearch_xls+constituents
301279,机械设备,640602,2022-03-25 00:00:00,swsresearch_xls+constituents
301109,环保,760103,2022-03-25 00:00:00,swsresearch_xls+constituents
688326,计算机,710401,2022-03-30 00:00:00,swsresearch_xls+constituents
301162,计算机,710401,2022-04-01 00:00:00,swsresearch_xls+constituents
301248,计算机,710301,2022-04-01 00:00:00,swsresearch_xls+constituents
301187,家用电器,330302,2022-04-01 00:00:00,swsresearch_xls+constituents
688046,医药生物,370603,2022-04-01 00:00:00,swsresearch_xls+constituents
688209,电子,270105,2022-04-01 00:00:00,swsresearch_xls+constituents
688052,电子,270105,2022-04-01 00:00:00,swsresearch_xls+constituents
002192,有色金属,240603,2022-04-01 00:00:00,swsresearch_xls+constituents
301288,环保,760201,2022-04-01 00:00:00,swsresearch_xls+constituents
688125,机械设备,640704,2022-04-01 00:00:00,swsresearch_xls+constituents
688279,电子,270104,2022-04-01 00:00:00,swsresearch_xls+constituents
301148,环保,760102,2022-04-01 00:00:00,swsresearch_xls+constituents
600938,石油石化,750101,2022-04-01 00:00:00,swsresearch_xls+constituents
688325,电子,270105,2022-04-01 00:00:00,swsresearch_xls+constituents
688153,电子,270105,2022-04-01 00:00:00,swsresearch_xls+constituents
688302,医药生物,370102,2022-04-01 00:00:00,swsresearch_xls+constituents
688072,电子,270108,2022-04-01 00:00:00,swsresearch_xls+constituents
301259,环保,760104,2022-04-08 00:00:00,swsresearch_xls+constituents
688320,机械设备,640702,2022-04-15 00:00:00,swsresearch_xls+constituents
603206,通信,730103,2022-04-15 00:00:00,swsresearch_xls+constituents
688170,机械设备,640703,2022-04-15 00:00:00,swsresearch_xls+constituents
688290,机械设备,640701,2022-04-15 00:00:00,swsresearch_xls+constituents
001228,交通运输,420805,2022-04-15 00:00:00,swsresearch_xls+constituents
920169,机械设备,640108,2022-04-22 00:00:00,swsresearch_xls+constituents
603097,电力设备,630801,2022-04-22 00:00:00,swsresearch_xls+constituents
603272,轻工制造,360311,2022-04-29 00:00:00,swsresearch_xls+constituents
688213,电子,270104,2022-04-29 00:00:00,swsresearch_xls+constituents
688327,计算机,710301,2022-04-29 00:00:00,swsresearch_xls+constituents
001235,电力设备,630802,2022-04-29 00:00:00,swsresearch_xls+constituents
301153,计算机,710401,2022-04-29 00:00:00,swsresearch_xls+constituents
301257,医药生物,370603,2022-04-29 00:00:00,swsresearch_xls+constituents
001318,食品饮料,340702,2022-04-29 00:00:00,swsresearch_xls+constituents
688045,电子,270105,2022-05-13 00:00:00,swsresearch_xls+constituents
301107,机械设备,640106,2022-05-13 00:00:00,swsresearch_xls+constituents
920970,农林牧渔,110801,2022-05-13 00:00:00,swsresearch_xls+constituents
920267,电子,270504,2022-05-13 00:00:00,swsresearch_xls+constituents
920580,建筑材料,610301,2022-05-13 00:00:00,swsresearch_xls+constituents
301183,电子,270303,2022-05-13 00:00:00,swsresearch_xls+constituents
301191,通信,730206,2022-05-13 00:00:00,swsresearch_xls+constituents
688167,电子,270102,2022-05-13 00:00:00,swsresearch_xls+constituents
301298,汽车,280205,2022-05-20 00:00:00,swsresearch_xls+constituents
001270,国防军工,650501,2022-05-20 00:00:00,swsresearch_xls+constituents
301125,机械设备,640106,2022-05-20 00:00:00,swsresearch_xls+constituents
688251,计算机,710301,2022-05-20 00:00:00,swsresearch_xls+constituents
688348,电力设备,630503,2022-05-20 00:00:00,swsresearch_xls+constituents
300475,电子,270401,2022-05-20 00:00:00,swsresearch_xls+constituents
301266,电力设备,630504,2022-05-20 00:00:00,swsresearch_xls+constituents
688119,建筑材料,610301,2022-05-20 00:00:00,swsresearch_xls+constituents
001226,机械设备,640602,2022-05-20 00:00:00,swsresearch_xls+constituents
688120,电子,270108,2022-05-20 00:00:00,swsresearch_xls+constituents
688287,国防军工,650201,2022-05-25 00:00:00,swsresearch_xls+constituents
301286,基础化工,220309,2022-05-27 00:00:00,swsresearch_xls+constituents
301302,国防军工,650501,2022-06-02 00:00:00,swsresearch_xls+constituents
301238,电力设备,630702,2022-06-02 00:00:00,swsresearch_xls+constituents
301112,机械设备,640701,2022-06-02 00:00:00,swsresearch_xls+constituents
301220,基础化工,220315,2022-06-02 00:00:00,swsresearch_xls+constituents
688349,电力设备,630601,2022-06-02 00:00:00,swsresearch_xls+constituents
920378,汽车,280203,2022-06-08 00:00:00,swsresearch_xls+constituents
920271,汽车,280203,2022-06-08 00:00:00,swsresearch_xls+constituents
920299,电力设备,630803,2022-06-08 00:00:00,swsresearch_xls+constituents
688297,国防军工,650201,2022-06-10 00:00:00,swsresearch_xls+constituents
301289,社会服务,460802,2022-06-10 00:00:00,swsresearch_xls+constituents
688047,电子,270104,2022-06-10 00:00:00,swsresearch_xls+constituents
301239,医药生物,370604,2022-06-10 00:00:00,swsresearch_xls+constituents
301156,基础化工,220315,2022-06-10 00:00:00,swsresearch_xls+constituents
301233,汽车,280205,2022-06-10 00:00:00,swsresearch_xls+constituents
301175,环保,760103,2022-06-17 00:00:00,swsresearch_xls+constituents
001268,家用电器,330601,2022-06-17 00:00:00,swsresearch_xls+constituents
601089,医药生物,370102,2022-06-17 00:00:00,swsresearch_xls+constituents
001316,石油石化,750302,2022-06-17 00:00:00,swsresearch_xls+constituents
920943,机械设备,640108,2022-06-22 00:00:00,swsresearch_xls+constituents
920821,电子,270202,2022-06-22 00:00:00,swsresearch_xls+constituents
603235,基础化工,220315,2022-06-24 00:00:00,swsresearch_xls+constituents
301139,通信,730103,2022-06-24 00:00:00,swsresearch_xls+constituents
688237,国防军工,650201,2022-06-24 00:00:00,swsresearch_xls+constituents
688353,电力设备,630702,2022-06-24 00:00:00,swsresearch_xls+constituents
301234,医药生物,370503,2022-06-24 00:00:00,swsresearch_xls+constituents
001236,非银金融,490303,2022-07-01 00:00:00,swsresearch_xls+constituents
301208,计算机,710301,2022-07-01 00:00:00,swsresearch_xls+constituents
688375,国防军工,650501,2022-07-01 00:00:00,swsresearch_xls+constituents
002323,建筑装饰,620404,2022-07-01 00:00:00,swsresearch_xls+constituents
603170,食品饮料,340901,2022-07-01 00:00:00,swsresearch_xls+constituents
688332,电子,270104,2022-07-01 00:00:00,swsresearch_xls+constituents
001230,环保,760103,2022-07-01 00:00:00,swsresearch_xls+constituents
002976,汽车,280205,2022-07-01 00:00:00,swsresearch_xls+constituents
688231,有色金属,240201,2022-07-01 00:00:00,swsresearch_xls+constituents
301312,机械设备,640704,2022-07-01 00:00:00,swsresearch_xls+constituents
300592,商贸零售,450602,2022-07-08 00:00:00,swsresearch_xls+constituents
603211,汽车,280205,2022-07-08 00:00:00,swsresearch_xls+constituents
301306,国防军工,650501,2022-07-08 00:00:00,swsresearch_xls+constituents
001258,公用事业,410107,2022-07-08 00:00:00,swsresearch_xls+constituents
688382,医药生物,370102,2022-07-08 00:00:00,swsresearch_xls+constituents
001336,环保,760201,2022-07-08 00:00:00,swsresearch_xls+constituents
688053,国防军工,650501,2022-07-08 00:00:00,swsresearch_xls+constituents
688322,电子,270303,2022-07-08 00:00:00,swsresearch_xls+constituents
688400,机械设备,640209,2022-07-08 00:00:00,swsresearch_xls+constituents
001231,基础化工,220803,2022-07-15 00:00:00,swsresearch_xls+constituents
603255,基础化工,220309,2022-07-15 00:00:00,swsresearch_xls+constituents
688253,医药生物,370504,2022-07-15 00:00:00,swsresearch_xls+constituents
301269,计算机,710401,2022-07-15 00:00:00,swsresearch_xls+constituents
688130,电子,270105,2022-07-15 00:00:00,swsresearch_xls+constituents
920725,机械设备,640103,2022-07-17 00:00:00,swsresearch_xls+constituents
920062,电力设备,630801,2022-07-17 00:00:00,swsresearch_xls+constituents
920639,电力设备,630805,2022-07-17 00:00:00,swsresearch_xls+constituents
920871,汽车,280203,2022-07-17 00:00:00,swsresearch_xls+constituents
301132,电子,270202,2022-07-25 00:00:00,swsresearch_xls+constituents
301318,计算机,710102,2022-07-25 00:00:00,swsresearch_xls+constituents
688205,通信,730204,2022-07-25 00:00:00,swsresearch_xls+constituents
301121,电力设备,630701,2022-07-25 00:00:00,swsresearch_xls+constituents
301095,计算机,710401,2022-07-25 00:00:00,swsresearch_xls+constituents
301308,电子,270104,2022-07-25 00:00:00,swsresearch_xls+constituents
688380,电子,270104,2022-07-25 00:00:00,swsresearch_xls+constituents
301195,计算机,710401,2022-07-25 00:00:00,swsresearch_xls+constituents
301197,机械设备,640107,2022-07-25 00:00:00,swsresearch_xls+constituents
688373,医药生物,370102,2022-07-25 00:00:00,swsresearch_xls+constituents
001229,计算机,710103,2022-07-25 00:00:00,swsresearch_xls+constituents
688371,电子,270601,2022-07-25 00:00:00,swsresearch_xls+constituents
301333,医药生物,370603,2022-07-25 00:00:00,swsresearch_xls+constituents
688273,医药生物,370502,2022-07-25 00:00:00,swsresearch_xls+constituents
300986,建筑装饰,620404,2022-07-27 00:00:00,swsresearch_xls+constituents
002309,电力设备,630805,2022-07-29 00:00:00,swsresearch_xls+constituents
603077,基础化工,220802,2022-07-29 00:00:00,swsresearch_xls+constituents
300204,医药生物,370102,2022-07-29 00:00:00,swsresearch_xls+constituents
688105,医药生物,370304,2022-07-29 00:00:00,swsresearch_xls+constituents
002227,电力设备,630306,2022-07-29 00:00:00,swsresearch_xls+constituents
002817,医药生物,370101,2022-07-29 00:00:00,swsresearch_xls+constituents
600615,有色金属,240301,2022-07-29 00:00:00,swsresearch_xls+constituents
002082,医药生物,370201,2022-07-29 00:00:00,swsresearch_xls+constituents
601799,汽车,280202,2022-07-29 00:00:00,swsresearch_xls+constituents
300391,医药生物,370201,2022-07-29 00:00:00,swsresearch_xls+constituents
301087,医药生物,370503,2022-07-29 00:00:00,swsresearch_xls+constituents
603315,环保,760101,2022-07-29 00:00:00,swsresearch_xls+constituents
301163,电力设备,630602,2022-07-29 00:00:00,swsresearch_xls+constituents
300214,基础化工,220309,2022-07-29 00:00:00,swsresearch_xls+constituents
301090,基础化工,220501,2022-07-29 00:00:00,swsresearch_xls+constituents
603029,机械设备,640207,2022-07-29 00:00:00,swsresearch_xls+constituents
605488,基础化工,220505,2022-07-29 00:00:00,swsresearch_xls+constituents
002103,轻工制造,360501,2022-07-29 00:00:00,swsresearch_xls+constituents
300397,国防军工,650501,2022-07-29 00:00:00,swsresearch_xls+constituents
688663,电力设备,630803,2022-07-29 00:00:00,swsresearch_xls+constituents
688786,有色金属,240202,2022-07-29 00:00:00,swsresearch_xls+constituents
300518,商贸零售,450603,2022-07-29 00:00:00,swsresearch_xls+constituents
600198,通信,730206,2022-07-29 00:00:00,swsresearch_xls+constituents
600202,机械设备,640105,2022-07-29 00:00:00,swsresearch_xls+constituents
301080,医药生物,370304,2022-07-29 00:00:00,swsresearch_xls+constituents
300629,国防军工,650501,2022-07-29 00:00:00,swsresearch_xls+constituents
300159,机械设备,640207,2022-07-29 00:00:00,swsresearch_xls+constituents
300610,基础化工,220309,2022-07-29 00:00:00,swsresearch_xls+constituents
002046,机械设备,640103,2022-07-29 00:00:00,swsresearch_xls+constituents
301065,医药生物,370101,2022-07-29 00:00:00,swsresearch_xls+constituents
301066,纺织服饰,350106,2022-07-29 00:00:00,swsresearch_xls+constituents
300173,电力设备,630703,2022-07-29 00:00:00,swsresearch_xls+constituents
300603,通信,730103,2022-07-29 00:00:00,swsresearch_xls+constituents
000409,计算机,710301,2022-07-29 00:00:00,swsresearch_xls+constituents
002445,机械设备,640108,2022-07-29 00:00:00,swsresearch_xls+constituents
300596,基础化工,220309,2022-07-29 00:00:00,swsresearch_xls+constituents
688333,机械设备,640106,2022-07-29 00:00:00,swsresearch_xls+constituents
603056,交通运输,420804,2022-07-29 00:00:00,swsresearch_xls+constituents
002247,建筑材料,610303,2022-07-29 00:00:00,swsresearch_xls+constituents
603066,交通运输,420806,2022-07-29 00:00:00,swsresearch_xls+constituents
600110,电力设备,630701,2022-07-29 00:00:00,swsresearch_xls+constituents
300187,环保,760104,2022-07-29 00:00:00,swsresearch_xls+constituents
002432,医药生物,370504,2022-07-29 00:00:00,swsresearch_xls+constituents
002426,电子,270504,2022-07-29 00:00:00,swsresearch_xls+constituents
600745,电子,270102,2022-07-29 00:00:00,swsresearch_xls+constituents
600267,医药生物,370102,2022-07-29 00:00:00,swsresearch_xls+constituents
300203,环保,760201,2022-07-29 00:00:00,swsresearch_xls+constituents
600689,综合,510101,2022-07-29 00:00:00,swsresearch_xls+constituents
002796,通信,730204,2022-07-29 00:00:00,swsresearch_xls+constituents
300328,有色金属,240301,2022-07-29 00:00:00,swsresearch_xls+constituents
688595,电子,270104,2022-07-29 00:00:00,swsresearch_xls+constituents
301138,机械设备,640208,2022-07-29 00:00:00,swsresearch_xls+constituents
300269,电子,270302,2022-07-29 00:00:00,swsresearch_xls+constituents
000623,医药生物,370201,2022-07-29 00:00:00,swsresearch_xls+constituents
002190,汽车,280205,2022-07-29 00:00:00,swsresearch_xls+constituents
002188,房地产,430301,2022-07-29 00:00:00,swsresearch_xls+constituents
600662,社会服务,460801,2022-07-29 00:00:00,swsresearch_xls+constituents
000616,非银金融,490307,2022-07-29 00:00:00,swsresearch_xls+constituents
000032,建筑装饰,620404,2022-07-29 00:00:00,swsresearch_xls+constituents
688388,电力设备,630701,2022-07-29 00:00:00,swsresearch_xls+constituents
300275,计算机,710102,2022-07-29 00:00:00,swsresearch_xls+constituents
002332,医药生物,370101,2022-07-29 00:00:00,swsresearch_xls+constituents
600722,基础化工,220205,2022-07-29 00:00:00,swsresearch_xls+constituents
688026,医药生物,370503,2022-07-29 00:00:00,swsresearch_xls+constituents
002841,电子,270503,2022-07-29 00:00:00,swsresearch_xls+constituents
002166,基础化工,220315,2022-07-29 00:00:00,swsresearch_xls+constituents
603136,社会服务,461003,2022-07-29 00:00:00,swsresearch_xls+constituents
002805,电力设备,630702,2022-07-29 00:00:00,swsresearch_xls+constituents
603181,基础化工,220309,2022-07-29 00:00:00,swsresearch_xls+constituents
000037,公用事业,410101,2022-07-29 00:00:00,swsresearch_xls+constituents
300285,电子,270601,2022-07-29 00:00:00,swsresearch_xls+constituents
002172,医药生物,370604,2022-07-29 00:00:00,swsresearch_xls+constituents
000017,纺织服饰,350301,2022-07-29 00:00:00,swsresearch_xls+constituents
601996,轻工制造,360311,2022-07-29 00:00:00,swsresearch_xls+constituents
002175,机械设备,640107,2022-07-29 00:00:00,swsresearch_xls+constituents
002163,建筑装饰,620201,2022-07-29 00:00:00,swsresearch_xls+constituents
301111,医药生物,370201,2022-07-29 00:00:00,swsresearch_xls+constituents
002346,电力设备,630802,2022-07-29 00:00:00,swsresearch_xls+constituents
300237,汽车,280205,2022-07-29 00:00:00,swsresearch_xls+constituents
600733,汽车,280501,2022-07-29 00:00:00,swsresearch_xls+constituents
002122,机械设备,640101,2022-07-29 00:00:00,swsresearch_xls+constituents
002210,环保,760103,2022-07-29 00:00:00,swsresearch_xls+constituents
000663,农林牧渔,110301,2022-07-29 00:00:00,swsresearch_xls+constituents
002125,电力设备,630702,2022-07-29 00:00:00,swsresearch_xls+constituents
600696,食品饮料,340501,2022-07-29 00:00:00,swsresearch_xls+constituents
300410,电力设备,630703,2022-07-29 00:00:00,swsresearch_xls+constituents
603260,基础化工,220316,2022-07-29 00:00:00,swsresearch_xls+constituents
301099,电子,270401,2022-07-29 00:00:00,swsresearch_xls+constituents
300416,社会服务,460802,2022-07-29 00:00:00,swsresearch_xls+constituents
688357,基础化工,220309,2022-07-29 00:00:00,swsresearch_xls+constituents
688102,有色金属,240201,2022-07-29 00:00:00,swsresearch_xls+constituents
002137,电子,270302,2022-07-29 00:00:00,swsresearch_xls+constituents
002274,基础化工,220205,2022-07-29 00:00:00,swsresearch_xls+constituents
600076,轻工制造,360206,2022-07-29 00:00:00,swsresearch_xls+constituents
600668,建筑材料,610101,2022-07-29 00:00:00,swsresearch_xls+constituents
603223,石油石化,750302,2022-07-29 00:00:00,swsresearch_xls+constituents
301150,电力设备,630701,2022-07-29 00:00:00,swsresearch_xls+constituents
600667,建筑装饰,620601,2022-07-29 00:00:00,swsresearch_xls+constituents
300331,电子,270303,2022-07-29 00:00:00,swsresearch_xls+constituents
600426,基础化工,220801,2022-07-29 00:00:00,swsresearch_xls+constituents
603010,基础化工,220309,2022-07-29 00:00:00,swsresearch_xls+constituents
603108,医药生物,370402,2022-07-29 00:00:00,swsresearch_xls+constituents
002965,汽车,280205,2022-07-29 00:00:00,swsresearch_xls+constituents
688178,环保,760103,2022-07-29 00:00:00,swsresearch_xls+constituents
000720,电力设备,630805,2022-07-29 00:00:00,swsresearch_xls+constituents
300756,机械设备,640209,2022-07-29 00:00:00,swsresearch_xls+constituents
300745,汽车,280206,2022-07-29 00:00:00,swsresearch_xls+constituents
000890,环保,760201,2022-07-29 00:00:00,swsresearch_xls+constituents
688166,医药生物,370101,2022-07-29 00:00:00,swsresearch_xls+constituents
000670,电子,270401,2022-07-29 00:00:00,swsresearch_xls+constituents
002742,医药生物,370102,2022-07-29 00:00:00,swsresearch_xls+constituents
600502,建筑装饰,620306,2022-07-29 00:00:00,swsresearch_xls+constituents
000710,医药生物,370602,2022-07-29 00:00:00,swsresearch_xls+constituents
002547,汽车,280205,2022-07-29 00:00:00,swsresearch_xls+constituents
603985,电力设备,630602,2022-07-29 00:00:00,swsresearch_xls+constituents
603859,计算机,710301,2022-07-29 00:00:00,swsresearch_xls+constituents
600796,环保,760102,2022-07-29 00:00:00,swsresearch_xls+constituents
600873,基础化工,220315,2022-07-29 00:00:00,swsresearch_xls+constituents
002545,基础化工,220804,2022-07-29 00:00:00,swsresearch_xls+constituents
000711,环保,760104,2022-07-29 00:00:00,swsresearch_xls+constituents
600370,基础化工,220401,2022-07-29 00:00:00,swsresearch_xls+constituents
300879,机械设备,640207,2022-07-29 00:00:00,swsresearch_xls+constituents
688151,医药生物,370503,2022-07-29 00:00:00,swsresearch_xls+constituents
002756,有色金属,240603,2022-07-29 00:00:00,swsresearch_xls+constituents
000716,食品饮料,340801,2022-07-29 00:00:00,swsresearch_xls+constituents
600488,医药生物,370101,2022-07-29 00:00:00,swsresearch_xls+constituents
002885,电子,270401,2022-07-29 00:00:00,swsresearch_xls+constituents
600783,机械设备,640103,2022-07-29 00:00:00,swsresearch_xls+constituents
600365,商贸零售,450601,2022-07-29 00:00:00,swsresearch_xls+constituents
600363,电子,270504,2022-07-29 00:00:00,swsresearch_xls+constituents
600409,基础化工,220201,2022-07-29 00:00:00,swsresearch_xls+constituents
300892,食品饮料,340702,2022-07-29 00:00:00,swsresearch_xls+constituents
600382,钢铁,230301,2022-07-29 00:00:00,swsresearch_xls+constituents
600539,商贸零售,450603,2022-07-29 00:00:00,swsresearch_xls+constituents
600818,汽车,280401,2022-07-29 00:00:00,swsresearch_xls+constituents
003037,建筑材料,610102,2022-07-29 00:00:00,swsresearch_xls+constituents
600811,商贸零售,450201,2022-07-29 00:00:00,swsresearch_xls+constituents
300812,电子,270504,2022-07-29 00:00:00,swsresearch_xls+constituents
000953,医药生物,370101,2022-07-29 00:00:00,swsresearch_xls+constituents
300834,基础化工,220503,2022-07-29 00:00:00,swsresearch_xls+constituents
000920,基础化工,220505,2022-07-29 00:00:00,swsresearch_xls+constituents
300969,汽车,280205,2022-07-29 00:00:00,swsresearch_xls+constituents
600241,电力设备,630701,2022-07-29 00:00:00,swsresearch_xls+constituents
300975,电子,270203,2022-07-29 00:00:00,swsresearch_xls+constituents
000691,基础化工,220204,2022-07-29 00:00:00,swsresearch_xls+constituents
600506,石油石化,750301,2022-07-29 00:00:00,swsresearch_xls+constituents
000919,医药生物,370102,2022-07-29 00:00:00,swsresearch_xls+constituents
300797,社会服务,460802,2022-07-29 00:00:00,swsresearch_xls+constituents
300010,社会服务,461103,2022-07-29 00:00:00,swsresearch_xls+constituents
600388,环保,760201,2022-07-29 00:00:00,swsresearch_xls+constituents
002591,基础化工,220309,2022-07-29 00:00:00,swsresearch_xls+constituents
000901,汽车,280206,2022-07-29 00:00:00,swsresearch_xls+constituents
300853,电力设备,630803,2022-07-29 00:00:00,swsresearch_xls+constituents
603739,基础化工,220315,2022-07-29 00:00:00,swsresearch_xls+constituents
000981,汽车,280203,2022-07-29 00:00:00,swsresearch_xls+constituents
688162,机械设备,640209,2022-07-29 00:00:00,swsresearch_xls+constituents
300029,建筑装饰,620404,2022-07-29 00:00:00,swsresearch_xls+constituents
603722,基础化工,220309,2022-07-29 00:00:00,swsresearch_xls+constituents
600088,传媒,720601,2022-07-29 00:00:00,swsresearch_xls+constituents
600821,公用事业,410106,2022-07-29 00:00:00,swsresearch_xls+constituents
600817,环保,760201,2022-07-29 00:00:00,swsresearch_xls+constituents
600517,非银金融,490304,2022-07-29 00:00:00,swsresearch_xls+constituents
600482,电力设备,630306,2022-07-29 00:00:00,swsresearch_xls+constituents
600883,农林牧渔,110104,2022-07-29 00:00:00,swsresearch_xls+constituents
002693,医药生物,370102,2022-07-29 00:00:00,swsresearch_xls+constituents
002865,电力设备,630502,2022-07-29 00:00:00,swsresearch_xls+constituents
600331,基础化工,220802,2022-07-29 00:00:00,swsresearch_xls+constituents
601567,电力设备,630802,2022-07-29 00:00:00,swsresearch_xls+constituents
002782,电子,270401,2022-07-29 00:00:00,swsresearch_xls+constituents
000821,电力设备,630505,2022-07-29 00:00:00,swsresearch_xls+constituents
002992,电子,270302,2022-07-29 00:00:00,swsresearch_xls+constituents
600767,计算机,710301,2022-07-29 00:00:00,swsresearch_xls+constituents
301045,电子,270301,2022-07-29 00:00:00,swsresearch_xls+constituents
000737,有色金属,240302,2022-07-29 00:00:00,swsresearch_xls+constituents
601012,电力设备,630502,2022-07-29 00:00:00,swsresearch_xls+constituents
600766,综合,510101,2022-07-29 00:00:00,swsresearch_xls+constituents
301047,医药生物,370304,2022-07-29 00:00:00,swsresearch_xls+constituents
300650,电子,270401,2022-07-29 00:00:00,swsresearch_xls+constituents
300131,电子,270401,2022-07-29 00:00:00,swsresearch_xls+constituents
002007,医药生物,370303,2022-07-29 00:00:00,swsresearch_xls+constituents
688131,医药生物,370603,2022-07-29 00:00:00,swsresearch_xls+constituents
000422,基础化工,220801,2022-07-29 00:00:00,swsresearch_xls+constituents
603938,基础化工,220204,2022-07-29 00:00:00,swsresearch_xls+constituents
300637,基础化工,220309,2022-07-29 00:00:00,swsresearch_xls+constituents
600215,机械设备,640701,2022-07-29 00:00:00,swsresearch_xls+constituents
300139,有色金属,240401,2022-07-29 00:00:00,swsresearch_xls+constituents
688269,基础化工,220309,2022-07-29 00:00:00,swsresearch_xls+constituents
600321,建筑装饰,620404,2022-07-29 00:00:00,swsresearch_xls+constituents
002499,商贸零售,450603,2022-07-29 00:00:00,swsresearch_xls+constituents
000509,电子,270301,2022-07-29 00:00:00,swsresearch_xls+constituents
601020,有色金属,240303,2022-07-29 00:00:00,swsresearch_xls+constituents
300893,汽车,280202,2022-07-29 00:00:00,swsresearch_xls+constituents
301011,轻工制造,360502,2022-07-29 00:00:00,swsresearch_xls+constituents
002648,基础化工,220204,2022-07-29 00:00:00,swsresearch_xls+constituents
600877,电子,270105,2022-07-29 00:00:00,swsresearch_xls+constituents
000506,有色金属,240401,2022-07-29 00:00:00,swsresearch_xls+constituents
600227,基础化工,220801,2022-07-29 00:00:00,swsresearch_xls+constituents
300684,电子,270601,2022-07-29 00:00:00,swsresearch_xls+constituents
002878,传媒,720501,2022-07-29 00:00:00,swsresearch_xls+constituents
300953,电力设备,630701,2022-07-29 00:00:00,swsresearch_xls+constituents
300095,机械设备,640203,2022-07-29 00:00:00,swsresearch_xls+constituents
000839,通信,730104,2022-07-29 00:00:00,swsresearch_xls+constituents
605178,建筑装饰,620404,2022-07-29 00:00:00,swsresearch_xls+constituents
002872,医药生物,370102,2022-07-29 00:00:00,swsresearch_xls+constituents
600880,社会服务,461103,2022-07-29 00:00:00,swsresearch_xls+constituents
600774,医药生物,370102,2022-07-29 00:00:00,swsresearch_xls+constituents
301216,基础化工,220501,2022-07-29 00:00:00,swsresearch_xls+constituents
300111,医药生物,370102,2022-07-29 00:00:00,swsresearch_xls+constituents
300676,医药生物,370602,2022-07-29 00:00:00,swsresearch_xls+constituents
600226,公用事业,410104,2022-07-29 00:00:00,swsresearch_xls+constituents
600225,计算机,710301,2022-07-29 00:00:00,swsresearch_xls+constituents
002651,国防军工,650201,2022-07-29 00:00:00,swsresearch_xls+constituents
000679,商贸零售,450301,2022-07-29 00:00:00,swsresearch_xls+constituents
002870,汽车,280206,2022-07-29 00:00:00,swsresearch_xls+constituents
002696,农林牧渔,110403,2022-07-29 00:00:00,swsresearch_xls+constituents
605151,汽车,280202,2022-07-29 00:00:00,swsresearch_xls+constituents
600343,机械设备,640106,2022-07-29 00:00:00,swsresearch_xls+constituents
001222,轻工制造,360502,2022-08-01 00:00:00,swsresearch_xls+constituents
688041,电子,270104,2022-08-02 00:00:00,swsresearch_xls+constituents
688661,电子,270103,2022-08-04 00:00:00,swsresearch_xls+constituents
301171,传媒,720501,2022-08-05 00:00:00,swsresearch_xls+constituents
688271,医药生物,370502,2022-08-05 00:00:00,swsresearch_xls+constituents
301330,计算机,710102,2022-08-05 00:00:00,swsresearch_xls+constituents
301192,汽车,280203,2022-08-05 00:00:00,swsresearch_xls+constituents
301300,基础化工,220603,2022-08-05 00:00:00,swsresearch_xls+constituents
001339,计算机,710103,2022-08-05 00:00:00,swsresearch_xls+constituents
001331,公用事业,410301,2022-08-05 00:00:00,swsresearch_xls+constituents
001330,传媒,720601,2022-08-05 00:00:00,swsresearch_xls+constituents
001323,轻工制造,360307,2022-08-05 00:00:00,swsresearch_xls+constituents
688203,基础化工,220503,2022-08-05 00:00:00,swsresearch_xls+constituents
301336,轻工制造,360307,2022-08-05 00:00:00,swsresearch_xls+constituents
301338,机械设备,640209,2022-08-05 00:00:00,swsresearch_xls+constituents
688370,环保,760103,2022-08-05 00:00:00,swsresearch_xls+constituents
301282,电子,270202,2022-08-05 00:00:00,swsresearch_xls+constituents
002148,通信,730104,2022-08-05 00:00:00,swsresearch_xls+constituents
688403,电子,270107,2022-08-05 00:00:00,swsresearch_xls+constituents
688401,电子,270103,2022-08-05 00:00:00,swsresearch_xls+constituents
688381,电子,270105,2022-08-05 00:00:00,swsresearch_xls+constituents
688416,电子,270104,2022-08-12 00:00:00,swsresearch_xls+constituents
301209,基础化工,220305,2022-08-12 00:00:00,swsresearch_xls+constituents
688247,医药生物,370102,2022-08-12 00:00:00,swsresearch_xls+constituents
301270,计算机,710402,2022-08-12 00:00:00,swsresearch_xls+constituents
603081,机械设备,640209,2022-08-12 00:00:00,swsresearch_xls+constituents
688351,医药生物,370503,2022-08-12 00:00:00,swsresearch_xls+constituents
688439,国防军工,650501,2022-08-12 00:00:00,swsresearch_xls+constituents
301152,电力设备,630702,2022-08-12 00:00:00,swsresearch_xls+constituents
301115,社会服务,460802,2022-08-12 00:00:00,swsresearch_xls+constituents
301321,电子,270301,2022-08-18 00:00:00,swsresearch_xls+constituents
301283,基础化工,220317,2022-08-19 00:00:00,swsresearch_xls+constituents
603237,食品饮料,340406,2022-08-19 00:00:00,swsresearch_xls+constituents
301328,电子,270401,2022-08-19 00:00:00,swsresearch_xls+constituents
688293,医药生物,370304,2022-08-19 00:00:00,swsresearch_xls+constituents
301231,传媒,720902,2022-08-19 00:00:00,swsresearch_xls+constituents
301296,轻工制造,360205,2022-08-19 00:00:00,swsresearch_xls+constituents
301349,电力设备,630702,2022-08-19 00:00:00,swsresearch_xls+constituents
001259,家用电器,330301,2022-08-19 00:00:00,swsresearch_xls+constituents
001255,基础化工,220504,2022-08-26 00:00:00,swsresearch_xls+constituents
688114,医药生物,370502,2022-08-26 00:00:00,swsresearch_xls+constituents
301276,纺织服饰,350209,2022-08-26 00:00:00,swsresearch_xls+constituents
001283,电力设备,630701,2022-08-26 00:00:00,swsresearch_xls+constituents
301339,计算机,710103,2022-08-26 00:00:00,swsresearch_xls+constituents
688391,电子,270105,2022-08-26 00:00:00,swsresearch_xls+constituents
000537,公用事业,410107,2022-08-26 00:00:00,swsresearch_xls+constituents
301161,机械设备,640602,2022-08-26 00:00:00,swsresearch_xls+constituents
688455,机械设备,640704,2022-08-26 00:00:00,swsresearch_xls+constituents
001269,电力设备,630504,2022-08-26 00:00:00,swsresearch_xls+constituents
603182,农林牧渔,110502,2022-08-26 00:00:00,swsresearch_xls+constituents
920152,电力设备,630703,2022-08-29 00:00:00,swsresearch_xls+constituents
920834,基础化工,220602,2022-08-29 00:00:00,swsresearch_xls+constituents
920395,机械设备,640204,2022-08-29 00:00:00,swsresearch_xls+constituents
920790,计算机,710301,2022-08-29 00:00:00,swsresearch_xls+constituents
920270,汽车,280202,2022-08-29 00:00:00,swsresearch_xls+constituents
920985,电力设备,630502,2022-08-29 00:00:00,swsresearch_xls+constituents
688428,医药生物,370102,2022-09-02 00:00:00,swsresearch_xls+constituents
301326,电子,270504,2022-09-02 00:00:00,swsresearch_xls+constituents
001238,轻工制造,360502,2022-09-02 00:00:00,swsresearch_xls+constituents
301205,通信,730204,2022-09-02 00:00:00,swsresearch_xls+constituents
301227,轻工制造,360308,2022-09-02 00:00:00,swsresearch_xls+constituents
603163,建筑装饰,620404,2022-09-02 00:00:00,swsresearch_xls+constituents
688184,电力设备,630702,2022-09-02 00:00:00,swsresearch_xls+constituents
688448,机械设备,640106,2022-09-02 00:00:00,swsresearch_xls+constituents
688035,电子,270601,2022-09-02 00:00:00,swsresearch_xls+constituents
301309,机械设备,640108,2022-09-02 00:00:00,swsresearch_xls+constituents
301331,医药生物,370201,2022-09-02 00:00:00,swsresearch_xls+constituents
301327,电力设备,630701,2022-09-02 00:00:00,swsresearch_xls+constituents
001322,轻工制造,360309,2022-09-09 00:00:00,swsresearch_xls+constituents
688252,电子,270104,2022-09-09 00:00:00,swsresearch_xls+constituents
301285,电子,270504,2022-09-09 00:00:00,swsresearch_xls+constituents
688387,通信,730204,2022-09-09 00:00:00,swsresearch_xls+constituents
301369,电子,270108,2022-09-09 00:00:00,swsresearch_xls+constituents
301366,电子,270202,2022-09-09 00:00:00,swsresearch_xls+constituents
001332,机械设备,640203,2022-09-09 00:00:00,swsresearch_xls+constituents
301319,电子,270601,2022-09-09 00:00:00,swsresearch_xls+constituents
688132,国防军工,650501,2022-09-09 00:00:00,swsresearch_xls+constituents
688275,电力设备,630702,2022-09-09 00:00:00,swsresearch_xls+constituents
603057,食品饮料,340803,2022-09-09 00:00:00,swsresearch_xls+constituents
301176,电子,270202,2022-09-09 00:00:00,swsresearch_xls+constituents
688392,电力设备,630703,2022-09-09 00:00:00,swsresearch_xls+constituents
001298,电子,270401,2022-09-16 00:00:00,swsresearch_xls+constituents
688459,机械设备,640501,2022-09-16 00:00:00,swsresearch_xls+constituents
301313,传媒,720706,2022-09-16 00:00:00,swsresearch_xls+constituents
301316,计算机,710301,2022-09-16 00:00:00,swsresearch_xls+constituents
688073,医药生物,370603,2022-09-16 00:00:00,swsresearch_xls+constituents
688137,医药生物,370304,2022-09-16 00:00:00,swsresearch_xls+constituents
688409,电子,270108,2022-09-16 00:00:00,swsresearch_xls+constituents
301363,医药生物,370502,2022-09-16 00:00:00,swsresearch_xls+constituents
688244,计算机,710402,2022-09-23 00:00:00,swsresearch_xls+constituents
603151,农林牧渔,110402,2022-09-23 00:00:00,swsresearch_xls+constituents
301273,机械设备,640106,2022-09-23 00:00:00,swsresearch_xls+constituents
688031,计算机,710402,2022-09-23 00:00:00,swsresearch_xls+constituents
001300,轻工制造,360502,2022-09-23 00:00:00,swsresearch_xls+constituents
001299,公用事业,410301,2022-09-23 00:00:00,swsresearch_xls+constituents
688061,电子,270105,2022-09-23 00:00:00,swsresearch_xls+constituents
301223,轻工制造,360205,2022-09-23 00:00:00,swsresearch_xls+constituents
603052,电子,270504,2022-09-23 00:00:00,swsresearch_xls+constituents
301230,医药生物,370603,2022-09-30 00:00:00,swsresearch_xls+constituents
301299,传媒,720704,2022-09-30 00:00:00,swsresearch_xls+constituents
688291,计算机,710401,2022-09-30 00:00:00,swsresearch_xls+constituents
920207,计算机,710401,2022-09-30 00:00:00,swsresearch_xls+constituents
920685,机械设备,640107,2022-09-30 00:00:00,swsresearch_xls+constituents
920122,社会服务,460802,2022-09-30 00:00:00,swsresearch_xls+constituents
301389,电子,270504,2022-09-30 00:00:00,swsresearch_xls+constituents
920971,基础化工,220901,2022-09-30 00:00:00,swsresearch_xls+constituents
301380,通信,730104,2022-09-30 00:00:00,swsresearch_xls+constituents
688152,计算机,710402,2022-09-30 00:00:00,swsresearch_xls+constituents
301379,电子,270301,2022-09-30 00:00:00,swsresearch_xls+constituents
301367,医药生物,370502,2022-09-30 00:00:00,swsresearch_xls+constituents
920139,电子,270107,2022-09-30 00:00:00,swsresearch_xls+constituents
688372,电子,270107,2022-09-30 00:00:00,swsresearch_xls+constituents
301359,电子,270401,2022-10-21 00:00:00,swsresearch_xls+constituents
301356,轻工制造,360306,2022-10-21 00:00:00,swsresearch_xls+constituents
688419,电子,270108,2022-10-21 00:00:00,swsresearch_xls+constituents
603280,机械设备,640601,2022-10-21 00:00:00,swsresearch_xls+constituents
920046,电力设备,630801,2022-10-26 00:00:00,swsresearch_xls+constituents
920476,机械设备,640107,2022-10-26 00:00:00,swsresearch_xls+constituents
920992,医药生物,370502,2022-10-26 00:00:00,swsresearch_xls+constituents
920753,社会服务,460802,2022-10-26 00:00:00,swsresearch_xls+constituents
688432,电子,270103,2022-10-28 00:00:00,swsresearch_xls+constituents
301396,计算机,710301,2022-10-28 00:00:00,swsresearch_xls+constituents
001333,基础化工,220504,2022-10-28 00:00:00,swsresearch_xls+constituents
001338,农林牧渔,110504,2022-10-28 00:00:00,swsresearch_xls+constituents
301361,电力设备,630802,2022-10-28 00:00:00,swsresearch_xls+constituents
301277,医药生物,370101,2022-10-28 00:00:00,swsresearch_xls+constituents
688362,电子,270107,2022-10-28 00:00:00,swsresearch_xls+constituents
601022,交通运输,421101,2022-11-04 00:00:00,swsresearch_xls+constituents
301335,轻工制造,360502,2022-11-04 00:00:00,swsresearch_xls+constituents
301388,电力设备,630802,2022-11-04 00:00:00,swsresearch_xls+constituents
688376,环保,760201,2022-11-04 00:00:00,swsresearch_xls+constituents
301377,机械设备,640108,2022-11-04 00:00:00,swsresearch_xls+constituents
301267,医药生物,370604,2022-11-04 00:00:00,swsresearch_xls+constituents
301365,建筑装饰,620601,2022-11-04 00:00:00,swsresearch_xls+constituents
301165,通信,730204,2022-11-04 00:00:00,swsresearch_xls+constituents
688206,计算机,710401,2022-11-11 00:00:00,swsresearch_xls+constituents
301290,医药生物,370502,2022-11-11 00:00:00,swsresearch_xls+constituents
688480,环保,760104,2022-11-11 00:00:00,swsresearch_xls+constituents
603130,纺织服饰,350106,2022-11-17 00:00:00,swsresearch_xls+constituents
601136,非银金融,490101,2022-11-21 00:00:00,swsresearch_xls+constituents
688489,计算机,710102,2022-11-21 00:00:00,swsresearch_xls+constituents
001256,机械设备,640208,2022-11-21 00:00:00,swsresearch_xls+constituents
688084,国防军工,650501,2022-11-21 00:00:00,swsresearch_xls+constituents
301391,计算机,710103,2022-11-21 00:00:00,swsresearch_xls+constituents
001301,电力设备,630702,2022-11-21 00:00:00,swsresearch_xls+constituents
301311,机械设备,640106,2022-11-21 00:00:00,swsresearch_xls+constituents
688143,通信,730205,2022-11-21 00:00:00,swsresearch_xls+constituents
920914,电力设备,630701,2022-11-23 00:00:00,swsresearch_xls+constituents
920357,电子,270504,2022-11-23 00:00:00,swsresearch_xls+constituents
920339,家用电器,330501,2022-11-23 00:00:00,swsresearch_xls+constituents
920876,电子,270504,2022-11-23 00:00:00,swsresearch_xls+constituents
920634,有色金属,240303,2022-11-23 00:00:00,swsresearch_xls+constituents
920237,电力设备,630701,2022-11-23 00:00:00,swsresearch_xls+constituents
920808,计算机,710103,2022-11-23 00:00:00,swsresearch_xls+constituents
920662,机械设备,640106,2022-11-23 00:00:00,swsresearch_xls+constituents
301265,环保,760103,2022-11-25 00:00:00,swsresearch_xls+constituents
301368,机械设备,640108,2022-11-25 00:00:00,swsresearch_xls+constituents
001223,机械设备,640704,2022-11-25 00:00:00,swsresearch_xls+constituents
301398,汽车,280202,2022-11-25 00:00:00,swsresearch_xls+constituents
688498,电子,270102,2022-12-02 00:00:00,swsresearch_xls+constituents
688172,电子,270102,2022-12-02 00:00:00,swsresearch_xls+constituents
001319,汽车,280202,2022-12-02 00:00:00,swsresearch_xls+constituents
920087,农林牧渔,110101,2022-12-06 00:00:00,swsresearch_xls+constituents
920300,医药生物,370502,2022-12-06 00:00:00,swsresearch_xls+constituents
920230,医药生物,370101,2022-12-06 00:00:00,swsresearch_xls+constituents
920199,家用电器,330303,2022-12-06 00:00:00,swsresearch_xls+constituents
920414,电力设备,630505,2022-12-06 00:00:00,swsresearch_xls+constituents
920641,家用电器,330501,2022-12-06 00:00:00,swsresearch_xls+constituents
920110,电力设备,630306,2022-12-06 00:00:00,swsresearch_xls+constituents
920374,通信,730207,2022-12-06 00:00:00,swsresearch_xls+constituents
920942,机械设备,640602,2022-12-06 00:00:00,swsresearch_xls+constituents
920866,基础化工,220803,2022-12-06 00:00:00,swsresearch_xls+constituents
688147,电力设备,630505,2022-12-08 00:00:00,swsresearch_xls+constituents
688141,电子,270105,2022-12-09 00:00:00,swsresearch_xls+constituents
301255,机械设备,640108,2022-12-09 00:00:00,swsresearch_xls+constituents
688475,计算机,710102,2022-12-09 00:00:00,swsresearch_xls+constituents
688410,医药生物,370502,2022-12-09 00:00:00,swsresearch_xls+constituents
920608,机械设备,640207,2022-12-14 00:00:00,swsresearch_xls+constituents
920957,基础化工,220309,2022-12-14 00:00:00,swsresearch_xls+constituents
920075,轻工制造,360205,2022-12-14 00:00:00,swsresearch_xls+constituents
920014,公用事业,410301,2022-12-14 00:00:00,swsresearch_xls+constituents
920429,食品饮料,340407,2022-12-14 00:00:00,swsresearch_xls+constituents
920810,机械设备,640208,2022-12-14 00:00:00,swsresearch_xls+constituents
920571,交通运输,421101,2022-12-14 00:00:00,swsresearch_xls+constituents
920033,基础化工,220309,2022-12-14 00:00:00,swsresearch_xls+constituents
688506,医药生物,370102,2022-12-23 00:00:00,swsresearch_xls+constituents
301297,电子,270108,2022-12-23 00:00:00,swsresearch_xls+constituents
301105,机械设备,640208,2022-12-23 00:00:00,swsresearch_xls+constituents
601059,非银金融,490101,2022-12-23 00:00:00,swsresearch_xls+constituents
688525,电子,270104,2022-12-23 00:00:00,swsresearch_xls+constituents
920351,交通运输,420805,2022-12-27 00:00:00,swsresearch_xls+constituents
920262,纺织服饰,350206,2022-12-27 00:00:00,swsresearch_xls+constituents
920855,机械设备,640209,2022-12-27 00:00:00,swsresearch_xls+constituents
920227,计算机,710301,2022-12-27 00:00:00,swsresearch_xls+constituents
920195,汽车,280203,2022-12-27 00:00:00,swsresearch_xls+constituents
920879,机械设备,640107,2022-12-27 00:00:00,swsresearch_xls+constituents
920001,电子,270301,2022-12-27 00:00:00,swsresearch_xls+constituents
920718,家用电器,330601,2022-12-27 00:00:00,swsresearch_xls+constituents
920781,机械设备,640203,2022-12-27 00:00:00,swsresearch_xls+constituents
920807,机械设备,640103,2022-12-27 00:00:00,swsresearch_xls+constituents
920247,汽车,280205,2022-12-27 00:00:00,swsresearch_xls+constituents
920190,计算机,710103,2022-12-27 00:00:00,swsresearch_xls+constituents
920526,电子,270601,2022-12-27 00:00:00,swsresearch_xls+constituents
920505,机械设备,640108,2022-12-27 00:00:00,swsresearch_xls+constituents
920392,轻工制造,360205,2022-12-27 00:00:00,swsresearch_xls+constituents
688485,机械设备,640501,2023-01-06 00:00:00,swsresearch_xls+constituents
603281,基础化工,220316,2023-01-06 00:00:00,swsresearch_xls+constituents
301317,机械设备,640106,2023-01-06 00:00:00,swsresearch_xls+constituents
688435,计算机,710402,2023-01-06 00:00:00,swsresearch_xls+constituents
301358,电力设备,630702,2023-01-20 00:00:00,swsresearch_xls+constituents
301260,机械设备,640207,2023-01-20 00:00:00,swsresearch_xls+constituents
603307,纺织服饰,350205,2023-01-20 00:00:00,swsresearch_xls+constituents
001314,电子,270504,2023-01-20 00:00:00,swsresearch_xls+constituents
301373,基础化工,220309,2023-01-20 00:00:00,swsresearch_xls+constituents
688515,电子,270105,2023-01-20 00:00:00,swsresearch_xls+constituents
301419,通信,730204,2023-01-20 00:00:00,swsresearch_xls+constituents
001311,汽车,280205,2023-02-13 00:00:00,swsresearch_xls+constituents
001260,汽车,280202,2023-02-13 00:00:00,swsresearch_xls+constituents
301408,医药生物,370403,2023-02-13 00:00:00,swsresearch_xls+constituents
920407,机械设备,640107,2023-02-13 00:00:00,swsresearch_xls+constituents
920802,环保,760101,2023-02-13 00:00:00,swsresearch_xls+constituents
920023,农林牧渔,110501,2023-02-13 00:00:00,swsresearch_xls+constituents
920367,医药生物,370101,2023-02-13 00:00:00,swsresearch_xls+constituents
603190,汽车,280205,2023-02-13 00:00:00,swsresearch_xls+constituents
603065,基础化工,220309,2023-02-13 00:00:00,swsresearch_xls+constituents
688486,电子,270104,2023-02-13 00:00:00,swsresearch_xls+constituents
001225,机械设备,640203,2023-02-13 00:00:00,swsresearch_xls+constituents
001278,汽车,280202,2023-02-13 00:00:00,swsresearch_xls+constituents
603073,基础化工,220401,2023-02-13 00:00:00,swsresearch_xls+constituents
301303,机械设备,640107,2023-02-13 00:00:00,swsresearch_xls+constituents
301439,电力设备,630805,2023-02-24 00:00:00,swsresearch_xls+constituents
603061,电子,270108,2023-02-24 00:00:00,swsresearch_xls+constituents
603162,交通运输,421101,2023-02-24 00:00:00,swsresearch_xls+constituents
688502,电子,270303,2023-02-24 00:00:00,swsresearch_xls+constituents
301246,医药生物,370101,2023-02-24 00:00:00,swsresearch_xls+constituents
601121,钢铁,230301,2023-02-24 00:00:00,swsresearch_xls+constituents
920478,医药生物,370101,2023-02-24 00:00:00,swsresearch_xls+constituents
688522,国防军工,650501,2023-02-24 00:00:00,swsresearch_xls+constituents
920422,基础化工,220315,2023-02-24 00:00:00,swsresearch_xls+constituents
301345,汽车,280402,2023-02-24 00:00:00,swsresearch_xls+constituents
603291,环保,760102,2023-02-24 00:00:00,swsresearch_xls+constituents
920974,基础化工,220309,2023-02-24 00:00:00,swsresearch_xls+constituents
920906,汽车,280202,2023-02-24 00:00:00,swsresearch_xls+constituents
920770,电力设备,630502,2023-02-24 00:00:00,swsresearch_xls+constituents
603153,建筑装饰,620601,2023-02-24 00:00:00,swsresearch_xls+constituents
603282,环保,760201,2023-02-24 00:00:00,swsresearch_xls+constituents
001337,有色金属,240401,2023-02-24 00:00:00,swsresearch_xls+constituents
301322,汽车,280401,2023-02-24 00:00:00,swsresearch_xls+constituents
301378,计算机,710401,2023-02-24 00:00:00,swsresearch_xls+constituents
920249,通信,730206,2023-02-24 00:00:00,swsresearch_xls+constituents
600925,煤炭,740101,2023-02-24 00:00:00,swsresearch_xls+constituents
920541,机械设备,640501,2023-02-24 00:00:00,swsresearch_xls+constituents
001368,轻工制造,360502,2023-02-24 00:00:00,swsresearch_xls+constituents
001366,农林牧渔,110402,2023-02-24 00:00:00,swsresearch_xls+constituents
301157,电力设备,630306,2023-03-09 00:00:00,swsresearch_xls+constituents
301386,电力设备,630802,2023-03-10 00:00:00,swsresearch_xls+constituents
920575,医药生物,370303,2023-03-17 00:00:00,swsresearch_xls+constituents
301141,有色金属,240202,2023-03-17 00:00:00,swsresearch_xls+constituents
688343,计算机,710301,2023-03-17 00:00:00,swsresearch_xls+constituents
688531,机械设备,640209,2023-03-17 00:00:00,swsresearch_xls+constituents
688535,电子,270103,2023-03-17 00:00:00,swsresearch_xls+constituents
688484,电子,270105,2023-03-17 00:00:00,swsresearch_xls+constituents
920663,汽车,280202,2023-03-17 00:00:00,swsresearch_xls+constituents
301314,通信,730204,2023-03-17 00:00:00,swsresearch_xls+constituents
920057,建筑装饰,620401,2023-03-17 00:00:00,swsresearch_xls+constituents
920556,电力设备,630804,2023-03-17 00:00:00,swsresearch_xls+constituents
301281,医药生物,370101,2023-03-17 00:00:00,swsresearch_xls+constituents
301203,环保,760102,2023-03-17 00:00:00,swsresearch_xls+constituents
002180,计算机,710103,2023-03-17 00:00:00,swsresearch_xls+constituents
603135,机械设备,640203,2023-03-27 00:00:00,swsresearch_xls+constituents
001287,电子,270401,2023-03-27 00:00:00,swsresearch_xls+constituents
001367,医药生物,370101,2023-03-27 00:00:00,swsresearch_xls+constituents
601065,基础化工,220201,2023-03-27 00:00:00,swsresearch_xls+constituents
001360,机械设备,640203,2023-03-27 00:00:00,swsresearch_xls+constituents
601061,商贸零售,450201,2023-03-27 00:00:00,swsresearch_xls+constituents
603125,基础化工,220309,2023-03-27 00:00:00,swsresearch_xls+constituents
001328,美容护理,770102,2023-03-27 00:00:00,swsresearch_xls+constituents
601133,建筑装饰,620404,2023-03-27 00:00:00,swsresearch_xls+constituents
301429,建筑材料,610303,2023-03-31 00:00:00,swsresearch_xls+constituents
002661,食品饮料,340406,2023-03-31 00:00:00,swsresearch_xls+constituents
301360,机械设备,640107,2023-03-31 00:00:00,swsresearch_xls+constituents
301357,国防军工,650301,2023-03-31 00:00:00,swsresearch_xls+constituents
688539,电子,270203,2023-03-31 00:00:00,swsresearch_xls+constituents
688352,电子,270107,2023-03-31 00:00:00,swsresearch_xls+constituents
688433,机械设备,640106,2023-03-31 00:00:00,swsresearch_xls+constituents
603137,建筑装饰,620201,2023-03-31 00:00:00,swsresearch_xls+constituents
688507,计算机,710401,2023-03-31 00:00:00,swsresearch_xls+constituents
301387,电子,270504,2023-03-31 00:00:00,swsresearch_xls+constituents
688146,电子,270103,2023-03-31 00:00:00,swsresearch_xls+constituents
688478,电子,270108,2023-03-31 00:00:00,swsresearch_xls+constituents
920809,电力设备,630702,2023-04-07 00:00:00,swsresearch_xls+constituents
920208,建筑装饰,620601,2023-04-07 00:00:00,swsresearch_xls+constituents
920261,基础化工,220313,2023-04-07 00:00:00,swsresearch_xls+constituents
920895,机械设备,640207,2023-04-07 00:00:00,swsresearch_xls+constituents
920792,建筑材料,610301,2023-04-07 00:00:00,swsresearch_xls+constituents
920593,机械设备,640701,2023-04-07 00:00:00,swsresearch_xls+constituents
920305,计算机,710301,2023-04-10 00:00:00,swsresearch_xls+constituents
920179,电子,270103,2023-04-10 00:00:00,swsresearch_xls+constituents
920961,机械设备,640107,2023-04-10 00:00:00,swsresearch_xls+constituents
920533,汽车,280202,2023-04-10 00:00:00,swsresearch_xls+constituents
920425,机械设备,640702,2023-04-10 00:00:00,swsresearch_xls+constituents
920510,机械设备,640108,2023-04-10 00:00:00,swsresearch_xls+constituents
920720,机械设备,640108,2023-04-10 00:00:00,swsresearch_xls+constituents
920184,计算机,710301,2023-04-10 00:00:00,swsresearch_xls+constituents
920174,机械设备,640601,2023-04-10 00:00:00,swsresearch_xls+constituents
920223,机械设备,640108,2023-04-10 00:00:00,swsresearch_xls+constituents
920553,机械设备,640208,2023-04-10 00:00:00,swsresearch_xls+constituents
920856,机械设备,640209,2023-04-10 00:00:00,swsresearch_xls+constituents
920564,计算机,710301,2023-04-10 00:00:00,swsresearch_xls+constituents
920090,计算机,710103,2023-04-10 00:00:00,swsresearch_xls+constituents
920508,电力设备,630803,2023-04-10 00:00:00,swsresearch_xls+constituents
920092,计算机,710301,2023-04-10 00:00:00,swsresearch_xls+constituents
920870,机械设备,640101,2023-04-10 00:00:00,swsresearch_xls+constituents
920394,轻工制造,360103,2023-04-12 00:00:00,swsresearch_xls+constituents
301293,医药生物,370604,2023-04-14 00:00:00,swsresearch_xls+constituents
688249,电子,270106,2023-04-14 00:00:00,swsresearch_xls+constituents
920304,基础化工,220204,2023-04-27 00:00:00,swsresearch_xls+constituents
920578,机械设备,640701,2023-04-27 00:00:00,swsresearch_xls+constituents
920896,汽车,280203,2023-04-27 00:00:00,swsresearch_xls+constituents
920837,汽车,280203,2023-04-27 00:00:00,swsresearch_xls+constituents
920694,基础化工,220602,2023-04-27 00:00:00,swsresearch_xls+constituents
688562,计算机,710301,2023-05-04 00:00:00,swsresearch_xls+constituents
301399,机械设备,640105,2023-05-04 00:00:00,swsresearch_xls+constituents
688552,国防军工,650501,2023-05-04 00:00:00,swsresearch_xls+constituents
301337,计算机,710401,2023-05-04 00:00:00,swsresearch_xls+constituents
688581,医药生物,370503,2023-05-04 00:00:00,swsresearch_xls+constituents
301332,家用电器,330302,2023-05-04 00:00:00,swsresearch_xls+constituents
688479,计算机,710401,2023-05-04 00:00:00,swsresearch_xls+constituents
688361,电子,270108,2023-05-04 00:00:00,swsresearch_xls+constituents
603172,基础化工,220308,2023-05-04 00:00:00,swsresearch_xls+constituents
001324,机械设备,640501,2023-05-04 00:00:00,swsresearch_xls+constituents
301382,通信,730104,2023-05-04 00:00:00,swsresearch_xls+constituents
688512,电子,270105,2023-05-04 00:00:00,swsresearch_xls+constituents
301428,通信,730104,2023-05-04 00:00:00,swsresearch_xls+constituents
001286,公用事业,410101,2023-05-04 00:00:00,swsresearch_xls+constituents
001282,汽车,280203,2023-05-04 00:00:00,swsresearch_xls+constituents
688458,电子,270105,2023-05-04 00:00:00,swsresearch_xls+constituents
301325,电力设备,630703,2023-05-04 00:00:00,swsresearch_xls+constituents
301305,环保,760103,2023-05-04 00:00:00,swsresearch_xls+constituents
001380,汽车,280203,2023-05-04 00:00:00,swsresearch_xls+constituents
688469,电子,270106,2023-05-04 00:00:00,swsresearch_xls+constituents
920699,家用电器,330601,2023-05-09 00:00:00,swsresearch_xls+constituents
000529,食品饮料,340401,2023-05-12 00:00:00,swsresearch_xls+constituents
688593,电子,270104,2023-05-12 00:00:00,swsresearch_xls+constituents
301252,家用电器,330601,2023-05-12 00:00:00,swsresearch_xls+constituents
002908,计算机,710301,2023-05-22 00:00:00,swsresearch_xls+constituents
301353,机械设备,640106,2023-05-26 00:00:00,swsresearch_xls+constituents
001373,电子,270303,2023-05-26 00:00:00,swsresearch_xls+constituents
301355,轻工制造,360205,2023-05-26 00:00:00,swsresearch_xls+constituents
301323,有色金属,240202,2023-05-26 00:00:00,swsresearch_xls+constituents
688523,国防军工,650101,2023-05-26 00:00:00,swsresearch_xls+constituents
301232,电力设备,630602,2023-05-26 00:00:00,swsresearch_xls+constituents
301320,机械设备,640702,2023-05-26 00:00:00,swsresearch_xls+constituents
301225,汽车,280203,2023-05-26 00:00:00,swsresearch_xls+constituents
301383,电子,270504,2023-05-26 00:00:00,swsresearch_xls+constituents
688570,机械设备,640702,2023-05-26 00:00:00,swsresearch_xls+constituents
688623,机械设备,640704,2023-05-26 00:00:00,swsresearch_xls+constituents
301310,汽车,280206,2023-05-26 00:00:00,swsresearch_xls+constituents
688472,电力设备,630502,2023-05-26 00:00:00,swsresearch_xls+constituents
920006,国防军工,650201,2023-05-30 00:00:00,swsresearch_xls+constituents
920719,基础化工,220901,2023-05-30 00:00:00,swsresearch_xls+constituents
920471,基础化工,220309,2023-05-30 00:00:00,swsresearch_xls+constituents
920017,医药生物,370102,2023-05-30 00:00:00,swsresearch_xls+constituents
920221,汽车,280205,2023-05-30 00:00:00,swsresearch_xls+constituents
920779,电力设备,630703,2023-05-30 00:00:00,swsresearch_xls+constituents
688543,国防军工,650301,2023-06-09 00:00:00,swsresearch_xls+constituents
301448,机械设备,640106,2023-06-09 00:00:00,swsresearch_xls+constituents
301376,轻工制造,360307,2023-06-09 00:00:00,swsresearch_xls+constituents
688429,电力设备,630502,2023-06-09 00:00:00,swsresearch_xls+constituents
688443,医药生物,370304,2023-06-09 00:00:00,swsresearch_xls+constituents
301397,汽车,280203,2023-06-09 00:00:00,swsresearch_xls+constituents
301170,汽车,280203,2023-06-09 00:00:00,swsresearch_xls+constituents
301395,基础化工,220504,2023-06-09 00:00:00,swsresearch_xls+constituents
301488,汽车,280206,2023-06-09 00:00:00,swsresearch_xls+constituents
688629,国防军工,650501,2023-06-09 00:00:00,swsresearch_xls+constituents
301291,电力设备,630802,2023-06-09 00:00:00,swsresearch_xls+constituents
688582,电子,270105,2023-06-09 00:00:00,swsresearch_xls+constituents
301315,计算机,710402,2023-06-09 00:00:00,swsresearch_xls+constituents
301210,电力设备,630701,2023-06-09 00:00:00,swsresearch_xls+constituents
688334,社会服务,460802,2023-06-09 00:00:00,swsresearch_xls+constituents
301262,传媒,721001,2023-06-09 00:00:00,swsresearch_xls+constituents
688631,计算机,710401,2023-06-09 00:00:00,swsresearch_xls+constituents
688620,电子,270104,2023-06-09 00:00:00,swsresearch_xls+constituents
301295,电力设备,630801,2023-06-09 00:00:00,swsresearch_xls+constituents
301292,电力设备,630702,2023-06-09 00:00:00,swsresearch_xls+constituents
301287,轻工制造,360502,2023-06-09 00:00:00,swsresearch_xls+constituents
300804,基础化工,220803,2023-06-09 00:00:00,swsresearch_xls+constituents
688638,电力设备,630703,2023-06-30 00:00:00,swsresearch_xls+constituents
688627,机械设备,640107,2023-06-30 00:00:00,swsresearch_xls+constituents
301370,医药生物,370503,2023-06-30 00:00:00,swsresearch_xls+constituents
301468,机械设备,640106,2023-06-30 00:00:00,swsresearch_xls+constituents
301272,机械设备,640105,2023-06-30 00:00:00,swsresearch_xls+constituents
301505,建筑装饰,620601,2023-06-30 00:00:00,swsresearch_xls+constituents
688610,机械设备,640107,2023-06-30 00:00:00,swsresearch_xls+constituents
301486,电子,270504,2023-06-30 00:00:00,swsresearch_xls+constituents
301381,商贸零售,450602,2023-06-30 00:00:00,swsresearch_xls+constituents
301456,电力设备,630602,2023-06-30 00:00:00,swsresearch_xls+constituents
301503,计算机,710103,2023-06-30 00:00:00,swsresearch_xls+constituents
301261,机械设备,640108,2023-06-30 00:00:00,swsresearch_xls+constituents
688563,国防军工,650201,2023-06-30 00:00:00,swsresearch_xls+constituents
301202,通信,730207,2023-06-30 00:00:00,swsresearch_xls+constituents
301393,医药生物,370304,2023-06-30 00:00:00,swsresearch_xls+constituents
301329,电子,270504,2023-06-30 00:00:00,swsresearch_xls+constituents
301499,汽车,280206,2023-06-30 00:00:00,swsresearch_xls+constituents
688603,电子,270601,2023-06-30 00:00:00,swsresearch_xls+constituents
000421,综合,510101,2023-07-04 00:00:00,swsresearch_xls+constituents
002354,传媒,720501,2023-07-04 00:00:00,swsresearch_xls+constituents
000417,商贸零售,450303,2023-07-04 00:00:00,swsresearch_xls+constituents
603399,有色金属,240603,2023-07-04 00:00:00,swsresearch_xls+constituents
603398,电力设备,630501,2023-07-04 00:00:00,swsresearch_xls+constituents
600846,建筑装饰,620601,2023-07-04 00:00:00,swsresearch_xls+constituents
601212,有色金属,240302,2023-07-04 00:00:00,swsresearch_xls+constituents
002306,社会服务,460902,2023-07-04 00:00:00,swsresearch_xls+constituents
688503,电力设备,630504,2023-07-04 00:00:00,swsresearch_xls+constituents
600212,电力设备,630306,2023-07-04 00:00:00,swsresearch_xls+constituents
002272,机械设备,640106,2023-07-04 00:00:00,swsresearch_xls+constituents
300341,医药生物,370502,2023-07-04 00:00:00,swsresearch_xls+constituents
600211,医药生物,370304,2023-07-04 00:00:00,swsresearch_xls+constituents
300343,基础化工,220311,2023-07-04 00:00:00,swsresearch_xls+constituents
600596,基础化工,220803,2023-07-04 00:00:00,swsresearch_xls+constituents
603456,医药生物,370603,2023-07-04 00:00:00,swsresearch_xls+constituents
300158,医药生物,370201,2023-07-04 00:00:00,swsresearch_xls+constituents
002411,电力设备,630702,2023-07-04 00:00:00,swsresearch_xls+constituents
688078,计算机,710401,2023-07-04 00:00:00,swsresearch_xls+constituents
000507,公用事业,410107,2023-07-04 00:00:00,swsresearch_xls+constituents
300080,电力设备,630502,2023-07-04 00:00:00,swsresearch_xls+constituents
600576,社会服务,461003,2023-07-04 00:00:00,swsresearch_xls+constituents
600052,公用事业,410104,2023-07-04 00:00:00,swsresearch_xls+constituents
300738,通信,730104,2023-07-04 00:00:00,swsresearch_xls+constituents
603881,通信,730104,2023-07-04 00:00:00,swsresearch_xls+constituents
002502,有色金属,240504,2023-07-04 00:00:00,swsresearch_xls+constituents
301217,电力设备,630701,2023-07-04 00:00:00,swsresearch_xls+constituents
600481,电力设备,630501,2023-07-04 00:00:00,swsresearch_xls+constituents
600515,房地产,430101,2023-07-04 00:00:00,swsresearch_xls+constituents
000935,非银金融,490307,2023-07-04 00:00:00,swsresearch_xls+constituents
002480,公用事业,410106,2023-07-04 00:00:00,swsresearch_xls+constituents
300148,传媒,720901,2023-07-04 00:00:00,swsresearch_xls+constituents
300157,机械设备,640106,2023-07-04 00:00:00,swsresearch_xls+constituents
688456,有色金属,240201,2023-07-04 00:00:00,swsresearch_xls+constituents
002573,环保,760102,2023-07-04 00:00:00,swsresearch_xls+constituents
002806,汽车,280203,2023-07-04 00:00:00,swsresearch_xls+constituents
300651,轻工制造,360502,2023-07-04 00:00:00,swsresearch_xls+constituents
600841,汽车,280203,2023-07-04 00:00:00,swsresearch_xls+constituents
603031,电力设备,630705,2023-07-04 00:00:00,swsresearch_xls+constituents
000025,综合,510101,2023-07-04 00:00:00,swsresearch_xls+constituents
600234,建筑装饰,620201,2023-07-04 00:00:00,swsresearch_xls+constituents
603101,商贸零售,450303,2023-07-04 00:00:00,swsresearch_xls+constituents
605158,有色金属,240201,2023-07-04 00:00:00,swsresearch_xls+constituents
002205,建筑材料,610102,2023-07-04 00:00:00,swsresearch_xls+constituents
002072,商贸零售,450201,2023-07-04 00:00:00,swsresearch_xls+constituents
002131,机械设备,640108,2023-07-04 00:00:00,swsresearch_xls+constituents
600647,房地产,430101,2023-07-04 00:00:00,swsresearch_xls+constituents
002254,基础化工,220404,2023-07-04 00:00:00,swsresearch_xls+constituents
600361,有色金属,240301,2023-07-04 00:00:00,swsresearch_xls+constituents
600375,汽车,280601,2023-07-04 00:00:00,swsresearch_xls+constituents
300490,电力设备,630703,2023-07-04 00:00:00,swsresearch_xls+constituents
002111,国防军工,650201,2023-07-04 00:00:00,swsresearch_xls+constituents
300442,通信,730104,2023-07-04 00:00:00,swsresearch_xls+constituents
002622,医药生物,370604,2023-07-04 00:00:00,swsresearch_xls+constituents
605117,电力设备,630503,2023-07-04 00:00:00,swsresearch_xls+constituents
600327,商贸零售,450301,2023-07-04 00:00:00,swsresearch_xls+constituents
300477,电力设备,630702,2023-07-04 00:00:00,swsresearch_xls+constituents
603173,机械设备,640203,2023-07-04 00:00:00,swsresearch_xls+constituents
600682,综合,510101,2023-07-04 00:00:00,swsresearch_xls+constituents
300383,通信,730104,2023-07-04 00:00:00,swsresearch_xls+constituents
002168,电力设备,630802,2023-07-04 00:00:00,swsresearch_xls+constituents
603185,电力设备,630501,2023-07-04 00:00:00,swsresearch_xls+constituents
002056,电力设备,630502,2023-07-04 00:00:00,swsresearch_xls+constituents
000982,电力设备,630702,2023-07-04 00:00:00,swsresearch_xls+constituents
603230,传媒,720902,2023-07-04 00:00:00,swsresearch_xls+constituents
605376,有色金属,240602,2023-07-04 00:00:00,swsresearch_xls+constituents
002213,电子,270104,2023-07-04 00:00:00,swsresearch_xls+constituents
600239,房地产,430102,2023-07-04 00:00:00,swsresearch_xls+constituents
600673,综合,510101,2023-07-04 00:00:00,swsresearch_xls+constituents
600997,煤炭,740102,2023-07-04 00:00:00,swsresearch_xls+constituents
300432,电力设备,630702,2023-07-04 00:00:00,swsresearch_xls+constituents
002057,社会服务,460802,2023-07-04 00:00:00,swsresearch_xls+constituents
920576,有色金属,240201,2023-07-10 00:00:00,swsresearch_xls+constituents
920751,有色金属,240201,2023-07-10 00:00:00,swsresearch_xls+constituents
920592,计算机,710401,2023-07-10 00:00:00,swsresearch_xls+constituents
920175,基础化工,220901,2023-07-10 00:00:00,swsresearch_xls+constituents
920717,机械设备,640209,2023-07-10 00:00:00,swsresearch_xls+constituents
920701,电子,270504,2023-07-10 00:00:00,swsresearch_xls+constituents
920455,机械设备,640209,2023-07-10 00:00:00,swsresearch_xls+constituents
920651,机械设备,640107,2023-07-10 00:00:00,swsresearch_xls+constituents
301519,环保,760102,2023-07-14 00:00:00,swsresearch_xls+constituents
603119,汽车,280205,2023-07-14 00:00:00,swsresearch_xls+constituents
688612,汽车,280206,2023-07-14 00:00:00,swsresearch_xls+constituents
301518,基础化工,220309,2023-07-14 00:00:00,swsresearch_xls+constituents
301515,医药生物,370502,2023-07-14 00:00:00,swsresearch_xls+constituents
688646,机械设备,640703,2023-07-14 00:00:00,swsresearch_xls+constituents
301446,机械设备,640602,2023-07-14 00:00:00,swsresearch_xls+constituents
688651,计算机,710402,2023-07-14 00:00:00,swsresearch_xls+constituents
301512,机械设备,640704,2023-07-14 00:00:00,swsresearch_xls+constituents
301509,医药生物,370603,2023-07-14 00:00:00,swsresearch_xls+constituents
301172,计算机,710301,2023-07-14 00:00:00,swsresearch_xls+constituents
301371,美容护理,770202,2023-07-14 00:00:00,swsresearch_xls+constituents
920982,美容护理,770301,2023-07-17 00:00:00,swsresearch_xls+constituents
688548,电子,270601,2023-07-31 00:00:00,swsresearch_xls+constituents
301469,轻工制造,360103,2023-07-31 00:00:00,swsresearch_xls+constituents
301533,机械设备,640207,2023-07-31 00:00:00,swsresearch_xls+constituents
301348,电子,270107,2023-07-31 00:00:00,swsresearch_xls+constituents
301418,机械设备,640702,2023-07-31 00:00:00,swsresearch_xls+constituents
301487,电力设备,630702,2023-07-31 00:00:00,swsresearch_xls+constituents
301372,环保,760102,2023-07-31 00:00:00,swsresearch_xls+constituents
301498,农林牧渔,110404,2023-07-31 00:00:00,swsresearch_xls+constituents
300904,电力设备,630602,2023-07-31 00:00:00,swsresearch_xls+constituents
301510,机械设备,640702,2023-07-31 00:00:00,swsresearch_xls+constituents
301511,电力设备,630701,2023-07-31 00:00:00,swsresearch_xls+constituents
688573,电力设备,630703,2023-07-31 00:00:00,swsresearch_xls+constituents
688347,电子,270106,2023-07-31 00:00:00,swsresearch_xls+constituents
603296,电子,270504,2023-07-31 00:00:00,swsresearch_xls+constituents
688693,电子,270102,2023-07-31 00:00:00,swsresearch_xls+constituents
688671,环保,760201,2023-07-31 00:00:00,swsresearch_xls+constituents
301362,家用电器,330501,2023-07-31 00:00:00,swsresearch_xls+constituents
920527,纺织服饰,350105,2023-08-09 00:00:00,swsresearch_xls+constituents
920491,电子,270203,2023-08-09 00:00:00,swsresearch_xls+constituents
920058,汽车,280402,2023-08-16 00:00:00,swsresearch_xls+constituents
920748,计算机,710301,2023-08-16 00:00:00,swsresearch_xls+constituents
920274,轻工制造,360204,2023-08-16 00:00:00,swsresearch_xls+constituents
920926,家用电器,330301,2023-08-16 00:00:00,swsresearch_xls+constituents
920504,医药生物,370502,2023-08-16 00:00:00,swsresearch_xls+constituents
920953,计算机,710301,2023-08-16 00:00:00,swsresearch_xls+constituents
688549,电子,270601,2023-08-21 00:00:00,swsresearch_xls+constituents
301421,电子,270303,2023-08-21 00:00:00,swsresearch_xls+constituents
301528,机械设备,640107,2023-08-21 00:00:00,swsresearch_xls+constituents
301525,机械设备,640105,2023-08-21 00:00:00,swsresearch_xls+constituents
301251,电子,270202,2023-08-21 00:00:00,swsresearch_xls+constituents
603270,机械设备,640108,2023-08-21 00:00:00,swsresearch_xls+constituents
301507,医药生物,370102,2023-08-21 00:00:00,swsresearch_xls+constituents
603275,机械设备,640702,2023-08-21 00:00:00,swsresearch_xls+constituents
874090,医药生物,370304,2023-08-21 00:00:00,swsresearch_xls+constituents
002519,国防军工,650301,2023-08-21 00:00:00,swsresearch_xls+constituents
688591,电子,270104,2023-08-21 00:00:00,swsresearch_xls+constituents
300072,基础化工,220309,2023-08-21 00:00:00,swsresearch_xls+constituents
301520,医药生物,370603,2023-09-08 00:00:00,swsresearch_xls+constituents
603276,基础化工,220309,2023-09-08 00:00:00,swsresearch_xls+constituents
301529,汽车,280202,2023-09-08 00:00:00,swsresearch_xls+constituents
688719,电力设备,630306,2023-09-08 00:00:00,swsresearch_xls+constituents
920932,计算机,710401,2023-09-08 00:00:00,swsresearch_xls+constituents
688716,基础化工,220504,2023-09-08 00:00:00,swsresearch_xls+constituents
603075,家用电器,330601,2023-09-08 00:00:00,swsresearch_xls+constituents
688702,电子,270104,2023-09-08 00:00:00,swsresearch_xls+constituents
301548,机械设备,640108,2023-09-08 00:00:00,swsresearch_xls+constituents
002919,传媒,720401,2023-09-15 00:00:00,swsresearch_xls+constituents
603906,电力设备,630702,2023-09-15 00:00:00,swsresearch_xls+constituents
301558,商贸零售,450602,2023-09-15 00:00:00,swsresearch_xls+constituents
301559,机械设备,640108,2023-09-15 00:00:00,swsresearch_xls+constituents
300390,电力设备,630702,2023-09-15 00:00:00,swsresearch_xls+constituents
603032,电力设备,630703,2023-09-15 00:00:00,swsresearch_xls+constituents
688657,计算机,710401,2023-09-15 00:00:00,swsresearch_xls+constituents
920976,计算机,710102,2023-09-20 00:00:00,swsresearch_xls+constituents
920519,基础化工,220309,2023-09-20 00:00:00,swsresearch_xls+constituents
920469,基础化工,220503,2023-09-20 00:00:00,swsresearch_xls+constituents
920627,电力设备,630705,2023-09-20 00:00:00,swsresearch_xls+constituents
301517,国防军工,650501,2023-10-13 00:00:00,swsresearch_xls+constituents
603107,汽车,280203,2023-10-13 00:00:00,swsresearch_xls+constituents
301489,电子,270601,2023-10-13 00:00:00,swsresearch_xls+constituents
301555,基础化工,220504,2023-10-13 00:00:00,swsresearch_xls+constituents
001378,基础化工,220505,2023-10-13 00:00:00,swsresearch_xls+constituents
603273,机械设备,640601,2023-10-13 00:00:00,swsresearch_xls+constituents
603193,美容护理,770102,2023-10-13 00:00:00,swsresearch_xls+constituents
603979,有色金属,240302,2023-10-13 00:00:00,swsresearch_xls+constituents
688648,机械设备,640209,2023-10-27 00:00:00,swsresearch_xls+constituents
001306,机械设备,640108,2023-10-27 00:00:00,swsresearch_xls+constituents
603361,机械设备,640105,2023-10-27 00:00:00,swsresearch_xls+constituents
001376,公用事业,410104,2023-10-27 00:00:00,swsresearch_xls+constituents
001326,家用电器,330501,2023-10-27 00:00:00,swsresearch_xls+constituents
603062,基础化工,220305,2023-10-27 00:00:00,swsresearch_xls+constituents
920665,基础化工,220602,2023-10-30 00:00:00,swsresearch_xls+constituents
920493,计算机,710301,2023-10-30 00:00:00,swsresearch_xls+constituents
920693,机械设备,640108,2023-10-30 00:00:00,swsresearch_xls+constituents
920026,机械设备,640209,2023-10-30 00:00:00,swsresearch_xls+constituents
920978,汽车,280203,2023-10-30 00:00:00,swsresearch_xls+constituents
920786,食品饮料,340702,2023-10-30 00:00:00,swsresearch_xls+constituents
301568,机械设备,640704,2023-11-17 00:00:00,swsresearch_xls+constituents
688653,电子,270105,2023-11-17 00:00:00,swsresearch_xls+constituents
301516,电力设备,630306,2023-11-17 00:00:00,swsresearch_xls+constituents
601083,交通运输,421101,2023-11-17 00:00:00,swsresearch_xls+constituents
301508,社会服务,460802,2023-11-17 00:00:00,swsresearch_xls+constituents
688652,电子,270108,2023-11-17 00:00:00,swsresearch_xls+constituents
688720,电子,270103,2023-11-17 00:00:00,swsresearch_xls+constituents
920570,机械设备,640106,2023-11-20 00:00:00,swsresearch_xls+constituents
920130,计算机,710301,2023-11-20 00:00:00,swsresearch_xls+constituents
920132,轻工制造,360307,2023-11-20 00:00:00,swsresearch_xls+constituents
920833,机械设备,640106,2023-11-20 00:00:00,swsresearch_xls+constituents
920679,机械设备,640108,2023-11-20 00:00:00,swsresearch_xls+constituents
920522,电力设备,630703,2023-11-20 00:00:00,swsresearch_xls+constituents
301413,机械设备,640107,2023-12-01 00:00:00,swsresearch_xls+constituents
603373,社会服务,460804,2023-12-01 00:00:00,swsresearch_xls+constituents
001358,基础化工,220309,2023-12-01 00:00:00,swsresearch_xls+constituents
001239,机械设备,640602,2023-12-01 00:00:00,swsresearch_xls+constituents
603231,农林牧渔,110502,2023-12-01 00:00:00,swsresearch_xls+constituents
301459,基础化工,220602,2023-12-01 00:00:00,swsresearch_xls+constituents
301526,建筑材料,610202,2023-12-08 00:00:00,swsresearch_xls+constituents
603004,基础化工,220309,2023-12-08 00:00:00,swsresearch_xls+constituents
002264,传媒,720501,2023-12-08 00:00:00,swsresearch_xls+constituents
601096,建筑装饰,620401,2023-12-08 00:00:00,swsresearch_xls+constituents
920579,机械设备,640701,2023-12-20 00:00:00,swsresearch_xls+constituents
920547,医药生物,370304,2023-12-20 00:00:00,swsresearch_xls+constituents
920284,机械设备,640209,2023-12-20 00:00:00,swsresearch_xls+constituents
920375,电力设备,630803,2023-12-20 00:00:00,swsresearch_xls+constituents
920703,机械设备,640203,2023-12-20 00:00:00,swsresearch_xls+constituents
001387,家用电器,330106,2023-12-22 00:00:00,swsresearch_xls+constituents
688717,电力设备,630503,2023-12-22 00:00:00,swsresearch_xls+constituents
301578,家用电器,330202,2023-12-22 00:00:00,swsresearch_xls+constituents
301566,电子,270203,2023-12-22 00:00:00,swsresearch_xls+constituents
603325,机械设备,640203,2023-12-22 00:00:00,swsresearch_xls+constituents
603312,电力设备,630801,2023-12-22 00:00:00,swsresearch_xls+constituents
601033,环保,760103,2023-12-29 00:00:00,swsresearch_xls+constituents
001379,机械设备,640108,2023-12-29 00:00:00,swsresearch_xls+constituents
603375,电子,270105,2024-01-08 00:00:00,swsresearch_xls+constituents
000638,国防军工,650501,2024-01-08 00:00:00,swsresearch_xls+constituents
301567,电子,270504,2024-01-08 00:00:00,swsresearch_xls+constituents
301577,通信,730204,2024-01-12 00:00:00,swsresearch_xls+constituents
603082,机械设备,640704,2024-01-12 00:00:00,swsresearch_xls+constituents
920403,农林牧渔,110101,2024-01-17 00:00:00,swsresearch_xls+constituents
920363,机械设备,640107,2024-01-17 00:00:00,swsresearch_xls+constituents
920690,汽车,280202,2024-01-17 00:00:00,swsresearch_xls+constituents
920806,计算机,710301,2024-01-17 00:00:00,swsresearch_xls+constituents
920061,机械设备,640209,2024-01-17 00:00:00,swsresearch_xls+constituents
301502,电力设备,630101,2024-01-19 00:00:00,swsresearch_xls+constituents
688709,电子,270104,2024-01-19 00:00:00,swsresearch_xls+constituents
600720,建筑装饰,620601,2024-01-19 00:00:00,swsresearch_xls+constituents
688584,电子,270103,2024-01-26 00:00:00,swsresearch_xls+constituents
301589,计算机,710103,2024-01-26 00:00:00,swsresearch_xls+constituents
600223,美容护理,770202,2024-02-02 00:00:00,swsresearch_xls+constituents
603341,电子,270504,2024-02-02 00:00:00,swsresearch_xls+constituents
301591,基础化工,220501,2024-02-02 00:00:00,swsresearch_xls+constituents
920496,电力设备,630801,2024-02-29 00:00:00,swsresearch_xls+constituents
920656,医药生物,370101,2024-02-29 00:00:00,swsresearch_xls+constituents
600684,房地产,430303,2024-03-01 00:00:00,swsresearch_xls+constituents
603344,电力设备,630101,2024-03-01 00:00:00,swsresearch_xls+constituents
301588,轻工制造,360306,2024-03-01 00:00:00,swsresearch_xls+constituents
688695,计算机,710402,2024-03-01 00:00:00,swsresearch_xls+constituents
301538,基础化工,220503,2024-03-01 00:00:00,swsresearch_xls+constituents
920706,机械设备,640601,2024-03-12 00:00:00,swsresearch_xls+constituents
920438,电子,270303,2024-03-12 00:00:00,swsresearch_xls+constituents
301536,电子,270104,2024-03-18 00:00:00,swsresearch_xls+constituents
001389,电子,270202,2024-03-18 00:00:00,swsresearch_xls+constituents
001359,基础化工,220505,2024-03-18 00:00:00,swsresearch_xls+constituents
301587,电力设备,630701,2024-03-18 00:00:00,swsresearch_xls+constituents
301539,汽车,280204,2024-03-22 00:00:00,swsresearch_xls+constituents
688592,通信,730206,2024-03-22 00:00:00,swsresearch_xls+constituents
688691,电子,270106,2024-03-22 00:00:00,swsresearch_xls+constituents
300051,电力设备,630502,2024-04-08 00:00:00,swsresearch_xls+constituents
920931,机械设备,640203,2024-04-11 00:00:00,swsresearch_xls+constituents
920123,美容护理,770201,2024-04-11 00:00:00,swsresearch_xls+constituents
301596,机械设备,640108,2024-05-09 00:00:00,swsresearch_xls+constituents
688530,电子,270103,2024-05-09 00:00:00,swsresearch_xls+constituents
301392,机械设备,640209,2024-05-17 00:00:00,swsresearch_xls+constituents
300272,家用电器,330302,2024-05-17 00:00:00,swsresearch_xls+constituents
688235,医药生物,370102,2024-05-17 00:00:00,swsresearch_xls+constituents
688292,计算机,710103,2024-05-17 00:00:00,swsresearch_xls+constituents
000885,环保,760103,2024-05-17 00:00:00,swsresearch_xls+constituents
603113,基础化工,220204,2024-05-21 00:00:00,swsresearch_xls+constituents
301565,基础化工,220505,2024-05-31 00:00:00,swsresearch_xls+constituents
300784,电子,270504,2024-05-31 00:00:00,swsresearch_xls+constituents
688692,计算机,710401,2024-05-31 00:00:00,swsresearch_xls+constituents
300489,电子,270303,2024-06-03 00:00:00,swsresearch_xls+constituents
920002,机械设备,640108,2024-06-14 00:00:00,swsresearch_xls+constituents
301580,医药生物,370503,2024-06-14 00:00:00,swsresearch_xls+constituents
603350,电力设备,630101,2024-06-14 00:00:00,swsresearch_xls+constituents
603381,电力设备,630504,2024-06-14 00:00:00,swsresearch_xls+constituents
301603,机械设备,640101,2024-07-04 00:00:00,swsresearch_xls+constituents
603285,基础化工,220309,2024-07-04 00:00:00,swsresearch_xls+constituents
301606,电子,270503,2024-07-05 00:00:00,swsresearch_xls+constituents
301552,汽车,280202,2024-07-05 00:00:00,swsresearch_xls+constituents
603391,机械设备,640203,2024-07-12 14:59:00,swsresearch_xls+constituents
301608,计算机,710103,2024-07-12 14:59:00,swsresearch_xls+constituents
600589,计算机,710301,2024-07-23 16:28:00,swsresearch_xls+constituents
002486,纺织服饰,350208,2024-07-30 12:45:00,swsresearch_xls+constituents
002399,医药生物,370102,2024-07-30 12:45:00,swsresearch_xls+constituents
300868,电子,270504,2024-07-30 12:45:00,swsresearch_xls+constituents
002404,纺织服饰,350209,2024-07-30 12:45:00,swsresearch_xls+constituents
301280,家用电器,330601,2024-07-30 12:45:00,swsresearch_xls+constituents
300847,计算机,710103,2024-07-30 12:45:00,swsresearch_xls+constituents
002430,基础化工,220309,2024-07-30 12:45:00,swsresearch_xls+constituents
002377,石油石化,750303,2024-07-30 12:45:00,swsresearch_xls+constituents
301278,电力设备,630502,2024-07-30 12:45:00,swsresearch_xls+constituents
300140,环保,760103,2024-07-30 12:45:00,swsresearch_xls+constituents
603511,纺织服饰,350209,2024-07-30 12:45:00,swsresearch_xls+constituents
600724,房地产,430302,2024-07-30 12:45:00,swsresearch_xls+constituents
000949,基础化工,220403,2024-07-30 12:45:00,swsresearch_xls+constituents
600751,交通运输,421101,2024-07-30 12:45:00,swsresearch_xls+constituents
300683,医药生物,370603,2024-07-30 12:45:00,swsresearch_xls+constituents
300040,公用事业,410110,2024-07-30 12:45:00,swsresearch_xls+constituents
001309,电子,270104,2024-07-30 12:45:00,swsresearch_xls+constituents
300318,医药生物,370302,2024-07-30 12:45:00,swsresearch_xls+constituents
300053,电子,270104,2024-07-30 12:45:00,swsresearch_xls+constituents
603611,机械设备,640601,2024-07-30 12:45:00,swsresearch_xls+constituents
601127,汽车,280501,2024-07-30 12:45:00,swsresearch_xls+constituents
300718,机械设备,640108,2024-07-30 12:45:00,swsresearch_xls+constituents
300055,石油石化,750303,2024-07-30 12:45:00,swsresearch_xls+constituents
003028,家用电器,330601,2024-07-30 12:45:00,swsresearch_xls+constituents
000523,综合,510101,2024-07-30 12:45:00,swsresearch_xls+constituents
002530,机械设备,640209,2024-07-30 12:45:00,swsresearch_xls+constituents
001234,纺织服饰,350208,2024-07-30 12:45:00,swsresearch_xls+constituents
603725,轻工制造,360306,2024-07-30 12:45:00,swsresearch_xls+constituents
300345,电力设备,630501,2024-07-30 12:45:00,swsresearch_xls+constituents
601369,机械设备,640203,2024-07-30 12:45:00,swsresearch_xls+constituents
002527,机械设备,640204,2024-07-30 12:45:00,swsresearch_xls+constituents
300279,家用电器,330601,2024-07-30 12:45:00,swsresearch_xls+constituents
300617,电力设备,630801,2024-07-30 12:45:00,swsresearch_xls+constituents
300092,机械设备,640203,2024-07-30 12:45:00,swsresearch_xls+constituents
003023,家用电器,330303,2024-07-30 12:45:00,swsresearch_xls+constituents
300093,电力设备,630502,2024-07-30 12:45:00,swsresearch_xls+constituents
000016,家用电器,330106,2024-07-30 12:45:00,swsresearch_xls+constituents
300098,通信,730204,2024-07-30 12:45:00,swsresearch_xls+constituents
603686,环保,760104,2024-07-30 12:45:00,swsresearch_xls+constituents
002497,基础化工,220307,2024-07-30 12:45:00,swsresearch_xls+constituents
002634,纺织服饰,350209,2024-07-30 12:45:00,swsresearch_xls+constituents
002638,家用电器,330501,2024-07-30 12:45:00,swsresearch_xls+constituents
002038,医药生物,370102,2024-07-30 12:45:00,swsresearch_xls+constituents
301390,建筑装饰,620601,2024-07-30 12:45:00,swsresearch_xls+constituents
000815,计算机,710301,2024-07-30 12:45:00,swsresearch_xls+constituents
601028,有色金属,240401,2024-07-30 12:45:00,swsresearch_xls+constituents
600861,社会服务,460801,2024-07-30 12:45:00,swsresearch_xls+constituents
688576,医药生物,370503,2024-07-30 12:45:00,swsresearch_xls+constituents
300425,环保,760102,2024-07-30 12:45:00,swsresearch_xls+constituents
600301,有色金属,240504,2024-07-30 12:45:00,swsresearch_xls+constituents
002193,纺织服饰,350209,2024-07-30 12:45:00,swsresearch_xls+constituents
002937,汽车,280206,2024-07-30 12:45:00,swsresearch_xls+constituents
002685,机械设备,640601,2024-07-30 12:45:00,swsresearch_xls+constituents
002881,通信,730206,2024-07-30 12:45:00,swsresearch_xls+constituents
301301,医药生物,370101,2024-07-30 12:45:00,swsresearch_xls+constituents
600855,国防军工,650501,2024-07-30 12:45:00,swsresearch_xls+constituents
000546,环保,760103,2024-07-30 12:45:00,swsresearch_xls+constituents
000639,食品饮料,340407,2024-07-30 12:45:00,swsresearch_xls+constituents
301070,机械设备,640105,2024-07-30 12:45:00,swsresearch_xls+constituents
000159,电力设备,630504,2024-07-30 12:45:00,swsresearch_xls+constituents
000695,电力设备,630702,2024-07-30 12:45:00,swsresearch_xls+constituents
002724,家用电器,330501,2024-07-30 12:45:00,swsresearch_xls+constituents
002722,机械设备,640206,2024-07-30 12:45:00,swsresearch_xls+constituents
301550,汽车,280203,2024-07-30 12:45:00,swsresearch_xls+constituents
301063,机械设备,640203,2024-07-30 12:45:00,swsresearch_xls+constituents
300543,家用电器,330601,2024-07-30 12:45:00,swsresearch_xls+constituents
301043,机械设备,640105,2024-07-30 12:45:00,swsresearch_xls+constituents
002093,社会服务,461101,2024-07-30 12:45:00,swsresearch_xls+constituents
600868,公用事业,410102,2024-07-30 12:45:00,swsresearch_xls+constituents
600330,电子,270601,2024-07-30 12:45:00,swsresearch_xls+constituents
000668,房地产,430101,2024-07-30 12:45:00,swsresearch_xls+constituents
600137,纺织服饰,350209,2024-07-30 12:45:00,swsresearch_xls+constituents
600980,机械设备,640203,2024-07-30 12:45:00,swsresearch_xls+constituents
603126,环保,760201,2024-07-30 12:45:00,swsresearch_xls+constituents
002719,食品饮料,340802,2024-07-30 12:45:00,swsresearch_xls+constituents
301190,基础化工,220204,2024-07-30 12:45:00,swsresearch_xls+constituents
600288,计算机,710402,2024-07-30 12:45:00,swsresearch_xls+constituents
600072,电力设备,630602,2024-07-30 12:45:00,swsresearch_xls+constituents
688696,家用电器,330202,2024-07-30 12:45:00,swsresearch_xls+constituents
688426,医药生物,370504,2024-07-30 12:45:00,swsresearch_xls+constituents
688683,电子,270601,2024-07-30 12:45:00,swsresearch_xls+constituents
301168,电力设备,630502,2024-07-30 12:45:00,swsresearch_xls+constituents
300466,机械设备,640107,2024-07-30 12:45:00,swsresearch_xls+constituents
300446,汽车,280202,2024-07-30 12:45:00,swsresearch_xls+constituents
600651,汽车,280206,2024-07-30 12:45:00,swsresearch_xls+constituents
603201,汽车,280205,2024-07-30 12:45:00,swsresearch_xls+constituents
600475,公用事业,410104,2024-07-30 12:45:00,swsresearch_xls+constituents
000820,环保,760201,2024-07-30 12:45:00,swsresearch_xls+constituents
002848,家用电器,330201,2024-07-30 12:45:00,swsresearch_xls+constituents
002176,电力设备,630101,2024-07-30 12:45:00,swsresearch_xls+constituents
600416,电力设备,630101,2024-07-30 12:45:00,swsresearch_xls+constituents
603079,基础化工,220315,2024-07-30 12:45:00,swsresearch_xls+constituents
688378,电子,270303,2024-07-30 12:45:00,swsresearch_xls+constituents
688420,机械设备,640203,2024-07-30 12:45:00,swsresearch_xls+constituents
301182,计算机,710102,2024-07-30 12:45:00,swsresearch_xls+constituents
688496,电子,270302,2024-07-30 12:45:00,swsresearch_xls+constituents
301135,家用电器,330601,2024-07-30 12:45:00,swsresearch_xls+constituents
002869,计算机,710103,2024-07-30 12:45:00,swsresearch_xls+constituents
002218,公用事业,410106,2024-07-30 12:45:00,swsresearch_xls+constituents
002773,医药生物,370304,2024-07-30 12:45:00,swsresearch_xls+constituents
600676,汽车,280303,2024-07-30 12:45:00,swsresearch_xls+constituents
002183,商贸零售,450201,2024-07-30 12:45:00,swsresearch_xls+constituents
301500,环保,760103,2024-07-30 12:45:00,swsresearch_xls+constituents
000610,社会服务,461004,2024-07-30 12:45:00,swsresearch_xls+constituents
002763,纺织服饰,350209,2024-07-30 12:45:00,swsresearch_xls+constituents
600423,基础化工,220204,2024-07-30 12:45:00,swsresearch_xls+constituents
002778,环保,760102,2024-07-30 12:45:00,swsresearch_xls+constituents
300905,基础化工,220404,2024-07-30 12:45:00,swsresearch_xls+constituents
603310,基础化工,220311,2024-08-02 10:19:00,swsresearch_xls+constituents
301611,电子,270103,2024-08-02 10:19:00,swsresearch_xls+constituents
301571,国防军工,650501,2024-08-02 10:19:00,swsresearch_xls+constituents
688721,电子,270103,2024-08-02 10:19:00,swsresearch_xls+constituents
603207,医药生物,370102,2024-08-07 17:12:00,swsresearch_xls+constituents
002001,基础化工,220315,2024-08-07 17:12:00,swsresearch_xls+constituents
600067,电力设备,630805,2024-08-07 17:12:00,swsresearch_xls+constituents
688710,医药生物,370603,2024-08-16 10:09:00,swsresearch_xls+constituents
301586,国防军工,650201,2024-08-16 10:09:00,swsresearch_xls+constituents
301607,汽车,280206,2024-08-16 10:09:00,swsresearch_xls+constituents
920008,国防军工,650501,2024-08-21 09:37:00,swsresearch_xls+constituents
920118,电力设备,630805,2024-08-21 09:37:00,swsresearch_xls+constituents
301600,计算机,710103,2024-08-30 10:28:00,swsresearch_xls+constituents
603091,轻工制造,360205,2024-08-30 10:28:00,swsresearch_xls+constituents
001277,机械设备,640203,2024-08-30 10:28:00,swsresearch_xls+constituents
301551,传媒,721001,2024-09-06 13:21:00,swsresearch_xls+constituents
688615,计算机,710401,2024-09-06 13:21:00,swsresearch_xls+constituents
301618,基础化工,220308,2024-09-13 16:22:00,swsresearch_xls+constituents
001279,轻工制造,360202,2024-09-13 16:22:00,swsresearch_xls+constituents
920019,建筑装饰,620404,2024-09-18 17:40:00,swsresearch_xls+constituents
920016,基础化工,220315,2024-09-18 17:40:00,swsresearch_xls+constituents
920099,基础化工,220309,2024-09-18 17:40:00,swsresearch_xls+constituents
301522,有色金属,240201,2024-09-20 12:12:00,swsresearch_xls+constituents
301556,计算机,710301,2024-09-20 12:12:00,swsresearch_xls+constituents
301613,汽车,280205,2024-09-27 11:02:00,swsresearch_xls+constituents
301626,电子,270504,2024-09-27 11:02:00,swsresearch_xls+constituents
301592,国防军工,650501,2024-10-11 10:01:00,swsresearch_xls+constituents
688726,电力设备,630505,2024-10-11 10:01:00,swsresearch_xls+constituents
301628,电子,270202,2024-10-18 09:54:00,swsresearch_xls+constituents
603205,医药生物,370503,2024-10-18 09:54:00,swsresearch_xls+constituents
920111,电力设备,630802,2024-10-29 16:18:00,swsresearch_xls+constituents
920066,基础化工,220503,2024-10-29 16:18:00,swsresearch_xls+constituents
920088,石油石化,750201,2024-10-29 16:18:00,swsresearch_xls+constituents
301631,汽车,280206,2024-11-01 17:29:00,swsresearch_xls+constituents
301633,机械设备,640702,2024-11-01 17:29:00,swsresearch_xls+constituents
688750,有色金属,240504,2024-11-01 17:29:00,swsresearch_xls+constituents
688449,电子,270104,2024-11-08 11:17:00,swsresearch_xls+constituents
603395,基础化工,220805,2024-11-08 11:17:00,swsresearch_xls+constituents
920060,电子,270202,2024-11-12 09:55:00,swsresearch_xls+constituents
920273,农林牧渔,110504,2024-11-12 10:16:00,swsresearch_xls+constituents
920402,基础化工,220309,2024-11-12 10:16:00,swsresearch_xls+constituents
688708,国防军工,650201,2024-11-15 18:02:00,swsresearch_xls+constituents
301188,医药生物,370503,2024-11-15 18:02:00,swsresearch_xls+constituents
301229,汽车,280203,2024-11-15 18:02:00,swsresearch_xls+constituents
301622,有色金属,240202,2024-11-15 18:02:00,swsresearch_xls+constituents
603993,有色金属,240302,2024-11-15 18:02:00,swsresearch_xls+constituents
688605,电子,270108,2024-11-22 17:17:00,swsresearch_xls+constituents
301617,基础化工,220309,2024-11-22 17:17:00,swsresearch_xls+constituents
920098,基础化工,220602,2024-11-25 11:14:00,swsresearch_xls+constituents
920128,电子,270203,2024-11-25 11:14:00,swsresearch_xls+constituents
603194,机械设备,640601,2024-12-06 10:29:00,swsresearch_xls+constituents
301598,机械设备,640209,2024-12-06 10:29:00,swsresearch_xls+constituents
301585,基础化工,220308,2024-12-06 10:29:00,swsresearch_xls+constituents
002053,公用事业,410107,2024-12-06 10:29:00,swsresearch_xls+constituents
301581,汽车,280206,2024-12-20 13:24:00,swsresearch_xls+constituents
688076,医药生物,370101,2024-12-20 13:24:00,swsresearch_xls+constituents
301458,电子,270203,2024-12-20 13:24:00,swsresearch_xls+constituents
603072,有色金属,240202,2024-12-20 13:24:00,swsresearch_xls+constituents
920106,汽车,280203,2024-12-24 10:48:00,swsresearch_xls+constituents
920116,计算机,710301,2024-12-24 10:48:00,swsresearch_xls+constituents
920082,机械设备,640108,2024-12-24 10:48:00,swsresearch_xls+constituents
688583,机械设备,640107,2024-12-27 16:23:00,swsresearch_xls+constituents
301601,机械设备,640203,2024-12-27 16:23:00,swsresearch_xls+constituents
001356,轻工制造,360311,2025-01-03 13:09:00,swsresearch_xls+constituents
001391,交通运输,420805,2025-01-03 13:09:00,swsresearch_xls+constituents
688545,电子,270601,2025-01-03 13:09:00,swsresearch_xls+constituents
301602,医药生物,370502,2025-01-03 13:09:00,swsresearch_xls+constituents
001395,机械设备,640209,2025-01-10 11:00:00,swsresearch_xls+constituents
600133,环保,760104,2025-01-10 11:00:00,swsresearch_xls+constituents
688411,电力设备,630306,2025-01-10 11:00:00,swsresearch_xls+constituents
688758,医药生物,370101,2025-01-10 13:12:00,swsresearch_xls+constituents
603409,汽车,280202,2025-02-14 14:07:00,swsresearch_xls+constituents
301173,汽车,280202,2025-02-14 14:07:00,swsresearch_xls+constituents
301557,电力设备,630602,2025-02-14 14:07:00,swsresearch_xls+constituents
302132,国防军工,650501,2025-02-17 00:00:00,swsresearch_xls+constituents
301479,电子,270303,2025-02-21 14:46:00,swsresearch_xls+constituents
301275,电子,270401,2025-02-21 14:46:00,swsresearch_xls+constituents
603271,有色金属,240301,2025-02-21 14:46:00,swsresearch_xls+constituents
920108,家用电器,330601,2025-02-25 14:24:00,swsresearch_xls+constituents
001382,电力设备,630805,2025-02-28 19:56:00,swsresearch_xls+constituents
603124,有色金属,240201,2025-02-28 19:56:00,swsresearch_xls+constituents
301501,轻工制造,360311,2025-02-28 19:56:00,swsresearch_xls+constituents
000558,社会服务,461003,2025-03-07 12:05:00,swsresearch_xls+constituents
301629,电子,270108,2025-03-07 12:05:00,swsresearch_xls+constituents
688757,社会服务,460802,2025-03-07 12:05:00,swsresearch_xls+constituents
301535,汽车,280205,2025-03-07 12:05:00,swsresearch_xls+constituents
301616,机械设备,640106,2025-03-14 16:43:00,swsresearch_xls+constituents
603257,建筑装饰,620601,2025-03-14 16:43:00,swsresearch_xls+constituents
301658,电力设备,630503,2025-03-14 16:43:00,swsresearch_xls+constituents
301665,基础化工,220803,2025-03-21 20:48:00,swsresearch_xls+constituents
603210,汽车,280205,2025-03-21 20:48:00,swsresearch_xls+constituents
001335,基础化工,220305,2025-03-21 20:48:00,swsresearch_xls+constituents
920029,电力设备,630804,2025-03-24 10:08:00,swsresearch_xls+constituents
603120,基础化工,220309,2025-03-28 09:37:00,swsresearch_xls+constituents
301662,电力设备,630703,2025-03-28 09:37:00,swsresearch_xls+constituents
603202,汽车,280206,2025-04-10 10:24:00,swsresearch_xls+constituents
301560,汽车,280203,2025-04-10 10:24:00,swsresearch_xls+constituents
603279,机械设备,640106,2025-04-10 10:24:00,swsresearch_xls+constituents
301636,电力设备,630502,2025-04-18 14:26:00,swsresearch_xls+constituents
001400,机械设备,640209,2025-04-18 14:26:00,swsresearch_xls+constituents
301595,轻工制造,360311,2025-04-25 11:34:00,swsresearch_xls+constituents
688755,医药生物,370502,2025-04-25 11:34:00,swsresearch_xls+constituents
688602,基础化工,220309,2025-04-25 11:34:00,swsresearch_xls+constituents
603014,医药生物,370503,2025-04-25 12:38:00,swsresearch_xls+constituents
920068,有色金属,240504,2025-05-06 17:29:00,swsresearch_xls+constituents
688156,农林牧渔,110402,2025-05-09 11:32:00,swsresearch_xls+constituents
300105,环保,760201,2025-05-09 11:32:00,swsresearch_xls+constituents
002215,农林牧渔,110103,2025-05-09 11:32:00,swsresearch_xls+constituents
001390,纺织服饰,350106,2025-05-09 11:32:00,swsresearch_xls+constituents
688186,电力设备,630602,2025-05-09 11:32:00,swsresearch_xls+constituents
603049,汽车,280204,2025-05-16 16:10:00,swsresearch_xls+constituents
301590,电力设备,630306,2025-05-16 16:10:00,swsresearch_xls+constituents
688775,电子,270503,2025-05-23 12:50:00,swsresearch_xls+constituents
603382,基础化工,220406,2025-05-23 12:50:00,swsresearch_xls+constituents
920027,机械设备,640501,2025-05-27 13:37:00,swsresearch_xls+constituents
603400,机械设备,640108,2025-05-30 09:59:00,swsresearch_xls+constituents
301678,电子,270103,2025-05-30 09:59:00,swsresearch_xls+constituents
001388,电力设备,630803,2025-06-20 13:52:00,swsresearch_xls+constituents
688729,电子,270108,2025-06-20 13:52:00,swsresearch_xls+constituents
920037,电力设备,630805,2025-06-26 15:53:00,swsresearch_xls+constituents
301630,电子,270601,2025-06-27 13:13:00,swsresearch_xls+constituents
600930,公用事业,410107,2025-06-27 13:13:00,swsresearch_xls+constituents
301609,电力设备,630803,2025-07-11 10:48:00,swsresearch_xls+constituents
603262,食品饮料,340407,2025-07-11 10:48:00,swsresearch_xls+constituents
001221,轻工制造,360311,2025-07-11 10:48:00,swsresearch_xls+constituents
603406,基础化工,220401,2025-07-18 13:48:00,swsresearch_xls+constituents
301491,电子,270504,2025-07-18 13:48:00,swsresearch_xls+constituents
920005,电子,270504,2025-07-24 17:36:00,swsresearch_xls+constituents
301632,社会服务,460802,2025-08-01 16:34:00,swsresearch_xls+constituents
920101,机械设备,640601,2025-08-06 11:03:00,swsresearch_xls+constituents
920007,电力设备,630504,2025-08-06 11:03:00,swsresearch_xls+constituents
000886,交通运输,420901,2025-08-11 17:30:00,swsresearch_xls+constituents
002402,电子,270504,2025-08-11 17:30:00,swsresearch_xls+constituents
600603,交通运输,420802,2025-08-11 17:30:00,swsresearch_xls+constituents
000048,农林牧渔,110702,2025-08-11 17:30:00,swsresearch_xls+constituents
002485,交通运输,420802,2025-08-11 17:30:00,swsresearch_xls+constituents
600136,房地产,430301,2025-08-11 17:30:00,swsresearch_xls+constituents
600784,基础化工,220203,2025-08-11 17:30:00,swsresearch_xls+constituents
002765,汽车,280205,2025-08-11 17:30:00,swsresearch_xls+constituents
000803,环保,760103,2025-08-11 17:30:00,swsresearch_xls+constituents
002631,轻工制造,360306,2025-08-11 17:30:00,swsresearch_xls+constituents
601113,基础化工,220406,2025-08-11 17:30:00,swsresearch_xls+constituents
603238,纺织服饰,350106,2025-08-11 17:30:00,swsresearch_xls+constituents
300716,电力设备,630502,2025-08-11 17:30:00,swsresearch_xls+constituents
603717,农林牧渔,110702,2025-08-11 17:30:00,swsresearch_xls+constituents
002243,社会服务,460804,2025-08-11 17:30:00,swsresearch_xls+constituents
600061,非银金融,490101,2025-08-11 17:30:00,swsresearch_xls+constituents
002951,电力设备,630306,2025-08-11 17:30:00,swsresearch_xls+constituents
603991,电子,270108,2025-08-11 17:30:00,swsresearch_xls+constituents
920056,基础化工,220501,2025-08-21 18:25:00,swsresearch_xls+constituents
920018,电力设备,630805,2025-08-21 18:25:00,swsresearch_xls+constituents
920112,机械设备,640209,2025-08-21 18:25:00,swsresearch_xls+constituents
603370,电力设备,630101,2025-08-22 16:02:00,swsresearch_xls+constituents
301575,轻工制造,360309,2025-08-22 16:02:00,swsresearch_xls+constituents
301584,医药生物,370402,2025-09-05 18:59:00,swsresearch_xls+constituents
301656,汽车,280206,2025-09-05 18:59:00,swsresearch_xls+constituents
603418,汽车,280202,2025-09-05 18:59:00,swsresearch_xls+constituents
301668,电力设备,630802,2025-09-05 18:59:00,swsresearch_xls+constituents
920022,汽车,280203,2025-09-09 09:49:00,swsresearch_xls+constituents
920100,电力设备,630101,2025-09-09 09:49:00,swsresearch_xls+constituents
001285,汽车,280203,2025-09-12 11:39:00,swsresearch_xls+constituents
301563,电子,270401,2025-09-12 11:39:00,swsresearch_xls+constituents
920015,基础化工,220316,2025-09-25 15:06:00,swsresearch_xls+constituents
920158,机械设备,640203,2025-09-25 15:06:00,swsresearch_xls+constituents
920080,机械设备,640209,2025-09-25 15:06:00,swsresearch_xls+constituents
688600,机械设备,640107,2025-09-26 12:13:00,swsresearch_xls+constituents
688765,医药生物,370302,2025-09-26 12:13:00,swsresearch_xls+constituents
601026,基础化工,220504,2025-09-26 12:13:00,swsresearch_xls+constituents
002627,社会服务,461004,2025-09-26 12:13:00,swsresearch_xls+constituents
001386,轻工制造,360306,2025-09-26 12:13:00,swsresearch_xls+constituents
600640,传媒,720706,2025-09-26 12:13:00,swsresearch_xls+constituents
603175,电子,270202,2025-09-26 12:13:00,swsresearch_xls+constituents
688783,电子,270103,2025-09-26 12:13:00,swsresearch_xls+constituents
603376,汽车,280206,2025-10-17 14:23:00,swsresearch_xls+constituents
603334,基础化工,220309,2025-10-17 14:23:00,swsresearch_xls+constituents
688759,医药生物,370102,2025-10-17 14:23:00,swsresearch_xls+constituents
603092,电力设备,630602,2025-10-17 14:23:00,swsresearch_xls+constituents
920020,汽车,280204,2025-10-24 09:48:00,swsresearch_xls+constituents
920009,医药生物,370504,2025-10-24 09:48:00,swsresearch_xls+constituents
920003,建筑装饰,620601,2025-11-06 12:01:00,swsresearch_xls+constituents
920160,社会服务,460802,2025-11-06 12:01:00,swsresearch_xls+constituents
920091,机械设备,640209,2025-11-06 12:01:00,swsresearch_xls+constituents
001233,汽车,280204,2025-11-07 13:55:00,swsresearch_xls+constituents
688727,电子,270103,2025-11-07 13:55:00,swsresearch_xls+constituents
301638,计算机,710301,2025-11-07 13:55:00,swsresearch_xls+constituents
688795,电子,270104,2025-11-14 17:16:00,swsresearch_xls+constituents
001280,有色金属,240501,2025-11-14 17:16:00,swsresearch_xls+constituents
920124,家用电器,330601,2025-11-26 17:49:00,swsresearch_xls+constituents
920035,机械设备,640107,2025-11-26 17:49:00,swsresearch_xls+constituents
688807,电子,270104,2025-12-01 14:00:00,swsresearch_xls+constituents
688796,医药生物,370603,2025-12-01 14:00:00,swsresearch_xls+constituents
301667,汽车,280203,2025-12-01 14:00:00,swsresearch_xls+constituents
688790,电子,270105,2025-12-01 14:00:00,swsresearch_xls+constituents
688802,电子,270104,2025-12-01 14:00:00,swsresearch_xls+constituents
002758,基础化工,220805,2025-12-01 14:00:00,swsresearch_xls+constituents
001325,基础化工,220602,2025-12-12 13:27:00,swsresearch_xls+constituents
603248,电力设备,630602,2025-12-12 13:27:00,swsresearch_xls+constituents
688809,电子,270108,2025-12-12 13:27:00,swsresearch_xls+constituents
301449,社会服务,460802,2025-12-12 13:27:00,swsresearch_xls+constituents
301687,基础化工,220505,2025-12-12 13:27:00,swsresearch_xls+constituents
001369,基础化工,220404,2025-12-12 13:27:00,swsresearch_xls+constituents
001396,建筑装饰,620306,2025-12-12 13:27:00,swsresearch_xls+constituents
688805,医药生物,370502,2025-12-12 13:27:00,swsresearch_xls+constituents
603352,汽车,280205,2025-12-26 14:55:00,swsresearch_xls+constituents
603402,社会服务,461004,2025-12-26 14:55:00,swsresearch_xls+constituents
920045,通信,730204,2025-12-29 09:22:00,swsresearch_xls+constituents
920121,轻工制造,360205,2025-12-29 09:22:00,swsresearch_xls+constituents
688785,电子,270108,2026-01-09 16:32:00,swsresearch_xls+constituents
920050,医药生物,370503,2026-01-14 12:10:00,swsresearch_xls+constituents
920086,汽车,280203,2026-01-14 12:10:00,swsresearch_xls+constituents
920076,建筑材料,610301,2026-01-14 12:10:00,swsresearch_xls+constituents
001220,交通运输,420803,2026-01-16 17:12:00,swsresearch_xls+constituents
688712,医药生物,370503,2026-01-16 17:12:00,swsresearch_xls+constituents
603284,轻工制造,360102,2026-01-23 16:30:00,swsresearch_xls+constituents
601112,建筑材料,610202,2026-01-23 16:30:00,swsresearch_xls+constituents
688816,机械设备,640704,2026-01-23 16:30:00,swsresearch_xls+constituents
688818,国防军工,650101,2026-01-23 16:30:00,swsresearch_xls+constituents
920159,基础化工,220805,2026-01-26 13:26:00,swsresearch_xls+constituents
920119,电力设备,630703,2026-01-26 13:26:00,swsresearch_xls+constituents
603268,国防军工,650401,2026-01-30 15:14:00,swsresearch_xls+constituents
603718,医药生物,370503,2026-01-30 15:14:00,swsresearch_xls+constituents
920168,汽车,280202,2026-02-10 14:23:00,swsresearch_xls+constituents
920166,医药生物,370503,2026-02-10 14:23:00,swsresearch_xls+constituents
920180,医药生物,370503,2026-02-10 14:23:00,swsresearch_xls+constituents
920187,汽车,280202,2026-02-27 09:46:00,swsresearch_xls+constituents
920183,电子,270503,2026-02-27 09:46:00,swsresearch_xls+constituents
920036,计算机,710102,2026-02-27 09:46:00,swsresearch_xls+constituents
301680,汽车,280205,2026-03-05 11:31:00,swsresearch_xls+constituents
301682,国防军工,650501,2026-03-05 11:31:00,swsresearch_xls+constituents
300972,商贸零售,450302,2026-03-05 11:31:00,swsresearch_xls+constituents
600185,商贸零售,450701,2026-03-05 11:31:00,swsresearch_xls+constituents
603602,传媒,720501,2026-03-05 11:31:00,swsresearch_xls+constituents
920078,有色金属,240201,2026-03-17 09:58:00,swsresearch_xls+constituents
920028,基础化工,220501,2026-03-17 09:58:00,swsresearch_xls+constituents
920188,基础化工,220602,2026-03-17 09:58:00,swsresearch_xls+constituents
001257,有色金属,240505,2026-03-23 16:17:00,swsresearch_xls+constituents
688813,机械设备,640209,2026-03-23 16:17:00,swsresearch_xls+constituents
688781,电子,270301,2026-03-23 16:17:00,swsresearch_xls+constituents
688811,有色金属,240201,2026-03-23 16:17:00,swsresearch_xls+constituents
301683,基础化工,220305,2026-03-23 16:17:00,swsresearch_xls+constituents
603459,电子,270202,2026-03-23 16:17:00,swsresearch_xls+constituents
301696,电力设备,630101,2026-03-23 16:17:00,swsresearch_xls+constituents
920069,医药生物,370503,2026-03-27 09:44:00,swsresearch_xls+constituents
920011,电力设备,630101,2026-03-27 09:44:00,swsresearch_xls+constituents
920055,汽车,280203,2026-03-27 09:44:00,swsresearch_xls+constituents
688808,机械设备,640107,2026-04-03 12:27:00,swsresearch_xls+constituents
603293,汽车,280206,2026-04-03 12:27:00,swsresearch_xls+constituents
301666,电子,270104,2026-04-03 12:27:00,swsresearch_xls+constituents
688820,电子,270107,2026-04-03 12:27:00,swsresearch_xls+constituents
001312,纺织服饰,350106,2026-04-03 12:27:00,swsresearch_xls+constituents
301513,电力设备,630703,2026-04-03 12:27:00,swsresearch_xls+constituents
920191,建筑材料,610301,2026-04-10 15:49:00,swsresearch_xls+constituents
920177,机械设备,640209,2026-04-10 15:49:00,swsresearch_xls+constituents
920012,电子,270103,2026-04-10 15:49:00,swsresearch_xls+constituents
920181,电子,270401,2026-04-10 15:49:00,swsresearch_xls+constituents
301531,有色金属,240202,2026-04-17 12:56:00,swsresearch_xls+constituents
603407,有色金属,240504,2026-04-17 12:56:00,swsresearch_xls+constituents
301599,电力设备,630703,2026-04-17 12:56:00,swsresearch_xls+constituents
920200,电力设备,630602,2026-04-22 10:18:00,swsresearch_xls+constituents
920186,电子,270108,2026-04-22 10:18:00,swsresearch_xls+constituents
920125,机械设备,640704,2026-04-22 10:18:00,swsresearch_xls+constituents
920156,机械设备,640209,2026-04-22 10:18:00,swsresearch_xls+constituents
001365,汽车,280206,2026-04-30 18:25:00,swsresearch_xls+constituents
603435,基础化工,220505,2026-04-30 18:25:00,swsresearch_xls+constituents
001393,电力设备,630801,2026-04-30 18:25:00,swsresearch_xls+constituents
001237,机械设备,640105,2026-04-30 18:25:00,swsresearch_xls+constituents
920178,机械设备,640704,2026-05-15 11:34:00,swsresearch_xls+constituents
920220,汽车,280203,2026-05-15 11:34:00,swsresearch_xls+constituents
920096,机械设备,640704,2026-05-15 11:34:00,swsresearch_xls+constituents
688635,通信,730205,2026-05-22 09:53:00,swsresearch_xls+constituents
301669,电力设备,630306,2026-05-22 09:53:00,swsresearch_xls+constituents
920218,轻工制造,360311,2026-05-27 11:31:00,swsresearch_xls+constituents
920206,基础化工,220305,2026-05-27 11:31:00,swsresearch_xls+constituents
920161,电子,270203,2026-05-27 11:31:00,swsresearch_xls+constituents
920211,机械设备,640702,2026-05-27 11:31:00,swsresearch_xls+constituents
688797,电子,270103,2026-06-05 13:08:00,swsresearch_xls+constituents
001399,电子,270301,2026-06-05 13:08:00,swsresearch_xls+constituents
920126,机械设备,640203,2026-06-05 14:58:00,swsresearch_xls+constituents
920083,基础化工,220901,2026-06-05 14:58:00,swsresearch_xls+constituents
301583,电子,270108,2026-06-19 11:15:00,swsresearch_xls+constituents
001248,公用事业,410107,2026-06-19 11:15:00,swsresearch_xls+constituents
920193,基础化工,220309,2026-06-26 13:31:00,swsresearch_xls+constituents
920222,电力设备,630801,2026-06-26 13:31:00,swsresearch_xls+constituents
920136,汽车,280203,2026-06-26 13:31:00,swsresearch_xls+constituents
920072,医药生物,370503,2026-06-26 13:31:00,swsresearch_xls+constituents
002229,计算机,710301,2026-07-01 10:24:00,swsresearch_xls+constituents
688598,基础化工,220901,2026-07-01 10:24:00,swsresearch_xls+constituents
600711,有色金属,240302,2026-07-01 10:24:00,swsresearch_xls+constituents
002316,综合,510101,2026-07-01 10:24:00,swsresearch_xls+constituents
300536,计算机,710301,2026-07-01 10:24:00,swsresearch_xls+constituents
000631,公用事业,410110,2026-07-01 10:24:00,swsresearch_xls+constituents
300430,医药生物,370502,2026-07-01 10:24:00,swsresearch_xls+constituents
301030,电力设备,630502,2026-07-01 10:24:00,swsresearch_xls+constituents
300530,电力设备,630701,2026-07-01 10:24:00,swsresearch_xls+constituents
603392,医药生物,370504,2026-07-01 10:24:00,swsresearch_xls+constituents
600666,计算机,710301,2026-07-01 10:24:00,swsresearch_xls+constituents
002898,计算机,710103,2026-07-01 10:24:00,swsresearch_xls+constituents
300435,机械设备,640203,2026-07-01 10:24:00,swsresearch_xls+constituents
600292,公用事业,410102,2026-07-01 10:24:00,swsresearch_xls+constituents
603316,电子,270104,2026-07-01 10:24:00,swsresearch_xls+constituents
300128,电子,270504,2026-07-01 10:24:00,swsresearch_xls+constituents
300886,基础化工,220315,2026-07-01 10:24:00,swsresearch_xls+constituents
000688,有色金属,240505,2026-07-01 10:24:00,swsresearch_xls+constituents
688450,电力设备,630803,2026-07-01 10:24:00,swsresearch_xls+constituents
688087,轻工制造,360311,2026-07-01 10:24:00,swsresearch_xls+constituents
002177,商贸零售,450304,2026-07-01 10:24:00,swsresearch_xls+constituents
600889,机械设备,640108,2026-07-01 10:24:00,swsresearch_xls+constituents
002800,交通运输,420805,2026-07-01 10:24:00,swsresearch_xls+constituents
301160,机械设备,640108,2026-07-01 10:24:00,swsresearch_xls+constituents
002150,电力设备,630503,2026-07-01 10:24:00,swsresearch_xls+constituents
600151,汽车,280203,2026-07-01 10:24:00,swsresearch_xls+constituents
000595,公用事业,410107,2026-07-01 10:24:00,swsresearch_xls+constituents
002141,电子,270202,2026-07-01 10:24:00,swsresearch_xls+constituents
600157,公用事业,410110,2026-07-01 10:24:00,swsresearch_xls+constituents
300220,机械设备,640703,2026-07-01 10:24:00,swsresearch_xls+constituents
600743,房地产,430301,2026-07-01 10:24:00,swsresearch_xls+constituents
600282,钢铁,230501,2026-07-01 10:24:00,swsresearch_xls+constituents
300492,社会服务,461102,2026-07-01 10:24:00,swsresearch_xls+constituents
002420,综合,510101,2026-07-01 10:24:00,swsresearch_xls+constituents
600641,电子,270103,2026-07-01 10:24:00,swsresearch_xls+constituents
002086,农林牧渔,110504,2026-07-01 10:24:00,swsresearch_xls+constituents
002310,公用事业,410106,2026-07-01 10:24:00,swsresearch_xls+constituents
600590,电力设备,630306,2026-07-01 10:24:00,swsresearch_xls+constituents
601222,电力设备,630804,2026-07-01 10:24:00,swsresearch_xls+constituents
603778,电力设备,630502,2026-07-01 10:24:00,swsresearch_xls+constituents
603007,汽车,280203,2026-07-01 10:24:00,swsresearch_xls+constituents
002060,建筑装饰,620306,2026-07-01 10:24:00,swsresearch_xls+constituents
688307,电子,270303,2026-07-01 10:24:00,swsresearch_xls+constituents
000882,商贸零售,450304,2026-07-01 10:24:00,swsresearch_xls+constituents
000408,基础化工,220804,2026-07-01 10:24:00,swsresearch_xls+constituents
600807,综合,510101,2026-07-01 10:24:00,swsresearch_xls+constituents
603960,汽车,280203,2026-07-01 10:24:00,swsresearch_xls+constituents
002058,电力设备,630702,2026-07-01 10:24:00,swsresearch_xls+constituents
001267,通信,730204,2026-07-01 10:24:00,swsresearch_xls+constituents
600738,商贸零售,450304,2026-07-01 10:24:00,swsresearch_xls+constituents
600458,综合,510101,2026-07-01 10:24:00,swsresearch_xls+constituents
000809,电力设备,630602,2026-07-01 10:24:00,swsresearch_xls+constituents
000958,公用事业,410108,2026-07-01 10:24:00,swsresearch_xls+constituents
600854,家用电器,330102,2026-07-01 10:24:00,swsresearch_xls+constituents
600397,机械设备,640203,2026-07-01 10:24:00,swsresearch_xls+constituents
002575,综合,510101,2026-07-01 10:24:00,swsresearch_xls+constituents
002052,电力设备,630306,2026-07-01 10:24:00,swsresearch_xls+constituents
600250,社会服务,461004,2026-07-01 10:24:00,swsresearch_xls+constituents
603071,公用事业,410104,2026-07-01 10:24:00,swsresearch_xls+constituents
000876,农林牧渔,110402,2026-07-01 10:24:00,swsresearch_xls+constituents
002564,机械设备,640203,2026-07-01 10:24:00,swsresearch_xls+constituents
600575,公用事业,410101,2026-07-01 10:24:00,swsresearch_xls+constituents
002552,电子,270202,2026-07-01 10:24:00,swsresearch_xls+constituents
301307,机械设备,640108,2026-07-01 10:24:00,swsresearch_xls+constituents
603115,电子,270601,2026-07-01 10:24:00,swsresearch_xls+constituents
300572,机械设备,640107,2026-07-01 10:24:00,swsresearch_xls+constituents
300050,社会服务,461102,2026-07-01 10:24:00,swsresearch_xls+constituents
000701,商贸零售,450201,2026-07-01 10:24:00,swsresearch_xls+constituents
000880,机械设备,640106,2026-07-01 10:24:00,swsresearch_xls+constituents
002079,电力设备,630504,2026-07-01 10:24:00,swsresearch_xls+constituents
920189,电子,270103,2026-07-08 13:02:00,swsresearch_xls+constituents
920081,家用电器,330302,2026-07-08 13:02:00,swsresearch_xls+constituents
920117,电力设备,630703,2026-07-08 13:02:00,swsresearch_xls+constituents
920079,汽车,280202,2026-07-08 13:02:00,swsresearch_xls+constituents
688825,电子,270104,2026-07-10 09:46:00,swsresearch_xls+constituents
688806,医药生物,370304,2026-07-10 09:46:00,swsresearch_xls+constituents
301677,机械设备,640108,2026-07-10 09:46:00,swsresearch_xls+constituents
001232,电子,270202,2026-07-17 10:20:00,swsresearch_xls+constituents
603468,汽车,280401,2026-07-17 10:20:00,swsresearch_xls+constituents
301707,国防军工,650501,2026-07-17 10:20:00,swsresearch_xls+constituents
920176,美容护理,770201,2026-07-22 14:48:00,swsresearch_xls+constituents
920238,机械设备,640108,2026-07-22 14:48:00,swsresearch_xls+constituents
920258,基础化工,220309,2026-07-22 14:48:00,swsresearch_xls+constituents
920065,商贸零售,450602,2026-07-22 14:48:00,swsresearch_xls+constituents
688828,机械设备,640107,2026-07-24 11:13:00,swsresearch_xls+constituents
301717,电子,270108,2026-07-24 11:13:00,swsresearch_xls+constituents
301655,汽车,280206,2026-07-31 13:59:00,swsresearch_xls+constituents
688836,机械设备,640701,2026-07-31 13:59:00,swsresearch_xls+constituents
688826,机械设备,640703,2026-07-31 13:59:00,swsresearch_xls+constituents
920138,电子,270104,2026-08-04 17:07:00,swsresearch_xls+constituents
920165,美容护理,770201,2026-08-04 17:07:00,swsresearch_xls+constituents
920038,基础化工,220309,2026-08-04 17:07:00,swsresearch_xls+constituents
920107,基础化工,220305,2026-08-04 17:07:00,swsresearch_xls+constituents
